2025-05-21 13:10:07,144,timestamp,name,value,unit,board,component_type,instance_id
2025-05-21 13:45:24,161,LC-TOTAL-LJ,4418.29,lbs,LabJackDAQ,LoadCellSummed,0
2025-05-21 13:45:24,295,LC-TOTAL-LJ,1973.93,lbs,LabJackDAQ,LoadCellSummed,0
2025-05-21 13:45:24,357,LC-TOTAL-LJ,1015.01,lbs,LabJackDAQ,LoadCellSummed,0
2025-05-21 13:45:24,406,LC-TOTAL-LJ,754.54,lbs,LabJackDAQ,LoadCellSummed,0
2025-05-21 13:45:24,459,LC-TOTAL-LJ,752.15,lbs,LabJackDAQ,LoadCellSummed,0
2025-05-21 13:45:24,518,LC-TOTAL-LJ,752.35,lbs,LabJackDAQ,LoadCellSummed,0
2025-05-21 13:45:24,580,LC-TOTAL-LJ,751.99,lbs,LabJackDAQ,LoadCellSummed,0
2025-05-21 13:45:24,640,LC-TOTAL-LJ,751.54,lbs,LabJackDAQ,LoadCellSummed,0
2025-05-21 13:45:24,692,LC-TOTAL-LJ,752.71,lbs,LabJackDAQ,LoadCellSummed,0
2025-05-21 13:45:24,745,LC-TOTAL-LJ,752.73,lbs,LabJackDAQ,LoadCellSummed,0
2025-05-21 13:45:24,794,LC-TOTAL-LJ,752.21,lbs,LabJackDAQ,LoadCellSummed,0
2025-05-21 13:45:24,844,LC-TOTAL-LJ,751.97,lbs,LabJackDAQ,LoadCellSummed,0
2025-05-21 13:45:24,891,LC-TOTAL-LJ,751.96,lbs,LabJackDAQ,LoadCellSummed,0
2025-05-21 13:45:24,938,LC-TOTAL-LJ,752.30,lbs,LabJackDAQ,LoadCellSummed,0
2025-05-21 13:45:24,986,LC-TOTAL-LJ,752.52,lbs,LabJackDAQ,LoadCellSummed,0
2025-05-21 13:45:25,037,LC-TOTAL-LJ,753.00,lbs,LabJackDAQ,LoadCellSummed,0
2025-05-21 13:45:25,085,LC-TOTAL-LJ,752.74,lbs,LabJackDAQ,LoadCellSummed,0
2025-05-21 13:45:25,138,LC-TOTAL-LJ,752.21,lbs,LabJackDAQ,LoadCellSummed,0
2025-05-21 13:45:25,186,LC-TOTAL-LJ,752.12,lbs,LabJackDAQ,LoadCellSummed,0
2025-05-21 13:45:25,236,LC-TOTAL-LJ,752.64,lbs,LabJackDAQ,LoadCellSummed,0
2025-05-21 13:45:25,283,LC-TOTAL-LJ,752.54,lbs,LabJackDAQ,LoadCellSummed,0
2025-05-21 13:45:25,330,LC-TOTAL-LJ,751.74,lbs,LabJackDAQ,LoadCellSummed,0
2025-05-21 13:45:25,377,LC-TOTAL-LJ,752.24,lbs,LabJackDAQ,LoadCellSummed,0
2025-05-21 13:45:25,424,LC-TOTAL-LJ,751.78,lbs,LabJackDAQ,LoadCellSummed,0
2025-05-21 13:45:25,472,LC-TOTAL-LJ,752.53,lbs,LabJackDAQ,LoadCellSummed,0
2025-05-21 13:45:25,522,LC-TOTAL-LJ,752.76,lbs,LabJackDAQ,LoadCellSummed,0
2025-05-21 13:45:25,570,LC-TOTAL-LJ,752.35,lbs,LabJackDAQ,LoadCellSummed,0
2025-05-21 13:45:25,623,LC-TOTAL-LJ,751.28,lbs,LabJackDAQ,LoadCellSummed,0
2025-05-21 13:45:25,672,LC-TOTAL-LJ,751.93,lbs,LabJackDAQ,LoadCellSummed,0
2025-05-21 13:45:25,723,LC-TOTAL-LJ,752.45,lbs,LabJackDAQ,LoadCellSummed,0
2025-05-21 13:45:25,770,LC-TOTAL-LJ,752.84,lbs,LabJackDAQ,LoadCellSummed,0
2025-05-21 13:45:25,818,LC-TOTAL-LJ,752.73,lbs,LabJackDAQ,LoadCellSummed,0
2025-05-21 13:45:25,865,LC-TOTAL-LJ,752.50,lbs,LabJackDAQ,LoadCellSummed,0
2025-05-21 13:45:25,912,LC-TOTAL-LJ,752.46,lbs,LabJackDAQ,LoadCellSummed,0
2025-05-21 13:45:25,959,LC-TOTAL-LJ,752.10,lbs,LabJackDAQ,LoadCellSummed,0
2025-05-21 13:45:26,006,LC-TOTAL-LJ,751.95,lbs,LabJackDAQ,LoadCellSummed,0
2025-05-21 13:45:26,058,LC-TOTAL-LJ,752.99,lbs,LabJackDAQ,LoadCellSummed,0
2025-05-21 13:45:26,105,LC-TOTAL-LJ,752.30,lbs,LabJackDAQ,LoadCellSummed,0
2025-05-21 13:45:26,156,LC-TOTAL-LJ,751.58,lbs,LabJackDAQ,LoadCellSummed,0
2025-05-21 13:45:26,205,LC-TOTAL-LJ,752.15,lbs,LabJackDAQ,LoadCellSummed,0
2025-05-21 13:45:26,256,LC-TOTAL-LJ,752.84,lbs,LabJackDAQ,LoadCellSummed,0
2025-05-21 13:45:26,305,LC-TOTAL-LJ,752.84,lbs,LabJackDAQ,LoadCellSummed,0
2025-05-21 13:45:26,352,LC-TOTAL-LJ,752.24,lbs,LabJackDAQ,LoadCellSummed,0
2025-05-21 13:45:26,399,LC-TOTAL-LJ,753.06,lbs,LabJackDAQ,LoadCellSummed,0
2025-05-21 13:45:26,447,LC-TOTAL-LJ,752.89,lbs,LabJackDAQ,LoadCellSummed,0
2025-05-21 13:45:26,495,LC-TOTAL-LJ,752.47,lbs,LabJackDAQ,LoadCellSummed,0
2025-05-21 13:45:26,547,LC-TOTAL-LJ,751.99,lbs,LabJackDAQ,LoadCellSummed,0
2025-05-21 13:45:26,596,LC-TOTAL-LJ,752.01,lbs,LabJackDAQ,LoadCellSummed,0
2025-05-21 13:45:26,650,LC-TOTAL-LJ,751.22,lbs,LabJackDAQ,LoadCellSummed,0
2025-05-21 13:45:26,699,LC-TOTAL-LJ,752.36,lbs,LabJackDAQ,LoadCellSummed,0
2025-05-21 13:45:26,750,LC-TOTAL-LJ,752.10,lbs,LabJackDAQ,LoadCellSummed,0
2025-05-21 13:45:26,797,LC-TOTAL-LJ,752.94,lbs,LabJackDAQ,LoadCellSummed,0
2025-05-21 13:45:26,845,LC-TOTAL-LJ,752.53,lbs,LabJackDAQ,LoadCellSummed,0
2025-05-21 13:45:26,892,LC-TOTAL-LJ,752.90,lbs,LabJackDAQ,LoadCellSummed,0
2025-05-21 13:45:26,940,LC-TOTAL-LJ,752.57,lbs,LabJackDAQ,LoadCellSummed,0
2025-05-21 13:45:26,989,LC-TOTAL-LJ,752.91,lbs,LabJackDAQ,LoadCellSummed,0
2025-05-21 13:45:27,040,LC-TOTAL-LJ,751.15,lbs,LabJackDAQ,LoadCellSummed,0
2025-05-21 13:45:27,089,LC-TOTAL-LJ,752.72,lbs,LabJackDAQ,LoadCellSummed,0
2025-05-21 13:45:27,141,LC-TOTAL-LJ,751.53,lbs,LabJackDAQ,LoadCellSummed,0
2025-05-21 13:45:27,190,LC-TOTAL-LJ,752.43,lbs,LabJackDAQ,LoadCellSummed,0
2025-05-21 13:45:27,242,LC-TOTAL-LJ,751.89,lbs,LabJackDAQ,LoadCellSummed,0
2025-05-21 13:45:27,290,LC-TOTAL-LJ,752.65,lbs,LabJackDAQ,LoadCellSummed,0
2025-05-21 13:45:27,337,LC-TOTAL-LJ,752.68,lbs,LabJackDAQ,LoadCellSummed,0
2025-05-21 13:45:27,385,LC-TOTAL-LJ,752.31,lbs,LabJackDAQ,LoadCellSummed,0
2025-05-21 13:45:27,432,LC-TOTAL-LJ,752.48,lbs,LabJackDAQ,LoadCellSummed,0
2025-05-21 13:45:27,481,LC-TOTAL-LJ,753.25,lbs,LabJackDAQ,LoadCellSummed,0
2025-05-21 13:45:27,531,LC-TOTAL-LJ,751.29,lbs,LabJackDAQ,LoadCellSummed,0
2025-05-21 13:45:27,579,LC-TOTAL-LJ,752.20,lbs,LabJackDAQ,LoadCellSummed,0
2025-05-21 13:45:27,632,LC-TOTAL-LJ,752.43,lbs,LabJackDAQ,LoadCellSummed,0
2025-05-21 13:45:27,682,LC-TOTAL-LJ,752.28,lbs,LabJackDAQ,LoadCellSummed,0
2025-05-21 13:45:27,733,LC-TOTAL-LJ,752.35,lbs,LabJackDAQ,LoadCellSummed,0
2025-05-21 13:45:27,781,LC-TOTAL-LJ,752.78,lbs,LabJackDAQ,LoadCellSummed,0
2025-05-21 13:45:27,828,LC-TOTAL-LJ,752.14,lbs,LabJackDAQ,LoadCellSummed,0
2025-05-21 13:45:27,875,LC-TOTAL-LJ,752.80,lbs,LabJackDAQ,LoadCellSummed,0
2025-05-21 13:45:27,922,LC-TOTAL-LJ,752.36,lbs,LabJackDAQ,LoadCellSummed,0
2025-05-21 13:45:27,971,LC-TOTAL-LJ,752.78,lbs,LabJackDAQ,LoadCellSummed,0
2025-05-21 13:45:28,019,LC-TOTAL-LJ,751.91,lbs,LabJackDAQ,LoadCellSummed,0
2025-05-21 13:45:28,069,LC-TOTAL-LJ,752.44,lbs,LabJackDAQ,LoadCellSummed,0
2025-05-21 13:45:28,117,LC-TOTAL-LJ,752.80,lbs,LabJackDAQ,LoadCellSummed,0
2025-05-21 13:45:28,170,LC-TOTAL-LJ,752.63,lbs,LabJackDAQ,LoadCellSummed,0
2025-05-21 13:45:28,218,LC-TOTAL-LJ,752.29,lbs,LabJackDAQ,LoadCellSummed,0
2025-05-21 13:45:28,270,LC-TOTAL-LJ,751.66,lbs,LabJackDAQ,LoadCellSummed,0
2025-05-21 13:45:28,317,LC-TOTAL-LJ,752.06,lbs,LabJackDAQ,LoadCellSummed,0
2025-05-21 13:45:28,364,LC-TOTAL-LJ,751.86,lbs,LabJackDAQ,LoadCellSummed,0
2025-05-21 13:45:28,411,LC-TOTAL-LJ,752.59,lbs,LabJackDAQ,LoadCellSummed,0
2025-05-21 13:45:28,459,LC-TOTAL-LJ,752.81,lbs,LabJackDAQ,LoadCellSummed,0
2025-05-21 13:45:28,507,LC-TOTAL-LJ,753.08,lbs,LabJackDAQ,LoadCellSummed,0
2025-05-21 13:45:28,553,LC-TOTAL-LJ,752.42,lbs,LabJackDAQ,LoadCellSummed,0
2025-05-21 13:45:28,600,LC-TOTAL-LJ,752.32,lbs,LabJackDAQ,LoadCellSummed,0
2025-05-21 13:45:28,647,LC-TOTAL-LJ,751.73,lbs,LabJackDAQ,LoadCellSummed,0
2025-05-21 13:45:28,695,LC-TOTAL-LJ,752.07,lbs,LabJackDAQ,LoadCellSummed,0
2025-05-21 13:45:28,743,LC-TOTAL-LJ,752.41,lbs,LabJackDAQ,LoadCellSummed,0
2025-05-21 13:45:28,790,LC-TOTAL-LJ,752.23,lbs,LabJackDAQ,LoadCellSummed,0
2025-05-21 13:45:28,837,LC-TOTAL-LJ,752.32,lbs,LabJackDAQ,LoadCellSummed,0
2025-05-21 13:45:28,884,LC-TOTAL-LJ,752.51,lbs,LabJackDAQ,LoadCellSummed,0
2025-05-21 13:45:28,931,LC-TOTAL-LJ,752.65,lbs,LabJackDAQ,LoadCellSummed,0
2025-05-21 13:45:28,987,LC-TOTAL-LJ,752.74,lbs,LabJackDAQ,LoadCellSummed,0
2025-05-21 13:45:29,037,LC-TOTAL-LJ,752.02,lbs,LabJackDAQ,LoadCellSummed,0
2025-05-21 13:45:29,085,LC-TOTAL-LJ,751.97,lbs,LabJackDAQ,LoadCellSummed,0
2025-05-21 13:45:29,137,LC-TOTAL-LJ,752.88,lbs,LabJackDAQ,LoadCellSummed,0
2025-05-21 13:45:29,185,LC-TOTAL-LJ,752.68,lbs,LabJackDAQ,LoadCellSummed,0
2025-05-21 13:45:29,235,LC-TOTAL-LJ,751.80,lbs,LabJackDAQ,LoadCellSummed,0
2025-05-21 13:45:29,282,LC-TOTAL-LJ,752.63,lbs,LabJackDAQ,LoadCellSummed,0
2025-05-21 13:45:29,329,LC-TOTAL-LJ,752.51,lbs,LabJackDAQ,LoadCellSummed,0
2025-05-21 13:45:29,377,LC-TOTAL-LJ,752.76,lbs,LabJackDAQ,LoadCellSummed,0
2025-05-21 13:45:29,425,LC-TOTAL-LJ,752.95,lbs,LabJackDAQ,LoadCellSummed,0
2025-05-21 13:45:29,472,LC-TOTAL-LJ,752.56,lbs,LabJackDAQ,LoadCellSummed,0
2025-05-21 13:45:29,519,LC-TOTAL-LJ,752.99,lbs,LabJackDAQ,LoadCellSummed,0
2025-05-21 13:45:29,565,LC-TOTAL-LJ,751.75,lbs,LabJackDAQ,LoadCellSummed,0
2025-05-21 13:45:29,612,LC-TOTAL-LJ,752.75,lbs,LabJackDAQ,LoadCellSummed,0
2025-05-21 13:45:29,661,LC-TOTAL-LJ,752.61,lbs,LabJackDAQ,LoadCellSummed,0
2025-05-21 13:45:29,708,LC-TOTAL-LJ,752.37,lbs,LabJackDAQ,LoadCellSummed,0
2025-05-21 13:45:29,755,LC-TOTAL-LJ,752.86,lbs,LabJackDAQ,LoadCellSummed,0
2025-05-21 13:45:29,802,LC-TOTAL-LJ,753.61,lbs,LabJackDAQ,LoadCellSummed,0
2025-05-21 13:45:29,849,LC-TOTAL-LJ,752.58,lbs,LabJackDAQ,LoadCellSummed,0
2025-05-21 13:45:29,897,LC-TOTAL-LJ,752.75,lbs,LabJackDAQ,LoadCellSummed,0
2025-05-21 13:45:29,944,LC-TOTAL-LJ,751.81,lbs,LabJackDAQ,LoadCellSummed,0
2025-05-21 13:45:29,992,LC-TOTAL-LJ,752.13,lbs,LabJackDAQ,LoadCellSummed,0
2025-05-21 13:45:30,042,LC-TOTAL-LJ,752.59,lbs,LabJackDAQ,LoadCellSummed,0
2025-05-21 13:45:30,090,LC-TOTAL-LJ,753.44,lbs,LabJackDAQ,LoadCellSummed,0
2025-05-21 13:45:30,142,LC-TOTAL-LJ,752.35,lbs,LabJackDAQ,LoadCellSummed,0
2025-05-21 13:45:30,192,LC-TOTAL-LJ,752.91,lbs,LabJackDAQ,LoadCellSummed,0
2025-05-21 13:45:30,242,LC-TOTAL-LJ,752.03,lbs,LabJackDAQ,LoadCellSummed,0
2025-05-21 13:45:30,290,LC-TOTAL-LJ,752.91,lbs,LabJackDAQ,LoadCellSummed,0
2025-05-21 13:45:30,337,LC-TOTAL-LJ,752.65,lbs,LabJackDAQ,LoadCellSummed,0
2025-05-21 13:45:30,386,LC-TOTAL-LJ,752.20,lbs,LabJackDAQ,LoadCellSummed,0
2025-05-21 13:45:30,435,LC-TOTAL-LJ,751.97,lbs,LabJackDAQ,LoadCellSummed,0
2025-05-21 13:45:30,484,LC-TOTAL-LJ,751.34,lbs,LabJackDAQ,LoadCellSummed,0
2025-05-21 13:45:30,534,LC-TOTAL-LJ,752.45,lbs,LabJackDAQ,LoadCellSummed,0
2025-05-21 13:45:30,582,LC-TOTAL-LJ,752.46,lbs,LabJackDAQ,LoadCellSummed,0
2025-05-21 13:45:30,635,LC-TOTAL-LJ,751.68,lbs,LabJackDAQ,LoadCellSummed,0
2025-05-21 13:45:30,682,LC-TOTAL-LJ,752.43,lbs,LabJackDAQ,LoadCellSummed,0
2025-05-21 13:45:30,734,LC-TOTAL-LJ,751.67,lbs,LabJackDAQ,LoadCellSummed,0
2025-05-21 13:45:30,782,LC-TOTAL-LJ,752.36,lbs,LabJackDAQ,LoadCellSummed,0
2025-05-21 13:45:30,829,LC-TOTAL-LJ,752.45,lbs,LabJackDAQ,LoadCellSummed,0
2025-05-21 13:45:30,879,LC-TOTAL-LJ,752.10,lbs,LabJackDAQ,LoadCellSummed,0
2025-05-21 13:45:30,927,LC-TOTAL-LJ,752.28,lbs,LabJackDAQ,LoadCellSummed,0
2025-05-21 13:45:30,976,LC-TOTAL-LJ,752.15,lbs,LabJackDAQ,LoadCellSummed,0
2025-05-21 13:45:31,028,LC-TOTAL-LJ,752.23,lbs,LabJackDAQ,LoadCellSummed,0
2025-05-21 13:45:31,079,LC-TOTAL-LJ,752.85,lbs,LabJackDAQ,LoadCellSummed,0
2025-05-21 13:45:31,276,LC-TOTAL-LJ,751.69,lbs,LabJackDAQ,LoadCellSummed,0
2025-05-21 13:45:31,444,LC-TOTAL-LJ,751.81,lbs,LabJackDAQ,LoadCellSummed,0
2025-05-21 13:45:31,502,LC-TOTAL-LJ,752.65,lbs,LabJackDAQ,LoadCellSummed,0
2025-05-21 13:45:31,574,LC-TOTAL-LJ,752.24,lbs,LabJackDAQ,LoadCellSummed,0
2025-05-21 13:45:31,633,LC-TOTAL-LJ,752.30,lbs,LabJackDAQ,LoadCellSummed,0
2025-05-21 13:45:31,685,LC-TOTAL-LJ,752.69,lbs,LabJackDAQ,LoadCellSummed,0
2025-05-21 13:45:31,743,LC-TOTAL-LJ,751.48,lbs,LabJackDAQ,LoadCellSummed,0
2025-05-21 13:45:31,825,LC-TOTAL-LJ,752.65,lbs,LabJackDAQ,LoadCellSummed,0
2025-05-21 13:45:31,888,LC-TOTAL-LJ,751.67,lbs,LabJackDAQ,LoadCellSummed,0
2025-05-21 13:45:31,962,LC-TOTAL-LJ,752.64,lbs,LabJackDAQ,LoadCellSummed,0
2025-05-21 13:45:32,020,LC-TOTAL-LJ,752.16,lbs,LabJackDAQ,LoadCellSummed,0
2025-05-21 13:45:32,070,LC-TOTAL-LJ,752.58,lbs,LabJackDAQ,LoadCellSummed,0
2025-05-21 13:45:32,118,LC-TOTAL-LJ,752.54,lbs,LabJackDAQ,LoadCellSummed,0
2025-05-21 13:45:32,169,LC-TOTAL-LJ,751.93,lbs,LabJackDAQ,LoadCellSummed,0
2025-05-21 13:45:32,218,LC-TOTAL-LJ,752.24,lbs,LabJackDAQ,LoadCellSummed,0
2025-05-21 13:45:32,269,LC-TOTAL-LJ,753.03,lbs,LabJackDAQ,LoadCellSummed,0
2025-05-21 13:45:32,316,LC-TOTAL-LJ,752.45,lbs,LabJackDAQ,LoadCellSummed,0
2025-05-21 13:45:32,364,LC-TOTAL-LJ,752.46,lbs,LabJackDAQ,LoadCellSummed,0
2025-05-21 13:45:32,411,LC-TOTAL-LJ,752.65,lbs,LabJackDAQ,LoadCellSummed,0
2025-05-21 13:45:32,458,LC-TOTAL-LJ,751.96,lbs,LabJackDAQ,LoadCellSummed,0
2025-05-21 13:45:32,504,LC-TOTAL-LJ,752.39,lbs,LabJackDAQ,LoadCellSummed,0
2025-05-21 13:45:32,553,LC-TOTAL-LJ,751.67,lbs,LabJackDAQ,LoadCellSummed,0
2025-05-21 13:45:32,600,LC-TOTAL-LJ,752.64,lbs,LabJackDAQ,LoadCellSummed,0
2025-05-21 13:45:32,651,LC-TOTAL-LJ,752.15,lbs,LabJackDAQ,LoadCellSummed,0
2025-05-21 13:45:32,699,LC-TOTAL-LJ,752.94,lbs,LabJackDAQ,LoadCellSummed,0
2025-05-21 13:45:32,751,LC-TOTAL-LJ,751.00,lbs,LabJackDAQ,LoadCellSummed,0
2025-05-21 13:45:32,798,LC-TOTAL-LJ,752.64,lbs,LabJackDAQ,LoadCellSummed,0
2025-05-21 13:45:32,845,LC-TOTAL-LJ,752.84,lbs,LabJackDAQ,LoadCellSummed,0
2025-05-21 13:45:32,892,LC-TOTAL-LJ,752.73,lbs,LabJackDAQ,LoadCellSummed,0
2025-05-21 13:45:32,939,LC-TOTAL-LJ,752.25,lbs,LabJackDAQ,LoadCellSummed,0
2025-05-21 13:45:32,986,LC-TOTAL-LJ,751.90,lbs,LabJackDAQ,LoadCellSummed,0
2025-05-21 13:45:33,033,LC-TOTAL-LJ,751.70,lbs,LabJackDAQ,LoadCellSummed,0
2025-05-21 13:45:33,082,LC-TOTAL-LJ,752.51,lbs,LabJackDAQ,LoadCellSummed,0
2025-05-21 13:45:33,129,LC-TOTAL-LJ,751.28,lbs,LabJackDAQ,LoadCellSummed,0
2025-05-21 13:45:33,189,LC-TOTAL-LJ,752.59,lbs,LabJackDAQ,LoadCellSummed,0
2025-05-21 13:45:33,238,LC-TOTAL-LJ,751.84,lbs,LabJackDAQ,LoadCellSummed,0
2025-05-21 13:45:33,295,LC-TOTAL-LJ,752.91,lbs,LabJackDAQ,LoadCellSummed,0
2025-05-21 13:45:33,342,LC-TOTAL-LJ,752.87,lbs,LabJackDAQ,LoadCellSummed,0
2025-05-21 13:45:33,389,LC-TOTAL-LJ,753.21,lbs,LabJackDAQ,LoadCellSummed,0
2025-05-21 13:45:33,435,LC-TOTAL-LJ,751.85,lbs,LabJackDAQ,LoadCellSummed,0
2025-05-21 13:45:33,482,LC-TOTAL-LJ,751.88,lbs,LabJackDAQ,LoadCellSummed,0
2025-05-21 13:45:33,529,LC-TOTAL-LJ,752.67,lbs,LabJackDAQ,LoadCellSummed,0
2025-05-21 13:45:33,576,LC-TOTAL-LJ,752.79,lbs,LabJackDAQ,LoadCellSummed,0
2025-05-21 13:45:33,622,LC-TOTAL-LJ,752.07,lbs,LabJackDAQ,LoadCellSummed,0
2025-05-21 13:45:33,669,LC-TOTAL-LJ,751.41,lbs,LabJackDAQ,LoadCellSummed,0
2025-05-21 13:45:33,716,LC-TOTAL-LJ,752.47,lbs,LabJackDAQ,LoadCellSummed,0
2025-05-21 13:45:33,762,LC-TOTAL-LJ,752.28,lbs,LabJackDAQ,LoadCellSummed,0
2025-05-21 13:45:33,809,LC-TOTAL-LJ,752.63,lbs,LabJackDAQ,LoadCellSummed,0
2025-05-21 13:45:33,856,LC-TOTAL-LJ,752.18,lbs,LabJackDAQ,LoadCellSummed,0
2025-05-21 13:45:33,903,LC-TOTAL-LJ,752.10,lbs,LabJackDAQ,LoadCellSummed,0
2025-05-21 13:45:33,949,LC-TOTAL-LJ,752.43,lbs,LabJackDAQ,LoadCellSummed,0
2025-05-21 13:45:33,996,LC-TOTAL-LJ,752.69,lbs,LabJackDAQ,LoadCellSummed,0
2025-05-21 13:45:34,046,LC-TOTAL-LJ,751.99,lbs,LabJackDAQ,LoadCellSummed,0
2025-05-21 13:45:34,094,LC-TOTAL-LJ,752.58,lbs,LabJackDAQ,LoadCellSummed,0
2025-05-21 13:45:34,145,LC-TOTAL-LJ,752.71,lbs,LabJackDAQ,LoadCellSummed,0
2025-05-21 13:45:34,194,LC-TOTAL-LJ,752.94,lbs,LabJackDAQ,LoadCellSummed,0
2025-05-21 13:45:34,245,LC-TOTAL-LJ,751.40,lbs,LabJackDAQ,LoadCellSummed,0
2025-05-21 13:45:34,292,LC-TOTAL-LJ,752.68,lbs,LabJackDAQ,LoadCellSummed,0
2025-05-21 13:45:34,339,LC-TOTAL-LJ,752.34,lbs,LabJackDAQ,LoadCellSummed,0
2025-05-21 13:45:34,385,LC-TOTAL-LJ,753.11,lbs,LabJackDAQ,LoadCellSummed,0
2025-05-21 13:45:34,433,LC-TOTAL-LJ,752.18,lbs,LabJackDAQ,LoadCellSummed,0
2025-05-21 13:45:34,478,LC-TOTAL-LJ,751.82,lbs,LabJackDAQ,LoadCellSummed,0
2025-05-21 13:45:34,526,LC-TOTAL-LJ,752.56,lbs,LabJackDAQ,LoadCellSummed,0
2025-05-21 13:45:34,576,LC-TOTAL-LJ,752.17,lbs,LabJackDAQ,LoadCellSummed,0
2025-05-21 13:45:34,624,LC-TOTAL-LJ,751.35,lbs,LabJackDAQ,LoadCellSummed,0
2025-05-21 13:45:34,675,LC-TOTAL-LJ,752.65,lbs,LabJackDAQ,LoadCellSummed,0
2025-05-21 13:45:34,723,LC-TOTAL-LJ,752.70,lbs,LabJackDAQ,LoadCellSummed,0
2025-05-21 13:45:34,773,LC-TOTAL-LJ,752.06,lbs,LabJackDAQ,LoadCellSummed,0
2025-05-21 13:45:34,820,LC-TOTAL-LJ,752.46,lbs,LabJackDAQ,LoadCellSummed,0
2025-05-21 13:45:34,867,LC-TOTAL-LJ,752.26,lbs,LabJackDAQ,LoadCellSummed,0
2025-05-21 13:45:34,914,LC-TOTAL-LJ,753.07,lbs,LabJackDAQ,LoadCellSummed,0
2025-05-21 13:45:34,961,LC-TOTAL-LJ,752.55,lbs,LabJackDAQ,LoadCellSummed,0
2025-05-21 13:45:35,008,LC-TOTAL-LJ,752.04,lbs,LabJackDAQ,LoadCellSummed,0
2025-05-21 13:45:35,057,LC-TOTAL-LJ,752.59,lbs,LabJackDAQ,LoadCellSummed,0
2025-05-21 13:45:35,105,LC-TOTAL-LJ,752.67,lbs,LabJackDAQ,LoadCellSummed,0
2025-05-21 13:45:35,157,LC-TOTAL-LJ,752.12,lbs,LabJackDAQ,LoadCellSummed,0
2025-05-21 13:45:35,206,LC-TOTAL-LJ,751.95,lbs,LabJackDAQ,LoadCellSummed,0
2025-05-21 13:45:35,258,LC-TOTAL-LJ,752.79,lbs,LabJackDAQ,LoadCellSummed,0
2025-05-21 13:45:35,305,LC-TOTAL-LJ,752.97,lbs,LabJackDAQ,LoadCellSummed,0
2025-05-21 13:45:35,351,LC-TOTAL-LJ,752.09,lbs,LabJackDAQ,LoadCellSummed,0
2025-05-21 13:45:35,398,LC-TOTAL-LJ,752.03,lbs,LabJackDAQ,LoadCellSummed,0
2025-05-21 13:45:35,445,LC-TOTAL-LJ,751.75,lbs,LabJackDAQ,LoadCellSummed,0
2025-05-21 13:45:35,493,LC-TOTAL-LJ,751.71,lbs,LabJackDAQ,LoadCellSummed,0
2025-05-21 13:45:35,545,LC-TOTAL-LJ,752.71,lbs,LabJackDAQ,LoadCellSummed,0
2025-05-21 13:45:35,593,LC-TOTAL-LJ,752.42,lbs,LabJackDAQ,LoadCellSummed,0
2025-05-21 13:45:35,646,LC-TOTAL-LJ,752.85,lbs,LabJackDAQ,LoadCellSummed,0
2025-05-21 13:45:35,696,LC-TOTAL-LJ,752.56,lbs,LabJackDAQ,LoadCellSummed,0
2025-05-21 13:45:35,749,LC-TOTAL-LJ,752.24,lbs,LabJackDAQ,LoadCellSummed,0
2025-05-21 13:45:35,801,LC-TOTAL-LJ,752.99,lbs,LabJackDAQ,LoadCellSummed,0
2025-05-21 13:45:35,848,LC-TOTAL-LJ,752.26,lbs,LabJackDAQ,LoadCellSummed,0
2025-05-21 13:45:35,896,LC-TOTAL-LJ,752.08,lbs,LabJackDAQ,LoadCellSummed,0
2025-05-21 13:45:35,945,LC-TOTAL-LJ,752.44,lbs,LabJackDAQ,LoadCellSummed,0
2025-05-21 13:45:35,992,LC-TOTAL-LJ,751.59,lbs,LabJackDAQ,LoadCellSummed,0
2025-05-21 13:45:36,039,LC-TOTAL-LJ,751.16,lbs,LabJackDAQ,LoadCellSummed,0
2025-05-21 13:45:36,090,LC-TOTAL-LJ,753.09,lbs,LabJackDAQ,LoadCellSummed,0
2025-05-21 13:45:36,138,LC-TOTAL-LJ,752.88,lbs,LabJackDAQ,LoadCellSummed,0
2025-05-21 13:45:36,190,LC-TOTAL-LJ,751.77,lbs,LabJackDAQ,LoadCellSummed,0
2025-05-21 13:45:36,241,LC-TOTAL-LJ,752.51,lbs,LabJackDAQ,LoadCellSummed,0
2025-05-21 13:45:36,292,LC-TOTAL-LJ,752.40,lbs,LabJackDAQ,LoadCellSummed,0
2025-05-21 13:45:36,339,LC-TOTAL-LJ,751.86,lbs,LabJackDAQ,LoadCellSummed,0
2025-05-21 13:45:36,386,LC-TOTAL-LJ,752.21,lbs,LabJackDAQ,LoadCellSummed,0
2025-05-21 13:45:36,433,LC-TOTAL-LJ,752.41,lbs,LabJackDAQ,LoadCellSummed,0
2025-05-21 13:45:36,480,LC-TOTAL-LJ,753.36,lbs,LabJackDAQ,LoadCellSummed,0
2025-05-21 13:45:36,527,LC-TOTAL-LJ,752.14,lbs,LabJackDAQ,LoadCellSummed,0
2025-05-21 13:45:36,579,LC-TOTAL-LJ,752.49,lbs,LabJackDAQ,LoadCellSummed,0
2025-05-21 13:45:36,627,LC-TOTAL-LJ,752.10,lbs,LabJackDAQ,LoadCellSummed,0
2025-05-21 13:45:36,678,LC-TOTAL-LJ,753.27,lbs,LabJackDAQ,LoadCellSummed,0
2025-05-21 13:45:36,727,LC-TOTAL-LJ,752.50,lbs,LabJackDAQ,LoadCellSummed,0
2025-05-21 13:45:36,779,LC-TOTAL-LJ,752.58,lbs,LabJackDAQ,LoadCellSummed,0
2025-05-21 13:45:36,827,LC-TOTAL-LJ,752.21,lbs,LabJackDAQ,LoadCellSummed,0
2025-05-21 13:45:36,873,LC-TOTAL-LJ,751.69,lbs,LabJackDAQ,LoadCellSummed,0
2025-05-21 13:45:36,920,LC-TOTAL-LJ,752.53,lbs,LabJackDAQ,LoadCellSummed,0
2025-05-21 13:45:36,967,LC-TOTAL-LJ,752.39,lbs,LabJackDAQ,LoadCellSummed,0
2025-05-21 13:45:37,014,LC-TOTAL-LJ,752.95,lbs,LabJackDAQ,LoadCellSummed,0
2025-05-21 13:45:37,066,LC-TOTAL-LJ,751.74,lbs,LabJackDAQ,LoadCellSummed,0
2025-05-21 13:45:37,114,LC-TOTAL-LJ,752.35,lbs,LabJackDAQ,LoadCellSummed,0
2025-05-21 13:45:37,166,LC-TOTAL-LJ,752.22,lbs,LabJackDAQ,LoadCellSummed,0
2025-05-21 13:45:37,215,LC-TOTAL-LJ,751.91,lbs,LabJackDAQ,LoadCellSummed,0
2025-05-21 13:45:37,266,LC-TOTAL-LJ,752.52,lbs,LabJackDAQ,LoadCellSummed,0
2025-05-21 13:45:37,314,LC-TOTAL-LJ,753.29,lbs,LabJackDAQ,LoadCellSummed,0
2025-05-21 13:45:37,361,LC-TOTAL-LJ,751.67,lbs,LabJackDAQ,LoadCellSummed,0
2025-05-21 13:45:37,408,LC-TOTAL-LJ,751.76,lbs,LabJackDAQ,LoadCellSummed,0
2025-05-21 13:45:37,454,LC-TOTAL-LJ,752.15,lbs,LabJackDAQ,LoadCellSummed,0
2025-05-21 13:45:37,501,LC-TOTAL-LJ,752.69,lbs,LabJackDAQ,LoadCellSummed,0
2025-05-21 13:45:37,553,LC-TOTAL-LJ,751.31,lbs,LabJackDAQ,LoadCellSummed,0
2025-05-21 13:45:37,600,LC-TOTAL-LJ,751.69,lbs,LabJackDAQ,LoadCellSummed,0
2025-05-21 13:45:37,652,LC-TOTAL-LJ,751.93,lbs,LabJackDAQ,LoadCellSummed,0
2025-05-21 13:45:37,701,LC-TOTAL-LJ,752.08,lbs,LabJackDAQ,LoadCellSummed,0
2025-05-21 13:45:37,753,LC-TOTAL-LJ,752.64,lbs,LabJackDAQ,LoadCellSummed,0
2025-05-21 13:45:37,800,LC-TOTAL-LJ,752.53,lbs,LabJackDAQ,LoadCellSummed,0
2025-05-21 13:45:37,850,LC-TOTAL-LJ,752.81,lbs,LabJackDAQ,LoadCellSummed,0
2025-05-21 13:45:37,897,LC-TOTAL-LJ,752.76,lbs,LabJackDAQ,LoadCellSummed,0
2025-05-21 13:45:37,944,LC-TOTAL-LJ,752.47,lbs,LabJackDAQ,LoadCellSummed,0
2025-05-21 13:45:37,994,LC-TOTAL-LJ,752.41,lbs,LabJackDAQ,LoadCellSummed,0
2025-05-21 13:45:38,044,LC-TOTAL-LJ,751.25,lbs,LabJackDAQ,LoadCellSummed,0
2025-05-21 13:45:38,092,LC-TOTAL-LJ,752.30,lbs,LabJackDAQ,LoadCellSummed,0
2025-05-21 13:45:38,144,LC-TOTAL-LJ,752.14,lbs,LabJackDAQ,LoadCellSummed,0
2025-05-21 13:45:38,194,LC-TOTAL-LJ,751.90,lbs,LabJackDAQ,LoadCellSummed,0
2025-05-21 13:45:38,248,LC-TOTAL-LJ,752.10,lbs,LabJackDAQ,LoadCellSummed,0
2025-05-21 13:45:38,295,LC-TOTAL-LJ,751.69,lbs,LabJackDAQ,LoadCellSummed,0
2025-05-21 13:45:38,342,LC-TOTAL-LJ,752.47,lbs,LabJackDAQ,LoadCellSummed,0
2025-05-21 13:45:38,389,LC-TOTAL-LJ,753.03,lbs,LabJackDAQ,LoadCellSummed,0
2025-05-21 13:45:38,435,LC-TOTAL-LJ,752.64,lbs,LabJackDAQ,LoadCellSummed,0
2025-05-21 13:45:38,482,LC-TOTAL-LJ,752.28,lbs,LabJackDAQ,LoadCellSummed,0
2025-05-21 13:45:38,530,LC-TOTAL-LJ,751.53,lbs,LabJackDAQ,LoadCellSummed,0
2025-05-21 13:45:38,582,LC-TOTAL-LJ,752.57,lbs,LabJackDAQ,LoadCellSummed,0
2025-05-21 13:45:38,630,LC-TOTAL-LJ,752.16,lbs,LabJackDAQ,LoadCellSummed,0
2025-05-21 13:45:38,683,LC-TOTAL-LJ,752.37,lbs,LabJackDAQ,LoadCellSummed,0
2025-05-21 13:45:38,732,LC-TOTAL-LJ,751.92,lbs,LabJackDAQ,LoadCellSummed,0
2025-05-21 13:45:38,785,LC-TOTAL-LJ,752.79,lbs,LabJackDAQ,LoadCellSummed,0
2025-05-21 13:45:38,832,LC-TOTAL-LJ,752.57,lbs,LabJackDAQ,LoadCellSummed,0
2025-05-21 13:45:38,878,LC-TOTAL-LJ,752.82,lbs,LabJackDAQ,LoadCellSummed,0
2025-05-21 13:45:38,926,LC-TOTAL-LJ,751.35,lbs,LabJackDAQ,LoadCellSummed,0
2025-05-21 13:45:38,974,LC-TOTAL-LJ,751.81,lbs,LabJackDAQ,LoadCellSummed,0
2025-05-21 13:45:39,021,LC-TOTAL-LJ,752.19,lbs,LabJackDAQ,LoadCellSummed,0
2025-05-21 13:45:39,072,LC-TOTAL-LJ,752.81,lbs,LabJackDAQ,LoadCellSummed,0
2025-05-21 13:45:39,121,LC-TOTAL-LJ,752.72,lbs,LabJackDAQ,LoadCellSummed,0
2025-05-21 13:45:39,177,LC-TOTAL-LJ,751.48,lbs,LabJackDAQ,LoadCellSummed,0
2025-05-21 13:45:39,227,LC-TOTAL-LJ,752.02,lbs,LabJackDAQ,LoadCellSummed,0
2025-05-21 13:45:39,282,LC-TOTAL-LJ,752.60,lbs,LabJackDAQ,LoadCellSummed,0
2025-05-21 13:45:39,329,LC-TOTAL-LJ,751.87,lbs,LabJackDAQ,LoadCellSummed,0
2025-05-21 13:45:39,375,LC-TOTAL-LJ,751.65,lbs,LabJackDAQ,LoadCellSummed,0
2025-05-21 13:45:39,423,LC-TOTAL-LJ,751.61,lbs,LabJackDAQ,LoadCellSummed,0
2025-05-21 13:45:39,471,LC-TOTAL-LJ,751.87,lbs,LabJackDAQ,LoadCellSummed,0
2025-05-21 13:45:39,520,LC-TOTAL-LJ,751.46,lbs,LabJackDAQ,LoadCellSummed,0
2025-05-21 13:45:39,570,LC-TOTAL-LJ,752.55,lbs,LabJackDAQ,LoadCellSummed,0
2025-05-21 13:45:39,618,LC-TOTAL-LJ,752.40,lbs,LabJackDAQ,LoadCellSummed,0
2025-05-21 13:45:39,668,LC-TOTAL-LJ,752.11,lbs,LabJackDAQ,LoadCellSummed,0
2025-05-21 13:45:39,718,LC-TOTAL-LJ,751.26,lbs,LabJackDAQ,LoadCellSummed,0
2025-05-21 13:45:39,769,LC-TOTAL-LJ,752.53,lbs,LabJackDAQ,LoadCellSummed,0
2025-05-21 13:45:39,816,LC-TOTAL-LJ,752.60,lbs,LabJackDAQ,LoadCellSummed,0
2025-05-21 13:45:39,864,LC-TOTAL-LJ,752.76,lbs,LabJackDAQ,LoadCellSummed,0
2025-05-21 13:45:39,911,LC-TOTAL-LJ,752.20,lbs,LabJackDAQ,LoadCellSummed,0
2025-05-21 13:45:39,959,LC-TOTAL-LJ,752.43,lbs,LabJackDAQ,LoadCellSummed,0
2025-05-21 13:45:40,005,LC-TOTAL-LJ,751.52,lbs,LabJackDAQ,LoadCellSummed,0
2025-05-21 13:45:40,052,LC-TOTAL-LJ,752.22,lbs,LabJackDAQ,LoadCellSummed,0
2025-05-21 13:45:40,104,LC-TOTAL-LJ,752.81,lbs,LabJackDAQ,LoadCellSummed,0
2025-05-21 13:45:40,152,LC-TOTAL-LJ,752.69,lbs,LabJackDAQ,LoadCellSummed,0
2025-05-21 13:45:40,208,LC-TOTAL-LJ,752.80,lbs,LabJackDAQ,LoadCellSummed,0
2025-05-21 13:45:40,257,LC-TOTAL-LJ,751.89,lbs,LabJackDAQ,LoadCellSummed,0
2025-05-21 13:45:40,309,LC-TOTAL-LJ,752.41,lbs,LabJackDAQ,LoadCellSummed,0
2025-05-21 13:45:40,357,LC-TOTAL-LJ,752.58,lbs,LabJackDAQ,LoadCellSummed,0
2025-05-21 13:45:40,403,LC-TOTAL-LJ,752.68,lbs,LabJackDAQ,LoadCellSummed,0
2025-05-21 13:45:40,451,LC-TOTAL-LJ,751.53,lbs,LabJackDAQ,LoadCellSummed,0
2025-05-21 13:45:40,498,LC-TOTAL-LJ,751.81,lbs,LabJackDAQ,LoadCellSummed,0
2025-05-21 13:45:40,545,LC-TOTAL-LJ,751.71,lbs,LabJackDAQ,LoadCellSummed,0
2025-05-21 13:45:40,597,LC-TOTAL-LJ,752.73,lbs,LabJackDAQ,LoadCellSummed,0
2025-05-21 13:45:40,645,LC-TOTAL-LJ,752.61,lbs,LabJackDAQ,LoadCellSummed,0
2025-05-21 13:45:40,699,LC-TOTAL-LJ,752.56,lbs,LabJackDAQ,LoadCellSummed,0
2025-05-21 13:45:40,748,LC-TOTAL-LJ,752.34,lbs,LabJackDAQ,LoadCellSummed,0
2025-05-21 13:45:40,799,LC-TOTAL-LJ,751.77,lbs,LabJackDAQ,LoadCellSummed,0
2025-05-21 13:45:40,846,LC-TOTAL-LJ,752.14,lbs,LabJackDAQ,LoadCellSummed,0
2025-05-21 13:45:40,892,LC-TOTAL-LJ,752.73,lbs,LabJackDAQ,LoadCellSummed,0
2025-05-21 13:45:40,940,LC-TOTAL-LJ,751.71,lbs,LabJackDAQ,LoadCellSummed,0
2025-05-21 13:45:40,987,LC-TOTAL-LJ,752.57,lbs,LabJackDAQ,LoadCellSummed,0
2025-05-21 13:45:41,034,LC-TOTAL-LJ,752.70,lbs,LabJackDAQ,LoadCellSummed,0
2025-05-21 13:45:41,082,LC-TOTAL-LJ,752.72,lbs,LabJackDAQ,LoadCellSummed,0
2025-05-21 13:45:41,133,LC-TOTAL-LJ,751.48,lbs,LabJackDAQ,LoadCellSummed,0
2025-05-21 13:45:41,181,LC-TOTAL-LJ,751.98,lbs,LabJackDAQ,LoadCellSummed,0
2025-05-21 13:45:41,236,LC-TOTAL-LJ,751.93,lbs,LabJackDAQ,LoadCellSummed,0
2025-05-21 13:45:41,286,LC-TOTAL-LJ,752.54,lbs,LabJackDAQ,LoadCellSummed,0
2025-05-21 13:45:41,339,LC-TOTAL-LJ,751.49,lbs,LabJackDAQ,LoadCellSummed,0
2025-05-21 13:45:41,385,LC-TOTAL-LJ,751.70,lbs,LabJackDAQ,LoadCellSummed,0
2025-05-21 13:45:41,432,LC-TOTAL-LJ,752.43,lbs,LabJackDAQ,LoadCellSummed,0
2025-05-21 13:45:41,479,LC-TOTAL-LJ,752.90,lbs,LabJackDAQ,LoadCellSummed,0
2025-05-21 13:45:41,526,LC-TOTAL-LJ,752.71,lbs,LabJackDAQ,LoadCellSummed,0
2025-05-21 13:45:41,574,LC-TOTAL-LJ,752.84,lbs,LabJackDAQ,LoadCellSummed,0
2025-05-21 13:45:41,620,LC-TOTAL-LJ,752.19,lbs,LabJackDAQ,LoadCellSummed,0
2025-05-21 13:45:41,668,LC-TOTAL-LJ,751.52,lbs,LabJackDAQ,LoadCellSummed,0
2025-05-21 13:45:41,715,LC-TOTAL-LJ,752.14,lbs,LabJackDAQ,LoadCellSummed,0
2025-05-21 13:45:41,762,LC-TOTAL-LJ,752.30,lbs,LabJackDAQ,LoadCellSummed,0
2025-05-21 13:45:41,809,LC-TOTAL-LJ,752.88,lbs,LabJackDAQ,LoadCellSummed,0
2025-05-21 13:45:41,856,LC-TOTAL-LJ,752.64,lbs,LabJackDAQ,LoadCellSummed,0
2025-05-21 13:45:41,903,LC-TOTAL-LJ,753.00,lbs,LabJackDAQ,LoadCellSummed,0
2025-05-21 13:45:41,951,LC-TOTAL-LJ,751.35,lbs,LabJackDAQ,LoadCellSummed,0
2025-05-21 13:45:41,997,LC-TOTAL-LJ,751.97,lbs,LabJackDAQ,LoadCellSummed,0
2025-05-21 13:45:42,044,LC-TOTAL-LJ,752.28,lbs,LabJackDAQ,LoadCellSummed,0
2025-05-21 13:45:42,093,LC-TOTAL-LJ,751.84,lbs,LabJackDAQ,LoadCellSummed,0
2025-05-21 13:45:42,145,LC-TOTAL-LJ,752.45,lbs,LabJackDAQ,LoadCellSummed,0
2025-05-21 13:45:42,193,LC-TOTAL-LJ,752.45,lbs,LabJackDAQ,LoadCellSummed,0
2025-05-21 13:45:42,248,LC-TOTAL-LJ,752.33,lbs,LabJackDAQ,LoadCellSummed,0
2025-05-21 13:45:42,298,LC-TOTAL-LJ,751.78,lbs,LabJackDAQ,LoadCellSummed,0
2025-05-21 13:45:42,352,LC-TOTAL-LJ,751.38,lbs,LabJackDAQ,LoadCellSummed,0
2025-05-21 13:45:42,398,LC-TOTAL-LJ,752.03,lbs,LabJackDAQ,LoadCellSummed,0
2025-05-21 13:45:42,446,LC-TOTAL-LJ,752.40,lbs,LabJackDAQ,LoadCellSummed,0
2025-05-21 13:45:42,496,LC-TOTAL-LJ,751.87,lbs,LabJackDAQ,LoadCellSummed,0
2025-05-21 13:45:42,545,LC-TOTAL-LJ,752.07,lbs,LabJackDAQ,LoadCellSummed,0
2025-05-21 13:45:42,611,LC-TOTAL-LJ,752.41,lbs,LabJackDAQ,LoadCellSummed,0
2025-05-21 13:45:42,665,LC-TOTAL-LJ,752.30,lbs,LabJackDAQ,LoadCellSummed,0
2025-05-21 13:45:42,715,LC-TOTAL-LJ,753.01,lbs,LabJackDAQ,LoadCellSummed,0
2025-05-21 13:45:42,771,LC-TOTAL-LJ,751.93,lbs,LabJackDAQ,LoadCellSummed,0
2025-05-21 13:45:42,822,LC-TOTAL-LJ,752.57,lbs,LabJackDAQ,LoadCellSummed,0
2025-05-21 13:45:42,875,LC-TOTAL-LJ,752.70,lbs,LabJackDAQ,LoadCellSummed,0
2025-05-21 13:45:42,923,LC-TOTAL-LJ,752.19,lbs,LabJackDAQ,LoadCellSummed,0
2025-05-21 13:45:42,970,LC-TOTAL-LJ,751.80,lbs,LabJackDAQ,LoadCellSummed,0
2025-05-21 13:45:43,021,LC-TOTAL-LJ,752.72,lbs,LabJackDAQ,LoadCellSummed,0
2025-05-21 13:45:43,071,LC-TOTAL-LJ,752.16,lbs,LabJackDAQ,LoadCellSummed,0
2025-05-21 13:45:43,124,LC-TOTAL-LJ,752.65,lbs,LabJackDAQ,LoadCellSummed,0
2025-05-21 13:45:43,173,LC-TOTAL-LJ,751.46,lbs,LabJackDAQ,LoadCellSummed,0
2025-05-21 13:45:43,231,LC-TOTAL-LJ,752.78,lbs,LabJackDAQ,LoadCellSummed,0
2025-05-21 13:45:43,280,LC-TOTAL-LJ,752.27,lbs,LabJackDAQ,LoadCellSummed,0
2025-05-21 13:45:43,335,LC-TOTAL-LJ,751.67,lbs,LabJackDAQ,LoadCellSummed,0
2025-05-21 13:45:43,385,LC-TOTAL-LJ,752.58,lbs,LabJackDAQ,LoadCellSummed,0
2025-05-21 13:45:43,434,LC-TOTAL-LJ,752.44,lbs,LabJackDAQ,LoadCellSummed,0
2025-05-21 13:45:43,484,LC-TOTAL-LJ,752.51,lbs,LabJackDAQ,LoadCellSummed,0
2025-05-21 13:45:43,532,LC-TOTAL-LJ,751.99,lbs,LabJackDAQ,LoadCellSummed,0
2025-05-21 13:45:43,582,LC-TOTAL-LJ,751.94,lbs,LabJackDAQ,LoadCellSummed,0
2025-05-21 13:45:43,636,LC-TOTAL-LJ,752.00,lbs,LabJackDAQ,LoadCellSummed,0
2025-05-21 13:45:43,685,LC-TOTAL-LJ,752.48,lbs,LabJackDAQ,LoadCellSummed,0
2025-05-21 13:45:43,741,LC-TOTAL-LJ,752.16,lbs,LabJackDAQ,LoadCellSummed,0
2025-05-21 13:45:43,799,LC-TOTAL-LJ,752.32,lbs,LabJackDAQ,LoadCellSummed,0
2025-05-21 13:45:43,848,LC-TOTAL-LJ,752.59,lbs,LabJackDAQ,LoadCellSummed,0
2025-05-21 13:45:43,898,LC-TOTAL-LJ,752.89,lbs,LabJackDAQ,LoadCellSummed,0
2025-05-21 13:45:43,945,LC-TOTAL-LJ,752.49,lbs,LabJackDAQ,LoadCellSummed,0
2025-05-21 13:45:43,994,LC-TOTAL-LJ,752.56,lbs,LabJackDAQ,LoadCellSummed,0
2025-05-21 13:45:44,040,LC-TOTAL-LJ,752.51,lbs,LabJackDAQ,LoadCellSummed,0
2025-05-21 13:45:44,089,LC-TOTAL-LJ,752.35,lbs,LabJackDAQ,LoadCellSummed,0
2025-05-21 13:45:44,139,LC-TOTAL-LJ,752.18,lbs,LabJackDAQ,LoadCellSummed,0
2025-05-21 13:45:44,186,LC-TOTAL-LJ,752.41,lbs,LabJackDAQ,LoadCellSummed,0
2025-05-21 13:45:44,239,LC-TOTAL-LJ,752.28,lbs,LabJackDAQ,LoadCellSummed,0
2025-05-21 13:45:44,289,LC-TOTAL-LJ,751.69,lbs,LabJackDAQ,LoadCellSummed,0
2025-05-21 13:45:44,342,LC-TOTAL-LJ,752.23,lbs,LabJackDAQ,LoadCellSummed,0
2025-05-21 13:45:44,389,LC-TOTAL-LJ,752.44,lbs,LabJackDAQ,LoadCellSummed,0
2025-05-21 13:45:44,436,LC-TOTAL-LJ,752.93,lbs,LabJackDAQ,LoadCellSummed,0
2025-05-21 13:45:44,483,LC-TOTAL-LJ,751.80,lbs,LabJackDAQ,LoadCellSummed,0
2025-05-21 13:45:44,530,LC-TOTAL-LJ,751.51,lbs,LabJackDAQ,LoadCellSummed,0
2025-05-21 13:45:44,579,LC-TOTAL-LJ,752.18,lbs,LabJackDAQ,LoadCellSummed,0
2025-05-21 13:45:44,632,LC-TOTAL-LJ,751.57,lbs,LabJackDAQ,LoadCellSummed,0
2025-05-21 13:45:44,679,LC-TOTAL-LJ,752.63,lbs,LabJackDAQ,LoadCellSummed,0
2025-05-21 13:45:44,734,LC-TOTAL-LJ,751.54,lbs,LabJackDAQ,LoadCellSummed,0
2025-05-21 13:45:44,784,LC-TOTAL-LJ,752.50,lbs,LabJackDAQ,LoadCellSummed,0
2025-05-21 13:45:44,834,LC-TOTAL-LJ,752.56,lbs,LabJackDAQ,LoadCellSummed,0
2025-05-21 13:45:44,880,LC-TOTAL-LJ,753.05,lbs,LabJackDAQ,LoadCellSummed,0
2025-05-21 13:45:44,927,LC-TOTAL-LJ,752.12,lbs,LabJackDAQ,LoadCellSummed,0
2025-05-21 13:45:44,974,LC-TOTAL-LJ,752.07,lbs,LabJackDAQ,LoadCellSummed,0
2025-05-21 13:45:45,021,LC-TOTAL-LJ,751.95,lbs,LabJackDAQ,LoadCellSummed,0
2025-05-21 13:45:45,068,LC-TOTAL-LJ,752.58,lbs,LabJackDAQ,LoadCellSummed,0
2025-05-21 13:45:45,115,LC-TOTAL-LJ,752.65,lbs,LabJackDAQ,LoadCellSummed,0
2025-05-21 13:45:45,167,LC-TOTAL-LJ,751.28,lbs,LabJackDAQ,LoadCellSummed,0
2025-05-21 13:45:45,215,LC-TOTAL-LJ,752.41,lbs,LabJackDAQ,LoadCellSummed,0
2025-05-21 13:45:45,273,LC-TOTAL-LJ,751.85,lbs,LabJackDAQ,LoadCellSummed,0
2025-05-21 13:45:45,324,LC-TOTAL-LJ,752.57,lbs,LabJackDAQ,LoadCellSummed,0
2025-05-21 13:45:45,380,LC-TOTAL-LJ,752.83,lbs,LabJackDAQ,LoadCellSummed,0
2025-05-21 13:45:45,428,LC-TOTAL-LJ,751.80,lbs,LabJackDAQ,LoadCellSummed,0
2025-05-21 13:45:45,476,LC-TOTAL-LJ,752.44,lbs,LabJackDAQ,LoadCellSummed,0
2025-05-21 13:45:45,523,LC-TOTAL-LJ,752.68,lbs,LabJackDAQ,LoadCellSummed,0
2025-05-21 13:45:45,572,LC-TOTAL-LJ,752.19,lbs,LabJackDAQ,LoadCellSummed,0
2025-05-21 13:45:45,621,LC-TOTAL-LJ,751.65,lbs,LabJackDAQ,LoadCellSummed,0
2025-05-21 13:45:45,673,LC-TOTAL-LJ,752.59,lbs,LabJackDAQ,LoadCellSummed,0
2025-05-21 13:45:45,723,LC-TOTAL-LJ,752.43,lbs,LabJackDAQ,LoadCellSummed,0
2025-05-21 13:45:45,786,LC-TOTAL-LJ,752.51,lbs,LabJackDAQ,LoadCellSummed,0
2025-05-21 13:45:45,849,LC-TOTAL-LJ,752.48,lbs,LabJackDAQ,LoadCellSummed,0
2025-05-21 13:45:45,904,LC-TOTAL-LJ,752.29,lbs,LabJackDAQ,LoadCellSummed,0
2025-05-21 13:45:45,954,LC-TOTAL-LJ,752.30,lbs,LabJackDAQ,LoadCellSummed,0
2025-05-21 13:45:46,000,LC-TOTAL-LJ,751.52,lbs,LabJackDAQ,LoadCellSummed,0
2025-05-21 13:45:46,049,LC-TOTAL-LJ,752.19,lbs,LabJackDAQ,LoadCellSummed,0
2025-05-21 13:45:46,097,LC-TOTAL-LJ,752.23,lbs,LabJackDAQ,LoadCellSummed,0
2025-05-21 13:45:46,145,LC-TOTAL-LJ,751.28,lbs,LabJackDAQ,LoadCellSummed,0
2025-05-21 13:45:46,194,LC-TOTAL-LJ,752.26,lbs,LabJackDAQ,LoadCellSummed,0
2025-05-21 13:45:46,244,LC-TOTAL-LJ,752.25,lbs,LabJackDAQ,LoadCellSummed,0
2025-05-21 13:45:46,292,LC-TOTAL-LJ,752.61,lbs,LabJackDAQ,LoadCellSummed,0
2025-05-21 13:45:46,340,LC-TOTAL-LJ,752.24,lbs,LabJackDAQ,LoadCellSummed,0
2025-05-21 13:45:46,387,LC-TOTAL-LJ,752.47,lbs,LabJackDAQ,LoadCellSummed,0
2025-05-21 13:45:46,437,LC-TOTAL-LJ,752.53,lbs,LabJackDAQ,LoadCellSummed,0
2025-05-21 13:45:46,485,LC-TOTAL-LJ,751.56,lbs,LabJackDAQ,LoadCellSummed,0
2025-05-21 13:45:46,534,LC-TOTAL-LJ,751.89,lbs,LabJackDAQ,LoadCellSummed,0
2025-05-21 13:45:46,585,LC-TOTAL-LJ,752.64,lbs,LabJackDAQ,LoadCellSummed,0
2025-05-21 13:45:46,635,LC-TOTAL-LJ,751.87,lbs,LabJackDAQ,LoadCellSummed,0
2025-05-21 13:45:46,684,LC-TOTAL-LJ,751.61,lbs,LabJackDAQ,LoadCellSummed,0
2025-05-21 13:45:46,736,LC-TOTAL-LJ,752.65,lbs,LabJackDAQ,LoadCellSummed,0
2025-05-21 13:45:46,786,LC-TOTAL-LJ,752.10,lbs,LabJackDAQ,LoadCellSummed,0
2025-05-21 13:45:46,839,LC-TOTAL-LJ,752.43,lbs,LabJackDAQ,LoadCellSummed,0
2025-05-21 13:45:46,887,LC-TOTAL-LJ,751.97,lbs,LabJackDAQ,LoadCellSummed,0
2025-05-21 13:45:46,936,LC-TOTAL-LJ,751.22,lbs,LabJackDAQ,LoadCellSummed,0
2025-05-21 13:45:46,986,LC-TOTAL-LJ,752.21,lbs,LabJackDAQ,LoadCellSummed,0
2025-05-21 13:45:47,035,LC-TOTAL-LJ,752.48,lbs,LabJackDAQ,LoadCellSummed,0
2025-05-21 13:45:47,083,LC-TOTAL-LJ,752.68,lbs,LabJackDAQ,LoadCellSummed,0
2025-05-21 13:45:47,136,LC-TOTAL-LJ,753.19,lbs,LabJackDAQ,LoadCellSummed,0
2025-05-21 13:45:47,186,LC-TOTAL-LJ,752.52,lbs,LabJackDAQ,LoadCellSummed,0
2025-05-21 13:45:47,241,LC-TOTAL-LJ,751.80,lbs,LabJackDAQ,LoadCellSummed,0
2025-05-21 13:45:47,291,LC-TOTAL-LJ,752.48,lbs,LabJackDAQ,LoadCellSummed,0
2025-05-21 13:45:47,344,LC-TOTAL-LJ,751.68,lbs,LabJackDAQ,LoadCellSummed,0
2025-05-21 13:45:47,393,LC-TOTAL-LJ,752.17,lbs,LabJackDAQ,LoadCellSummed,0
2025-05-21 13:45:47,443,LC-TOTAL-LJ,752.46,lbs,LabJackDAQ,LoadCellSummed,0
2025-05-21 13:45:47,490,LC-TOTAL-LJ,753.40,lbs,LabJackDAQ,LoadCellSummed,0
2025-05-21 13:45:47,537,LC-TOTAL-LJ,752.79,lbs,LabJackDAQ,LoadCellSummed,0
2025-05-21 13:45:47,588,LC-TOTAL-LJ,752.84,lbs,LabJackDAQ,LoadCellSummed,0
2025-05-21 13:45:47,637,LC-TOTAL-LJ,751.37,lbs,LabJackDAQ,LoadCellSummed,0
2025-05-21 13:45:47,685,LC-TOTAL-LJ,752.05,lbs,LabJackDAQ,LoadCellSummed,0
2025-05-21 13:45:47,738,LC-TOTAL-LJ,752.51,lbs,LabJackDAQ,LoadCellSummed,0
2025-05-21 13:45:47,786,LC-TOTAL-LJ,752.83,lbs,LabJackDAQ,LoadCellSummed,0
2025-05-21 13:45:47,836,LC-TOTAL-LJ,751.71,lbs,LabJackDAQ,LoadCellSummed,0
2025-05-21 13:45:47,883,LC-TOTAL-LJ,751.40,lbs,LabJackDAQ,LoadCellSummed,0
2025-05-21 13:45:47,933,LC-TOTAL-LJ,751.93,lbs,LabJackDAQ,LoadCellSummed,0
2025-05-21 13:45:47,981,LC-TOTAL-LJ,751.80,lbs,LabJackDAQ,LoadCellSummed,0
2025-05-21 13:45:48,030,LC-TOTAL-LJ,752.38,lbs,LabJackDAQ,LoadCellSummed,0
2025-05-21 13:45:48,078,LC-TOTAL-LJ,752.85,lbs,LabJackDAQ,LoadCellSummed,0
2025-05-21 13:45:48,125,LC-TOTAL-LJ,752.23,lbs,LabJackDAQ,LoadCellSummed,0
2025-05-21 13:45:48,177,LC-TOTAL-LJ,751.81,lbs,LabJackDAQ,LoadCellSummed,0
2025-05-21 13:45:48,225,LC-TOTAL-LJ,752.12,lbs,LabJackDAQ,LoadCellSummed,0
2025-05-21 13:45:48,278,LC-TOTAL-LJ,752.63,lbs,LabJackDAQ,LoadCellSummed,0
2025-05-21 13:45:48,326,LC-TOTAL-LJ,752.22,lbs,LabJackDAQ,LoadCellSummed,0
2025-05-21 13:45:48,378,LC-TOTAL-LJ,753.36,lbs,LabJackDAQ,LoadCellSummed,0
2025-05-21 13:45:48,427,LC-TOTAL-LJ,752.64,lbs,LabJackDAQ,LoadCellSummed,0
2025-05-21 13:45:48,476,LC-TOTAL-LJ,752.59,lbs,LabJackDAQ,LoadCellSummed,0
2025-05-21 13:45:48,525,LC-TOTAL-LJ,752.61,lbs,LabJackDAQ,LoadCellSummed,0
2025-05-21 13:45:48,574,LC-TOTAL-LJ,751.44,lbs,LabJackDAQ,LoadCellSummed,0
2025-05-21 13:45:48,626,LC-TOTAL-LJ,752.86,lbs,LabJackDAQ,LoadCellSummed,0
2025-05-21 13:45:48,676,LC-TOTAL-LJ,751.78,lbs,LabJackDAQ,LoadCellSummed,0
2025-05-21 13:45:48,727,LC-TOTAL-LJ,752.35,lbs,LabJackDAQ,LoadCellSummed,0
2025-05-21 13:45:48,780,LC-TOTAL-LJ,752.95,lbs,LabJackDAQ,LoadCellSummed,0
2025-05-21 13:45:48,831,LC-TOTAL-LJ,752.68,lbs,LabJackDAQ,LoadCellSummed,0
2025-05-21 13:45:48,883,LC-TOTAL-LJ,752.41,lbs,LabJackDAQ,LoadCellSummed,0
2025-05-21 13:45:48,933,LC-TOTAL-LJ,751.39,lbs,LabJackDAQ,LoadCellSummed,0
2025-05-21 13:45:48,981,LC-TOTAL-LJ,751.86,lbs,LabJackDAQ,LoadCellSummed,0
2025-05-21 13:45:49,029,LC-TOTAL-LJ,752.00,lbs,LabJackDAQ,LoadCellSummed,0
2025-05-21 13:45:49,076,LC-TOTAL-LJ,752.35,lbs,LabJackDAQ,LoadCellSummed,0
2025-05-21 13:45:49,123,LC-TOTAL-LJ,752.33,lbs,LabJackDAQ,LoadCellSummed,0
2025-05-21 13:45:49,175,LC-TOTAL-LJ,751.83,lbs,LabJackDAQ,LoadCellSummed,0
2025-05-21 13:45:49,223,LC-TOTAL-LJ,752.34,lbs,LabJackDAQ,LoadCellSummed,0
2025-05-21 13:45:49,278,LC-TOTAL-LJ,753.41,lbs,LabJackDAQ,LoadCellSummed,0
2025-05-21 13:45:49,327,LC-TOTAL-LJ,752.42,lbs,LabJackDAQ,LoadCellSummed,0
2025-05-21 13:45:49,381,LC-TOTAL-LJ,752.50,lbs,LabJackDAQ,LoadCellSummed,0
2025-05-21 13:45:49,429,LC-TOTAL-LJ,752.15,lbs,LabJackDAQ,LoadCellSummed,0
2025-05-21 13:45:49,477,LC-TOTAL-LJ,752.68,lbs,LabJackDAQ,LoadCellSummed,0
2025-05-21 13:45:49,526,LC-TOTAL-LJ,752.25,lbs,LabJackDAQ,LoadCellSummed,0
2025-05-21 13:45:49,572,LC-TOTAL-LJ,752.47,lbs,LabJackDAQ,LoadCellSummed,0
2025-05-21 13:45:49,619,LC-TOTAL-LJ,752.55,lbs,LabJackDAQ,LoadCellSummed,0
2025-05-21 13:45:49,671,LC-TOTAL-LJ,751.61,lbs,LabJackDAQ,LoadCellSummed,0
2025-05-21 13:45:49,718,LC-TOTAL-LJ,752.54,lbs,LabJackDAQ,LoadCellSummed,0
2025-05-21 13:45:49,770,LC-TOTAL-LJ,752.54,lbs,LabJackDAQ,LoadCellSummed,0
2025-05-21 13:45:49,818,LC-TOTAL-LJ,752.99,lbs,LabJackDAQ,LoadCellSummed,0
2025-05-21 13:45:49,869,LC-TOTAL-LJ,752.16,lbs,LabJackDAQ,LoadCellSummed,0
2025-05-21 13:45:49,916,LC-TOTAL-LJ,752.29,lbs,LabJackDAQ,LoadCellSummed,0
2025-05-21 13:45:49,963,LC-TOTAL-LJ,752.48,lbs,LabJackDAQ,LoadCellSummed,0
2025-05-21 13:45:50,011,LC-TOTAL-LJ,752.19,lbs,LabJackDAQ,LoadCellSummed,0
2025-05-21 13:45:50,059,LC-TOTAL-LJ,752.34,lbs,LabJackDAQ,LoadCellSummed,0
2025-05-21 13:45:50,107,LC-TOTAL-LJ,753.10,lbs,LabJackDAQ,LoadCellSummed,0
2025-05-21 13:45:50,158,LC-TOTAL-LJ,751.59,lbs,LabJackDAQ,LoadCellSummed,0
2025-05-21 13:45:50,207,LC-TOTAL-LJ,751.92,lbs,LabJackDAQ,LoadCellSummed,0
2025-05-21 13:45:50,259,LC-TOTAL-LJ,751.98,lbs,LabJackDAQ,LoadCellSummed,0
2025-05-21 13:45:50,308,LC-TOTAL-LJ,752.14,lbs,LabJackDAQ,LoadCellSummed,0
2025-05-21 13:45:50,359,LC-TOTAL-LJ,752.48,lbs,LabJackDAQ,LoadCellSummed,0
2025-05-21 13:45:50,408,LC-TOTAL-LJ,751.66,lbs,LabJackDAQ,LoadCellSummed,0
2025-05-21 13:45:50,456,LC-TOTAL-LJ,752.34,lbs,LabJackDAQ,LoadCellSummed,0
2025-05-21 13:45:50,502,LC-TOTAL-LJ,753.34,lbs,LabJackDAQ,LoadCellSummed,0
2025-05-21 13:45:50,549,LC-TOTAL-LJ,751.47,lbs,LabJackDAQ,LoadCellSummed,0
2025-05-21 13:45:50,597,LC-TOTAL-LJ,752.59,lbs,LabJackDAQ,LoadCellSummed,0
2025-05-21 13:45:50,646,LC-TOTAL-LJ,752.87,lbs,LabJackDAQ,LoadCellSummed,0
2025-05-21 13:45:50,694,LC-TOTAL-LJ,752.78,lbs,LabJackDAQ,LoadCellSummed,0
2025-05-21 13:45:50,745,LC-TOTAL-LJ,751.59,lbs,LabJackDAQ,LoadCellSummed,0
2025-05-21 13:45:50,800,LC-TOTAL-LJ,751.65,lbs,LabJackDAQ,LoadCellSummed,0
2025-05-21 13:45:50,852,LC-TOTAL-LJ,751.92,lbs,LabJackDAQ,LoadCellSummed,0
2025-05-21 13:45:50,899,LC-TOTAL-LJ,752.71,lbs,LabJackDAQ,LoadCellSummed,0
2025-05-21 13:45:50,948,LC-TOTAL-LJ,751.79,lbs,LabJackDAQ,LoadCellSummed,0
2025-05-21 13:45:50,995,LC-TOTAL-LJ,752.50,lbs,LabJackDAQ,LoadCellSummed,0
2025-05-21 13:45:51,043,LC-TOTAL-LJ,752.51,lbs,LabJackDAQ,LoadCellSummed,0
2025-05-21 13:45:51,091,LC-TOTAL-LJ,752.92,lbs,LabJackDAQ,LoadCellSummed,0
2025-05-21 13:45:51,137,LC-TOTAL-LJ,752.26,lbs,LabJackDAQ,LoadCellSummed,0
2025-05-21 13:45:51,186,LC-TOTAL-LJ,752.98,lbs,LabJackDAQ,LoadCellSummed,0
2025-05-21 13:45:51,235,LC-TOTAL-LJ,752.43,lbs,LabJackDAQ,LoadCellSummed,0
2025-05-21 13:45:51,290,LC-TOTAL-LJ,752.65,lbs,LabJackDAQ,LoadCellSummed,0
2025-05-21 13:45:51,339,LC-TOTAL-LJ,752.21,lbs,LabJackDAQ,LoadCellSummed,0
2025-05-21 13:45:51,391,LC-TOTAL-LJ,752.88,lbs,LabJackDAQ,LoadCellSummed,0
2025-05-21 13:45:51,438,LC-TOTAL-LJ,753.00,lbs,LabJackDAQ,LoadCellSummed,0
2025-05-21 13:45:51,486,LC-TOTAL-LJ,752.75,lbs,LabJackDAQ,LoadCellSummed,0
2025-05-21 13:45:51,534,LC-TOTAL-LJ,752.47,lbs,LabJackDAQ,LoadCellSummed,0
2025-05-21 13:45:51,580,LC-TOTAL-LJ,751.84,lbs,LabJackDAQ,LoadCellSummed,0
2025-05-21 13:45:51,627,LC-TOTAL-LJ,751.35,lbs,LabJackDAQ,LoadCellSummed,0
2025-05-21 13:45:51,678,LC-TOTAL-LJ,752.91,lbs,LabJackDAQ,LoadCellSummed,0
2025-05-21 13:45:51,727,LC-TOTAL-LJ,752.80,lbs,LabJackDAQ,LoadCellSummed,0
2025-05-21 13:45:51,953,LC-TOTAL-LJ,751.94,lbs,LabJackDAQ,LoadCellSummed,0
2025-05-21 13:45:52,056,LC-TOTAL-LJ,752.47,lbs,LabJackDAQ,LoadCellSummed,0
2025-05-21 13:45:52,113,LC-TOTAL-LJ,752.24,lbs,LabJackDAQ,LoadCellSummed,0
2025-05-21 13:45:52,190,LC-TOTAL-LJ,753.07,lbs,LabJackDAQ,LoadCellSummed,0
2025-05-21 13:45:52,242,LC-TOTAL-LJ,752.37,lbs,LabJackDAQ,LoadCellSummed,0
2025-05-21 13:45:52,323,LC-TOTAL-LJ,752.46,lbs,LabJackDAQ,LoadCellSummed,0
2025-05-21 13:45:52,441,LC-TOTAL-LJ,751.01,lbs,LabJackDAQ,LoadCellSummed,0
2025-05-21 13:45:52,498,LC-TOTAL-LJ,751.03,lbs,LabJackDAQ,LoadCellSummed,0
2025-05-21 13:45:52,546,LC-TOTAL-LJ,752.38,lbs,LabJackDAQ,LoadCellSummed,0
2025-05-21 13:45:52,594,LC-TOTAL-LJ,751.95,lbs,LabJackDAQ,LoadCellSummed,0
2025-05-21 13:45:52,642,LC-TOTAL-LJ,751.00,lbs,LabJackDAQ,LoadCellSummed,0
2025-05-21 13:45:52,691,LC-TOTAL-LJ,752.49,lbs,LabJackDAQ,LoadCellSummed,0
2025-05-21 13:45:52,739,LC-TOTAL-LJ,752.65,lbs,LabJackDAQ,LoadCellSummed,0
2025-05-21 13:45:52,795,LC-TOTAL-LJ,752.52,lbs,LabJackDAQ,LoadCellSummed,0
2025-05-21 13:45:52,845,LC-TOTAL-LJ,751.77,lbs,LabJackDAQ,LoadCellSummed,0
2025-05-21 13:45:52,898,LC-TOTAL-LJ,752.15,lbs,LabJackDAQ,LoadCellSummed,0
2025-05-21 13:45:52,946,LC-TOTAL-LJ,752.56,lbs,LabJackDAQ,LoadCellSummed,0
2025-05-21 13:45:52,992,LC-TOTAL-LJ,752.75,lbs,LabJackDAQ,LoadCellSummed,0
2025-05-21 13:45:53,041,LC-TOTAL-LJ,752.50,lbs,LabJackDAQ,LoadCellSummed,0
2025-05-21 13:45:53,088,LC-TOTAL-LJ,752.52,lbs,LabJackDAQ,LoadCellSummed,0
2025-05-21 13:45:53,138,LC-TOTAL-LJ,752.45,lbs,LabJackDAQ,LoadCellSummed,0
2025-05-21 13:45:53,191,LC-TOTAL-LJ,753.30,lbs,LabJackDAQ,LoadCellSummed,0
2025-05-21 13:45:53,245,LC-TOTAL-LJ,752.62,lbs,LabJackDAQ,LoadCellSummed,0
2025-05-21 13:45:53,300,LC-TOTAL-LJ,752.05,lbs,LabJackDAQ,LoadCellSummed,0
2025-05-21 13:45:53,350,LC-TOTAL-LJ,751.63,lbs,LabJackDAQ,LoadCellSummed,0
2025-05-21 13:45:53,403,LC-TOTAL-LJ,753.14,lbs,LabJackDAQ,LoadCellSummed,0
2025-05-21 13:45:53,451,LC-TOTAL-LJ,752.03,lbs,LabJackDAQ,LoadCellSummed,0
2025-05-21 13:45:53,498,LC-TOTAL-LJ,752.02,lbs,LabJackDAQ,LoadCellSummed,0
2025-05-21 13:45:53,548,LC-TOTAL-LJ,751.76,lbs,LabJackDAQ,LoadCellSummed,0
2025-05-21 13:45:53,598,LC-TOTAL-LJ,752.64,lbs,LabJackDAQ,LoadCellSummed,0
2025-05-21 13:45:53,646,LC-TOTAL-LJ,752.13,lbs,LabJackDAQ,LoadCellSummed,0
2025-05-21 13:45:53,697,LC-TOTAL-LJ,752.58,lbs,LabJackDAQ,LoadCellSummed,0
2025-05-21 13:45:53,745,LC-TOTAL-LJ,752.14,lbs,LabJackDAQ,LoadCellSummed,0
2025-05-21 13:45:53,797,LC-TOTAL-LJ,752.78,lbs,LabJackDAQ,LoadCellSummed,0
2025-05-21 13:45:53,846,LC-TOTAL-LJ,752.55,lbs,LabJackDAQ,LoadCellSummed,0
2025-05-21 13:45:53,900,LC-TOTAL-LJ,752.40,lbs,LabJackDAQ,LoadCellSummed,0
2025-05-21 13:45:53,948,LC-TOTAL-LJ,752.26,lbs,LabJackDAQ,LoadCellSummed,0
2025-05-21 13:45:53,998,LC-TOTAL-LJ,751.66,lbs,LabJackDAQ,LoadCellSummed,0
2025-05-21 13:45:54,046,LC-TOTAL-LJ,751.23,lbs,LabJackDAQ,LoadCellSummed,0
2025-05-21 13:45:54,095,LC-TOTAL-LJ,751.93,lbs,LabJackDAQ,LoadCellSummed,0
2025-05-21 13:45:54,143,LC-TOTAL-LJ,752.30,lbs,LabJackDAQ,LoadCellSummed,0
2025-05-21 13:45:54,196,LC-TOTAL-LJ,751.99,lbs,LabJackDAQ,LoadCellSummed,0
2025-05-21 13:45:54,250,LC-TOTAL-LJ,751.56,lbs,LabJackDAQ,LoadCellSummed,0
2025-05-21 13:45:54,302,LC-TOTAL-LJ,753.27,lbs,LabJackDAQ,LoadCellSummed,0
2025-05-21 13:45:54,357,LC-TOTAL-LJ,751.94,lbs,LabJackDAQ,LoadCellSummed,0
2025-05-21 13:45:54,418,LC-TOTAL-LJ,751.77,lbs,LabJackDAQ,LoadCellSummed,0
2025-05-21 13:45:54,468,LC-TOTAL-LJ,752.08,lbs,LabJackDAQ,LoadCellSummed,0
2025-05-21 13:45:54,517,LC-TOTAL-LJ,753.11,lbs,LabJackDAQ,LoadCellSummed,0
2025-05-21 13:45:54,564,LC-TOTAL-LJ,752.10,lbs,LabJackDAQ,LoadCellSummed,0
2025-05-21 13:45:54,611,LC-TOTAL-LJ,752.26,lbs,LabJackDAQ,LoadCellSummed,0
2025-05-21 13:45:54,663,LC-TOTAL-LJ,751.66,lbs,LabJackDAQ,LoadCellSummed,0
2025-05-21 13:45:54,712,LC-TOTAL-LJ,751.77,lbs,LabJackDAQ,LoadCellSummed,0
2025-05-21 13:45:54,764,LC-TOTAL-LJ,751.99,lbs,LabJackDAQ,LoadCellSummed,0
2025-05-21 13:45:54,815,LC-TOTAL-LJ,752.25,lbs,LabJackDAQ,LoadCellSummed,0
2025-05-21 13:45:54,867,LC-TOTAL-LJ,752.05,lbs,LabJackDAQ,LoadCellSummed,0
2025-05-21 13:45:54,916,LC-TOTAL-LJ,752.01,lbs,LabJackDAQ,LoadCellSummed,0
2025-05-21 13:45:54,964,LC-TOTAL-LJ,750.95,lbs,LabJackDAQ,LoadCellSummed,0
2025-05-21 13:45:55,012,LC-TOTAL-LJ,751.73,lbs,LabJackDAQ,LoadCellSummed,0
2025-05-21 13:45:55,061,LC-TOTAL-LJ,751.64,lbs,LabJackDAQ,LoadCellSummed,0
2025-05-21 13:45:55,108,LC-TOTAL-LJ,751.76,lbs,LabJackDAQ,LoadCellSummed,0
2025-05-21 13:45:55,157,LC-TOTAL-LJ,752.22,lbs,LabJackDAQ,LoadCellSummed,0
2025-05-21 13:45:55,210,LC-TOTAL-LJ,751.79,lbs,LabJackDAQ,LoadCellSummed,0
2025-05-21 13:45:55,258,LC-TOTAL-LJ,751.83,lbs,LabJackDAQ,LoadCellSummed,0
2025-05-21 13:45:55,310,LC-TOTAL-LJ,752.75,lbs,LabJackDAQ,LoadCellSummed,0
2025-05-21 13:45:55,359,LC-TOTAL-LJ,751.72,lbs,LabJackDAQ,LoadCellSummed,0
2025-05-21 13:45:55,410,LC-TOTAL-LJ,752.50,lbs,LabJackDAQ,LoadCellSummed,0
2025-05-21 13:45:55,460,LC-TOTAL-LJ,752.32,lbs,LabJackDAQ,LoadCellSummed,0
2025-05-21 13:45:55,507,LC-TOTAL-LJ,752.79,lbs,LabJackDAQ,LoadCellSummed,0
2025-05-21 13:45:55,555,LC-TOTAL-LJ,752.51,lbs,LabJackDAQ,LoadCellSummed,0
2025-05-21 13:45:55,603,LC-TOTAL-LJ,753.17,lbs,LabJackDAQ,LoadCellSummed,0
2025-05-21 13:45:55,651,LC-TOTAL-LJ,752.70,lbs,LabJackDAQ,LoadCellSummed,0
2025-05-21 13:45:55,702,LC-TOTAL-LJ,752.05,lbs,LabJackDAQ,LoadCellSummed,0
2025-05-21 13:45:55,754,LC-TOTAL-LJ,751.84,lbs,LabJackDAQ,LoadCellSummed,0
2025-05-21 13:45:55,807,LC-TOTAL-LJ,752.84,lbs,LabJackDAQ,LoadCellSummed,0
2025-05-21 13:45:55,862,LC-TOTAL-LJ,752.35,lbs,LabJackDAQ,LoadCellSummed,0
2025-05-21 13:45:55,910,LC-TOTAL-LJ,752.35,lbs,LabJackDAQ,LoadCellSummed,0
2025-05-21 13:45:55,958,LC-TOTAL-LJ,752.58,lbs,LabJackDAQ,LoadCellSummed,0
2025-05-21 13:45:56,005,LC-TOTAL-LJ,752.83,lbs,LabJackDAQ,LoadCellSummed,0
2025-05-21 13:45:56,056,LC-TOTAL-LJ,751.72,lbs,LabJackDAQ,LoadCellSummed,0
2025-05-21 13:45:56,108,LC-TOTAL-LJ,752.81,lbs,LabJackDAQ,LoadCellSummed,0
2025-05-21 13:45:56,157,LC-TOTAL-LJ,752.46,lbs,LabJackDAQ,LoadCellSummed,0
2025-05-21 13:45:56,209,LC-TOTAL-LJ,752.75,lbs,LabJackDAQ,LoadCellSummed,0
2025-05-21 13:45:56,260,LC-TOTAL-LJ,751.61,lbs,LabJackDAQ,LoadCellSummed,0
2025-05-21 13:45:56,317,LC-TOTAL-LJ,753.10,lbs,LabJackDAQ,LoadCellSummed,0
2025-05-21 13:45:56,374,LC-TOTAL-LJ,752.08,lbs,LabJackDAQ,LoadCellSummed,0
2025-05-21 13:45:56,424,LC-TOTAL-LJ,752.58,lbs,LabJackDAQ,LoadCellSummed,0
2025-05-21 13:45:56,473,LC-TOTAL-LJ,752.35,lbs,LabJackDAQ,LoadCellSummed,0
2025-05-21 13:45:56,525,LC-TOTAL-LJ,751.89,lbs,LabJackDAQ,LoadCellSummed,0
2025-05-21 13:45:56,574,LC-TOTAL-LJ,752.98,lbs,LabJackDAQ,LoadCellSummed,0
2025-05-21 13:45:56,622,LC-TOTAL-LJ,753.09,lbs,LabJackDAQ,LoadCellSummed,0
2025-05-21 13:45:56,673,LC-TOTAL-LJ,752.16,lbs,LabJackDAQ,LoadCellSummed,0
2025-05-21 13:45:56,722,LC-TOTAL-LJ,752.20,lbs,LabJackDAQ,LoadCellSummed,0
2025-05-21 13:45:56,774,LC-TOTAL-LJ,752.56,lbs,LabJackDAQ,LoadCellSummed,0
2025-05-21 13:45:56,825,LC-TOTAL-LJ,752.57,lbs,LabJackDAQ,LoadCellSummed,0
2025-05-21 13:45:56,880,LC-TOTAL-LJ,752.91,lbs,LabJackDAQ,LoadCellSummed,0
2025-05-21 13:45:56,930,LC-TOTAL-LJ,752.19,lbs,LabJackDAQ,LoadCellSummed,0
2025-05-21 13:45:56,979,LC-TOTAL-LJ,752.48,lbs,LabJackDAQ,LoadCellSummed,0
2025-05-21 13:45:57,027,LC-TOTAL-LJ,752.32,lbs,LabJackDAQ,LoadCellSummed,0
2025-05-21 13:45:57,074,LC-TOTAL-LJ,752.60,lbs,LabJackDAQ,LoadCellSummed,0
2025-05-21 13:45:57,126,LC-TOTAL-LJ,751.79,lbs,LabJackDAQ,LoadCellSummed,0
2025-05-21 13:45:57,177,LC-TOTAL-LJ,751.77,lbs,LabJackDAQ,LoadCellSummed,0
2025-05-21 13:45:57,228,LC-TOTAL-LJ,752.12,lbs,LabJackDAQ,LoadCellSummed,0
2025-05-21 13:45:57,283,LC-TOTAL-LJ,752.32,lbs,LabJackDAQ,LoadCellSummed,0
2025-05-21 13:45:57,332,LC-TOTAL-LJ,752.02,lbs,LabJackDAQ,LoadCellSummed,0
2025-05-21 13:45:57,383,LC-TOTAL-LJ,752.36,lbs,LabJackDAQ,LoadCellSummed,0
2025-05-21 13:45:57,432,LC-TOTAL-LJ,752.51,lbs,LabJackDAQ,LoadCellSummed,0
2025-05-21 13:45:57,482,LC-TOTAL-LJ,752.65,lbs,LabJackDAQ,LoadCellSummed,0
2025-05-21 13:45:57,530,LC-TOTAL-LJ,752.10,lbs,LabJackDAQ,LoadCellSummed,0
2025-05-21 13:45:57,580,LC-TOTAL-LJ,752.17,lbs,LabJackDAQ,LoadCellSummed,0
2025-05-21 13:45:57,630,LC-TOTAL-LJ,752.09,lbs,LabJackDAQ,LoadCellSummed,0
2025-05-21 13:45:57,678,LC-TOTAL-LJ,752.02,lbs,LabJackDAQ,LoadCellSummed,0
2025-05-21 13:45:57,728,LC-TOTAL-LJ,752.14,lbs,LabJackDAQ,LoadCellSummed,0
2025-05-21 13:45:57,776,LC-TOTAL-LJ,752.40,lbs,LabJackDAQ,LoadCellSummed,0
2025-05-21 13:45:57,831,LC-TOTAL-LJ,752.18,lbs,LabJackDAQ,LoadCellSummed,0
2025-05-21 13:45:57,879,LC-TOTAL-LJ,752.09,lbs,LabJackDAQ,LoadCellSummed,0
2025-05-21 13:45:57,931,LC-TOTAL-LJ,751.99,lbs,LabJackDAQ,LoadCellSummed,0
2025-05-21 13:45:57,977,LC-TOTAL-LJ,752.70,lbs,LabJackDAQ,LoadCellSummed,0
2025-05-21 13:45:58,024,LC-TOTAL-LJ,751.78,lbs,LabJackDAQ,LoadCellSummed,0
2025-05-21 13:45:58,071,LC-TOTAL-LJ,752.10,lbs,LabJackDAQ,LoadCellSummed,0
2025-05-21 13:45:58,118,LC-TOTAL-LJ,752.90,lbs,LabJackDAQ,LoadCellSummed,0
2025-05-21 13:45:58,165,LC-TOTAL-LJ,752.43,lbs,LabJackDAQ,LoadCellSummed,0
2025-05-21 13:45:58,214,LC-TOTAL-LJ,753.03,lbs,LabJackDAQ,LoadCellSummed,0
2025-05-21 13:45:58,262,LC-TOTAL-LJ,752.74,lbs,LabJackDAQ,LoadCellSummed,0
2025-05-21 13:45:58,313,LC-TOTAL-LJ,751.97,lbs,LabJackDAQ,LoadCellSummed,0
2025-05-21 13:45:58,362,LC-TOTAL-LJ,751.93,lbs,LabJackDAQ,LoadCellSummed,0
2025-05-21 13:45:58,413,LC-TOTAL-LJ,752.57,lbs,LabJackDAQ,LoadCellSummed,0
2025-05-21 13:45:58,460,LC-TOTAL-LJ,752.70,lbs,LabJackDAQ,LoadCellSummed,0
2025-05-21 13:45:58,509,LC-TOTAL-LJ,751.20,lbs,LabJackDAQ,LoadCellSummed,0
2025-05-21 13:45:58,558,LC-TOTAL-LJ,751.01,lbs,LabJackDAQ,LoadCellSummed,0
2025-05-21 13:45:58,607,LC-TOTAL-LJ,752.92,lbs,LabJackDAQ,LoadCellSummed,0
2025-05-21 13:45:58,655,LC-TOTAL-LJ,751.50,lbs,LabJackDAQ,LoadCellSummed,0
2025-05-21 13:45:58,704,LC-TOTAL-LJ,752.48,lbs,LabJackDAQ,LoadCellSummed,0
2025-05-21 13:45:58,751,LC-TOTAL-LJ,752.07,lbs,LabJackDAQ,LoadCellSummed,0
2025-05-21 13:45:58,798,LC-TOTAL-LJ,751.10,lbs,LabJackDAQ,LoadCellSummed,0
2025-05-21 13:45:58,845,LC-TOTAL-LJ,752.32,lbs,LabJackDAQ,LoadCellSummed,0
2025-05-21 13:45:58,891,LC-TOTAL-LJ,753.22,lbs,LabJackDAQ,LoadCellSummed,0
2025-05-21 13:45:58,939,LC-TOTAL-LJ,752.29,lbs,LabJackDAQ,LoadCellSummed,0
2025-05-21 13:45:58,989,LC-TOTAL-LJ,752.20,lbs,LabJackDAQ,LoadCellSummed,0
2025-05-21 13:45:59,036,LC-TOTAL-LJ,752.51,lbs,LabJackDAQ,LoadCellSummed,0
2025-05-21 13:45:59,083,LC-TOTAL-LJ,752.65,lbs,LabJackDAQ,LoadCellSummed,0
2025-05-21 13:45:59,128,LC-TOTAL-LJ,752.10,lbs,LabJackDAQ,LoadCellSummed,0
2025-05-21 13:45:59,176,LC-TOTAL-LJ,750.95,lbs,LabJackDAQ,LoadCellSummed,0
2025-05-21 13:45:59,226,LC-TOTAL-LJ,752.34,lbs,LabJackDAQ,LoadCellSummed,0
2025-05-21 13:45:59,274,LC-TOTAL-LJ,752.58,lbs,LabJackDAQ,LoadCellSummed,0
2025-05-21 13:45:59,324,LC-TOTAL-LJ,752.77,lbs,LabJackDAQ,LoadCellSummed,0
2025-05-21 13:45:59,373,LC-TOTAL-LJ,751.87,lbs,LabJackDAQ,LoadCellSummed,0
2025-05-21 13:45:59,423,LC-TOTAL-LJ,752.10,lbs,LabJackDAQ,LoadCellSummed,0
2025-05-21 13:45:59,470,LC-TOTAL-LJ,751.77,lbs,LabJackDAQ,LoadCellSummed,0
2025-05-21 13:45:59,517,LC-TOTAL-LJ,752.24,lbs,LabJackDAQ,LoadCellSummed,0
2025-05-21 13:45:59,564,LC-TOTAL-LJ,751.87,lbs,LabJackDAQ,LoadCellSummed,0
2025-05-21 13:45:59,610,LC-TOTAL-LJ,752.84,lbs,LabJackDAQ,LoadCellSummed,0
2025-05-21 13:45:59,656,LC-TOTAL-LJ,751.48,lbs,LabJackDAQ,LoadCellSummed,0
2025-05-21 13:45:59,702,LC-TOTAL-LJ,752.87,lbs,LabJackDAQ,LoadCellSummed,0
2025-05-21 13:45:59,751,LC-TOTAL-LJ,751.17,lbs,LabJackDAQ,LoadCellSummed,0
2025-05-21 13:45:59,799,LC-TOTAL-LJ,751.99,lbs,LabJackDAQ,LoadCellSummed,0
2025-05-21 13:45:59,850,LC-TOTAL-LJ,752.54,lbs,LabJackDAQ,LoadCellSummed,0
2025-05-21 13:45:59,898,LC-TOTAL-LJ,752.35,lbs,LabJackDAQ,LoadCellSummed,0
2025-05-21 13:45:59,948,LC-TOTAL-LJ,752.19,lbs,LabJackDAQ,LoadCellSummed,0
2025-05-21 13:45:59,994,LC-TOTAL-LJ,752.61,lbs,LabJackDAQ,LoadCellSummed,0
2025-05-21 13:46:00,041,LC-TOTAL-LJ,751.66,lbs,LabJackDAQ,LoadCellSummed,0
2025-05-21 13:46:00,088,LC-TOTAL-LJ,751.59,lbs,LabJackDAQ,LoadCellSummed,0
2025-05-21 13:46:00,134,LC-TOTAL-LJ,752.26,lbs,LabJackDAQ,LoadCellSummed,0
2025-05-21 13:46:00,180,LC-TOTAL-LJ,753.02,lbs,LabJackDAQ,LoadCellSummed,0
2025-05-21 13:46:00,229,LC-TOTAL-LJ,752.22,lbs,LabJackDAQ,LoadCellSummed,0
2025-05-21 13:46:00,279,LC-TOTAL-LJ,753.17,lbs,LabJackDAQ,LoadCellSummed,0
2025-05-21 13:46:00,326,LC-TOTAL-LJ,752.28,lbs,LabJackDAQ,LoadCellSummed,0
2025-05-21 13:46:00,378,LC-TOTAL-LJ,752.45,lbs,LabJackDAQ,LoadCellSummed,0
2025-05-21 13:46:00,425,LC-TOTAL-LJ,752.48,lbs,LabJackDAQ,LoadCellSummed,0
2025-05-21 13:46:00,476,LC-TOTAL-LJ,752.40,lbs,LabJackDAQ,LoadCellSummed,0
2025-05-21 13:46:00,523,LC-TOTAL-LJ,752.56,lbs,LabJackDAQ,LoadCellSummed,0
2025-05-21 13:46:00,570,LC-TOTAL-LJ,752.61,lbs,LabJackDAQ,LoadCellSummed,0
2025-05-21 13:46:00,616,LC-TOTAL-LJ,751.56,lbs,LabJackDAQ,LoadCellSummed,0
2025-05-21 13:46:00,662,LC-TOTAL-LJ,752.02,lbs,LabJackDAQ,LoadCellSummed,0
2025-05-21 13:46:00,709,LC-TOTAL-LJ,752.73,lbs,LabJackDAQ,LoadCellSummed,0
2025-05-21 13:46:00,756,LC-TOTAL-LJ,752.65,lbs,LabJackDAQ,LoadCellSummed,0
2025-05-21 13:46:00,804,LC-TOTAL-LJ,752.69,lbs,LabJackDAQ,LoadCellSummed,0
2025-05-21 13:46:00,856,LC-TOTAL-LJ,751.61,lbs,LabJackDAQ,LoadCellSummed,0
2025-05-21 13:46:00,905,LC-TOTAL-LJ,751.53,lbs,LabJackDAQ,LoadCellSummed,0
2025-05-21 13:46:00,954,LC-TOTAL-LJ,752.06,lbs,LabJackDAQ,LoadCellSummed,0
2025-05-21 13:46:01,000,LC-TOTAL-LJ,751.85,lbs,LabJackDAQ,LoadCellSummed,0
2025-05-21 13:46:01,047,LC-TOTAL-LJ,751.43,lbs,LabJackDAQ,LoadCellSummed,0
2025-05-21 13:46:01,094,LC-TOTAL-LJ,752.54,lbs,LabJackDAQ,LoadCellSummed,0
2025-05-21 13:46:01,140,LC-TOTAL-LJ,752.25,lbs,LabJackDAQ,LoadCellSummed,0
2025-05-21 13:46:01,188,LC-TOTAL-LJ,751.64,lbs,LabJackDAQ,LoadCellSummed,0
2025-05-21 13:46:01,237,LC-TOTAL-LJ,752.40,lbs,LabJackDAQ,LoadCellSummed,0
2025-05-21 13:46:01,284,LC-TOTAL-LJ,752.46,lbs,LabJackDAQ,LoadCellSummed,0
2025-05-21 13:46:01,335,LC-TOTAL-LJ,752.02,lbs,LabJackDAQ,LoadCellSummed,0
2025-05-21 13:46:01,383,LC-TOTAL-LJ,751.81,lbs,LabJackDAQ,LoadCellSummed,0
2025-05-21 13:46:01,434,LC-TOTAL-LJ,752.81,lbs,LabJackDAQ,LoadCellSummed,0
2025-05-21 13:46:01,481,LC-TOTAL-LJ,751.89,lbs,LabJackDAQ,LoadCellSummed,0
2025-05-21 13:46:01,528,LC-TOTAL-LJ,751.69,lbs,LabJackDAQ,LoadCellSummed,0
2025-05-21 13:46:01,575,LC-TOTAL-LJ,752.51,lbs,LabJackDAQ,LoadCellSummed,0
2025-05-21 13:46:01,622,LC-TOTAL-LJ,752.62,lbs,LabJackDAQ,LoadCellSummed,0
2025-05-21 13:46:01,668,LC-TOTAL-LJ,752.69,lbs,LabJackDAQ,LoadCellSummed,0
2025-05-21 13:46:01,716,LC-TOTAL-LJ,752.33,lbs,LabJackDAQ,LoadCellSummed,0
2025-05-21 13:46:01,765,LC-TOTAL-LJ,752.08,lbs,LabJackDAQ,LoadCellSummed,0
2025-05-21 13:46:01,811,LC-TOTAL-LJ,752.43,lbs,LabJackDAQ,LoadCellSummed,0
2025-05-21 13:46:01,862,LC-TOTAL-LJ,753.02,lbs,LabJackDAQ,LoadCellSummed,0
2025-05-21 13:46:01,911,LC-TOTAL-LJ,751.67,lbs,LabJackDAQ,LoadCellSummed,0
2025-05-21 13:46:01,961,LC-TOTAL-LJ,751.83,lbs,LabJackDAQ,LoadCellSummed,0
2025-05-21 13:46:02,009,LC-TOTAL-LJ,751.65,lbs,LabJackDAQ,LoadCellSummed,0
2025-05-21 13:46:02,056,LC-TOTAL-LJ,751.62,lbs,LabJackDAQ,LoadCellSummed,0
2025-05-21 13:46:02,102,LC-TOTAL-LJ,752.93,lbs,LabJackDAQ,LoadCellSummed,0
2025-05-21 13:46:02,148,LC-TOTAL-LJ,752.46,lbs,LabJackDAQ,LoadCellSummed,0
2025-05-21 13:46:02,197,LC-TOTAL-LJ,752.65,lbs,LabJackDAQ,LoadCellSummed,0
2025-05-21 13:46:02,247,LC-TOTAL-LJ,752.39,lbs,LabJackDAQ,LoadCellSummed,0
2025-05-21 13:46:02,294,LC-TOTAL-LJ,752.93,lbs,LabJackDAQ,LoadCellSummed,0
2025-05-21 13:46:02,344,LC-TOTAL-LJ,751.65,lbs,LabJackDAQ,LoadCellSummed,0
2025-05-21 13:46:02,392,LC-TOTAL-LJ,752.45,lbs,LabJackDAQ,LoadCellSummed,0
2025-05-21 13:46:02,443,LC-TOTAL-LJ,752.37,lbs,LabJackDAQ,LoadCellSummed,0
2025-05-21 13:46:02,489,LC-TOTAL-LJ,752.86,lbs,LabJackDAQ,LoadCellSummed,0
2025-05-21 13:46:02,537,LC-TOTAL-LJ,751.45,lbs,LabJackDAQ,LoadCellSummed,0
2025-05-21 13:46:02,584,LC-TOTAL-LJ,751.84,lbs,LabJackDAQ,LoadCellSummed,0
2025-05-21 13:46:02,630,LC-TOTAL-LJ,751.94,lbs,LabJackDAQ,LoadCellSummed,0
2025-05-21 13:46:02,678,LC-TOTAL-LJ,752.73,lbs,LabJackDAQ,LoadCellSummed,0
2025-05-21 13:46:02,724,LC-TOTAL-LJ,752.69,lbs,LabJackDAQ,LoadCellSummed,0
2025-05-21 13:46:02,774,LC-TOTAL-LJ,752.57,lbs,LabJackDAQ,LoadCellSummed,0
2025-05-21 13:46:02,820,LC-TOTAL-LJ,752.63,lbs,LabJackDAQ,LoadCellSummed,0
2025-05-21 13:46:02,871,LC-TOTAL-LJ,751.95,lbs,LabJackDAQ,LoadCellSummed,0
2025-05-21 13:46:02,920,LC-TOTAL-LJ,751.39,lbs,LabJackDAQ,LoadCellSummed,0
2025-05-21 13:46:02,970,LC-TOTAL-LJ,752.18,lbs,LabJackDAQ,LoadCellSummed,0
2025-05-21 13:46:03,016,LC-TOTAL-LJ,752.18,lbs,LabJackDAQ,LoadCellSummed,0
2025-05-21 13:46:03,064,LC-TOTAL-LJ,751.58,lbs,LabJackDAQ,LoadCellSummed,0
2025-05-21 13:46:03,111,LC-TOTAL-LJ,752.53,lbs,LabJackDAQ,LoadCellSummed,0
2025-05-21 13:46:03,157,LC-TOTAL-LJ,753.09,lbs,LabJackDAQ,LoadCellSummed,0
2025-05-21 13:46:03,204,LC-TOTAL-LJ,752.92,lbs,LabJackDAQ,LoadCellSummed,0
2025-05-21 13:46:03,254,LC-TOTAL-LJ,752.02,lbs,LabJackDAQ,LoadCellSummed,0
2025-05-21 13:46:03,301,LC-TOTAL-LJ,753.03,lbs,LabJackDAQ,LoadCellSummed,0
2025-05-21 13:46:03,352,LC-TOTAL-LJ,751.36,lbs,LabJackDAQ,LoadCellSummed,0
2025-05-21 13:46:03,401,LC-TOTAL-LJ,751.57,lbs,LabJackDAQ,LoadCellSummed,0
2025-05-21 13:46:03,451,LC-TOTAL-LJ,752.68,lbs,LabJackDAQ,LoadCellSummed,0
2025-05-21 13:46:03,498,LC-TOTAL-LJ,752.18,lbs,LabJackDAQ,LoadCellSummed,0
2025-05-21 13:46:03,545,LC-TOTAL-LJ,751.53,lbs,LabJackDAQ,LoadCellSummed,0
2025-05-21 13:46:03,592,LC-TOTAL-LJ,752.43,lbs,LabJackDAQ,LoadCellSummed,0
2025-05-21 13:46:03,639,LC-TOTAL-LJ,752.46,lbs,LabJackDAQ,LoadCellSummed,0
2025-05-21 13:46:03,685,LC-TOTAL-LJ,753.09,lbs,LabJackDAQ,LoadCellSummed,0
2025-05-21 13:46:03,735,LC-TOTAL-LJ,752.59,lbs,LabJackDAQ,LoadCellSummed,0
2025-05-21 13:46:03,783,LC-TOTAL-LJ,752.37,lbs,LabJackDAQ,LoadCellSummed,0
2025-05-21 13:46:03,833,LC-TOTAL-LJ,751.61,lbs,LabJackDAQ,LoadCellSummed,0
2025-05-21 13:46:03,881,LC-TOTAL-LJ,752.10,lbs,LabJackDAQ,LoadCellSummed,0
2025-05-21 13:46:03,931,LC-TOTAL-LJ,752.37,lbs,LabJackDAQ,LoadCellSummed,0
2025-05-21 13:46:03,978,LC-TOTAL-LJ,752.57,lbs,LabJackDAQ,LoadCellSummed,0
2025-05-21 13:46:04,024,LC-TOTAL-LJ,751.61,lbs,LabJackDAQ,LoadCellSummed,0
2025-05-21 13:46:04,071,LC-TOTAL-LJ,751.82,lbs,LabJackDAQ,LoadCellSummed,0
2025-05-21 13:46:04,119,LC-TOTAL-LJ,752.59,lbs,LabJackDAQ,LoadCellSummed,0
2025-05-21 13:46:04,166,LC-TOTAL-LJ,752.14,lbs,LabJackDAQ,LoadCellSummed,0
2025-05-21 13:46:04,213,LC-TOTAL-LJ,752.65,lbs,LabJackDAQ,LoadCellSummed,0
2025-05-21 13:46:04,262,LC-TOTAL-LJ,752.38,lbs,LabJackDAQ,LoadCellSummed,0
2025-05-21 13:46:04,310,LC-TOTAL-LJ,752.65,lbs,LabJackDAQ,LoadCellSummed,0
2025-05-21 13:46:04,362,LC-TOTAL-LJ,751.76,lbs,LabJackDAQ,LoadCellSummed,0
2025-05-21 13:46:04,412,LC-TOTAL-LJ,752.59,lbs,LabJackDAQ,LoadCellSummed,0
2025-05-21 13:46:04,462,LC-TOTAL-LJ,751.89,lbs,LabJackDAQ,LoadCellSummed,0
2025-05-21 13:46:04,508,LC-TOTAL-LJ,752.54,lbs,LabJackDAQ,LoadCellSummed,0
2025-05-21 13:46:04,553,LC-TOTAL-LJ,751.99,lbs,LabJackDAQ,LoadCellSummed,0
2025-05-21 13:46:04,600,LC-TOTAL-LJ,751.80,lbs,LabJackDAQ,LoadCellSummed,0
2025-05-21 13:46:04,647,LC-TOTAL-LJ,751.46,lbs,LabJackDAQ,LoadCellSummed,0
2025-05-21 13:46:04,695,LC-TOTAL-LJ,752.58,lbs,LabJackDAQ,LoadCellSummed,0
2025-05-21 13:46:04,747,LC-TOTAL-LJ,752.51,lbs,LabJackDAQ,LoadCellSummed,0
2025-05-21 13:46:04,794,LC-TOTAL-LJ,752.32,lbs,LabJackDAQ,LoadCellSummed,0
2025-05-21 13:46:04,845,LC-TOTAL-LJ,751.90,lbs,LabJackDAQ,LoadCellSummed,0
2025-05-21 13:46:04,893,LC-TOTAL-LJ,752.11,lbs,LabJackDAQ,LoadCellSummed,0
2025-05-21 13:46:04,944,LC-TOTAL-LJ,752.52,lbs,LabJackDAQ,LoadCellSummed,0
2025-05-21 13:46:04,991,LC-TOTAL-LJ,752.38,lbs,LabJackDAQ,LoadCellSummed,0
2025-05-21 13:46:05,037,LC-TOTAL-LJ,752.07,lbs,LabJackDAQ,LoadCellSummed,0
2025-05-21 13:46:05,084,LC-TOTAL-LJ,752.71,lbs,LabJackDAQ,LoadCellSummed,0
2025-05-21 13:46:05,130,LC-TOTAL-LJ,752.06,lbs,LabJackDAQ,LoadCellSummed,0
2025-05-21 13:46:05,177,LC-TOTAL-LJ,752.26,lbs,LabJackDAQ,LoadCellSummed,0
2025-05-21 13:46:05,224,LC-TOTAL-LJ,751.41,lbs,LabJackDAQ,LoadCellSummed,0
2025-05-21 13:46:05,275,LC-TOTAL-LJ,752.42,lbs,LabJackDAQ,LoadCellSummed,0
2025-05-21 13:46:05,323,LC-TOTAL-LJ,752.47,lbs,LabJackDAQ,LoadCellSummed,0
2025-05-21 13:46:05,373,LC-TOTAL-LJ,752.34,lbs,LabJackDAQ,LoadCellSummed,0
2025-05-21 13:46:05,422,LC-TOTAL-LJ,751.79,lbs,LabJackDAQ,LoadCellSummed,0
2025-05-21 13:46:05,471,LC-TOTAL-LJ,751.69,lbs,LabJackDAQ,LoadCellSummed,0
2025-05-21 13:46:05,518,LC-TOTAL-LJ,751.88,lbs,LabJackDAQ,LoadCellSummed,0
2025-05-21 13:46:05,565,LC-TOTAL-LJ,751.52,lbs,LabJackDAQ,LoadCellSummed,0
2025-05-21 13:46:05,611,LC-TOTAL-LJ,752.53,lbs,LabJackDAQ,LoadCellSummed,0
2025-05-21 13:46:05,657,LC-TOTAL-LJ,751.99,lbs,LabJackDAQ,LoadCellSummed,0
2025-05-21 13:46:05,705,LC-TOTAL-LJ,751.80,lbs,LabJackDAQ,LoadCellSummed,0
2025-05-21 13:46:05,754,LC-TOTAL-LJ,752.22,lbs,LabJackDAQ,LoadCellSummed,0
2025-05-21 13:46:05,801,LC-TOTAL-LJ,752.26,lbs,LabJackDAQ,LoadCellSummed,0
2025-05-21 13:46:05,852,LC-TOTAL-LJ,752.40,lbs,LabJackDAQ,LoadCellSummed,0
2025-05-21 13:46:05,901,LC-TOTAL-LJ,752.51,lbs,LabJackDAQ,LoadCellSummed,0
2025-05-21 13:46:05,950,LC-TOTAL-LJ,752.08,lbs,LabJackDAQ,LoadCellSummed,0
2025-05-21 13:46:05,997,LC-TOTAL-LJ,751.88,lbs,LabJackDAQ,LoadCellSummed,0
2025-05-21 13:46:06,045,LC-TOTAL-LJ,752.52,lbs,LabJackDAQ,LoadCellSummed,0
2025-05-21 13:46:06,091,LC-TOTAL-LJ,753.06,lbs,LabJackDAQ,LoadCellSummed,0
2025-05-21 13:46:06,137,LC-TOTAL-LJ,751.63,lbs,LabJackDAQ,LoadCellSummed,0
2025-05-21 13:46:06,185,LC-TOTAL-LJ,752.40,lbs,LabJackDAQ,LoadCellSummed,0
2025-05-21 13:46:06,234,LC-TOTAL-LJ,752.12,lbs,LabJackDAQ,LoadCellSummed,0
2025-05-21 13:46:06,285,LC-TOTAL-LJ,751.64,lbs,LabJackDAQ,LoadCellSummed,0
2025-05-21 13:46:06,336,LC-TOTAL-LJ,751.48,lbs,LabJackDAQ,LoadCellSummed,0
2025-05-21 13:46:06,387,LC-TOTAL-LJ,752.05,lbs,LabJackDAQ,LoadCellSummed,0
2025-05-21 13:46:06,437,LC-TOTAL-LJ,752.32,lbs,LabJackDAQ,LoadCellSummed,0
2025-05-21 13:46:06,489,LC-TOTAL-LJ,751.84,lbs,LabJackDAQ,LoadCellSummed,0
2025-05-21 13:46:06,536,LC-TOTAL-LJ,752.30,lbs,LabJackDAQ,LoadCellSummed,0
2025-05-21 13:46:06,583,LC-TOTAL-LJ,752.67,lbs,LabJackDAQ,LoadCellSummed,0
2025-05-21 13:46:06,629,LC-TOTAL-LJ,751.48,lbs,LabJackDAQ,LoadCellSummed,0
2025-05-21 13:46:06,676,LC-TOTAL-LJ,752.10,lbs,LabJackDAQ,LoadCellSummed,0
2025-05-21 13:46:06,722,LC-TOTAL-LJ,752.54,lbs,LabJackDAQ,LoadCellSummed,0
2025-05-21 13:46:06,772,LC-TOTAL-LJ,751.77,lbs,LabJackDAQ,LoadCellSummed,0
2025-05-21 13:46:06,820,LC-TOTAL-LJ,751.42,lbs,LabJackDAQ,LoadCellSummed,0
2025-05-21 13:46:06,872,LC-TOTAL-LJ,752.35,lbs,LabJackDAQ,LoadCellSummed,0
2025-05-21 13:46:06,921,LC-TOTAL-LJ,752.47,lbs,LabJackDAQ,LoadCellSummed,0
2025-05-21 13:46:06,973,LC-TOTAL-LJ,753.00,lbs,LabJackDAQ,LoadCellSummed,0
2025-05-21 13:46:07,021,LC-TOTAL-LJ,752.51,lbs,LabJackDAQ,LoadCellSummed,0
2025-05-21 13:46:07,068,LC-TOTAL-LJ,752.82,lbs,LabJackDAQ,LoadCellSummed,0
2025-05-21 13:46:07,115,LC-TOTAL-LJ,751.98,lbs,LabJackDAQ,LoadCellSummed,0
2025-05-21 13:46:07,161,LC-TOTAL-LJ,752.07,lbs,LabJackDAQ,LoadCellSummed,0
2025-05-21 13:46:07,208,LC-TOTAL-LJ,752.62,lbs,LabJackDAQ,LoadCellSummed,0
2025-05-21 13:46:07,257,LC-TOTAL-LJ,752.48,lbs,LabJackDAQ,LoadCellSummed,0
2025-05-21 13:46:07,307,LC-TOTAL-LJ,751.77,lbs,LabJackDAQ,LoadCellSummed,0
2025-05-21 13:46:07,356,LC-TOTAL-LJ,752.72,lbs,LabJackDAQ,LoadCellSummed,0
2025-05-21 13:46:07,411,LC-TOTAL-LJ,752.68,lbs,LabJackDAQ,LoadCellSummed,0
2025-05-21 13:46:07,461,LC-TOTAL-LJ,752.28,lbs,LabJackDAQ,LoadCellSummed,0
2025-05-21 13:46:07,513,LC-TOTAL-LJ,753.11,lbs,LabJackDAQ,LoadCellSummed,0
2025-05-21 13:46:07,561,LC-TOTAL-LJ,752.60,lbs,LabJackDAQ,LoadCellSummed,0
2025-05-21 13:46:07,610,LC-TOTAL-LJ,752.63,lbs,LabJackDAQ,LoadCellSummed,0
2025-05-21 13:46:07,660,LC-TOTAL-LJ,752.14,lbs,LabJackDAQ,LoadCellSummed,0
2025-05-21 13:46:07,708,LC-TOTAL-LJ,751.66,lbs,LabJackDAQ,LoadCellSummed,0
2025-05-21 13:46:07,758,LC-TOTAL-LJ,752.44,lbs,LabJackDAQ,LoadCellSummed,0
2025-05-21 13:46:07,807,LC-TOTAL-LJ,752.75,lbs,LabJackDAQ,LoadCellSummed,0
2025-05-21 13:46:07,858,LC-TOTAL-LJ,751.87,lbs,LabJackDAQ,LoadCellSummed,0
2025-05-21 13:46:07,909,LC-TOTAL-LJ,752.37,lbs,LabJackDAQ,LoadCellSummed,0
2025-05-21 13:46:07,959,LC-TOTAL-LJ,751.61,lbs,LabJackDAQ,LoadCellSummed,0
2025-05-21 13:46:08,007,LC-TOTAL-LJ,752.55,lbs,LabJackDAQ,LoadCellSummed,0
2025-05-21 13:46:08,056,LC-TOTAL-LJ,751.88,lbs,LabJackDAQ,LoadCellSummed,0
2025-05-21 13:46:08,103,LC-TOTAL-LJ,752.80,lbs,LabJackDAQ,LoadCellSummed,0
2025-05-21 13:46:08,151,LC-TOTAL-LJ,752.68,lbs,LabJackDAQ,LoadCellSummed,0
2025-05-21 13:46:08,198,LC-TOTAL-LJ,752.15,lbs,LabJackDAQ,LoadCellSummed,0
2025-05-21 13:46:08,248,LC-TOTAL-LJ,752.21,lbs,LabJackDAQ,LoadCellSummed,0
2025-05-21 13:46:08,296,LC-TOTAL-LJ,752.07,lbs,LabJackDAQ,LoadCellSummed,0
2025-05-21 13:46:08,345,LC-TOTAL-LJ,751.65,lbs,LabJackDAQ,LoadCellSummed,0
2025-05-21 13:46:08,393,LC-TOTAL-LJ,751.52,lbs,LabJackDAQ,LoadCellSummed,0
2025-05-21 13:46:08,442,LC-TOTAL-LJ,751.14,lbs,LabJackDAQ,LoadCellSummed,0
2025-05-21 13:46:08,490,LC-TOTAL-LJ,751.80,lbs,LabJackDAQ,LoadCellSummed,0
2025-05-21 13:46:08,538,LC-TOTAL-LJ,752.60,lbs,LabJackDAQ,LoadCellSummed,0
2025-05-21 13:46:08,587,LC-TOTAL-LJ,751.80,lbs,LabJackDAQ,LoadCellSummed,0
2025-05-21 13:46:08,636,LC-TOTAL-LJ,752.80,lbs,LabJackDAQ,LoadCellSummed,0
2025-05-21 13:46:08,684,LC-TOTAL-LJ,752.84,lbs,LabJackDAQ,LoadCellSummed,0
2025-05-21 13:46:08,733,LC-TOTAL-LJ,752.32,lbs,LabJackDAQ,LoadCellSummed,0
2025-05-21 13:46:08,785,LC-TOTAL-LJ,752.61,lbs,LabJackDAQ,LoadCellSummed,0
2025-05-21 13:46:08,835,LC-TOTAL-LJ,752.58,lbs,LabJackDAQ,LoadCellSummed,0
2025-05-21 13:46:08,887,LC-TOTAL-LJ,752.60,lbs,LabJackDAQ,LoadCellSummed,0
2025-05-21 13:46:08,937,LC-TOTAL-LJ,752.81,lbs,LabJackDAQ,LoadCellSummed,0
2025-05-21 13:46:08,989,LC-TOTAL-LJ,752.59,lbs,LabJackDAQ,LoadCellSummed,0
2025-05-21 13:46:09,036,LC-TOTAL-LJ,752.08,lbs,LabJackDAQ,LoadCellSummed,0
2025-05-21 13:46:09,084,LC-TOTAL-LJ,752.45,lbs,LabJackDAQ,LoadCellSummed,0
2025-05-21 13:46:09,133,LC-TOTAL-LJ,752.73,lbs,LabJackDAQ,LoadCellSummed,0
2025-05-21 13:46:09,181,LC-TOTAL-LJ,752.96,lbs,LabJackDAQ,LoadCellSummed,0
2025-05-21 13:46:09,230,LC-TOTAL-LJ,752.09,lbs,LabJackDAQ,LoadCellSummed,0
2025-05-21 13:46:09,281,LC-TOTAL-LJ,751.92,lbs,LabJackDAQ,LoadCellSummed,0
2025-05-21 13:46:09,330,LC-TOTAL-LJ,751.03,lbs,LabJackDAQ,LoadCellSummed,0
2025-05-21 13:46:09,382,LC-TOTAL-LJ,751.35,lbs,LabJackDAQ,LoadCellSummed,0
2025-05-21 13:46:09,431,LC-TOTAL-LJ,751.19,lbs,LabJackDAQ,LoadCellSummed,0
2025-05-21 13:46:09,482,LC-TOTAL-LJ,752.68,lbs,LabJackDAQ,LoadCellSummed,0
2025-05-21 13:46:09,531,LC-TOTAL-LJ,752.07,lbs,LabJackDAQ,LoadCellSummed,0
2025-05-21 13:46:09,582,LC-TOTAL-LJ,751.43,lbs,LabJackDAQ,LoadCellSummed,0
2025-05-21 13:46:09,629,LC-TOTAL-LJ,751.43,lbs,LabJackDAQ,LoadCellSummed,0
2025-05-21 13:46:09,678,LC-TOTAL-LJ,751.93,lbs,LabJackDAQ,LoadCellSummed,0
2025-05-21 13:46:09,726,LC-TOTAL-LJ,751.91,lbs,LabJackDAQ,LoadCellSummed,0
2025-05-21 13:46:09,778,LC-TOTAL-LJ,751.89,lbs,LabJackDAQ,LoadCellSummed,0
2025-05-21 13:46:09,828,LC-TOTAL-LJ,751.89,lbs,LabJackDAQ,LoadCellSummed,0
2025-05-21 13:46:09,887,LC-TOTAL-LJ,751.11,lbs,LabJackDAQ,LoadCellSummed,0
2025-05-21 13:46:09,937,LC-TOTAL-LJ,752.30,lbs,LabJackDAQ,LoadCellSummed,0
2025-05-21 13:46:09,989,LC-TOTAL-LJ,751.69,lbs,LabJackDAQ,LoadCellSummed,0
2025-05-21 13:46:10,037,LC-TOTAL-LJ,751.69,lbs,LabJackDAQ,LoadCellSummed,0
2025-05-21 13:46:10,085,LC-TOTAL-LJ,751.03,lbs,LabJackDAQ,LoadCellSummed,0
2025-05-21 13:46:10,135,LC-TOTAL-LJ,752.36,lbs,LabJackDAQ,LoadCellSummed,0
2025-05-21 13:46:10,183,LC-TOTAL-LJ,752.07,lbs,LabJackDAQ,LoadCellSummed,0
2025-05-21 13:46:10,232,LC-TOTAL-LJ,752.70,lbs,LabJackDAQ,LoadCellSummed,0
2025-05-21 13:46:10,283,LC-TOTAL-LJ,751.69,lbs,LabJackDAQ,LoadCellSummed,0
2025-05-21 13:46:10,331,LC-TOTAL-LJ,751.12,lbs,LabJackDAQ,LoadCellSummed,0
2025-05-21 13:46:10,383,LC-TOTAL-LJ,752.40,lbs,LabJackDAQ,LoadCellSummed,0
2025-05-21 13:46:10,431,LC-TOTAL-LJ,751.93,lbs,LabJackDAQ,LoadCellSummed,0
2025-05-21 13:46:10,483,LC-TOTAL-LJ,752.60,lbs,LabJackDAQ,LoadCellSummed,0
2025-05-21 13:46:10,531,LC-TOTAL-LJ,751.59,lbs,LabJackDAQ,LoadCellSummed,0
2025-05-21 13:46:10,580,LC-TOTAL-LJ,752.98,lbs,LabJackDAQ,LoadCellSummed,0
2025-05-21 13:46:10,628,LC-TOTAL-LJ,752.59,lbs,LabJackDAQ,LoadCellSummed,0
2025-05-21 13:46:10,677,LC-TOTAL-LJ,752.37,lbs,LabJackDAQ,LoadCellSummed,0
2025-05-21 13:46:10,726,LC-TOTAL-LJ,752.01,lbs,LabJackDAQ,LoadCellSummed,0
2025-05-21 13:46:10,774,LC-TOTAL-LJ,752.14,lbs,LabJackDAQ,LoadCellSummed,0
2025-05-21 13:46:10,826,LC-TOTAL-LJ,752.71,lbs,LabJackDAQ,LoadCellSummed,0
2025-05-21 13:46:10,875,LC-TOTAL-LJ,752.28,lbs,LabJackDAQ,LoadCellSummed,0
2025-05-21 13:46:10,929,LC-TOTAL-LJ,751.75,lbs,LabJackDAQ,LoadCellSummed,0
2025-05-21 13:46:10,978,LC-TOTAL-LJ,751.95,lbs,LabJackDAQ,LoadCellSummed,0
2025-05-21 13:46:11,030,LC-TOTAL-LJ,751.99,lbs,LabJackDAQ,LoadCellSummed,0
2025-05-21 13:46:11,078,LC-TOTAL-LJ,753.01,lbs,LabJackDAQ,LoadCellSummed,0
2025-05-21 13:46:11,127,LC-TOTAL-LJ,752.32,lbs,LabJackDAQ,LoadCellSummed,0
2025-05-21 13:46:11,175,LC-TOTAL-LJ,752.21,lbs,LabJackDAQ,LoadCellSummed,0
2025-05-21 13:46:11,225,LC-TOTAL-LJ,752.52,lbs,LabJackDAQ,LoadCellSummed,0
2025-05-21 13:46:11,274,LC-TOTAL-LJ,750.94,lbs,LabJackDAQ,LoadCellSummed,0
2025-05-21 13:46:11,325,LC-TOTAL-LJ,752.12,lbs,LabJackDAQ,LoadCellSummed,0
2025-05-21 13:46:11,373,LC-TOTAL-LJ,752.21,lbs,LabJackDAQ,LoadCellSummed,0
2025-05-21 13:46:11,426,LC-TOTAL-LJ,752.34,lbs,LabJackDAQ,LoadCellSummed,0
2025-05-21 13:46:11,476,LC-TOTAL-LJ,752.43,lbs,LabJackDAQ,LoadCellSummed,0
2025-05-21 13:46:11,528,LC-TOTAL-LJ,752.65,lbs,LabJackDAQ,LoadCellSummed,0
2025-05-21 13:46:11,577,LC-TOTAL-LJ,752.30,lbs,LabJackDAQ,LoadCellSummed,0
2025-05-21 13:46:11,626,LC-TOTAL-LJ,752.26,lbs,LabJackDAQ,LoadCellSummed,0
2025-05-21 13:46:11,675,LC-TOTAL-LJ,752.20,lbs,LabJackDAQ,LoadCellSummed,0
2025-05-21 13:46:11,723,LC-TOTAL-LJ,751.31,lbs,LabJackDAQ,LoadCellSummed,0
2025-05-21 13:46:11,772,LC-TOTAL-LJ,751.41,lbs,LabJackDAQ,LoadCellSummed,0
2025-05-21 13:46:11,823,LC-TOTAL-LJ,752.32,lbs,LabJackDAQ,LoadCellSummed,0
2025-05-21 13:46:11,873,LC-TOTAL-LJ,752.21,lbs,LabJackDAQ,LoadCellSummed,0
2025-05-21 13:46:11,927,LC-TOTAL-LJ,752.14,lbs,LabJackDAQ,LoadCellSummed,0
2025-05-21 13:46:11,978,LC-TOTAL-LJ,752.62,lbs,LabJackDAQ,LoadCellSummed,0
2025-05-21 13:46:12,029,LC-TOTAL-LJ,751.10,lbs,LabJackDAQ,LoadCellSummed,0
2025-05-21 13:46:12,078,LC-TOTAL-LJ,751.70,lbs,LabJackDAQ,LoadCellSummed,0
2025-05-21 13:46:12,125,LC-TOTAL-LJ,751.64,lbs,LabJackDAQ,LoadCellSummed,0
2025-05-21 13:46:12,173,LC-TOTAL-LJ,751.02,lbs,LabJackDAQ,LoadCellSummed,0
2025-05-21 13:46:12,220,LC-TOTAL-LJ,751.86,lbs,LabJackDAQ,LoadCellSummed,0
2025-05-21 13:46:12,267,LC-TOTAL-LJ,752.41,lbs,LabJackDAQ,LoadCellSummed,0
2025-05-21 13:46:12,317,LC-TOTAL-LJ,751.98,lbs,LabJackDAQ,LoadCellSummed,0
2025-05-21 13:46:12,365,LC-TOTAL-LJ,750.87,lbs,LabJackDAQ,LoadCellSummed,0
2025-05-21 13:46:12,417,LC-TOTAL-LJ,752.47,lbs,LabJackDAQ,LoadCellSummed,0
2025-05-21 13:46:12,465,LC-TOTAL-LJ,751.84,lbs,LabJackDAQ,LoadCellSummed,0
2025-05-21 13:46:12,514,LC-TOTAL-LJ,751.95,lbs,LabJackDAQ,LoadCellSummed,0
2025-05-21 13:46:12,562,LC-TOTAL-LJ,752.73,lbs,LabJackDAQ,LoadCellSummed,0
2025-05-21 13:46:12,607,LC-TOTAL-LJ,752.51,lbs,LabJackDAQ,LoadCellSummed,0
2025-05-21 13:46:12,654,LC-TOTAL-LJ,752.24,lbs,LabJackDAQ,LoadCellSummed,0
2025-05-21 13:46:12,701,LC-TOTAL-LJ,752.20,lbs,LabJackDAQ,LoadCellSummed,0
2025-05-21 13:46:12,747,LC-TOTAL-LJ,751.64,lbs,LabJackDAQ,LoadCellSummed,0
2025-05-21 13:46:12,794,LC-TOTAL-LJ,752.38,lbs,LabJackDAQ,LoadCellSummed,0
2025-05-21 13:46:12,844,LC-TOTAL-LJ,751.98,lbs,LabJackDAQ,LoadCellSummed,0
2025-05-21 13:46:12,891,LC-TOTAL-LJ,752.56,lbs,LabJackDAQ,LoadCellSummed,0
2025-05-21 13:46:12,942,LC-TOTAL-LJ,752.10,lbs,LabJackDAQ,LoadCellSummed,0
2025-05-21 13:46:12,991,LC-TOTAL-LJ,752.94,lbs,LabJackDAQ,LoadCellSummed,0
2025-05-21 13:46:13,041,LC-TOTAL-LJ,751.76,lbs,LabJackDAQ,LoadCellSummed,0
2025-05-21 13:46:13,090,LC-TOTAL-LJ,752.10,lbs,LabJackDAQ,LoadCellSummed,0
2025-05-21 13:46:13,139,LC-TOTAL-LJ,751.70,lbs,LabJackDAQ,LoadCellSummed,0
2025-05-21 13:46:13,186,LC-TOTAL-LJ,751.65,lbs,LabJackDAQ,LoadCellSummed,0
2025-05-21 13:46:13,234,LC-TOTAL-LJ,751.97,lbs,LabJackDAQ,LoadCellSummed,0
2025-05-21 13:46:13,282,LC-TOTAL-LJ,752.07,lbs,LabJackDAQ,LoadCellSummed,0
2025-05-21 13:46:13,331,LC-TOTAL-LJ,752.03,lbs,LabJackDAQ,LoadCellSummed,0
2025-05-21 13:46:13,380,LC-TOTAL-LJ,752.14,lbs,LabJackDAQ,LoadCellSummed,0
2025-05-21 13:46:13,433,LC-TOTAL-LJ,751.44,lbs,LabJackDAQ,LoadCellSummed,0
2025-05-21 13:46:13,482,LC-TOTAL-LJ,752.22,lbs,LabJackDAQ,LoadCellSummed,0
2025-05-21 13:46:13,535,LC-TOTAL-LJ,751.88,lbs,LabJackDAQ,LoadCellSummed,0
2025-05-21 13:46:13,582,LC-TOTAL-LJ,751.90,lbs,LabJackDAQ,LoadCellSummed,0
2025-05-21 13:46:13,631,LC-TOTAL-LJ,750.70,lbs,LabJackDAQ,LoadCellSummed,0
2025-05-21 13:46:13,680,LC-TOTAL-LJ,752.35,lbs,LabJackDAQ,LoadCellSummed,0
2025-05-21 13:46:13,729,LC-TOTAL-LJ,752.02,lbs,LabJackDAQ,LoadCellSummed,0
2025-05-21 13:46:13,778,LC-TOTAL-LJ,752.74,lbs,LabJackDAQ,LoadCellSummed,0
2025-05-21 13:46:13,828,LC-TOTAL-LJ,752.30,lbs,LabJackDAQ,LoadCellSummed,0
2025-05-21 13:46:13,876,LC-TOTAL-LJ,751.98,lbs,LabJackDAQ,LoadCellSummed,0
2025-05-21 13:46:13,924,LC-TOTAL-LJ,752.02,lbs,LabJackDAQ,LoadCellSummed,0
2025-05-21 13:46:13,972,LC-TOTAL-LJ,751.59,lbs,LabJackDAQ,LoadCellSummed,0
2025-05-21 13:46:14,020,LC-TOTAL-LJ,752.27,lbs,LabJackDAQ,LoadCellSummed,0
2025-05-21 13:46:14,069,LC-TOTAL-LJ,752.10,lbs,LabJackDAQ,LoadCellSummed,0
2025-05-21 13:46:14,116,LC-TOTAL-LJ,751.76,lbs,LabJackDAQ,LoadCellSummed,0
2025-05-21 13:46:14,165,LC-TOTAL-LJ,752.07,lbs,LabJackDAQ,LoadCellSummed,0
2025-05-21 13:46:14,215,LC-TOTAL-LJ,751.35,lbs,LabJackDAQ,LoadCellSummed,0
2025-05-21 13:46:14,262,LC-TOTAL-LJ,752.30,lbs,LabJackDAQ,LoadCellSummed,0
2025-05-21 13:46:14,312,LC-TOTAL-LJ,752.70,lbs,LabJackDAQ,LoadCellSummed,0
2025-05-21 13:46:14,363,LC-TOTAL-LJ,751.31,lbs,LabJackDAQ,LoadCellSummed,0
2025-05-21 13:46:14,413,LC-TOTAL-LJ,751.88,lbs,LabJackDAQ,LoadCellSummed,0
2025-05-21 13:46:14,465,LC-TOTAL-LJ,751.59,lbs,LabJackDAQ,LoadCellSummed,0
2025-05-21 13:46:14,515,LC-TOTAL-LJ,752.66,lbs,LabJackDAQ,LoadCellSummed,0
2025-05-21 13:46:14,567,LC-TOTAL-LJ,750.61,lbs,LabJackDAQ,LoadCellSummed,0
2025-05-21 13:46:14,614,LC-TOTAL-LJ,751.58,lbs,LabJackDAQ,LoadCellSummed,0
2025-05-21 13:46:14,663,LC-TOTAL-LJ,751.49,lbs,LabJackDAQ,LoadCellSummed,0
2025-05-21 13:46:14,711,LC-TOTAL-LJ,751.10,lbs,LabJackDAQ,LoadCellSummed,0
2025-05-21 13:46:14,760,LC-TOTAL-LJ,751.19,lbs,LabJackDAQ,LoadCellSummed,0
2025-05-21 13:46:14,809,LC-TOTAL-LJ,752.14,lbs,LabJackDAQ,LoadCellSummed,0
2025-05-21 13:46:14,862,LC-TOTAL-LJ,751.63,lbs,LabJackDAQ,LoadCellSummed,0
2025-05-21 13:46:14,911,LC-TOTAL-LJ,752.02,lbs,LabJackDAQ,LoadCellSummed,0
2025-05-21 13:46:14,963,LC-TOTAL-LJ,750.98,lbs,LabJackDAQ,LoadCellSummed,0
2025-05-21 13:46:15,013,LC-TOTAL-LJ,752.10,lbs,LabJackDAQ,LoadCellSummed,0
2025-05-21 13:46:15,064,LC-TOTAL-LJ,752.03,lbs,LabJackDAQ,LoadCellSummed,0
2025-05-21 13:46:15,113,LC-TOTAL-LJ,751.95,lbs,LabJackDAQ,LoadCellSummed,0
2025-05-21 13:46:15,161,LC-TOTAL-LJ,751.48,lbs,LabJackDAQ,LoadCellSummed,0
2025-05-21 13:46:15,210,LC-TOTAL-LJ,751.45,lbs,LabJackDAQ,LoadCellSummed,0
2025-05-21 13:46:15,256,LC-TOTAL-LJ,751.76,lbs,LabJackDAQ,LoadCellSummed,0
2025-05-21 13:46:15,304,LC-TOTAL-LJ,752.44,lbs,LabJackDAQ,LoadCellSummed,0
2025-05-21 13:46:15,356,LC-TOTAL-LJ,752.14,lbs,LabJackDAQ,LoadCellSummed,0
2025-05-21 13:46:15,405,LC-TOTAL-LJ,752.57,lbs,LabJackDAQ,LoadCellSummed,0
2025-05-21 13:46:15,458,LC-TOTAL-LJ,752.35,lbs,LabJackDAQ,LoadCellSummed,0
2025-05-21 13:46:15,507,LC-TOTAL-LJ,752.68,lbs,LabJackDAQ,LoadCellSummed,0
2025-05-21 13:46:15,557,LC-TOTAL-LJ,751.33,lbs,LabJackDAQ,LoadCellSummed,0
2025-05-21 13:46:15,605,LC-TOTAL-LJ,751.90,lbs,LabJackDAQ,LoadCellSummed,0
2025-05-21 13:46:15,653,LC-TOTAL-LJ,751.85,lbs,LabJackDAQ,LoadCellSummed,0
2025-05-21 13:46:15,701,LC-TOTAL-LJ,751.67,lbs,LabJackDAQ,LoadCellSummed,0
2025-05-21 13:46:15,749,LC-TOTAL-LJ,751.97,lbs,LabJackDAQ,LoadCellSummed,0
2025-05-21 13:46:15,798,LC-TOTAL-LJ,751.68,lbs,LabJackDAQ,LoadCellSummed,0
2025-05-21 13:46:15,850,LC-TOTAL-LJ,752.35,lbs,LabJackDAQ,LoadCellSummed,0
2025-05-21 13:46:15,900,LC-TOTAL-LJ,751.28,lbs,LabJackDAQ,LoadCellSummed,0
2025-05-21 13:46:15,954,LC-TOTAL-LJ,750.54,lbs,LabJackDAQ,LoadCellSummed,0
2025-05-21 13:46:16,004,LC-TOTAL-LJ,752.84,lbs,LabJackDAQ,LoadCellSummed,0
2025-05-21 13:46:16,055,LC-TOTAL-LJ,751.25,lbs,LabJackDAQ,LoadCellSummed,0
2025-05-21 13:46:16,104,LC-TOTAL-LJ,751.85,lbs,LabJackDAQ,LoadCellSummed,0
2025-05-21 13:46:16,153,LC-TOTAL-LJ,751.91,lbs,LabJackDAQ,LoadCellSummed,0
2025-05-21 13:46:16,201,LC-TOTAL-LJ,752.52,lbs,LabJackDAQ,LoadCellSummed,0
2025-05-21 13:46:16,249,LC-TOTAL-LJ,752.47,lbs,LabJackDAQ,LoadCellSummed,0
2025-05-21 13:46:16,298,LC-TOTAL-LJ,752.97,lbs,LabJackDAQ,LoadCellSummed,0
2025-05-21 13:46:16,350,LC-TOTAL-LJ,750.89,lbs,LabJackDAQ,LoadCellSummed,0
2025-05-21 13:46:16,401,LC-TOTAL-LJ,752.54,lbs,LabJackDAQ,LoadCellSummed,0
2025-05-21 13:46:16,454,LC-TOTAL-LJ,751.82,lbs,LabJackDAQ,LoadCellSummed,0
2025-05-21 13:46:16,504,LC-TOTAL-LJ,752.55,lbs,LabJackDAQ,LoadCellSummed,0
2025-05-21 13:46:16,556,LC-TOTAL-LJ,752.52,lbs,LabJackDAQ,LoadCellSummed,0
2025-05-21 13:46:16,604,LC-TOTAL-LJ,753.05,lbs,LabJackDAQ,LoadCellSummed,0
2025-05-21 13:46:16,653,LC-TOTAL-LJ,752.41,lbs,LabJackDAQ,LoadCellSummed,0
2025-05-21 13:46:16,702,LC-TOTAL-LJ,752.28,lbs,LabJackDAQ,LoadCellSummed,0
2025-05-21 13:46:16,751,LC-TOTAL-LJ,751.94,lbs,LabJackDAQ,LoadCellSummed,0
2025-05-21 13:46:16,799,LC-TOTAL-LJ,751.11,lbs,LabJackDAQ,LoadCellSummed,0
2025-05-21 13:46:16,848,LC-TOTAL-LJ,751.53,lbs,LabJackDAQ,LoadCellSummed,0
2025-05-21 13:46:16,899,LC-TOTAL-LJ,752.53,lbs,LabJackDAQ,LoadCellSummed,0
2025-05-21 13:46:16,949,LC-TOTAL-LJ,752.50,lbs,LabJackDAQ,LoadCellSummed,0
2025-05-21 13:46:17,002,LC-TOTAL-LJ,752.19,lbs,LabJackDAQ,LoadCellSummed,0
2025-05-21 13:46:17,051,LC-TOTAL-LJ,751.22,lbs,LabJackDAQ,LoadCellSummed,0
2025-05-21 13:46:17,103,LC-TOTAL-LJ,752.80,lbs,LabJackDAQ,LoadCellSummed,0
2025-05-21 13:46:17,150,LC-TOTAL-LJ,752.62,lbs,LabJackDAQ,LoadCellSummed,0
2025-05-21 13:46:17,197,LC-TOTAL-LJ,752.62,lbs,LabJackDAQ,LoadCellSummed,0
2025-05-21 13:46:17,246,LC-TOTAL-LJ,752.35,lbs,LabJackDAQ,LoadCellSummed,0
2025-05-21 13:46:17,295,LC-TOTAL-LJ,752.66,lbs,LabJackDAQ,LoadCellSummed,0
2025-05-21 13:46:17,344,LC-TOTAL-LJ,752.18,lbs,LabJackDAQ,LoadCellSummed,0
2025-05-21 13:46:17,396,LC-TOTAL-LJ,752.84,lbs,LabJackDAQ,LoadCellSummed,0
2025-05-21 13:46:17,444,LC-TOTAL-LJ,752.06,lbs,LabJackDAQ,LoadCellSummed,0
2025-05-21 13:46:17,497,LC-TOTAL-LJ,752.16,lbs,LabJackDAQ,LoadCellSummed,0
2025-05-21 13:46:17,545,LC-TOTAL-LJ,752.48,lbs,LabJackDAQ,LoadCellSummed,0
2025-05-21 13:46:17,597,LC-TOTAL-LJ,751.61,lbs,LabJackDAQ,LoadCellSummed,0
2025-05-21 13:46:17,645,LC-TOTAL-LJ,750.89,lbs,LabJackDAQ,LoadCellSummed,0
2025-05-21 13:46:17,693,LC-TOTAL-LJ,752.20,lbs,LabJackDAQ,LoadCellSummed,0
2025-05-21 13:46:17,741,LC-TOTAL-LJ,752.18,lbs,LabJackDAQ,LoadCellSummed,0
2025-05-21 13:46:17,787,LC-TOTAL-LJ,752.15,lbs,LabJackDAQ,LoadCellSummed,0
2025-05-21 13:46:17,835,LC-TOTAL-LJ,752.27,lbs,LabJackDAQ,LoadCellSummed,0
2025-05-21 13:46:17,885,LC-TOTAL-LJ,751.63,lbs,LabJackDAQ,LoadCellSummed,0
2025-05-21 13:46:17,936,LC-TOTAL-LJ,752.43,lbs,LabJackDAQ,LoadCellSummed,0
2025-05-21 13:46:17,989,LC-TOTAL-LJ,752.74,lbs,LabJackDAQ,LoadCellSummed,0
2025-05-21 13:46:18,037,LC-TOTAL-LJ,752.50,lbs,LabJackDAQ,LoadCellSummed,0
2025-05-21 13:46:18,090,LC-TOTAL-LJ,751.85,lbs,LabJackDAQ,LoadCellSummed,0
2025-05-21 13:46:18,138,LC-TOTAL-LJ,751.93,lbs,LabJackDAQ,LoadCellSummed,0
2025-05-21 13:46:18,186,LC-TOTAL-LJ,751.33,lbs,LabJackDAQ,LoadCellSummed,0
2025-05-21 13:46:18,234,LC-TOTAL-LJ,751.63,lbs,LabJackDAQ,LoadCellSummed,0
2025-05-21 13:46:18,283,LC-TOTAL-LJ,751.93,lbs,LabJackDAQ,LoadCellSummed,0
2025-05-21 13:46:18,332,LC-TOTAL-LJ,752.25,lbs,LabJackDAQ,LoadCellSummed,0
2025-05-21 13:46:18,383,LC-TOTAL-LJ,751.28,lbs,LabJackDAQ,LoadCellSummed,0
2025-05-21 13:46:18,431,LC-TOTAL-LJ,750.82,lbs,LabJackDAQ,LoadCellSummed,0
2025-05-21 13:46:18,484,LC-TOTAL-LJ,752.05,lbs,LabJackDAQ,LoadCellSummed,0
2025-05-21 13:46:18,534,LC-TOTAL-LJ,751.82,lbs,LabJackDAQ,LoadCellSummed,0
2025-05-21 13:46:18,588,LC-TOTAL-LJ,751.92,lbs,LabJackDAQ,LoadCellSummed,0
2025-05-21 13:46:18,636,LC-TOTAL-LJ,750.92,lbs,LabJackDAQ,LoadCellSummed,0
2025-05-21 13:46:18,686,LC-TOTAL-LJ,752.47,lbs,LabJackDAQ,LoadCellSummed,0
2025-05-21 13:46:18,734,LC-TOTAL-LJ,752.23,lbs,LabJackDAQ,LoadCellSummed,0
2025-05-21 13:46:18,782,LC-TOTAL-LJ,752.83,lbs,LabJackDAQ,LoadCellSummed,0
2025-05-21 13:46:18,831,LC-TOTAL-LJ,751.95,lbs,LabJackDAQ,LoadCellSummed,0
2025-05-21 13:46:18,884,LC-TOTAL-LJ,752.44,lbs,LabJackDAQ,LoadCellSummed,0
2025-05-21 13:46:18,935,LC-TOTAL-LJ,752.05,lbs,LabJackDAQ,LoadCellSummed,0
2025-05-21 13:46:18,987,LC-TOTAL-LJ,751.73,lbs,LabJackDAQ,LoadCellSummed,0
2025-05-21 13:46:19,036,LC-TOTAL-LJ,751.48,lbs,LabJackDAQ,LoadCellSummed,0
2025-05-21 13:46:19,087,LC-TOTAL-LJ,752.69,lbs,LabJackDAQ,LoadCellSummed,0
2025-05-21 13:46:19,135,LC-TOTAL-LJ,752.58,lbs,LabJackDAQ,LoadCellSummed,0
2025-05-21 13:46:19,182,LC-TOTAL-LJ,752.23,lbs,LabJackDAQ,LoadCellSummed,0
2025-05-21 13:46:19,229,LC-TOTAL-LJ,750.92,lbs,LabJackDAQ,LoadCellSummed,0
2025-05-21 13:46:19,276,LC-TOTAL-LJ,751.97,lbs,LabJackDAQ,LoadCellSummed,0
2025-05-21 13:46:19,323,LC-TOTAL-LJ,752.49,lbs,LabJackDAQ,LoadCellSummed,0
2025-05-21 13:46:19,371,LC-TOTAL-LJ,752.08,lbs,LabJackDAQ,LoadCellSummed,0
2025-05-21 13:46:19,420,LC-TOTAL-LJ,751.36,lbs,LabJackDAQ,LoadCellSummed,0
2025-05-21 13:46:19,468,LC-TOTAL-LJ,751.57,lbs,LabJackDAQ,LoadCellSummed,0
2025-05-21 13:46:19,520,LC-TOTAL-LJ,752.35,lbs,LabJackDAQ,LoadCellSummed,0
2025-05-21 13:46:19,569,LC-TOTAL-LJ,752.47,lbs,LabJackDAQ,LoadCellSummed,0
2025-05-21 13:46:19,618,LC-TOTAL-LJ,751.89,lbs,LabJackDAQ,LoadCellSummed,0
2025-05-21 13:46:19,664,LC-TOTAL-LJ,751.83,lbs,LabJackDAQ,LoadCellSummed,0
2025-05-21 13:46:19,712,LC-TOTAL-LJ,752.63,lbs,LabJackDAQ,LoadCellSummed,0
2025-05-21 13:46:19,759,LC-TOTAL-LJ,752.29,lbs,LabJackDAQ,LoadCellSummed,0
2025-05-21 13:46:19,806,LC-TOTAL-LJ,751.46,lbs,LabJackDAQ,LoadCellSummed,0
2025-05-21 13:46:19,852,LC-TOTAL-LJ,751.15,lbs,LabJackDAQ,LoadCellSummed,0
2025-05-21 13:46:19,902,LC-TOTAL-LJ,752.10,lbs,LabJackDAQ,LoadCellSummed,0
2025-05-21 13:46:19,950,LC-TOTAL-LJ,751.82,lbs,LabJackDAQ,LoadCellSummed,0
2025-05-21 13:46:20,003,LC-TOTAL-LJ,751.30,lbs,LabJackDAQ,LoadCellSummed,0
2025-05-21 13:46:20,050,LC-TOTAL-LJ,751.68,lbs,LabJackDAQ,LoadCellSummed,0
2025-05-21 13:46:20,100,LC-TOTAL-LJ,752.65,lbs,LabJackDAQ,LoadCellSummed,0
2025-05-21 13:46:20,148,LC-TOTAL-LJ,751.35,lbs,LabJackDAQ,LoadCellSummed,0
2025-05-21 13:46:20,194,LC-TOTAL-LJ,752.02,lbs,LabJackDAQ,LoadCellSummed,0
2025-05-21 13:46:20,241,LC-TOTAL-LJ,752.40,lbs,LabJackDAQ,LoadCellSummed,0
2025-05-21 13:46:20,288,LC-TOTAL-LJ,752.62,lbs,LabJackDAQ,LoadCellSummed,0
2025-05-21 13:46:20,335,LC-TOTAL-LJ,752.47,lbs,LabJackDAQ,LoadCellSummed,0
2025-05-21 13:46:20,384,LC-TOTAL-LJ,752.78,lbs,LabJackDAQ,LoadCellSummed,0
2025-05-21 13:46:20,431,LC-TOTAL-LJ,752.03,lbs,LabJackDAQ,LoadCellSummed,0
2025-05-21 13:46:20,483,LC-TOTAL-LJ,751.82,lbs,LabJackDAQ,LoadCellSummed,0
2025-05-21 13:46:20,531,LC-TOTAL-LJ,751.23,lbs,LabJackDAQ,LoadCellSummed,0
2025-05-21 13:46:20,580,LC-TOTAL-LJ,752.92,lbs,LabJackDAQ,LoadCellSummed,0
2025-05-21 13:46:20,628,LC-TOTAL-LJ,751.58,lbs,LabJackDAQ,LoadCellSummed,0
2025-05-21 13:46:20,674,LC-TOTAL-LJ,751.57,lbs,LabJackDAQ,LoadCellSummed,0
2025-05-21 13:46:20,721,LC-TOTAL-LJ,752.07,lbs,LabJackDAQ,LoadCellSummed,0
2025-05-21 13:46:20,768,LC-TOTAL-LJ,752.34,lbs,LabJackDAQ,LoadCellSummed,0
2025-05-21 13:46:20,816,LC-TOTAL-LJ,753.13,lbs,LabJackDAQ,LoadCellSummed,0
2025-05-21 13:46:20,863,LC-TOTAL-LJ,752.45,lbs,LabJackDAQ,LoadCellSummed,0
2025-05-21 13:46:20,915,LC-TOTAL-LJ,752.44,lbs,LabJackDAQ,LoadCellSummed,0
2025-05-21 13:46:20,964,LC-TOTAL-LJ,751.41,lbs,LabJackDAQ,LoadCellSummed,0
2025-05-21 13:46:21,015,LC-TOTAL-LJ,752.70,lbs,LabJackDAQ,LoadCellSummed,0
2025-05-21 13:46:21,063,LC-TOTAL-LJ,752.14,lbs,LabJackDAQ,LoadCellSummed,0
2025-05-21 13:46:21,114,LC-TOTAL-LJ,751.99,lbs,LabJackDAQ,LoadCellSummed,0
2025-05-21 13:46:21,161,LC-TOTAL-LJ,751.42,lbs,LabJackDAQ,LoadCellSummed,0
2025-05-21 13:46:21,209,LC-TOTAL-LJ,751.17,lbs,LabJackDAQ,LoadCellSummed,0
2025-05-21 13:46:21,257,LC-TOTAL-LJ,751.59,lbs,LabJackDAQ,LoadCellSummed,0
2025-05-21 13:46:21,304,LC-TOTAL-LJ,752.10,lbs,LabJackDAQ,LoadCellSummed,0
2025-05-21 13:46:21,353,LC-TOTAL-LJ,752.17,lbs,LabJackDAQ,LoadCellSummed,0
2025-05-21 13:46:21,404,LC-TOTAL-LJ,752.26,lbs,LabJackDAQ,LoadCellSummed,0
2025-05-21 13:46:21,453,LC-TOTAL-LJ,752.43,lbs,LabJackDAQ,LoadCellSummed,0
2025-05-21 13:46:21,506,LC-TOTAL-LJ,752.81,lbs,LabJackDAQ,LoadCellSummed,0
2025-05-21 13:46:21,557,LC-TOTAL-LJ,751.93,lbs,LabJackDAQ,LoadCellSummed,0
2025-05-21 13:46:21,610,LC-TOTAL-LJ,752.69,lbs,LabJackDAQ,LoadCellSummed,0
2025-05-21 13:46:21,658,LC-TOTAL-LJ,752.02,lbs,LabJackDAQ,LoadCellSummed,0
2025-05-21 13:46:21,707,LC-TOTAL-LJ,751.75,lbs,LabJackDAQ,LoadCellSummed,0
2025-05-21 13:46:21,757,LC-TOTAL-LJ,751.29,lbs,LabJackDAQ,LoadCellSummed,0
2025-05-21 13:46:21,806,LC-TOTAL-LJ,753.28,lbs,LabJackDAQ,LoadCellSummed,0
2025-05-21 13:46:21,855,LC-TOTAL-LJ,751.74,lbs,LabJackDAQ,LoadCellSummed,0
2025-05-21 13:46:21,907,LC-TOTAL-LJ,752.18,lbs,LabJackDAQ,LoadCellSummed,0
2025-05-21 13:46:21,958,LC-TOTAL-LJ,752.27,lbs,LabJackDAQ,LoadCellSummed,0
2025-05-21 13:46:22,011,LC-TOTAL-LJ,752.18,lbs,LabJackDAQ,LoadCellSummed,0
2025-05-21 13:46:22,061,LC-TOTAL-LJ,751.61,lbs,LabJackDAQ,LoadCellSummed,0
2025-05-21 13:46:22,115,LC-TOTAL-LJ,751.66,lbs,LabJackDAQ,LoadCellSummed,0
2025-05-21 13:46:22,163,LC-TOTAL-LJ,751.36,lbs,LabJackDAQ,LoadCellSummed,0
2025-05-21 13:46:22,211,LC-TOTAL-LJ,751.59,lbs,LabJackDAQ,LoadCellSummed,0
2025-05-21 13:46:22,260,LC-TOTAL-LJ,751.23,lbs,LabJackDAQ,LoadCellSummed,0
2025-05-21 13:46:22,308,LC-TOTAL-LJ,751.14,lbs,LabJackDAQ,LoadCellSummed,0
2025-05-21 13:46:22,357,LC-TOTAL-LJ,751.70,lbs,LabJackDAQ,LoadCellSummed,0
2025-05-21 13:46:22,410,LC-TOTAL-LJ,751.69,lbs,LabJackDAQ,LoadCellSummed,0
2025-05-21 13:46:22,460,LC-TOTAL-LJ,752.18,lbs,LabJackDAQ,LoadCellSummed,0
2025-05-21 13:46:22,513,LC-TOTAL-LJ,752.25,lbs,LabJackDAQ,LoadCellSummed,0
2025-05-21 13:46:22,563,LC-TOTAL-LJ,752.71,lbs,LabJackDAQ,LoadCellSummed,0
2025-05-21 13:46:22,616,LC-TOTAL-LJ,752.71,lbs,LabJackDAQ,LoadCellSummed,0
2025-05-21 13:46:22,665,LC-TOTAL-LJ,752.36,lbs,LabJackDAQ,LoadCellSummed,0
2025-05-21 13:46:22,714,LC-TOTAL-LJ,752.08,lbs,LabJackDAQ,LoadCellSummed,0
2025-05-21 13:46:22,763,LC-TOTAL-LJ,752.11,lbs,LabJackDAQ,LoadCellSummed,0
2025-05-21 13:46:22,811,LC-TOTAL-LJ,751.47,lbs,LabJackDAQ,LoadCellSummed,0
2025-05-21 13:46:22,861,LC-TOTAL-LJ,752.22,lbs,LabJackDAQ,LoadCellSummed,0
2025-05-21 13:46:22,913,LC-TOTAL-LJ,751.24,lbs,LabJackDAQ,LoadCellSummed,0
2025-05-21 13:46:22,962,LC-TOTAL-LJ,752.06,lbs,LabJackDAQ,LoadCellSummed,0
2025-05-21 13:46:23,016,LC-TOTAL-LJ,751.57,lbs,LabJackDAQ,LoadCellSummed,0
2025-05-21 13:46:23,064,LC-TOTAL-LJ,752.13,lbs,LabJackDAQ,LoadCellSummed,0
2025-05-21 13:46:23,116,LC-TOTAL-LJ,752.67,lbs,LabJackDAQ,LoadCellSummed,0
2025-05-21 13:46:23,165,LC-TOTAL-LJ,751.93,lbs,LabJackDAQ,LoadCellSummed,0
2025-05-21 13:46:23,213,LC-TOTAL-LJ,751.73,lbs,LabJackDAQ,LoadCellSummed,0
2025-05-21 13:46:23,261,LC-TOTAL-LJ,751.22,lbs,LabJackDAQ,LoadCellSummed,0
2025-05-21 13:46:23,310,LC-TOTAL-LJ,751.52,lbs,LabJackDAQ,LoadCellSummed,0
2025-05-21 13:46:23,360,LC-TOTAL-LJ,752.38,lbs,LabJackDAQ,LoadCellSummed,0
2025-05-21 13:46:23,409,LC-TOTAL-LJ,752.62,lbs,LabJackDAQ,LoadCellSummed,0
2025-05-21 13:46:23,458,LC-TOTAL-LJ,752.15,lbs,LabJackDAQ,LoadCellSummed,0
2025-05-21 13:46:23,506,LC-TOTAL-LJ,752.52,lbs,LabJackDAQ,LoadCellSummed,0
2025-05-21 13:46:23,555,LC-TOTAL-LJ,751.40,lbs,LabJackDAQ,LoadCellSummed,0
2025-05-21 13:46:23,603,LC-TOTAL-LJ,751.33,lbs,LabJackDAQ,LoadCellSummed,0
2025-05-21 13:46:23,652,LC-TOTAL-LJ,751.59,lbs,LabJackDAQ,LoadCellSummed,0
2025-05-21 13:46:23,701,LC-TOTAL-LJ,751.59,lbs,LabJackDAQ,LoadCellSummed,0
2025-05-21 13:46:23,749,LC-TOTAL-LJ,752.45,lbs,LabJackDAQ,LoadCellSummed,0
2025-05-21 13:46:23,798,LC-TOTAL-LJ,752.18,lbs,LabJackDAQ,LoadCellSummed,0
2025-05-21 13:46:23,846,LC-TOTAL-LJ,752.29,lbs,LabJackDAQ,LoadCellSummed,0
2025-05-21 13:46:23,898,LC-TOTAL-LJ,751.66,lbs,LabJackDAQ,LoadCellSummed,0
2025-05-21 13:46:23,947,LC-TOTAL-LJ,751.78,lbs,LabJackDAQ,LoadCellSummed,0
2025-05-21 13:46:23,999,LC-TOTAL-LJ,750.72,lbs,LabJackDAQ,LoadCellSummed,0
2025-05-21 13:46:24,049,LC-TOTAL-LJ,752.19,lbs,LabJackDAQ,LoadCellSummed,0
2025-05-21 13:46:24,100,LC-TOTAL-LJ,752.12,lbs,LabJackDAQ,LoadCellSummed,0
2025-05-21 13:46:24,149,LC-TOTAL-LJ,752.03,lbs,LabJackDAQ,LoadCellSummed,0
2025-05-21 13:46:24,197,LC-TOTAL-LJ,751.12,lbs,LabJackDAQ,LoadCellSummed,0
2025-05-21 13:46:24,245,LC-TOTAL-LJ,751.60,lbs,LabJackDAQ,LoadCellSummed,0
2025-05-21 13:46:24,294,LC-TOTAL-LJ,752.18,lbs,LabJackDAQ,LoadCellSummed,0
2025-05-21 13:46:24,345,LC-TOTAL-LJ,752.10,lbs,LabJackDAQ,LoadCellSummed,0
2025-05-21 13:46:24,393,LC-TOTAL-LJ,752.42,lbs,LabJackDAQ,LoadCellSummed,0
2025-05-21 13:46:24,441,LC-TOTAL-LJ,752.02,lbs,LabJackDAQ,LoadCellSummed,0
2025-05-21 13:46:24,489,LC-TOTAL-LJ,752.70,lbs,LabJackDAQ,LoadCellSummed,0
2025-05-21 13:46:24,538,LC-TOTAL-LJ,752.30,lbs,LabJackDAQ,LoadCellSummed,0
2025-05-21 13:46:24,587,LC-TOTAL-LJ,751.96,lbs,LabJackDAQ,LoadCellSummed,0
2025-05-21 13:46:24,636,LC-TOTAL-LJ,751.53,lbs,LabJackDAQ,LoadCellSummed,0
2025-05-21 13:46:24,685,LC-TOTAL-LJ,751.35,lbs,LabJackDAQ,LoadCellSummed,0
2025-05-21 13:46:24,733,LC-TOTAL-LJ,751.98,lbs,LabJackDAQ,LoadCellSummed,0
2025-05-21 13:46:24,782,LC-TOTAL-LJ,752.58,lbs,LabJackDAQ,LoadCellSummed,0
2025-05-21 13:46:24,829,LC-TOTAL-LJ,752.22,lbs,LabJackDAQ,LoadCellSummed,0
2025-05-21 13:46:24,879,LC-TOTAL-LJ,752.31,lbs,LabJackDAQ,LoadCellSummed,0
2025-05-21 13:46:24,926,LC-TOTAL-LJ,752.39,lbs,LabJackDAQ,LoadCellSummed,0
2025-05-21 13:46:24,975,LC-TOTAL-LJ,752.64,lbs,LabJackDAQ,LoadCellSummed,0
2025-05-21 13:46:25,023,LC-TOTAL-LJ,752.34,lbs,LabJackDAQ,LoadCellSummed,0
2025-05-21 13:46:25,072,LC-TOTAL-LJ,752.50,lbs,LabJackDAQ,LoadCellSummed,0
2025-05-21 13:46:25,119,LC-TOTAL-LJ,753.01,lbs,LabJackDAQ,LoadCellSummed,0
2025-05-21 13:46:25,167,LC-TOTAL-LJ,751.98,lbs,LabJackDAQ,LoadCellSummed,0
2025-05-21 13:46:25,215,LC-TOTAL-LJ,752.39,lbs,LabJackDAQ,LoadCellSummed,0
2025-05-21 13:46:25,264,LC-TOTAL-LJ,752.49,lbs,LabJackDAQ,LoadCellSummed,0
2025-05-21 13:46:25,313,LC-TOTAL-LJ,751.99,lbs,LabJackDAQ,LoadCellSummed,0
2025-05-21 13:46:25,361,LC-TOTAL-LJ,751.89,lbs,LabJackDAQ,LoadCellSummed,0
2025-05-21 13:46:25,415,LC-TOTAL-LJ,751.96,lbs,LabJackDAQ,LoadCellSummed,0
2025-05-21 13:46:25,465,LC-TOTAL-LJ,751.54,lbs,LabJackDAQ,LoadCellSummed,0
2025-05-21 13:46:25,519,LC-TOTAL-LJ,752.79,lbs,LabJackDAQ,LoadCellSummed,0
2025-05-21 13:46:25,568,LC-TOTAL-LJ,752.71,lbs,LabJackDAQ,LoadCellSummed,0
2025-05-21 13:46:25,622,LC-TOTAL-LJ,751.14,lbs,LabJackDAQ,LoadCellSummed,0
2025-05-21 13:46:25,670,LC-TOTAL-LJ,752.27,lbs,LabJackDAQ,LoadCellSummed,0
2025-05-21 13:46:25,719,LC-TOTAL-LJ,752.85,lbs,LabJackDAQ,LoadCellSummed,0
2025-05-21 13:46:25,769,LC-TOTAL-LJ,752.05,lbs,LabJackDAQ,LoadCellSummed,0
2025-05-21 13:46:25,816,LC-TOTAL-LJ,752.44,lbs,LabJackDAQ,LoadCellSummed,0
2025-05-21 13:46:25,863,LC-TOTAL-LJ,752.16,lbs,LabJackDAQ,LoadCellSummed,0
2025-05-21 13:46:25,915,LC-TOTAL-LJ,751.84,lbs,LabJackDAQ,LoadCellSummed,0
2025-05-21 13:46:25,962,LC-TOTAL-LJ,751.89,lbs,LabJackDAQ,LoadCellSummed,0
2025-05-21 13:46:26,013,LC-TOTAL-LJ,751.30,lbs,LabJackDAQ,LoadCellSummed,0
2025-05-21 13:46:26,063,LC-TOTAL-LJ,751.61,lbs,LabJackDAQ,LoadCellSummed,0
2025-05-21 13:46:26,117,LC-TOTAL-LJ,751.98,lbs,LabJackDAQ,LoadCellSummed,0
2025-05-21 13:46:26,166,LC-TOTAL-LJ,751.33,lbs,LabJackDAQ,LoadCellSummed,0
2025-05-21 13:46:26,214,LC-TOTAL-LJ,751.40,lbs,LabJackDAQ,LoadCellSummed,0
2025-05-21 13:46:26,262,LC-TOTAL-LJ,751.65,lbs,LabJackDAQ,LoadCellSummed,0
2025-05-21 13:46:26,311,LC-TOTAL-LJ,751.89,lbs,LabJackDAQ,LoadCellSummed,0
2025-05-21 13:46:26,360,LC-TOTAL-LJ,752.76,lbs,LabJackDAQ,LoadCellSummed,0
2025-05-21 13:46:26,413,LC-TOTAL-LJ,751.45,lbs,LabJackDAQ,LoadCellSummed,0
2025-05-21 13:46:26,462,LC-TOTAL-LJ,752.47,lbs,LabJackDAQ,LoadCellSummed,0
2025-05-21 13:46:26,515,LC-TOTAL-LJ,751.24,lbs,LabJackDAQ,LoadCellSummed,0
2025-05-21 13:46:26,565,LC-TOTAL-LJ,751.97,lbs,LabJackDAQ,LoadCellSummed,0
2025-05-21 13:46:26,618,LC-TOTAL-LJ,752.78,lbs,LabJackDAQ,LoadCellSummed,0
2025-05-21 13:46:26,666,LC-TOTAL-LJ,752.20,lbs,LabJackDAQ,LoadCellSummed,0
2025-05-21 13:46:26,712,LC-TOTAL-LJ,752.33,lbs,LabJackDAQ,LoadCellSummed,0
2025-05-21 13:46:26,761,LC-TOTAL-LJ,752.29,lbs,LabJackDAQ,LoadCellSummed,0
2025-05-21 13:46:26,810,LC-TOTAL-LJ,752.76,lbs,LabJackDAQ,LoadCellSummed,0
2025-05-21 13:46:26,857,LC-TOTAL-LJ,752.26,lbs,LabJackDAQ,LoadCellSummed,0
2025-05-21 13:46:26,908,LC-TOTAL-LJ,752.25,lbs,LabJackDAQ,LoadCellSummed,0
2025-05-21 13:46:26,957,LC-TOTAL-LJ,751.72,lbs,LabJackDAQ,LoadCellSummed,0
2025-05-21 13:46:27,010,LC-TOTAL-LJ,752.49,lbs,LabJackDAQ,LoadCellSummed,0
2025-05-21 13:46:27,060,LC-TOTAL-LJ,751.08,lbs,LabJackDAQ,LoadCellSummed,0
2025-05-21 13:46:27,112,LC-TOTAL-LJ,751.42,lbs,LabJackDAQ,LoadCellSummed,0
2025-05-21 13:46:27,161,LC-TOTAL-LJ,752.13,lbs,LabJackDAQ,LoadCellSummed,0
2025-05-21 13:46:27,210,LC-TOTAL-LJ,751.60,lbs,LabJackDAQ,LoadCellSummed,0
2025-05-21 13:46:27,257,LC-TOTAL-LJ,750.64,lbs,LabJackDAQ,LoadCellSummed,0
2025-05-21 13:46:27,306,LC-TOTAL-LJ,751.98,lbs,LabJackDAQ,LoadCellSummed,0
2025-05-21 13:46:27,356,LC-TOTAL-LJ,751.61,lbs,LabJackDAQ,LoadCellSummed,0
2025-05-21 13:46:27,404,LC-TOTAL-LJ,753.22,lbs,LabJackDAQ,LoadCellSummed,0
2025-05-21 13:46:27,456,LC-TOTAL-LJ,751.14,lbs,LabJackDAQ,LoadCellSummed,0
2025-05-21 13:46:27,505,LC-TOTAL-LJ,752.50,lbs,LabJackDAQ,LoadCellSummed,0
2025-05-21 13:46:27,557,LC-TOTAL-LJ,751.82,lbs,LabJackDAQ,LoadCellSummed,0
2025-05-21 13:46:27,608,LC-TOTAL-LJ,752.67,lbs,LabJackDAQ,LoadCellSummed,0
2025-05-21 13:46:27,660,LC-TOTAL-LJ,751.35,lbs,LabJackDAQ,LoadCellSummed,0
2025-05-21 13:46:27,709,LC-TOTAL-LJ,751.51,lbs,LabJackDAQ,LoadCellSummed,0
2025-05-21 13:46:27,758,LC-TOTAL-LJ,752.25,lbs,LabJackDAQ,LoadCellSummed,0
2025-05-21 13:46:27,807,LC-TOTAL-LJ,752.55,lbs,LabJackDAQ,LoadCellSummed,0
2025-05-21 13:46:27,855,LC-TOTAL-LJ,752.28,lbs,LabJackDAQ,LoadCellSummed,0
2025-05-21 13:46:27,905,LC-TOTAL-LJ,752.40,lbs,LabJackDAQ,LoadCellSummed,0
2025-05-21 13:46:27,956,LC-TOTAL-LJ,752.16,lbs,LabJackDAQ,LoadCellSummed,0
2025-05-21 13:46:28,004,LC-TOTAL-LJ,752.77,lbs,LabJackDAQ,LoadCellSummed,0
2025-05-21 13:46:28,056,LC-TOTAL-LJ,751.44,lbs,LabJackDAQ,LoadCellSummed,0
2025-05-21 13:46:28,105,LC-TOTAL-LJ,752.35,lbs,LabJackDAQ,LoadCellSummed,0
2025-05-21 13:46:28,156,LC-TOTAL-LJ,751.33,lbs,LabJackDAQ,LoadCellSummed,0
2025-05-21 13:46:28,203,LC-TOTAL-LJ,752.38,lbs,LabJackDAQ,LoadCellSummed,0
2025-05-21 13:46:28,250,LC-TOTAL-LJ,752.73,lbs,LabJackDAQ,LoadCellSummed,0
2025-05-21 13:46:28,297,LC-TOTAL-LJ,752.44,lbs,LabJackDAQ,LoadCellSummed,0
2025-05-21 13:46:28,345,LC-TOTAL-LJ,752.16,lbs,LabJackDAQ,LoadCellSummed,0
2025-05-21 13:46:28,393,LC-TOTAL-LJ,752.33,lbs,LabJackDAQ,LoadCellSummed,0
2025-05-21 13:46:28,443,LC-TOTAL-LJ,751.79,lbs,LabJackDAQ,LoadCellSummed,0
2025-05-21 13:46:28,490,LC-TOTAL-LJ,752.27,lbs,LabJackDAQ,LoadCellSummed,0
2025-05-21 13:46:28,541,LC-TOTAL-LJ,751.34,lbs,LabJackDAQ,LoadCellSummed,0
2025-05-21 13:46:28,589,LC-TOTAL-LJ,751.41,lbs,LabJackDAQ,LoadCellSummed,0
2025-05-21 13:46:28,639,LC-TOTAL-LJ,752.45,lbs,LabJackDAQ,LoadCellSummed,0
2025-05-21 13:46:28,686,LC-TOTAL-LJ,751.82,lbs,LabJackDAQ,LoadCellSummed,0
2025-05-21 13:46:28,733,LC-TOTAL-LJ,751.21,lbs,LabJackDAQ,LoadCellSummed,0
2025-05-21 13:46:28,780,LC-TOTAL-LJ,751.75,lbs,LabJackDAQ,LoadCellSummed,0
2025-05-21 13:46:28,825,LC-TOTAL-LJ,752.68,lbs,LabJackDAQ,LoadCellSummed,0
2025-05-21 13:46:28,872,LC-TOTAL-LJ,752.11,lbs,LabJackDAQ,LoadCellSummed,0
2025-05-21 13:46:28,919,LC-TOTAL-LJ,751.68,lbs,LabJackDAQ,LoadCellSummed,0
2025-05-21 13:46:28,971,LC-TOTAL-LJ,752.54,lbs,LabJackDAQ,LoadCellSummed,0
2025-05-21 13:46:29,019,LC-TOTAL-LJ,752.74,lbs,LabJackDAQ,LoadCellSummed,0
2025-05-21 13:46:29,069,LC-TOTAL-LJ,751.24,lbs,LabJackDAQ,LoadCellSummed,0
2025-05-21 13:46:29,119,LC-TOTAL-LJ,752.42,lbs,LabJackDAQ,LoadCellSummed,0
2025-05-21 13:46:29,169,LC-TOTAL-LJ,752.34,lbs,LabJackDAQ,LoadCellSummed,0
2025-05-21 13:46:29,218,LC-TOTAL-LJ,752.76,lbs,LabJackDAQ,LoadCellSummed,0
2025-05-21 13:46:29,266,LC-TOTAL-LJ,751.73,lbs,LabJackDAQ,LoadCellSummed,0
2025-05-21 13:46:29,313,LC-TOTAL-LJ,752.38,lbs,LabJackDAQ,LoadCellSummed,0
2025-05-21 13:46:29,360,LC-TOTAL-LJ,752.62,lbs,LabJackDAQ,LoadCellSummed,0
2025-05-21 13:46:29,407,LC-TOTAL-LJ,752.58,lbs,LabJackDAQ,LoadCellSummed,0
2025-05-21 13:46:29,457,LC-TOTAL-LJ,752.22,lbs,LabJackDAQ,LoadCellSummed,0
2025-05-21 13:46:29,506,LC-TOTAL-LJ,752.74,lbs,LabJackDAQ,LoadCellSummed,0
2025-05-21 13:46:29,557,LC-TOTAL-LJ,752.32,lbs,LabJackDAQ,LoadCellSummed,0
2025-05-21 13:46:29,607,LC-TOTAL-LJ,752.83,lbs,LabJackDAQ,LoadCellSummed,0
2025-05-21 13:46:29,658,LC-TOTAL-LJ,751.17,lbs,LabJackDAQ,LoadCellSummed,0
2025-05-21 13:46:29,707,LC-TOTAL-LJ,752.12,lbs,LabJackDAQ,LoadCellSummed,0
2025-05-21 13:46:29,756,LC-TOTAL-LJ,751.84,lbs,LabJackDAQ,LoadCellSummed,0
2025-05-21 13:46:29,805,LC-TOTAL-LJ,752.68,lbs,LabJackDAQ,LoadCellSummed,0
2025-05-21 13:46:29,852,LC-TOTAL-LJ,752.35,lbs,LabJackDAQ,LoadCellSummed,0
2025-05-21 13:46:29,900,LC-TOTAL-LJ,752.35,lbs,LabJackDAQ,LoadCellSummed,0
2025-05-21 13:46:29,951,LC-TOTAL-LJ,752.11,lbs,LabJackDAQ,LoadCellSummed,0
2025-05-21 13:46:29,998,LC-TOTAL-LJ,751.90,lbs,LabJackDAQ,LoadCellSummed,0
2025-05-21 13:46:30,049,LC-TOTAL-LJ,752.63,lbs,LabJackDAQ,LoadCellSummed,0
2025-05-21 13:46:30,097,LC-TOTAL-LJ,752.52,lbs,LabJackDAQ,LoadCellSummed,0
2025-05-21 13:46:30,147,LC-TOTAL-LJ,752.07,lbs,LabJackDAQ,LoadCellSummed,0
2025-05-21 13:46:30,193,LC-TOTAL-LJ,752.76,lbs,LabJackDAQ,LoadCellSummed,0
2025-05-21 13:46:30,240,LC-TOTAL-LJ,750.95,lbs,LabJackDAQ,LoadCellSummed,0
2025-05-21 13:46:30,287,LC-TOTAL-LJ,751.69,lbs,LabJackDAQ,LoadCellSummed,0
2025-05-21 13:46:30,334,LC-TOTAL-LJ,751.99,lbs,LabJackDAQ,LoadCellSummed,0
2025-05-21 13:46:30,383,LC-TOTAL-LJ,752.67,lbs,LabJackDAQ,LoadCellSummed,0
2025-05-21 13:46:30,434,LC-TOTAL-LJ,752.19,lbs,LabJackDAQ,LoadCellSummed,0
2025-05-21 13:46:30,484,LC-TOTAL-LJ,752.79,lbs,LabJackDAQ,LoadCellSummed,0
2025-05-21 13:46:30,537,LC-TOTAL-LJ,752.58,lbs,LabJackDAQ,LoadCellSummed,0
2025-05-21 13:46:30,586,LC-TOTAL-LJ,751.93,lbs,LabJackDAQ,LoadCellSummed,0
2025-05-21 13:46:30,638,LC-TOTAL-LJ,752.24,lbs,LabJackDAQ,LoadCellSummed,0
2025-05-21 13:46:30,687,LC-TOTAL-LJ,752.32,lbs,LabJackDAQ,LoadCellSummed,0
2025-05-21 13:46:30,733,LC-TOTAL-LJ,752.67,lbs,LabJackDAQ,LoadCellSummed,0
2025-05-21 13:46:30,781,LC-TOTAL-LJ,752.57,lbs,LabJackDAQ,LoadCellSummed,0
2025-05-21 13:46:30,830,LC-TOTAL-LJ,752.17,lbs,LabJackDAQ,LoadCellSummed,0
2025-05-21 13:46:30,878,LC-TOTAL-LJ,752.71,lbs,LabJackDAQ,LoadCellSummed,0
2025-05-21 13:46:30,926,LC-TOTAL-LJ,752.10,lbs,LabJackDAQ,LoadCellSummed,0
2025-05-21 13:46:30,978,LC-TOTAL-LJ,751.44,lbs,LabJackDAQ,LoadCellSummed,0
2025-05-21 13:46:31,027,LC-TOTAL-LJ,752.64,lbs,LabJackDAQ,LoadCellSummed,0
2025-05-21 13:46:31,079,LC-TOTAL-LJ,751.36,lbs,LabJackDAQ,LoadCellSummed,0
2025-05-21 13:46:31,128,LC-TOTAL-LJ,751.22,lbs,LabJackDAQ,LoadCellSummed,0
2025-05-21 13:46:31,178,LC-TOTAL-LJ,752.38,lbs,LabJackDAQ,LoadCellSummed,0
2025-05-21 13:46:31,227,LC-TOTAL-LJ,752.46,lbs,LabJackDAQ,LoadCellSummed,0
2025-05-21 13:46:31,275,LC-TOTAL-LJ,752.68,lbs,LabJackDAQ,LoadCellSummed,0
2025-05-21 13:46:31,323,LC-TOTAL-LJ,752.50,lbs,LabJackDAQ,LoadCellSummed,0
2025-05-21 13:46:31,373,LC-TOTAL-LJ,752.06,lbs,LabJackDAQ,LoadCellSummed,0
2025-05-21 13:46:31,422,LC-TOTAL-LJ,751.81,lbs,LabJackDAQ,LoadCellSummed,0
2025-05-21 13:46:31,474,LC-TOTAL-LJ,752.34,lbs,LabJackDAQ,LoadCellSummed,0
2025-05-21 13:46:31,523,LC-TOTAL-LJ,751.56,lbs,LabJackDAQ,LoadCellSummed,0
2025-05-21 13:46:31,577,LC-TOTAL-LJ,752.01,lbs,LabJackDAQ,LoadCellSummed,0
2025-05-21 13:46:31,627,LC-TOTAL-LJ,752.18,lbs,LabJackDAQ,LoadCellSummed,0
2025-05-21 13:46:31,679,LC-TOTAL-LJ,751.51,lbs,LabJackDAQ,LoadCellSummed,0
2025-05-21 13:46:31,728,LC-TOTAL-LJ,751.75,lbs,LabJackDAQ,LoadCellSummed,0
2025-05-21 13:46:31,777,LC-TOTAL-LJ,750.87,lbs,LabJackDAQ,LoadCellSummed,0
2025-05-21 13:46:31,826,LC-TOTAL-LJ,752.54,lbs,LabJackDAQ,LoadCellSummed,0
2025-05-21 13:46:31,874,LC-TOTAL-LJ,752.49,lbs,LabJackDAQ,LoadCellSummed,0
2025-05-21 13:46:31,923,LC-TOTAL-LJ,752.59,lbs,LabJackDAQ,LoadCellSummed,0
2025-05-21 13:46:31,975,LC-TOTAL-LJ,751.00,lbs,LabJackDAQ,LoadCellSummed,0
2025-05-21 13:46:32,022,LC-TOTAL-LJ,752.26,lbs,LabJackDAQ,LoadCellSummed,0
2025-05-21 13:46:32,075,LC-TOTAL-LJ,751.52,lbs,LabJackDAQ,LoadCellSummed,0
2025-05-21 13:46:32,124,LC-TOTAL-LJ,751.93,lbs,LabJackDAQ,LoadCellSummed,0
2025-05-21 13:46:32,176,LC-TOTAL-LJ,752.27,lbs,LabJackDAQ,LoadCellSummed,0
2025-05-21 13:46:32,223,LC-TOTAL-LJ,752.03,lbs,LabJackDAQ,LoadCellSummed,0
2025-05-21 13:46:32,270,LC-TOTAL-LJ,752.33,lbs,LabJackDAQ,LoadCellSummed,0
2025-05-21 13:46:32,318,LC-TOTAL-LJ,753.02,lbs,LabJackDAQ,LoadCellSummed,0
2025-05-21 13:46:32,365,LC-TOTAL-LJ,751.65,lbs,LabJackDAQ,LoadCellSummed,0
2025-05-21 13:46:32,411,LC-TOTAL-LJ,751.68,lbs,LabJackDAQ,LoadCellSummed,0
2025-05-21 13:46:32,462,LC-TOTAL-LJ,752.66,lbs,LabJackDAQ,LoadCellSummed,0
2025-05-21 13:46:32,510,LC-TOTAL-LJ,752.51,lbs,LabJackDAQ,LoadCellSummed,0
2025-05-21 13:46:32,564,LC-TOTAL-LJ,752.43,lbs,LabJackDAQ,LoadCellSummed,0
2025-05-21 13:46:32,613,LC-TOTAL-LJ,752.36,lbs,LabJackDAQ,LoadCellSummed,0
2025-05-21 13:46:32,664,LC-TOTAL-LJ,751.32,lbs,LabJackDAQ,LoadCellSummed,0
2025-05-21 13:46:32,711,LC-TOTAL-LJ,751.68,lbs,LabJackDAQ,LoadCellSummed,0
2025-05-21 13:46:32,760,LC-TOTAL-LJ,751.34,lbs,LabJackDAQ,LoadCellSummed,0
2025-05-21 13:46:32,808,LC-TOTAL-LJ,751.84,lbs,LabJackDAQ,LoadCellSummed,0
2025-05-21 13:46:32,857,LC-TOTAL-LJ,750.73,lbs,LabJackDAQ,LoadCellSummed,0
2025-05-21 13:46:32,906,LC-TOTAL-LJ,752.75,lbs,LabJackDAQ,LoadCellSummed,0
2025-05-21 13:46:32,958,LC-TOTAL-LJ,751.10,lbs,LabJackDAQ,LoadCellSummed,0
2025-05-21 13:46:33,006,LC-TOTAL-LJ,751.81,lbs,LabJackDAQ,LoadCellSummed,0
2025-05-21 13:46:33,060,LC-TOTAL-LJ,751.85,lbs,LabJackDAQ,LoadCellSummed,0
2025-05-21 13:46:33,110,LC-TOTAL-LJ,752.88,lbs,LabJackDAQ,LoadCellSummed,0
2025-05-21 13:46:33,163,LC-TOTAL-LJ,752.00,lbs,LabJackDAQ,LoadCellSummed,0
2025-05-21 13:46:33,211,LC-TOTAL-LJ,752.39,lbs,LabJackDAQ,LoadCellSummed,0
2025-05-21 13:46:33,261,LC-TOTAL-LJ,752.28,lbs,LabJackDAQ,LoadCellSummed,0
2025-05-21 13:46:33,308,LC-TOTAL-LJ,752.76,lbs,LabJackDAQ,LoadCellSummed,0
2025-05-21 13:46:33,357,LC-TOTAL-LJ,752.10,lbs,LabJackDAQ,LoadCellSummed,0
2025-05-21 13:46:33,406,LC-TOTAL-LJ,752.84,lbs,LabJackDAQ,LoadCellSummed,0
2025-05-21 13:46:33,455,LC-TOTAL-LJ,752.02,lbs,LabJackDAQ,LoadCellSummed,0
2025-05-21 13:46:33,506,LC-TOTAL-LJ,753.42,lbs,LabJackDAQ,LoadCellSummed,0
2025-05-21 13:46:33,556,LC-TOTAL-LJ,751.86,lbs,LabJackDAQ,LoadCellSummed,0
2025-05-21 13:46:33,610,LC-TOTAL-LJ,752.40,lbs,LabJackDAQ,LoadCellSummed,0
2025-05-21 13:46:33,660,LC-TOTAL-LJ,751.47,lbs,LabJackDAQ,LoadCellSummed,0
2025-05-21 13:46:33,713,LC-TOTAL-LJ,751.86,lbs,LabJackDAQ,LoadCellSummed,0
2025-05-21 13:46:33,761,LC-TOTAL-LJ,751.55,lbs,LabJackDAQ,LoadCellSummed,0
2025-05-21 13:46:33,810,LC-TOTAL-LJ,750.83,lbs,LabJackDAQ,LoadCellSummed,0
2025-05-21 13:46:33,859,LC-TOTAL-LJ,752.49,lbs,LabJackDAQ,LoadCellSummed,0
2025-05-21 13:46:33,909,LC-TOTAL-LJ,752.58,lbs,LabJackDAQ,LoadCellSummed,0
2025-05-21 13:46:33,960,LC-TOTAL-LJ,752.02,lbs,LabJackDAQ,LoadCellSummed,0
2025-05-21 13:46:34,009,LC-TOTAL-LJ,751.83,lbs,LabJackDAQ,LoadCellSummed,0
2025-05-21 13:46:34,064,LC-TOTAL-LJ,752.20,lbs,LabJackDAQ,LoadCellSummed,0
2025-05-21 13:46:34,112,LC-TOTAL-LJ,752.14,lbs,LabJackDAQ,LoadCellSummed,0
2025-05-21 13:46:34,164,LC-TOTAL-LJ,751.10,lbs,LabJackDAQ,LoadCellSummed,0
2025-05-21 13:46:34,212,LC-TOTAL-LJ,751.38,lbs,LabJackDAQ,LoadCellSummed,0
2025-05-21 13:46:34,261,LC-TOTAL-LJ,751.10,lbs,LabJackDAQ,LoadCellSummed,0
2025-05-21 13:46:34,309,LC-TOTAL-LJ,752.28,lbs,LabJackDAQ,LoadCellSummed,0
2025-05-21 13:46:34,357,LC-TOTAL-LJ,752.35,lbs,LabJackDAQ,LoadCellSummed,0
2025-05-21 13:46:34,415,LC-TOTAL-LJ,751.78,lbs,LabJackDAQ,LoadCellSummed,0
2025-05-21 13:46:34,463,LC-TOTAL-LJ,751.85,lbs,LabJackDAQ,LoadCellSummed,0
2025-05-21 13:46:34,515,LC-TOTAL-LJ,752.39,lbs,LabJackDAQ,LoadCellSummed,0
2025-05-21 13:46:34,565,LC-TOTAL-LJ,751.63,lbs,LabJackDAQ,LoadCellSummed,0
2025-05-21 13:46:34,617,LC-TOTAL-LJ,752.74,lbs,LabJackDAQ,LoadCellSummed,0
2025-05-21 13:46:34,667,LC-TOTAL-LJ,751.71,lbs,LabJackDAQ,LoadCellSummed,0
2025-05-21 13:46:34,719,LC-TOTAL-LJ,752.62,lbs,LabJackDAQ,LoadCellSummed,0
2025-05-21 13:46:34,768,LC-TOTAL-LJ,752.29,lbs,LabJackDAQ,LoadCellSummed,0
2025-05-21 13:46:34,816,LC-TOTAL-LJ,752.43,lbs,LabJackDAQ,LoadCellSummed,0
2025-05-21 13:46:34,865,LC-TOTAL-LJ,752.02,lbs,LabJackDAQ,LoadCellSummed,0
2025-05-21 13:46:34,914,LC-TOTAL-LJ,751.91,lbs,LabJackDAQ,LoadCellSummed,0
2025-05-21 13:46:34,964,LC-TOTAL-LJ,752.34,lbs,LabJackDAQ,LoadCellSummed,0
2025-05-21 13:46:35,016,LC-TOTAL-LJ,751.22,lbs,LabJackDAQ,LoadCellSummed,0
2025-05-21 13:46:35,064,LC-TOTAL-LJ,751.25,lbs,LabJackDAQ,LoadCellSummed,0
2025-05-21 13:46:35,117,LC-TOTAL-LJ,752.06,lbs,LabJackDAQ,LoadCellSummed,0
2025-05-21 13:46:35,167,LC-TOTAL-LJ,751.35,lbs,LabJackDAQ,LoadCellSummed,0
2025-05-21 13:46:35,219,LC-TOTAL-LJ,752.65,lbs,LabJackDAQ,LoadCellSummed,0
2025-05-21 13:46:35,267,LC-TOTAL-LJ,751.61,lbs,LabJackDAQ,LoadCellSummed,0
2025-05-21 13:46:35,315,LC-TOTAL-LJ,751.80,lbs,LabJackDAQ,LoadCellSummed,0
2025-05-21 13:46:35,363,LC-TOTAL-LJ,752.15,lbs,LabJackDAQ,LoadCellSummed,0
2025-05-21 13:46:35,411,LC-TOTAL-LJ,751.96,lbs,LabJackDAQ,LoadCellSummed,0
2025-05-21 13:46:35,460,LC-TOTAL-LJ,751.68,lbs,LabJackDAQ,LoadCellSummed,0
2025-05-21 13:46:35,511,LC-TOTAL-LJ,752.73,lbs,LabJackDAQ,LoadCellSummed,0
2025-05-21 13:46:35,560,LC-TOTAL-LJ,752.64,lbs,LabJackDAQ,LoadCellSummed,0
2025-05-21 13:46:35,613,LC-TOTAL-LJ,752.50,lbs,LabJackDAQ,LoadCellSummed,0
2025-05-21 13:46:35,663,LC-TOTAL-LJ,751.37,lbs,LabJackDAQ,LoadCellSummed,0
2025-05-21 13:46:35,714,LC-TOTAL-LJ,752.23,lbs,LabJackDAQ,LoadCellSummed,0
2025-05-21 13:46:35,761,LC-TOTAL-LJ,752.27,lbs,LabJackDAQ,LoadCellSummed,0
2025-05-21 13:46:35,807,LC-TOTAL-LJ,751.61,lbs,LabJackDAQ,LoadCellSummed,0
2025-05-21 13:46:35,855,LC-TOTAL-LJ,751.30,lbs,LabJackDAQ,LoadCellSummed,0
2025-05-21 13:46:35,904,LC-TOTAL-LJ,751.60,lbs,LabJackDAQ,LoadCellSummed,0
2025-05-21 13:46:35,953,LC-TOTAL-LJ,751.06,lbs,LabJackDAQ,LoadCellSummed,0
2025-05-21 13:46:36,004,LC-TOTAL-LJ,752.46,lbs,LabJackDAQ,LoadCellSummed,0
2025-05-21 13:46:36,052,LC-TOTAL-LJ,752.00,lbs,LabJackDAQ,LoadCellSummed,0
2025-05-21 13:46:36,105,LC-TOTAL-LJ,752.79,lbs,LabJackDAQ,LoadCellSummed,0
2025-05-21 13:46:36,154,LC-TOTAL-LJ,751.94,lbs,LabJackDAQ,LoadCellSummed,0
2025-05-21 13:46:36,205,LC-TOTAL-LJ,753.22,lbs,LabJackDAQ,LoadCellSummed,0
2025-05-21 13:46:36,253,LC-TOTAL-LJ,752.12,lbs,LabJackDAQ,LoadCellSummed,0
2025-05-21 13:46:36,300,LC-TOTAL-LJ,751.99,lbs,LabJackDAQ,LoadCellSummed,0
2025-05-21 13:46:36,347,LC-TOTAL-LJ,750.96,lbs,LabJackDAQ,LoadCellSummed,0
2025-05-21 13:46:36,395,LC-TOTAL-LJ,752.15,lbs,LabJackDAQ,LoadCellSummed,0
2025-05-21 13:46:36,443,LC-TOTAL-LJ,751.73,lbs,LabJackDAQ,LoadCellSummed,0
2025-05-21 13:46:36,492,LC-TOTAL-LJ,752.18,lbs,LabJackDAQ,LoadCellSummed,0
2025-05-21 13:46:36,540,LC-TOTAL-LJ,751.28,lbs,LabJackDAQ,LoadCellSummed,0
2025-05-21 13:46:36,591,LC-TOTAL-LJ,752.04,lbs,LabJackDAQ,LoadCellSummed,0
2025-05-21 13:46:36,641,LC-TOTAL-LJ,751.78,lbs,LabJackDAQ,LoadCellSummed,0
2025-05-21 13:46:36,692,LC-TOTAL-LJ,753.13,lbs,LabJackDAQ,LoadCellSummed,0
2025-05-21 13:46:36,739,LC-TOTAL-LJ,751.62,lbs,LabJackDAQ,LoadCellSummed,0
2025-05-21 13:46:36,785,LC-TOTAL-LJ,751.48,lbs,LabJackDAQ,LoadCellSummed,0
2025-05-21 13:46:36,832,LC-TOTAL-LJ,751.26,lbs,LabJackDAQ,LoadCellSummed,0
2025-05-21 13:46:36,879,LC-TOTAL-LJ,752.34,lbs,LabJackDAQ,LoadCellSummed,0
2025-05-21 13:46:36,926,LC-TOTAL-LJ,752.63,lbs,LabJackDAQ,LoadCellSummed,0
2025-05-21 13:46:36,976,LC-TOTAL-LJ,751.83,lbs,LabJackDAQ,LoadCellSummed,0
2025-05-21 13:46:37,025,LC-TOTAL-LJ,752.01,lbs,LabJackDAQ,LoadCellSummed,0
2025-05-21 13:46:37,077,LC-TOTAL-LJ,752.76,lbs,LabJackDAQ,LoadCellSummed,0
2025-05-21 13:46:37,127,LC-TOTAL-LJ,751.72,lbs,LabJackDAQ,LoadCellSummed,0
2025-05-21 13:46:37,180,LC-TOTAL-LJ,752.43,lbs,LabJackDAQ,LoadCellSummed,0
2025-05-21 13:46:37,227,LC-TOTAL-LJ,752.27,lbs,LabJackDAQ,LoadCellSummed,0
2025-05-21 13:46:37,276,LC-TOTAL-LJ,752.31,lbs,LabJackDAQ,LoadCellSummed,0
2025-05-21 13:46:37,324,LC-TOTAL-LJ,752.43,lbs,LabJackDAQ,LoadCellSummed,0
2025-05-21 13:46:37,372,LC-TOTAL-LJ,752.05,lbs,LabJackDAQ,LoadCellSummed,0
2025-05-21 13:46:37,421,LC-TOTAL-LJ,751.77,lbs,LabJackDAQ,LoadCellSummed,0
2025-05-21 13:46:37,470,LC-TOTAL-LJ,751.03,lbs,LabJackDAQ,LoadCellSummed,0
2025-05-21 13:46:37,522,LC-TOTAL-LJ,752.48,lbs,LabJackDAQ,LoadCellSummed,0
2025-05-21 13:46:37,571,LC-TOTAL-LJ,751.30,lbs,LabJackDAQ,LoadCellSummed,0
2025-05-21 13:46:37,624,LC-TOTAL-LJ,752.16,lbs,LabJackDAQ,LoadCellSummed,0
2025-05-21 13:46:37,674,LC-TOTAL-LJ,751.15,lbs,LabJackDAQ,LoadCellSummed,0
2025-05-21 13:46:37,727,LC-TOTAL-LJ,752.02,lbs,LabJackDAQ,LoadCellSummed,0
2025-05-21 13:46:37,775,LC-TOTAL-LJ,752.04,lbs,LabJackDAQ,LoadCellSummed,0
2025-05-21 13:46:37,824,LC-TOTAL-LJ,751.16,lbs,LabJackDAQ,LoadCellSummed,0
2025-05-21 13:46:37,872,LC-TOTAL-LJ,751.43,lbs,LabJackDAQ,LoadCellSummed,0
2025-05-21 13:46:37,922,LC-TOTAL-LJ,752.22,lbs,LabJackDAQ,LoadCellSummed,0
2025-05-21 13:46:37,973,LC-TOTAL-LJ,751.98,lbs,LabJackDAQ,LoadCellSummed,0
2025-05-21 13:46:38,022,LC-TOTAL-LJ,751.17,lbs,LabJackDAQ,LoadCellSummed,0
2025-05-21 13:46:38,077,LC-TOTAL-LJ,752.10,lbs,LabJackDAQ,LoadCellSummed,0
2025-05-21 13:46:38,128,LC-TOTAL-LJ,752.50,lbs,LabJackDAQ,LoadCellSummed,0
2025-05-21 13:46:38,180,LC-TOTAL-LJ,752.26,lbs,LabJackDAQ,LoadCellSummed,0
2025-05-21 13:46:38,229,LC-TOTAL-LJ,752.33,lbs,LabJackDAQ,LoadCellSummed,0
2025-05-21 13:46:38,276,LC-TOTAL-LJ,752.60,lbs,LabJackDAQ,LoadCellSummed,0
2025-05-21 13:46:38,325,LC-TOTAL-LJ,752.35,lbs,LabJackDAQ,LoadCellSummed,0
2025-05-21 13:46:38,373,LC-TOTAL-LJ,752.57,lbs,LabJackDAQ,LoadCellSummed,0
2025-05-21 13:46:38,422,LC-TOTAL-LJ,752.79,lbs,LabJackDAQ,LoadCellSummed,0
2025-05-21 13:46:38,473,LC-TOTAL-LJ,752.12,lbs,LabJackDAQ,LoadCellSummed,0
2025-05-21 13:46:38,522,LC-TOTAL-LJ,752.45,lbs,LabJackDAQ,LoadCellSummed,0
2025-05-21 13:46:38,578,LC-TOTAL-LJ,752.47,lbs,LabJackDAQ,LoadCellSummed,0
2025-05-21 13:46:38,627,LC-TOTAL-LJ,752.19,lbs,LabJackDAQ,LoadCellSummed,0
2025-05-21 13:46:38,679,LC-TOTAL-LJ,752.20,lbs,LabJackDAQ,LoadCellSummed,0
2025-05-21 13:46:38,727,LC-TOTAL-LJ,752.59,lbs,LabJackDAQ,LoadCellSummed,0
2025-05-21 13:46:38,776,LC-TOTAL-LJ,752.06,lbs,LabJackDAQ,LoadCellSummed,0
2025-05-21 13:46:38,825,LC-TOTAL-LJ,752.15,lbs,LabJackDAQ,LoadCellSummed,0
2025-05-21 13:46:38,873,LC-TOTAL-LJ,752.36,lbs,LabJackDAQ,LoadCellSummed,0
2025-05-21 13:46:38,922,LC-TOTAL-LJ,751.72,lbs,LabJackDAQ,LoadCellSummed,0
2025-05-21 13:46:38,971,LC-TOTAL-LJ,751.78,lbs,LabJackDAQ,LoadCellSummed,0
2025-05-21 13:46:39,022,LC-TOTAL-LJ,752.33,lbs,LabJackDAQ,LoadCellSummed,0
2025-05-21 13:46:39,072,LC-TOTAL-LJ,751.68,lbs,LabJackDAQ,LoadCellSummed,0
2025-05-21 13:46:39,126,LC-TOTAL-LJ,751.19,lbs,LabJackDAQ,LoadCellSummed,0
2025-05-21 13:46:39,175,LC-TOTAL-LJ,751.43,lbs,LabJackDAQ,LoadCellSummed,0
2025-05-21 13:46:39,227,LC-TOTAL-LJ,751.20,lbs,LabJackDAQ,LoadCellSummed,0
2025-05-21 13:46:39,275,LC-TOTAL-LJ,751.90,lbs,LabJackDAQ,LoadCellSummed,0
2025-05-21 13:46:39,324,LC-TOTAL-LJ,751.52,lbs,LabJackDAQ,LoadCellSummed,0
2025-05-21 13:46:39,372,LC-TOTAL-LJ,751.53,lbs,LabJackDAQ,LoadCellSummed,0
2025-05-21 13:46:39,421,LC-TOTAL-LJ,751.34,lbs,LabJackDAQ,LoadCellSummed,0
2025-05-21 13:46:39,469,LC-TOTAL-LJ,751.54,lbs,LabJackDAQ,LoadCellSummed,0
2025-05-21 13:46:39,522,LC-TOTAL-LJ,751.82,lbs,LabJackDAQ,LoadCellSummed,0
2025-05-21 13:46:39,571,LC-TOTAL-LJ,752.24,lbs,LabJackDAQ,LoadCellSummed,0
2025-05-21 13:46:39,626,LC-TOTAL-LJ,752.95,lbs,LabJackDAQ,LoadCellSummed,0
2025-05-21 13:46:39,677,LC-TOTAL-LJ,751.97,lbs,LabJackDAQ,LoadCellSummed,0
2025-05-21 13:46:39,731,LC-TOTAL-LJ,752.04,lbs,LabJackDAQ,LoadCellSummed,0
2025-05-21 13:46:39,779,LC-TOTAL-LJ,751.93,lbs,LabJackDAQ,LoadCellSummed,0
2025-05-21 13:46:39,827,LC-TOTAL-LJ,751.86,lbs,LabJackDAQ,LoadCellSummed,0
2025-05-21 13:46:39,877,LC-TOTAL-LJ,751.08,lbs,LabJackDAQ,LoadCellSummed,0
2025-05-21 13:46:39,927,LC-TOTAL-LJ,752.19,lbs,LabJackDAQ,LoadCellSummed,0
2025-05-21 13:46:39,976,LC-TOTAL-LJ,752.32,lbs,LabJackDAQ,LoadCellSummed,0
2025-05-21 13:46:40,031,LC-TOTAL-LJ,752.26,lbs,LabJackDAQ,LoadCellSummed,0
2025-05-21 13:46:40,082,LC-TOTAL-LJ,751.87,lbs,LabJackDAQ,LoadCellSummed,0
2025-05-21 13:46:40,135,LC-TOTAL-LJ,752.19,lbs,LabJackDAQ,LoadCellSummed,0
2025-05-21 13:46:40,183,LC-TOTAL-LJ,752.85,lbs,LabJackDAQ,LoadCellSummed,0
2025-05-21 13:46:40,235,LC-TOTAL-LJ,751.14,lbs,LabJackDAQ,LoadCellSummed,0
2025-05-21 13:46:40,284,LC-TOTAL-LJ,751.72,lbs,LabJackDAQ,LoadCellSummed,0
2025-05-21 13:46:40,334,LC-TOTAL-LJ,751.63,lbs,LabJackDAQ,LoadCellSummed,0
2025-05-21 13:46:40,382,LC-TOTAL-LJ,752.46,lbs,LabJackDAQ,LoadCellSummed,0
2025-05-21 13:46:40,428,LC-TOTAL-LJ,751.49,lbs,LabJackDAQ,LoadCellSummed,0
2025-05-21 13:46:40,477,LC-TOTAL-LJ,751.50,lbs,LabJackDAQ,LoadCellSummed,0
2025-05-21 13:46:40,528,LC-TOTAL-LJ,751.93,lbs,LabJackDAQ,LoadCellSummed,0
2025-05-21 13:46:40,576,LC-TOTAL-LJ,751.93,lbs,LabJackDAQ,LoadCellSummed,0
2025-05-21 13:46:40,627,LC-TOTAL-LJ,752.39,lbs,LabJackDAQ,LoadCellSummed,0
2025-05-21 13:46:40,676,LC-TOTAL-LJ,752.34,lbs,LabJackDAQ,LoadCellSummed,0
2025-05-21 13:46:40,727,LC-TOTAL-LJ,752.34,lbs,LabJackDAQ,LoadCellSummed,0
2025-05-21 13:46:40,773,LC-TOTAL-LJ,752.26,lbs,LabJackDAQ,LoadCellSummed,0
2025-05-21 13:46:40,820,LC-TOTAL-LJ,752.52,lbs,LabJackDAQ,LoadCellSummed,0
2025-05-21 13:46:40,868,LC-TOTAL-LJ,752.19,lbs,LabJackDAQ,LoadCellSummed,0
2025-05-21 13:46:40,917,LC-TOTAL-LJ,752.33,lbs,LabJackDAQ,LoadCellSummed,0
2025-05-21 13:46:40,966,LC-TOTAL-LJ,752.10,lbs,LabJackDAQ,LoadCellSummed,0
2025-05-21 13:46:41,017,LC-TOTAL-LJ,752.85,lbs,LabJackDAQ,LoadCellSummed,0
2025-05-21 13:46:41,067,LC-TOTAL-LJ,752.70,lbs,LabJackDAQ,LoadCellSummed,0
2025-05-21 13:46:41,121,LC-TOTAL-LJ,752.77,lbs,LabJackDAQ,LoadCellSummed,0
2025-05-21 13:46:41,172,LC-TOTAL-LJ,751.22,lbs,LabJackDAQ,LoadCellSummed,0
2025-05-21 13:46:41,224,LC-TOTAL-LJ,752.38,lbs,LabJackDAQ,LoadCellSummed,0
2025-05-21 13:46:41,272,LC-TOTAL-LJ,752.27,lbs,LabJackDAQ,LoadCellSummed,0
2025-05-21 13:46:41,320,LC-TOTAL-LJ,752.43,lbs,LabJackDAQ,LoadCellSummed,0
2025-05-21 13:46:41,368,LC-TOTAL-LJ,752.02,lbs,LabJackDAQ,LoadCellSummed,0
2025-05-21 13:46:41,416,LC-TOTAL-LJ,752.51,lbs,LabJackDAQ,LoadCellSummed,0
2025-05-21 13:46:41,462,LC-TOTAL-LJ,752.42,lbs,LabJackDAQ,LoadCellSummed,0
2025-05-21 13:46:41,513,LC-TOTAL-LJ,751.14,lbs,LabJackDAQ,LoadCellSummed,0
2025-05-21 13:46:41,562,LC-TOTAL-LJ,751.51,lbs,LabJackDAQ,LoadCellSummed,0
2025-05-21 13:46:41,614,LC-TOTAL-LJ,752.14,lbs,LabJackDAQ,LoadCellSummed,0
2025-05-21 13:46:41,664,LC-TOTAL-LJ,751.81,lbs,LabJackDAQ,LoadCellSummed,0
2025-05-21 13:46:41,716,LC-TOTAL-LJ,752.71,lbs,LabJackDAQ,LoadCellSummed,0
2025-05-21 13:46:41,765,LC-TOTAL-LJ,751.96,lbs,LabJackDAQ,LoadCellSummed,0
2025-05-21 13:46:41,812,LC-TOTAL-LJ,752.30,lbs,LabJackDAQ,LoadCellSummed,0
2025-05-21 13:46:41,861,LC-TOTAL-LJ,752.37,lbs,LabJackDAQ,LoadCellSummed,0
2025-05-21 13:46:41,909,LC-TOTAL-LJ,752.05,lbs,LabJackDAQ,LoadCellSummed,0
2025-05-21 13:46:41,958,LC-TOTAL-LJ,751.39,lbs,LabJackDAQ,LoadCellSummed,0
2025-05-21 13:46:42,009,LC-TOTAL-LJ,752.64,lbs,LabJackDAQ,LoadCellSummed,0
2025-05-21 13:46:42,060,LC-TOTAL-LJ,751.95,lbs,LabJackDAQ,LoadCellSummed,0
2025-05-21 13:46:42,115,LC-TOTAL-LJ,751.36,lbs,LabJackDAQ,LoadCellSummed,0
2025-05-21 13:46:42,165,LC-TOTAL-LJ,752.59,lbs,LabJackDAQ,LoadCellSummed,0
2025-05-21 13:46:42,217,LC-TOTAL-LJ,752.05,lbs,LabJackDAQ,LoadCellSummed,0
2025-05-21 13:46:42,265,LC-TOTAL-LJ,751.83,lbs,LabJackDAQ,LoadCellSummed,0
2025-05-21 13:46:42,312,LC-TOTAL-LJ,751.61,lbs,LabJackDAQ,LoadCellSummed,0
2025-05-21 13:46:42,360,LC-TOTAL-LJ,750.78,lbs,LabJackDAQ,LoadCellSummed,0
2025-05-21 13:46:42,407,LC-TOTAL-LJ,751.93,lbs,LabJackDAQ,LoadCellSummed,0
2025-05-21 13:46:42,455,LC-TOTAL-LJ,751.80,lbs,LabJackDAQ,LoadCellSummed,0
2025-05-21 13:46:42,507,LC-TOTAL-LJ,753.31,lbs,LabJackDAQ,LoadCellSummed,0
2025-05-21 13:46:42,556,LC-TOTAL-LJ,752.11,lbs,LabJackDAQ,LoadCellSummed,0
2025-05-21 13:46:42,609,LC-TOTAL-LJ,752.52,lbs,LabJackDAQ,LoadCellSummed,0
2025-05-21 13:46:42,660,LC-TOTAL-LJ,751.74,lbs,LabJackDAQ,LoadCellSummed,0
2025-05-21 13:46:42,712,LC-TOTAL-LJ,752.15,lbs,LabJackDAQ,LoadCellSummed,0
2025-05-21 13:46:42,760,LC-TOTAL-LJ,752.31,lbs,LabJackDAQ,LoadCellSummed,0
2025-05-21 13:46:42,809,LC-TOTAL-LJ,751.82,lbs,LabJackDAQ,LoadCellSummed,0
2025-05-21 13:46:42,858,LC-TOTAL-LJ,751.19,lbs,LabJackDAQ,LoadCellSummed,0
2025-05-21 13:46:42,907,LC-TOTAL-LJ,751.45,lbs,LabJackDAQ,LoadCellSummed,0
2025-05-21 13:46:42,954,LC-TOTAL-LJ,751.40,lbs,LabJackDAQ,LoadCellSummed,0
2025-05-21 13:46:43,007,LC-TOTAL-LJ,752.64,lbs,LabJackDAQ,LoadCellSummed,0
2025-05-21 13:46:43,056,LC-TOTAL-LJ,751.10,lbs,LabJackDAQ,LoadCellSummed,0
2025-05-21 13:46:43,112,LC-TOTAL-LJ,752.25,lbs,LabJackDAQ,LoadCellSummed,0
2025-05-21 13:46:43,162,LC-TOTAL-LJ,752.11,lbs,LabJackDAQ,LoadCellSummed,0
2025-05-21 13:46:43,215,LC-TOTAL-LJ,752.43,lbs,LabJackDAQ,LoadCellSummed,0
2025-05-21 13:46:43,263,LC-TOTAL-LJ,752.42,lbs,LabJackDAQ,LoadCellSummed,0
2025-05-21 13:46:43,312,LC-TOTAL-LJ,752.26,lbs,LabJackDAQ,LoadCellSummed,0
2025-05-21 13:46:43,361,LC-TOTAL-LJ,751.96,lbs,LabJackDAQ,LoadCellSummed,0
2025-05-21 13:46:43,409,LC-TOTAL-LJ,752.43,lbs,LabJackDAQ,LoadCellSummed,0
2025-05-21 13:46:43,459,LC-TOTAL-LJ,750.48,lbs,LabJackDAQ,LoadCellSummed,0
2025-05-21 13:46:43,511,LC-TOTAL-LJ,752.10,lbs,LabJackDAQ,LoadCellSummed,0
2025-05-21 13:46:43,559,LC-TOTAL-LJ,751.77,lbs,LabJackDAQ,LoadCellSummed,0
2025-05-21 13:46:43,613,LC-TOTAL-LJ,752.12,lbs,LabJackDAQ,LoadCellSummed,0
2025-05-21 13:46:43,663,LC-TOTAL-LJ,751.75,lbs,LabJackDAQ,LoadCellSummed,0
2025-05-21 13:46:43,714,LC-TOTAL-LJ,752.06,lbs,LabJackDAQ,LoadCellSummed,0
2025-05-21 13:46:43,762,LC-TOTAL-LJ,752.17,lbs,LabJackDAQ,LoadCellSummed,0
2025-05-21 13:46:43,812,LC-TOTAL-LJ,751.64,lbs,LabJackDAQ,LoadCellSummed,0
2025-05-21 13:46:43,861,LC-TOTAL-LJ,751.58,lbs,LabJackDAQ,LoadCellSummed,0
2025-05-21 13:46:43,910,LC-TOTAL-LJ,752.43,lbs,LabJackDAQ,LoadCellSummed,0
2025-05-21 13:46:43,958,LC-TOTAL-LJ,752.44,lbs,LabJackDAQ,LoadCellSummed,0
2025-05-21 13:46:44,007,LC-TOTAL-LJ,752.76,lbs,LabJackDAQ,LoadCellSummed,0
2025-05-21 13:46:44,056,LC-TOTAL-LJ,752.21,lbs,LabJackDAQ,LoadCellSummed,0
2025-05-21 13:46:44,105,LC-TOTAL-LJ,752.23,lbs,LabJackDAQ,LoadCellSummed,0
2025-05-21 13:46:44,153,LC-TOTAL-LJ,751.79,lbs,LabJackDAQ,LoadCellSummed,0
2025-05-21 13:46:44,201,LC-TOTAL-LJ,752.19,lbs,LabJackDAQ,LoadCellSummed,0
2025-05-21 13:46:44,249,LC-TOTAL-LJ,751.89,lbs,LabJackDAQ,LoadCellSummed,0
2025-05-21 13:46:44,297,LC-TOTAL-LJ,752.01,lbs,LabJackDAQ,LoadCellSummed,0
2025-05-21 13:46:44,344,LC-TOTAL-LJ,751.60,lbs,LabJackDAQ,LoadCellSummed,0
2025-05-21 13:46:44,392,LC-TOTAL-LJ,751.91,lbs,LabJackDAQ,LoadCellSummed,0
2025-05-21 13:46:44,441,LC-TOTAL-LJ,752.03,lbs,LabJackDAQ,LoadCellSummed,0
2025-05-21 13:46:44,492,LC-TOTAL-LJ,752.11,lbs,LabJackDAQ,LoadCellSummed,0
2025-05-21 13:46:44,542,LC-TOTAL-LJ,752.58,lbs,LabJackDAQ,LoadCellSummed,0
2025-05-21 13:46:44,596,LC-TOTAL-LJ,752.71,lbs,LabJackDAQ,LoadCellSummed,0
2025-05-21 13:46:44,645,LC-TOTAL-LJ,751.02,lbs,LabJackDAQ,LoadCellSummed,0
2025-05-21 13:46:44,697,LC-TOTAL-LJ,752.23,lbs,LabJackDAQ,LoadCellSummed,0
2025-05-21 13:46:44,746,LC-TOTAL-LJ,751.95,lbs,LabJackDAQ,LoadCellSummed,0
2025-05-21 13:46:44,794,LC-TOTAL-LJ,752.59,lbs,LabJackDAQ,LoadCellSummed,0
2025-05-21 13:46:44,843,LC-TOTAL-LJ,751.93,lbs,LabJackDAQ,LoadCellSummed,0
2025-05-21 13:46:44,892,LC-TOTAL-LJ,751.51,lbs,LabJackDAQ,LoadCellSummed,0
2025-05-21 13:46:44,941,LC-TOTAL-LJ,751.38,lbs,LabJackDAQ,LoadCellSummed,0
2025-05-21 13:46:44,989,LC-TOTAL-LJ,751.42,lbs,LabJackDAQ,LoadCellSummed,0
2025-05-21 13:46:45,041,LC-TOTAL-LJ,752.21,lbs,LabJackDAQ,LoadCellSummed,0
2025-05-21 13:46:45,090,LC-TOTAL-LJ,751.69,lbs,LabJackDAQ,LoadCellSummed,0
2025-05-21 13:46:45,144,LC-TOTAL-LJ,751.32,lbs,LabJackDAQ,LoadCellSummed,0
2025-05-21 13:46:45,194,LC-TOTAL-LJ,752.68,lbs,LabJackDAQ,LoadCellSummed,0
2025-05-21 13:46:45,246,LC-TOTAL-LJ,751.28,lbs,LabJackDAQ,LoadCellSummed,0
2025-05-21 13:46:45,293,LC-TOTAL-LJ,751.95,lbs,LabJackDAQ,LoadCellSummed,0
2025-05-21 13:46:45,341,LC-TOTAL-LJ,751.93,lbs,LabJackDAQ,LoadCellSummed,0
2025-05-21 13:46:45,389,LC-TOTAL-LJ,751.58,lbs,LabJackDAQ,LoadCellSummed,0
2025-05-21 13:46:45,437,LC-TOTAL-LJ,750.96,lbs,LabJackDAQ,LoadCellSummed,0
2025-05-21 13:46:45,486,LC-TOTAL-LJ,751.85,lbs,LabJackDAQ,LoadCellSummed,0
2025-05-21 13:46:45,538,LC-TOTAL-LJ,752.18,lbs,LabJackDAQ,LoadCellSummed,0
2025-05-21 13:46:45,587,LC-TOTAL-LJ,752.00,lbs,LabJackDAQ,LoadCellSummed,0
2025-05-21 13:46:45,643,LC-TOTAL-LJ,751.70,lbs,LabJackDAQ,LoadCellSummed,0
2025-05-21 13:46:45,694,LC-TOTAL-LJ,753.13,lbs,LabJackDAQ,LoadCellSummed,0
2025-05-21 13:46:45,746,LC-TOTAL-LJ,752.22,lbs,LabJackDAQ,LoadCellSummed,0
2025-05-21 13:46:45,795,LC-TOTAL-LJ,752.38,lbs,LabJackDAQ,LoadCellSummed,0
2025-05-21 13:46:45,844,LC-TOTAL-LJ,752.02,lbs,LabJackDAQ,LoadCellSummed,0
2025-05-21 13:46:45,892,LC-TOTAL-LJ,752.58,lbs,LabJackDAQ,LoadCellSummed,0
2025-05-21 13:46:45,941,LC-TOTAL-LJ,751.97,lbs,LabJackDAQ,LoadCellSummed,0
2025-05-21 13:46:45,990,LC-TOTAL-LJ,751.21,lbs,LabJackDAQ,LoadCellSummed,0
2025-05-21 13:46:46,040,LC-TOTAL-LJ,752.35,lbs,LabJackDAQ,LoadCellSummed,0
2025-05-21 13:46:46,090,LC-TOTAL-LJ,752.49,lbs,LabJackDAQ,LoadCellSummed,0
2025-05-21 13:46:46,143,LC-TOTAL-LJ,752.01,lbs,LabJackDAQ,LoadCellSummed,0
2025-05-21 13:46:46,194,LC-TOTAL-LJ,751.38,lbs,LabJackDAQ,LoadCellSummed,0
2025-05-21 13:46:46,246,LC-TOTAL-LJ,751.88,lbs,LabJackDAQ,LoadCellSummed,0
2025-05-21 13:46:46,295,LC-TOTAL-LJ,752.24,lbs,LabJackDAQ,LoadCellSummed,0
2025-05-21 13:46:46,342,LC-TOTAL-LJ,752.07,lbs,LabJackDAQ,LoadCellSummed,0
2025-05-21 13:46:46,391,LC-TOTAL-LJ,751.82,lbs,LabJackDAQ,LoadCellSummed,0
2025-05-21 13:46:46,438,LC-TOTAL-LJ,752.15,lbs,LabJackDAQ,LoadCellSummed,0
2025-05-21 13:46:46,487,LC-TOTAL-LJ,752.30,lbs,LabJackDAQ,LoadCellSummed,0
2025-05-21 13:46:46,538,LC-TOTAL-LJ,752.61,lbs,LabJackDAQ,LoadCellSummed,0
2025-05-21 13:46:46,587,LC-TOTAL-LJ,752.33,lbs,LabJackDAQ,LoadCellSummed,0
2025-05-21 13:46:46,641,LC-TOTAL-LJ,752.26,lbs,LabJackDAQ,LoadCellSummed,0
2025-05-21 13:46:46,689,LC-TOTAL-LJ,752.18,lbs,LabJackDAQ,LoadCellSummed,0
2025-05-21 13:46:46,741,LC-TOTAL-LJ,752.38,lbs,LabJackDAQ,LoadCellSummed,0
2025-05-21 13:46:46,788,LC-TOTAL-LJ,751.65,lbs,LabJackDAQ,LoadCellSummed,0
2025-05-21 13:46:46,837,LC-TOTAL-LJ,751.47,lbs,LabJackDAQ,LoadCellSummed,0
2025-05-21 13:46:46,886,LC-TOTAL-LJ,752.16,lbs,LabJackDAQ,LoadCellSummed,0
2025-05-21 13:46:46,935,LC-TOTAL-LJ,752.53,lbs,LabJackDAQ,LoadCellSummed,0
2025-05-21 13:46:46,984,LC-TOTAL-LJ,752.96,lbs,LabJackDAQ,LoadCellSummed,0
2025-05-21 13:46:47,036,LC-TOTAL-LJ,751.51,lbs,LabJackDAQ,LoadCellSummed,0
2025-05-21 13:46:47,085,LC-TOTAL-LJ,752.44,lbs,LabJackDAQ,LoadCellSummed,0
2025-05-21 13:46:47,139,LC-TOTAL-LJ,752.28,lbs,LabJackDAQ,LoadCellSummed,0
2025-05-21 13:46:47,188,LC-TOTAL-LJ,752.74,lbs,LabJackDAQ,LoadCellSummed,0
2025-05-21 13:46:47,241,LC-TOTAL-LJ,752.81,lbs,LabJackDAQ,LoadCellSummed,0
2025-05-21 13:46:47,288,LC-TOTAL-LJ,752.30,lbs,LabJackDAQ,LoadCellSummed,0
2025-05-21 13:46:47,336,LC-TOTAL-LJ,752.27,lbs,LabJackDAQ,LoadCellSummed,0
2025-05-21 13:46:47,384,LC-TOTAL-LJ,752.82,lbs,LabJackDAQ,LoadCellSummed,0
2025-05-21 13:46:47,432,LC-TOTAL-LJ,752.00,lbs,LabJackDAQ,LoadCellSummed,0
2025-05-21 13:46:47,481,LC-TOTAL-LJ,752.15,lbs,LabJackDAQ,LoadCellSummed,0
2025-05-21 13:46:47,532,LC-TOTAL-LJ,750.93,lbs,LabJackDAQ,LoadCellSummed,0
2025-05-21 13:46:47,580,LC-TOTAL-LJ,751.19,lbs,LabJackDAQ,LoadCellSummed,0
2025-05-21 13:46:47,633,LC-TOTAL-LJ,751.13,lbs,LabJackDAQ,LoadCellSummed,0
2025-05-21 13:46:47,683,LC-TOTAL-LJ,752.23,lbs,LabJackDAQ,LoadCellSummed,0
2025-05-21 13:46:47,735,LC-TOTAL-LJ,751.75,lbs,LabJackDAQ,LoadCellSummed,0
2025-05-21 13:46:47,783,LC-TOTAL-LJ,752.93,lbs,LabJackDAQ,LoadCellSummed,0
2025-05-21 13:46:47,831,LC-TOTAL-LJ,751.70,lbs,LabJackDAQ,LoadCellSummed,0
2025-05-21 13:46:47,879,LC-TOTAL-LJ,752.02,lbs,LabJackDAQ,LoadCellSummed,0
2025-05-21 13:46:47,927,LC-TOTAL-LJ,751.38,lbs,LabJackDAQ,LoadCellSummed,0
2025-05-21 13:46:47,976,LC-TOTAL-LJ,751.39,lbs,LabJackDAQ,LoadCellSummed,0
2025-05-21 13:46:48,028,LC-TOTAL-LJ,752.35,lbs,LabJackDAQ,LoadCellSummed,0
2025-05-21 13:46:48,076,LC-TOTAL-LJ,752.26,lbs,LabJackDAQ,LoadCellSummed,0
2025-05-21 13:46:48,130,LC-TOTAL-LJ,752.57,lbs,LabJackDAQ,LoadCellSummed,0
2025-05-21 13:46:48,180,LC-TOTAL-LJ,752.06,lbs,LabJackDAQ,LoadCellSummed,0
2025-05-21 13:46:48,231,LC-TOTAL-LJ,752.26,lbs,LabJackDAQ,LoadCellSummed,0
2025-05-21 13:46:48,279,LC-TOTAL-LJ,752.16,lbs,LabJackDAQ,LoadCellSummed,0
2025-05-21 13:46:48,326,LC-TOTAL-LJ,752.59,lbs,LabJackDAQ,LoadCellSummed,0
2025-05-21 13:46:48,376,LC-TOTAL-LJ,752.92,lbs,LabJackDAQ,LoadCellSummed,0
2025-05-21 13:46:48,426,LC-TOTAL-LJ,752.43,lbs,LabJackDAQ,LoadCellSummed,0
2025-05-21 13:46:48,474,LC-TOTAL-LJ,751.85,lbs,LabJackDAQ,LoadCellSummed,0
2025-05-21 13:46:48,527,LC-TOTAL-LJ,752.44,lbs,LabJackDAQ,LoadCellSummed,0
2025-05-21 13:46:48,576,LC-TOTAL-LJ,751.93,lbs,LabJackDAQ,LoadCellSummed,0
2025-05-21 13:46:48,629,LC-TOTAL-LJ,752.19,lbs,LabJackDAQ,LoadCellSummed,0
2025-05-21 13:46:48,680,LC-TOTAL-LJ,751.45,lbs,LabJackDAQ,LoadCellSummed,0
2025-05-21 13:46:48,732,LC-TOTAL-LJ,750.58,lbs,LabJackDAQ,LoadCellSummed,0
2025-05-21 13:46:48,781,LC-TOTAL-LJ,751.41,lbs,LabJackDAQ,LoadCellSummed,0
2025-05-21 13:46:48,828,LC-TOTAL-LJ,751.52,lbs,LabJackDAQ,LoadCellSummed,0
2025-05-21 13:46:48,876,LC-TOTAL-LJ,750.85,lbs,LabJackDAQ,LoadCellSummed,0
2025-05-21 13:46:48,926,LC-TOTAL-LJ,751.62,lbs,LabJackDAQ,LoadCellSummed,0
2025-05-21 13:46:48,974,LC-TOTAL-LJ,752.12,lbs,LabJackDAQ,LoadCellSummed,0
2025-05-21 13:46:49,026,LC-TOTAL-LJ,751.63,lbs,LabJackDAQ,LoadCellSummed,0
2025-05-21 13:46:49,075,LC-TOTAL-LJ,750.80,lbs,LabJackDAQ,LoadCellSummed,0
2025-05-21 13:46:49,128,LC-TOTAL-LJ,750.54,lbs,LabJackDAQ,LoadCellSummed,0
2025-05-21 13:46:49,178,LC-TOTAL-LJ,752.15,lbs,LabJackDAQ,LoadCellSummed,0
2025-05-21 13:46:49,230,LC-TOTAL-LJ,751.71,lbs,LabJackDAQ,LoadCellSummed,0
2025-05-21 13:46:49,279,LC-TOTAL-LJ,751.69,lbs,LabJackDAQ,LoadCellSummed,0
2025-05-21 13:46:49,326,LC-TOTAL-LJ,750.72,lbs,LabJackDAQ,LoadCellSummed,0
2025-05-21 13:46:49,375,LC-TOTAL-LJ,751.62,lbs,LabJackDAQ,LoadCellSummed,0
2025-05-21 13:46:49,423,LC-TOTAL-LJ,751.72,lbs,LabJackDAQ,LoadCellSummed,0
2025-05-21 13:46:49,471,LC-TOTAL-LJ,751.65,lbs,LabJackDAQ,LoadCellSummed,0
2025-05-21 13:46:49,524,LC-TOTAL-LJ,751.69,lbs,LabJackDAQ,LoadCellSummed,0
2025-05-21 13:46:49,573,LC-TOTAL-LJ,751.41,lbs,LabJackDAQ,LoadCellSummed,0
2025-05-21 13:46:49,625,LC-TOTAL-LJ,751.79,lbs,LabJackDAQ,LoadCellSummed,0
2025-05-21 13:46:49,676,LC-TOTAL-LJ,752.38,lbs,LabJackDAQ,LoadCellSummed,0
2025-05-21 13:46:49,729,LC-TOTAL-LJ,751.61,lbs,LabJackDAQ,LoadCellSummed,0
2025-05-21 13:46:49,778,LC-TOTAL-LJ,751.05,lbs,LabJackDAQ,LoadCellSummed,0
2025-05-21 13:46:49,826,LC-TOTAL-LJ,751.92,lbs,LabJackDAQ,LoadCellSummed,0
2025-05-21 13:46:49,874,LC-TOTAL-LJ,752.32,lbs,LabJackDAQ,LoadCellSummed,0
2025-05-21 13:46:49,923,LC-TOTAL-LJ,752.81,lbs,LabJackDAQ,LoadCellSummed,0
2025-05-21 13:46:49,970,LC-TOTAL-LJ,752.35,lbs,LabJackDAQ,LoadCellSummed,0
2025-05-21 13:46:50,019,LC-TOTAL-LJ,752.84,lbs,LabJackDAQ,LoadCellSummed,0
2025-05-21 13:46:50,069,LC-TOTAL-LJ,751.44,lbs,LabJackDAQ,LoadCellSummed,0
2025-05-21 13:46:50,117,LC-TOTAL-LJ,751.78,lbs,LabJackDAQ,LoadCellSummed,0
2025-05-21 13:46:50,170,LC-TOTAL-LJ,751.77,lbs,LabJackDAQ,LoadCellSummed,0
2025-05-21 13:46:50,218,LC-TOTAL-LJ,752.51,lbs,LabJackDAQ,LoadCellSummed,0
2025-05-21 13:46:50,271,LC-TOTAL-LJ,752.43,lbs,LabJackDAQ,LoadCellSummed,0
2025-05-21 13:46:50,319,LC-TOTAL-LJ,752.93,lbs,LabJackDAQ,LoadCellSummed,0
2025-05-21 13:46:50,365,LC-TOTAL-LJ,752.48,lbs,LabJackDAQ,LoadCellSummed,0
2025-05-21 13:46:50,412,LC-TOTAL-LJ,751.31,lbs,LabJackDAQ,LoadCellSummed,0
2025-05-21 13:46:50,460,LC-TOTAL-LJ,751.06,lbs,LabJackDAQ,LoadCellSummed,0
2025-05-21 13:46:50,508,LC-TOTAL-LJ,751.91,lbs,LabJackDAQ,LoadCellSummed,0
2025-05-21 13:46:50,557,LC-TOTAL-LJ,752.11,lbs,LabJackDAQ,LoadCellSummed,0
2025-05-21 13:46:50,605,LC-TOTAL-LJ,751.81,lbs,LabJackDAQ,LoadCellSummed,0
2025-05-21 13:46:50,654,LC-TOTAL-LJ,752.03,lbs,LabJackDAQ,LoadCellSummed,0
2025-05-21 13:46:50,703,LC-TOTAL-LJ,752.36,lbs,LabJackDAQ,LoadCellSummed,0
2025-05-21 13:46:50,755,LC-TOTAL-LJ,751.77,lbs,LabJackDAQ,LoadCellSummed,0
2025-05-21 13:46:50,801,LC-TOTAL-LJ,751.58,lbs,LabJackDAQ,LoadCellSummed,0
2025-05-21 13:46:50,847,LC-TOTAL-LJ,751.97,lbs,LabJackDAQ,LoadCellSummed,0
2025-05-21 13:46:50,893,LC-TOTAL-LJ,752.64,lbs,LabJackDAQ,LoadCellSummed,0
2025-05-21 13:46:50,943,LC-TOTAL-LJ,752.40,lbs,LabJackDAQ,LoadCellSummed,0
2025-05-21 13:46:50,989,LC-TOTAL-LJ,752.59,lbs,LabJackDAQ,LoadCellSummed,0
2025-05-21 13:46:51,036,LC-TOTAL-LJ,751.24,lbs,LabJackDAQ,LoadCellSummed,0
2025-05-21 13:46:51,086,LC-TOTAL-LJ,752.43,lbs,LabJackDAQ,LoadCellSummed,0
2025-05-21 13:46:51,134,LC-TOTAL-LJ,751.70,lbs,LabJackDAQ,LoadCellSummed,0
2025-05-21 13:46:51,184,LC-TOTAL-LJ,752.68,lbs,LabJackDAQ,LoadCellSummed,0
2025-05-21 13:46:51,232,LC-TOTAL-LJ,751.60,lbs,LabJackDAQ,LoadCellSummed,0
2025-05-21 13:46:51,282,LC-TOTAL-LJ,752.25,lbs,LabJackDAQ,LoadCellSummed,0
2025-05-21 13:46:51,328,LC-TOTAL-LJ,752.42,lbs,LabJackDAQ,LoadCellSummed,0
2025-05-21 13:46:51,376,LC-TOTAL-LJ,752.55,lbs,LabJackDAQ,LoadCellSummed,0
2025-05-21 13:46:51,424,LC-TOTAL-LJ,752.51,lbs,LabJackDAQ,LoadCellSummed,0
2025-05-21 13:46:51,471,LC-TOTAL-LJ,752.80,lbs,LabJackDAQ,LoadCellSummed,0
2025-05-21 13:46:51,520,LC-TOTAL-LJ,752.78,lbs,LabJackDAQ,LoadCellSummed,0
2025-05-21 13:46:51,571,LC-TOTAL-LJ,751.47,lbs,LabJackDAQ,LoadCellSummed,0
2025-05-21 13:46:51,618,LC-TOTAL-LJ,751.68,lbs,LabJackDAQ,LoadCellSummed,0
2025-05-21 13:46:51,671,LC-TOTAL-LJ,752.30,lbs,LabJackDAQ,LoadCellSummed,0
2025-05-21 13:46:51,720,LC-TOTAL-LJ,751.22,lbs,LabJackDAQ,LoadCellSummed,0
2025-05-21 13:46:51,773,LC-TOTAL-LJ,751.73,lbs,LabJackDAQ,LoadCellSummed,0
2025-05-21 13:46:51,819,LC-TOTAL-LJ,752.65,lbs,LabJackDAQ,LoadCellSummed,0
2025-05-21 13:46:51,866,LC-TOTAL-LJ,752.47,lbs,LabJackDAQ,LoadCellSummed,0
2025-05-21 13:46:51,915,LC-TOTAL-LJ,752.54,lbs,LabJackDAQ,LoadCellSummed,0
2025-05-21 13:46:51,962,LC-TOTAL-LJ,752.22,lbs,LabJackDAQ,LoadCellSummed,0
2025-05-21 13:46:52,010,LC-TOTAL-LJ,753.17,lbs,LabJackDAQ,LoadCellSummed,0
2025-05-21 13:46:52,059,LC-TOTAL-LJ,752.35,lbs,LabJackDAQ,LoadCellSummed,0
2025-05-21 13:46:52,110,LC-TOTAL-LJ,751.60,lbs,LabJackDAQ,LoadCellSummed,0
2025-05-21 13:46:52,158,LC-TOTAL-LJ,751.75,lbs,LabJackDAQ,LoadCellSummed,0
2025-05-21 13:46:52,209,LC-TOTAL-LJ,753.10,lbs,LabJackDAQ,LoadCellSummed,0
2025-05-21 13:46:52,258,LC-TOTAL-LJ,752.18,lbs,LabJackDAQ,LoadCellSummed,0
2025-05-21 13:46:52,309,LC-TOTAL-LJ,752.64,lbs,LabJackDAQ,LoadCellSummed,0
2025-05-21 13:46:52,357,LC-TOTAL-LJ,751.51,lbs,LabJackDAQ,LoadCellSummed,0
2025-05-21 13:46:52,405,LC-TOTAL-LJ,751.70,lbs,LabJackDAQ,LoadCellSummed,0
2025-05-21 13:46:52,454,LC-TOTAL-LJ,751.99,lbs,LabJackDAQ,LoadCellSummed,0
2025-05-21 13:46:52,501,LC-TOTAL-LJ,752.09,lbs,LabJackDAQ,LoadCellSummed,0
2025-05-21 13:46:52,549,LC-TOTAL-LJ,751.24,lbs,LabJackDAQ,LoadCellSummed,0
2025-05-21 13:46:52,599,LC-TOTAL-LJ,752.68,lbs,LabJackDAQ,LoadCellSummed,0
2025-05-21 13:46:52,647,LC-TOTAL-LJ,752.40,lbs,LabJackDAQ,LoadCellSummed,0
2025-05-21 13:46:52,700,LC-TOTAL-LJ,752.43,lbs,LabJackDAQ,LoadCellSummed,0
2025-05-21 13:46:52,749,LC-TOTAL-LJ,752.69,lbs,LabJackDAQ,LoadCellSummed,0
2025-05-21 13:46:52,802,LC-TOTAL-LJ,751.60,lbs,LabJackDAQ,LoadCellSummed,0
2025-05-21 13:46:52,851,LC-TOTAL-LJ,752.83,lbs,LabJackDAQ,LoadCellSummed,0
2025-05-21 13:46:52,899,LC-TOTAL-LJ,752.95,lbs,LabJackDAQ,LoadCellSummed,0
2025-05-21 13:46:52,948,LC-TOTAL-LJ,752.51,lbs,LabJackDAQ,LoadCellSummed,0
2025-05-21 13:46:52,997,LC-TOTAL-LJ,752.15,lbs,LabJackDAQ,LoadCellSummed,0
2025-05-21 13:46:53,044,LC-TOTAL-LJ,751.69,lbs,LabJackDAQ,LoadCellSummed,0
2025-05-21 13:46:53,092,LC-TOTAL-LJ,752.88,lbs,LabJackDAQ,LoadCellSummed,0
2025-05-21 13:46:53,140,LC-TOTAL-LJ,752.30,lbs,LabJackDAQ,LoadCellSummed,0
2025-05-21 13:46:53,189,LC-TOTAL-LJ,751.91,lbs,LabJackDAQ,LoadCellSummed,0
2025-05-21 13:46:53,238,LC-TOTAL-LJ,752.24,lbs,LabJackDAQ,LoadCellSummed,0
2025-05-21 13:46:53,287,LC-TOTAL-LJ,751.17,lbs,LabJackDAQ,LoadCellSummed,0
2025-05-21 13:46:53,335,LC-TOTAL-LJ,751.73,lbs,LabJackDAQ,LoadCellSummed,0
2025-05-21 13:46:53,383,LC-TOTAL-LJ,752.40,lbs,LabJackDAQ,LoadCellSummed,0
2025-05-21 13:46:53,431,LC-TOTAL-LJ,751.40,lbs,LabJackDAQ,LoadCellSummed,0
2025-05-21 13:46:53,478,LC-TOTAL-LJ,751.54,lbs,LabJackDAQ,LoadCellSummed,0
2025-05-21 13:46:53,527,LC-TOTAL-LJ,752.10,lbs,LabJackDAQ,LoadCellSummed,0
2025-05-21 13:46:53,577,LC-TOTAL-LJ,752.76,lbs,LabJackDAQ,LoadCellSummed,0
2025-05-21 13:46:53,627,LC-TOTAL-LJ,752.84,lbs,LabJackDAQ,LoadCellSummed,0
2025-05-21 13:46:53,680,LC-TOTAL-LJ,752.12,lbs,LabJackDAQ,LoadCellSummed,0
2025-05-21 13:46:53,730,LC-TOTAL-LJ,751.60,lbs,LabJackDAQ,LoadCellSummed,0
2025-05-21 13:46:53,781,LC-TOTAL-LJ,752.91,lbs,LabJackDAQ,LoadCellSummed,0
2025-05-21 13:46:53,830,LC-TOTAL-LJ,752.67,lbs,LabJackDAQ,LoadCellSummed,0
2025-05-21 13:46:53,879,LC-TOTAL-LJ,752.10,lbs,LabJackDAQ,LoadCellSummed,0
2025-05-21 13:46:53,927,LC-TOTAL-LJ,752.16,lbs,LabJackDAQ,LoadCellSummed,0
2025-05-21 13:46:53,976,LC-TOTAL-LJ,752.20,lbs,LabJackDAQ,LoadCellSummed,0
2025-05-21 13:46:54,024,LC-TOTAL-LJ,751.17,lbs,LabJackDAQ,LoadCellSummed,0
2025-05-21 13:46:54,074,LC-TOTAL-LJ,752.38,lbs,LabJackDAQ,LoadCellSummed,0
2025-05-21 13:46:54,123,LC-TOTAL-LJ,752.27,lbs,LabJackDAQ,LoadCellSummed,0
2025-05-21 13:46:54,178,LC-TOTAL-LJ,752.18,lbs,LabJackDAQ,LoadCellSummed,0
2025-05-21 13:46:54,228,LC-TOTAL-LJ,751.55,lbs,LabJackDAQ,LoadCellSummed,0
2025-05-21 13:46:54,281,LC-TOTAL-LJ,752.24,lbs,LabJackDAQ,LoadCellSummed,0
2025-05-21 13:46:54,327,LC-TOTAL-LJ,752.10,lbs,LabJackDAQ,LoadCellSummed,0
2025-05-21 13:46:54,374,LC-TOTAL-LJ,752.25,lbs,LabJackDAQ,LoadCellSummed,0
2025-05-21 13:46:54,424,LC-TOTAL-LJ,752.59,lbs,LabJackDAQ,LoadCellSummed,0
2025-05-21 13:46:54,472,LC-TOTAL-LJ,752.23,lbs,LabJackDAQ,LoadCellSummed,0
2025-05-21 13:46:54,520,LC-TOTAL-LJ,752.57,lbs,LabJackDAQ,LoadCellSummed,0
2025-05-21 13:46:54,569,LC-TOTAL-LJ,751.67,lbs,LabJackDAQ,LoadCellSummed,0
2025-05-21 13:46:54,618,LC-TOTAL-LJ,751.89,lbs,LabJackDAQ,LoadCellSummed,0
2025-05-21 13:46:54,666,LC-TOTAL-LJ,751.82,lbs,LabJackDAQ,LoadCellSummed,0
2025-05-21 13:46:54,717,LC-TOTAL-LJ,752.87,lbs,LabJackDAQ,LoadCellSummed,0
2025-05-21 13:46:54,766,LC-TOTAL-LJ,752.64,lbs,LabJackDAQ,LoadCellSummed,0
2025-05-21 13:46:54,816,LC-TOTAL-LJ,752.07,lbs,LabJackDAQ,LoadCellSummed,0
2025-05-21 13:46:54,865,LC-TOTAL-LJ,751.38,lbs,LabJackDAQ,LoadCellSummed,0
2025-05-21 13:46:54,916,LC-TOTAL-LJ,752.42,lbs,LabJackDAQ,LoadCellSummed,0
2025-05-21 13:46:54,963,LC-TOTAL-LJ,752.67,lbs,LabJackDAQ,LoadCellSummed,0
2025-05-21 13:46:55,011,LC-TOTAL-LJ,752.28,lbs,LabJackDAQ,LoadCellSummed,0
2025-05-21 13:46:55,060,LC-TOTAL-LJ,752.21,lbs,LabJackDAQ,LoadCellSummed,0
2025-05-21 13:46:55,113,LC-TOTAL-LJ,752.59,lbs,LabJackDAQ,LoadCellSummed,0
2025-05-21 13:46:55,163,LC-TOTAL-LJ,752.49,lbs,LabJackDAQ,LoadCellSummed,0
2025-05-21 13:46:55,217,LC-TOTAL-LJ,752.83,lbs,LabJackDAQ,LoadCellSummed,0
2025-05-21 13:46:55,266,LC-TOTAL-LJ,751.12,lbs,LabJackDAQ,LoadCellSummed,0
2025-05-21 13:46:55,320,LC-TOTAL-LJ,752.70,lbs,LabJackDAQ,LoadCellSummed,0
2025-05-21 13:46:55,368,LC-TOTAL-LJ,751.77,lbs,LabJackDAQ,LoadCellSummed,0
2025-05-21 13:46:55,417,LC-TOTAL-LJ,751.70,lbs,LabJackDAQ,LoadCellSummed,0
2025-05-21 13:46:55,466,LC-TOTAL-LJ,751.97,lbs,LabJackDAQ,LoadCellSummed,0
2025-05-21 13:46:55,513,LC-TOTAL-LJ,751.70,lbs,LabJackDAQ,LoadCellSummed,0
2025-05-21 13:46:55,562,LC-TOTAL-LJ,752.02,lbs,LabJackDAQ,LoadCellSummed,0
2025-05-21 13:46:55,613,LC-TOTAL-LJ,752.29,lbs,LabJackDAQ,LoadCellSummed,0
2025-05-21 13:46:55,662,LC-TOTAL-LJ,750.95,lbs,LabJackDAQ,LoadCellSummed,0
2025-05-21 13:46:55,716,LC-TOTAL-LJ,751.00,lbs,LabJackDAQ,LoadCellSummed,0
2025-05-21 13:46:55,766,LC-TOTAL-LJ,752.42,lbs,LabJackDAQ,LoadCellSummed,0
2025-05-21 13:46:55,818,LC-TOTAL-LJ,752.25,lbs,LabJackDAQ,LoadCellSummed,0
2025-05-21 13:46:55,868,LC-TOTAL-LJ,751.52,lbs,LabJackDAQ,LoadCellSummed,0
2025-05-21 13:46:55,916,LC-TOTAL-LJ,752.34,lbs,LabJackDAQ,LoadCellSummed,0
2025-05-21 13:46:55,964,LC-TOTAL-LJ,752.35,lbs,LabJackDAQ,LoadCellSummed,0
2025-05-21 13:46:56,011,LC-TOTAL-LJ,751.92,lbs,LabJackDAQ,LoadCellSummed,0
2025-05-21 13:46:56,059,LC-TOTAL-LJ,750.77,lbs,LabJackDAQ,LoadCellSummed,0
2025-05-21 13:46:56,112,LC-TOTAL-LJ,751.38,lbs,LabJackDAQ,LoadCellSummed,0
2025-05-21 13:46:56,162,LC-TOTAL-LJ,751.50,lbs,LabJackDAQ,LoadCellSummed,0
2025-05-21 13:46:56,225,LC-TOTAL-LJ,752.64,lbs,LabJackDAQ,LoadCellSummed,0
2025-05-21 13:46:56,275,LC-TOTAL-LJ,750.94,lbs,LabJackDAQ,LoadCellSummed,0
2025-05-21 13:46:56,327,LC-TOTAL-LJ,752.47,lbs,LabJackDAQ,LoadCellSummed,0
2025-05-21 13:46:56,376,LC-TOTAL-LJ,752.46,lbs,LabJackDAQ,LoadCellSummed,0
2025-05-21 13:46:56,424,LC-TOTAL-LJ,752.26,lbs,LabJackDAQ,LoadCellSummed,0
2025-05-21 13:46:56,472,LC-TOTAL-LJ,751.60,lbs,LabJackDAQ,LoadCellSummed,0
2025-05-21 13:46:56,521,LC-TOTAL-LJ,751.61,lbs,LabJackDAQ,LoadCellSummed,0
2025-05-21 13:46:56,574,LC-TOTAL-LJ,752.23,lbs,LabJackDAQ,LoadCellSummed,0
2025-05-21 13:46:56,622,LC-TOTAL-LJ,752.02,lbs,LabJackDAQ,LoadCellSummed,0
2025-05-21 13:46:56,676,LC-TOTAL-LJ,752.36,lbs,LabJackDAQ,LoadCellSummed,0
2025-05-21 13:46:56,726,LC-TOTAL-LJ,752.11,lbs,LabJackDAQ,LoadCellSummed,0
2025-05-21 13:46:56,779,LC-TOTAL-LJ,751.02,lbs,LabJackDAQ,LoadCellSummed,0
2025-05-21 13:46:56,829,LC-TOTAL-LJ,752.44,lbs,LabJackDAQ,LoadCellSummed,0
2025-05-21 13:46:56,876,LC-TOTAL-LJ,752.65,lbs,LabJackDAQ,LoadCellSummed,0
2025-05-21 13:46:56,924,LC-TOTAL-LJ,752.28,lbs,LabJackDAQ,LoadCellSummed,0
2025-05-21 13:46:56,971,LC-TOTAL-LJ,751.64,lbs,LabJackDAQ,LoadCellSummed,0
2025-05-21 13:46:57,019,LC-TOTAL-LJ,752.29,lbs,LabJackDAQ,LoadCellSummed,0
2025-05-21 13:46:57,066,LC-TOTAL-LJ,751.46,lbs,LabJackDAQ,LoadCellSummed,0
2025-05-21 13:46:57,115,LC-TOTAL-LJ,752.43,lbs,LabJackDAQ,LoadCellSummed,0
2025-05-21 13:46:57,165,LC-TOTAL-LJ,752.32,lbs,LabJackDAQ,LoadCellSummed,0
2025-05-21 13:46:57,219,LC-TOTAL-LJ,753.07,lbs,LabJackDAQ,LoadCellSummed,0
2025-05-21 13:46:57,270,LC-TOTAL-LJ,751.44,lbs,LabJackDAQ,LoadCellSummed,0
2025-05-21 13:46:57,324,LC-TOTAL-LJ,751.96,lbs,LabJackDAQ,LoadCellSummed,0
2025-05-21 13:46:57,375,LC-TOTAL-LJ,752.39,lbs,LabJackDAQ,LoadCellSummed,0
2025-05-21 13:46:57,425,LC-TOTAL-LJ,752.44,lbs,LabJackDAQ,LoadCellSummed,0
2025-05-21 13:46:57,473,LC-TOTAL-LJ,751.88,lbs,LabJackDAQ,LoadCellSummed,0
2025-05-21 13:46:57,521,LC-TOTAL-LJ,752.13,lbs,LabJackDAQ,LoadCellSummed,0
2025-05-21 13:46:57,571,LC-TOTAL-LJ,750.71,lbs,LabJackDAQ,LoadCellSummed,0
2025-05-21 13:46:57,623,LC-TOTAL-LJ,752.25,lbs,LabJackDAQ,LoadCellSummed,0
2025-05-21 13:46:57,672,LC-TOTAL-LJ,751.49,lbs,LabJackDAQ,LoadCellSummed,0
2025-05-21 13:46:57,726,LC-TOTAL-LJ,752.10,lbs,LabJackDAQ,LoadCellSummed,0
2025-05-21 13:46:57,778,LC-TOTAL-LJ,752.29,lbs,LabJackDAQ,LoadCellSummed,0
2025-05-21 13:46:57,829,LC-TOTAL-LJ,751.51,lbs,LabJackDAQ,LoadCellSummed,0
2025-05-21 13:46:57,877,LC-TOTAL-LJ,751.30,lbs,LabJackDAQ,LoadCellSummed,0
2025-05-21 13:46:57,924,LC-TOTAL-LJ,751.67,lbs,LabJackDAQ,LoadCellSummed,0
2025-05-21 13:46:57,972,LC-TOTAL-LJ,752.22,lbs,LabJackDAQ,LoadCellSummed,0
2025-05-21 13:46:58,020,LC-TOTAL-LJ,751.66,lbs,LabJackDAQ,LoadCellSummed,0
2025-05-21 13:46:58,069,LC-TOTAL-LJ,751.11,lbs,LabJackDAQ,LoadCellSummed,0
2025-05-21 13:46:58,122,LC-TOTAL-LJ,751.50,lbs,LabJackDAQ,LoadCellSummed,0
2025-05-21 13:46:58,172,LC-TOTAL-LJ,751.93,lbs,LabJackDAQ,LoadCellSummed,0
2025-05-21 13:46:58,226,LC-TOTAL-LJ,752.10,lbs,LabJackDAQ,LoadCellSummed,0
2025-05-21 13:46:58,278,LC-TOTAL-LJ,752.09,lbs,LabJackDAQ,LoadCellSummed,0
2025-05-21 13:46:58,330,LC-TOTAL-LJ,752.61,lbs,LabJackDAQ,LoadCellSummed,0
2025-05-21 13:46:58,378,LC-TOTAL-LJ,752.17,lbs,LabJackDAQ,LoadCellSummed,0
2025-05-21 13:46:58,426,LC-TOTAL-LJ,752.54,lbs,LabJackDAQ,LoadCellSummed,0
2025-05-21 13:46:58,475,LC-TOTAL-LJ,752.51,lbs,LabJackDAQ,LoadCellSummed,0
2025-05-21 13:46:58,523,LC-TOTAL-LJ,752.06,lbs,LabJackDAQ,LoadCellSummed,0
2025-05-21 13:46:58,571,LC-TOTAL-LJ,752.10,lbs,LabJackDAQ,LoadCellSummed,0
2025-05-21 13:46:58,622,LC-TOTAL-LJ,752.55,lbs,LabJackDAQ,LoadCellSummed,0
2025-05-21 13:46:58,671,LC-TOTAL-LJ,752.87,lbs,LabJackDAQ,LoadCellSummed,0
2025-05-21 13:46:58,726,LC-TOTAL-LJ,753.06,lbs,LabJackDAQ,LoadCellSummed,0
2025-05-21 13:46:58,777,LC-TOTAL-LJ,750.89,lbs,LabJackDAQ,LoadCellSummed,0
2025-05-21 13:46:58,828,LC-TOTAL-LJ,752.42,lbs,LabJackDAQ,LoadCellSummed,0
2025-05-21 13:46:58,876,LC-TOTAL-LJ,752.48,lbs,LabJackDAQ,LoadCellSummed,0
2025-05-21 13:46:58,924,LC-TOTAL-LJ,752.53,lbs,LabJackDAQ,LoadCellSummed,0
2025-05-21 13:46:58,974,LC-TOTAL-LJ,751.99,lbs,LabJackDAQ,LoadCellSummed,0
2025-05-21 13:46:59,022,LC-TOTAL-LJ,751.98,lbs,LabJackDAQ,LoadCellSummed,0
2025-05-21 13:46:59,071,LC-TOTAL-LJ,751.60,lbs,LabJackDAQ,LoadCellSummed,0
2025-05-21 13:46:59,121,LC-TOTAL-LJ,753.00,lbs,LabJackDAQ,LoadCellSummed,0
2025-05-21 13:46:59,171,LC-TOTAL-LJ,752.26,lbs,LabJackDAQ,LoadCellSummed,0
2025-05-21 13:46:59,224,LC-TOTAL-LJ,752.14,lbs,LabJackDAQ,LoadCellSummed,0
2025-05-21 13:46:59,275,LC-TOTAL-LJ,751.46,lbs,LabJackDAQ,LoadCellSummed,0
2025-05-21 13:46:59,328,LC-TOTAL-LJ,751.69,lbs,LabJackDAQ,LoadCellSummed,0
2025-05-21 13:46:59,376,LC-TOTAL-LJ,751.80,lbs,LabJackDAQ,LoadCellSummed,0
2025-05-21 13:46:59,424,LC-TOTAL-LJ,751.29,lbs,LabJackDAQ,LoadCellSummed,0
2025-05-21 13:46:59,472,LC-TOTAL-LJ,751.24,lbs,LabJackDAQ,LoadCellSummed,0
2025-05-21 13:46:59,521,LC-TOTAL-LJ,751.92,lbs,LabJackDAQ,LoadCellSummed,0
2025-05-21 13:46:59,570,LC-TOTAL-LJ,750.91,lbs,LabJackDAQ,LoadCellSummed,0
2025-05-21 13:46:59,622,LC-TOTAL-LJ,751.60,lbs,LabJackDAQ,LoadCellSummed,0
2025-05-21 13:46:59,673,LC-TOTAL-LJ,752.03,lbs,LabJackDAQ,LoadCellSummed,0
2025-05-21 13:46:59,726,LC-TOTAL-LJ,752.38,lbs,LabJackDAQ,LoadCellSummed,0
2025-05-21 13:46:59,777,LC-TOTAL-LJ,752.31,lbs,LabJackDAQ,LoadCellSummed,0
2025-05-21 13:46:59,828,LC-TOTAL-LJ,752.12,lbs,LabJackDAQ,LoadCellSummed,0
2025-05-21 13:46:59,876,LC-TOTAL-LJ,752.72,lbs,LabJackDAQ,LoadCellSummed,0
2025-05-21 13:46:59,926,LC-TOTAL-LJ,752.59,lbs,LabJackDAQ,LoadCellSummed,0
2025-05-21 13:46:59,975,LC-TOTAL-LJ,752.26,lbs,LabJackDAQ,LoadCellSummed,0
2025-05-21 13:47:00,023,LC-TOTAL-LJ,752.38,lbs,LabJackDAQ,LoadCellSummed,0
2025-05-21 13:47:00,070,LC-TOTAL-LJ,752.35,lbs,LabJackDAQ,LoadCellSummed,0
2025-05-21 13:47:00,120,LC-TOTAL-LJ,752.57,lbs,LabJackDAQ,LoadCellSummed,0
2025-05-21 13:47:00,172,LC-TOTAL-LJ,752.14,lbs,LabJackDAQ,LoadCellSummed,0
2025-05-21 13:47:00,222,LC-TOTAL-LJ,752.69,lbs,LabJackDAQ,LoadCellSummed,0
2025-05-21 13:47:00,277,LC-TOTAL-LJ,751.71,lbs,LabJackDAQ,LoadCellSummed,0
2025-05-21 13:47:00,326,LC-TOTAL-LJ,752.46,lbs,LabJackDAQ,LoadCellSummed,0
2025-05-21 13:47:00,378,LC-TOTAL-LJ,751.27,lbs,LabJackDAQ,LoadCellSummed,0
2025-05-21 13:47:00,426,LC-TOTAL-LJ,752.06,lbs,LabJackDAQ,LoadCellSummed,0
2025-05-21 13:47:00,475,LC-TOTAL-LJ,751.61,lbs,LabJackDAQ,LoadCellSummed,0
2025-05-21 13:47:00,524,LC-TOTAL-LJ,751.36,lbs,LabJackDAQ,LoadCellSummed,0
2025-05-21 13:47:00,572,LC-TOTAL-LJ,752.04,lbs,LabJackDAQ,LoadCellSummed,0
2025-05-21 13:47:00,622,LC-TOTAL-LJ,752.93,lbs,LabJackDAQ,LoadCellSummed,0
2025-05-21 13:47:00,674,LC-TOTAL-LJ,751.52,lbs,LabJackDAQ,LoadCellSummed,0
2025-05-21 13:47:00,723,LC-TOTAL-LJ,752.42,lbs,LabJackDAQ,LoadCellSummed,0
2025-05-21 13:47:00,778,LC-TOTAL-LJ,752.57,lbs,LabJackDAQ,LoadCellSummed,0
2025-05-21 13:47:00,828,LC-TOTAL-LJ,751.78,lbs,LabJackDAQ,LoadCellSummed,0
2025-05-21 13:47:00,879,LC-TOTAL-LJ,752.29,lbs,LabJackDAQ,LoadCellSummed,0
2025-05-21 13:47:00,927,LC-TOTAL-LJ,752.38,lbs,LabJackDAQ,LoadCellSummed,0
2025-05-21 13:47:00,975,LC-TOTAL-LJ,752.68,lbs,LabJackDAQ,LoadCellSummed,0
2025-05-21 13:47:01,023,LC-TOTAL-LJ,752.49,lbs,LabJackDAQ,LoadCellSummed,0
2025-05-21 13:47:01,072,LC-TOTAL-LJ,752.18,lbs,LabJackDAQ,LoadCellSummed,0
2025-05-21 13:47:01,120,LC-TOTAL-LJ,752.84,lbs,LabJackDAQ,LoadCellSummed,0
2025-05-21 13:47:01,172,LC-TOTAL-LJ,752.09,lbs,LabJackDAQ,LoadCellSummed,0
2025-05-21 13:47:01,222,LC-TOTAL-LJ,752.78,lbs,LabJackDAQ,LoadCellSummed,0
2025-05-21 13:47:01,279,LC-TOTAL-LJ,751.47,lbs,LabJackDAQ,LoadCellSummed,0
2025-05-21 13:47:01,329,LC-TOTAL-LJ,751.66,lbs,LabJackDAQ,LoadCellSummed,0
2025-05-21 13:47:01,382,LC-TOTAL-LJ,751.64,lbs,LabJackDAQ,LoadCellSummed,0
2025-05-21 13:47:01,430,LC-TOTAL-LJ,751.65,lbs,LabJackDAQ,LoadCellSummed,0
2025-05-21 13:47:01,476,LC-TOTAL-LJ,751.28,lbs,LabJackDAQ,LoadCellSummed,0
2025-05-21 13:47:01,523,LC-TOTAL-LJ,752.22,lbs,LabJackDAQ,LoadCellSummed,0
2025-05-21 13:47:01,570,LC-TOTAL-LJ,752.41,lbs,LabJackDAQ,LoadCellSummed,0
2025-05-21 13:47:01,618,LC-TOTAL-LJ,752.78,lbs,LabJackDAQ,LoadCellSummed,0
2025-05-21 13:47:01,668,LC-TOTAL-LJ,751.22,lbs,LabJackDAQ,LoadCellSummed,0
2025-05-21 13:47:01,715,LC-TOTAL-LJ,751.83,lbs,LabJackDAQ,LoadCellSummed,0
2025-05-21 13:47:01,769,LC-TOTAL-LJ,751.98,lbs,LabJackDAQ,LoadCellSummed,0
2025-05-21 13:47:01,820,LC-TOTAL-LJ,751.58,lbs,LabJackDAQ,LoadCellSummed,0
2025-05-21 13:47:01,873,LC-TOTAL-LJ,751.11,lbs,LabJackDAQ,LoadCellSummed,0
2025-05-21 13:47:01,921,LC-TOTAL-LJ,751.61,lbs,LabJackDAQ,LoadCellSummed,0
2025-05-21 13:47:01,970,LC-TOTAL-LJ,751.09,lbs,LabJackDAQ,LoadCellSummed,0
2025-05-21 13:47:02,018,LC-TOTAL-LJ,752.26,lbs,LabJackDAQ,LoadCellSummed,0
2025-05-21 13:47:02,067,LC-TOTAL-LJ,752.33,lbs,LabJackDAQ,LoadCellSummed,0
2025-05-21 13:47:02,116,LC-TOTAL-LJ,752.45,lbs,LabJackDAQ,LoadCellSummed,0
2025-05-21 13:47:02,166,LC-TOTAL-LJ,751.44,lbs,LabJackDAQ,LoadCellSummed,0
2025-05-21 13:47:02,215,LC-TOTAL-LJ,751.46,lbs,LabJackDAQ,LoadCellSummed,0
2025-05-21 13:47:02,268,LC-TOTAL-LJ,750.72,lbs,LabJackDAQ,LoadCellSummed,0
2025-05-21 13:47:02,317,LC-TOTAL-LJ,751.98,lbs,LabJackDAQ,LoadCellSummed,0
2025-05-21 13:47:02,369,LC-TOTAL-LJ,752.00,lbs,LabJackDAQ,LoadCellSummed,0
2025-05-21 13:47:02,417,LC-TOTAL-LJ,752.75,lbs,LabJackDAQ,LoadCellSummed,0
2025-05-21 13:47:02,465,LC-TOTAL-LJ,752.53,lbs,LabJackDAQ,LoadCellSummed,0
2025-05-21 13:47:02,513,LC-TOTAL-LJ,751.97,lbs,LabJackDAQ,LoadCellSummed,0
2025-05-21 13:47:02,560,LC-TOTAL-LJ,752.38,lbs,LabJackDAQ,LoadCellSummed,0
2025-05-21 13:47:02,609,LC-TOTAL-LJ,752.15,lbs,LabJackDAQ,LoadCellSummed,0
2025-05-21 13:47:02,661,LC-TOTAL-LJ,752.40,lbs,LabJackDAQ,LoadCellSummed,0
2025-05-21 13:47:02,710,LC-TOTAL-LJ,752.48,lbs,LabJackDAQ,LoadCellSummed,0
2025-05-21 13:47:02,764,LC-TOTAL-LJ,752.34,lbs,LabJackDAQ,LoadCellSummed,0
2025-05-21 13:47:02,816,LC-TOTAL-LJ,751.64,lbs,LabJackDAQ,LoadCellSummed,0
2025-05-21 13:47:02,868,LC-TOTAL-LJ,751.64,lbs,LabJackDAQ,LoadCellSummed,0
2025-05-21 13:47:02,916,LC-TOTAL-LJ,751.58,lbs,LabJackDAQ,LoadCellSummed,0
2025-05-21 13:47:02,966,LC-TOTAL-LJ,751.89,lbs,LabJackDAQ,LoadCellSummed,0
2025-05-21 13:47:03,015,LC-TOTAL-LJ,752.53,lbs,LabJackDAQ,LoadCellSummed,0
2025-05-21 13:47:03,063,LC-TOTAL-LJ,752.66,lbs,LabJackDAQ,LoadCellSummed,0
2025-05-21 13:47:03,110,LC-TOTAL-LJ,752.58,lbs,LabJackDAQ,LoadCellSummed,0
2025-05-21 13:47:03,162,LC-TOTAL-LJ,751.92,lbs,LabJackDAQ,LoadCellSummed,0
2025-05-21 13:47:03,211,LC-TOTAL-LJ,751.58,lbs,LabJackDAQ,LoadCellSummed,0
2025-05-21 13:47:03,265,LC-TOTAL-LJ,752.08,lbs,LabJackDAQ,LoadCellSummed,0
2025-05-21 13:47:03,315,LC-TOTAL-LJ,752.38,lbs,LabJackDAQ,LoadCellSummed,0
2025-05-21 13:47:03,367,LC-TOTAL-LJ,751.23,lbs,LabJackDAQ,LoadCellSummed,0
2025-05-21 13:47:03,416,LC-TOTAL-LJ,752.22,lbs,LabJackDAQ,LoadCellSummed,0
2025-05-21 13:47:03,464,LC-TOTAL-LJ,752.59,lbs,LabJackDAQ,LoadCellSummed,0
2025-05-21 13:47:03,513,LC-TOTAL-LJ,752.94,lbs,LabJackDAQ,LoadCellSummed,0
2025-05-21 13:47:03,560,LC-TOTAL-LJ,752.54,lbs,LabJackDAQ,LoadCellSummed,0
2025-05-21 13:47:03,609,LC-TOTAL-LJ,752.99,lbs,LabJackDAQ,LoadCellSummed,0
2025-05-21 13:47:03,661,LC-TOTAL-LJ,751.62,lbs,LabJackDAQ,LoadCellSummed,0
2025-05-21 13:47:03,708,LC-TOTAL-LJ,751.62,lbs,LabJackDAQ,LoadCellSummed,0
2025-05-21 13:47:03,762,LC-TOTAL-LJ,751.98,lbs,LabJackDAQ,LoadCellSummed,0
2025-05-21 13:47:03,812,LC-TOTAL-LJ,751.61,lbs,LabJackDAQ,LoadCellSummed,0
2025-05-21 13:47:03,865,LC-TOTAL-LJ,752.67,lbs,LabJackDAQ,LoadCellSummed,0
2025-05-21 13:47:03,913,LC-TOTAL-LJ,751.59,lbs,LabJackDAQ,LoadCellSummed,0
2025-05-21 13:47:03,961,LC-TOTAL-LJ,751.35,lbs,LabJackDAQ,LoadCellSummed,0
2025-05-21 13:47:04,009,LC-TOTAL-LJ,752.06,lbs,LabJackDAQ,LoadCellSummed,0
2025-05-21 13:47:04,058,LC-TOTAL-LJ,751.60,lbs,LabJackDAQ,LoadCellSummed,0
2025-05-21 13:47:04,105,LC-TOTAL-LJ,752.35,lbs,LabJackDAQ,LoadCellSummed,0
2025-05-21 13:47:04,156,LC-TOTAL-LJ,751.63,lbs,LabJackDAQ,LoadCellSummed,0
2025-05-21 13:47:04,206,LC-TOTAL-LJ,752.23,lbs,LabJackDAQ,LoadCellSummed,0
2025-05-21 13:47:04,260,LC-TOTAL-LJ,751.90,lbs,LabJackDAQ,LoadCellSummed,0
2025-05-21 13:47:04,309,LC-TOTAL-LJ,751.64,lbs,LabJackDAQ,LoadCellSummed,0
2025-05-21 13:47:04,361,LC-TOTAL-LJ,752.29,lbs,LabJackDAQ,LoadCellSummed,0
2025-05-21 13:47:04,408,LC-TOTAL-LJ,752.50,lbs,LabJackDAQ,LoadCellSummed,0
2025-05-21 13:47:04,457,LC-TOTAL-LJ,751.77,lbs,LabJackDAQ,LoadCellSummed,0
2025-05-21 13:47:04,504,LC-TOTAL-LJ,752.92,lbs,LabJackDAQ,LoadCellSummed,0
2025-05-21 13:47:04,553,LC-TOTAL-LJ,752.13,lbs,LabJackDAQ,LoadCellSummed,0
2025-05-21 13:47:04,601,LC-TOTAL-LJ,751.90,lbs,LabJackDAQ,LoadCellSummed,0
2025-05-21 13:47:04,654,LC-TOTAL-LJ,752.28,lbs,LabJackDAQ,LoadCellSummed,0
2025-05-21 13:47:04,704,LC-TOTAL-LJ,752.43,lbs,LabJackDAQ,LoadCellSummed,0
2025-05-21 13:47:04,758,LC-TOTAL-LJ,751.74,lbs,LabJackDAQ,LoadCellSummed,0
2025-05-21 13:47:04,808,LC-TOTAL-LJ,752.98,lbs,LabJackDAQ,LoadCellSummed,0
2025-05-21 13:47:04,862,LC-TOTAL-LJ,750.94,lbs,LabJackDAQ,LoadCellSummed,0
2025-05-21 13:47:04,909,LC-TOTAL-LJ,752.07,lbs,LabJackDAQ,LoadCellSummed,0
2025-05-21 13:47:04,958,LC-TOTAL-LJ,751.73,lbs,LabJackDAQ,LoadCellSummed,0
2025-05-21 13:47:05,006,LC-TOTAL-LJ,753.17,lbs,LabJackDAQ,LoadCellSummed,0
2025-05-21 13:47:05,055,LC-TOTAL-LJ,752.51,lbs,LabJackDAQ,LoadCellSummed,0
2025-05-21 13:47:05,103,LC-TOTAL-LJ,752.47,lbs,LabJackDAQ,LoadCellSummed,0
2025-05-21 13:47:05,155,LC-TOTAL-LJ,751.71,lbs,LabJackDAQ,LoadCellSummed,0
2025-05-21 13:47:05,204,LC-TOTAL-LJ,752.45,lbs,LabJackDAQ,LoadCellSummed,0
2025-05-21 13:47:05,258,LC-TOTAL-LJ,751.03,lbs,LabJackDAQ,LoadCellSummed,0
2025-05-21 13:47:05,309,LC-TOTAL-LJ,752.77,lbs,LabJackDAQ,LoadCellSummed,0
2025-05-21 13:47:05,360,LC-TOTAL-LJ,752.02,lbs,LabJackDAQ,LoadCellSummed,0
2025-05-21 13:47:05,409,LC-TOTAL-LJ,752.71,lbs,LabJackDAQ,LoadCellSummed,0
2025-05-21 13:47:05,458,LC-TOTAL-LJ,752.49,lbs,LabJackDAQ,LoadCellSummed,0
2025-05-21 13:47:05,506,LC-TOTAL-LJ,752.79,lbs,LabJackDAQ,LoadCellSummed,0
2025-05-21 13:47:05,553,LC-TOTAL-LJ,752.41,lbs,LabJackDAQ,LoadCellSummed,0
2025-05-21 13:47:05,601,LC-TOTAL-LJ,752.58,lbs,LabJackDAQ,LoadCellSummed,0
2025-05-21 13:47:05,652,LC-TOTAL-LJ,751.20,lbs,LabJackDAQ,LoadCellSummed,0
2025-05-21 13:47:05,702,LC-TOTAL-LJ,751.61,lbs,LabJackDAQ,LoadCellSummed,0
2025-05-21 13:47:05,756,LC-TOTAL-LJ,751.80,lbs,LabJackDAQ,LoadCellSummed,0
2025-05-21 13:47:05,805,LC-TOTAL-LJ,752.70,lbs,LabJackDAQ,LoadCellSummed,0
2025-05-21 13:47:05,857,LC-TOTAL-LJ,750.79,lbs,LabJackDAQ,LoadCellSummed,0
2025-05-21 13:47:05,907,LC-TOTAL-LJ,752.92,lbs,LabJackDAQ,LoadCellSummed,0
2025-05-21 13:47:05,956,LC-TOTAL-LJ,752.13,lbs,LabJackDAQ,LoadCellSummed,0
2025-05-21 13:47:06,004,LC-TOTAL-LJ,752.26,lbs,LabJackDAQ,LoadCellSummed,0
2025-05-21 13:47:06,052,LC-TOTAL-LJ,752.45,lbs,LabJackDAQ,LoadCellSummed,0
2025-05-21 13:47:06,100,LC-TOTAL-LJ,752.22,lbs,LabJackDAQ,LoadCellSummed,0
2025-05-21 13:47:06,152,LC-TOTAL-LJ,751.74,lbs,LabJackDAQ,LoadCellSummed,0
2025-05-21 13:47:06,202,LC-TOTAL-LJ,752.23,lbs,LabJackDAQ,LoadCellSummed,0
2025-05-21 13:47:06,256,LC-TOTAL-LJ,752.42,lbs,LabJackDAQ,LoadCellSummed,0
2025-05-21 13:47:06,307,LC-TOTAL-LJ,752.14,lbs,LabJackDAQ,LoadCellSummed,0
2025-05-21 13:47:06,359,LC-TOTAL-LJ,752.12,lbs,LabJackDAQ,LoadCellSummed,0
2025-05-21 13:47:06,410,LC-TOTAL-LJ,750.95,lbs,LabJackDAQ,LoadCellSummed,0
2025-05-21 13:47:06,458,LC-TOTAL-LJ,751.13,lbs,LabJackDAQ,LoadCellSummed,0
2025-05-21 13:47:06,506,LC-TOTAL-LJ,752.39,lbs,LabJackDAQ,LoadCellSummed,0
2025-05-21 13:47:06,554,LC-TOTAL-LJ,751.96,lbs,LabJackDAQ,LoadCellSummed,0
2025-05-21 13:47:06,604,LC-TOTAL-LJ,752.39,lbs,LabJackDAQ,LoadCellSummed,0
2025-05-21 13:47:06,655,LC-TOTAL-LJ,751.43,lbs,LabJackDAQ,LoadCellSummed,0
2025-05-21 13:47:06,704,LC-TOTAL-LJ,751.95,lbs,LabJackDAQ,LoadCellSummed,0
2025-05-21 13:47:06,759,LC-TOTAL-LJ,751.76,lbs,LabJackDAQ,LoadCellSummed,0
2025-05-21 13:47:06,808,LC-TOTAL-LJ,752.95,lbs,LabJackDAQ,LoadCellSummed,0
2025-05-21 13:47:06,861,LC-TOTAL-LJ,752.65,lbs,LabJackDAQ,LoadCellSummed,0
2025-05-21 13:47:06,909,LC-TOTAL-LJ,752.68,lbs,LabJackDAQ,LoadCellSummed,0
2025-05-21 13:47:06,958,LC-TOTAL-LJ,752.06,lbs,LabJackDAQ,LoadCellSummed,0
2025-05-21 13:47:07,005,LC-TOTAL-LJ,752.90,lbs,LabJackDAQ,LoadCellSummed,0
2025-05-21 13:47:07,053,LC-TOTAL-LJ,752.69,lbs,LabJackDAQ,LoadCellSummed,0
2025-05-21 13:47:07,103,LC-TOTAL-LJ,752.13,lbs,LabJackDAQ,LoadCellSummed,0
2025-05-21 13:47:07,156,LC-TOTAL-LJ,752.43,lbs,LabJackDAQ,LoadCellSummed,0
2025-05-21 13:47:07,205,LC-TOTAL-LJ,752.75,lbs,LabJackDAQ,LoadCellSummed,0
2025-05-21 13:47:07,258,LC-TOTAL-LJ,752.59,lbs,LabJackDAQ,LoadCellSummed,0
2025-05-21 13:47:07,308,LC-TOTAL-LJ,752.32,lbs,LabJackDAQ,LoadCellSummed,0
2025-05-21 13:47:07,359,LC-TOTAL-LJ,752.56,lbs,LabJackDAQ,LoadCellSummed,0
2025-05-21 13:47:07,406,LC-TOTAL-LJ,753.02,lbs,LabJackDAQ,LoadCellSummed,0
2025-05-21 13:47:07,453,LC-TOTAL-LJ,751.74,lbs,LabJackDAQ,LoadCellSummed,0
2025-05-21 13:47:07,500,LC-TOTAL-LJ,751.53,lbs,LabJackDAQ,LoadCellSummed,0
2025-05-21 13:47:07,548,LC-TOTAL-LJ,751.78,lbs,LabJackDAQ,LoadCellSummed,0
2025-05-21 13:47:07,595,LC-TOTAL-LJ,751.92,lbs,LabJackDAQ,LoadCellSummed,0
2025-05-21 13:47:07,647,LC-TOTAL-LJ,752.29,lbs,LabJackDAQ,LoadCellSummed,0
2025-05-21 13:47:07,695,LC-TOTAL-LJ,752.90,lbs,LabJackDAQ,LoadCellSummed,0
2025-05-21 13:47:07,749,LC-TOTAL-LJ,752.43,lbs,LabJackDAQ,LoadCellSummed,0
2025-05-21 13:47:07,800,LC-TOTAL-LJ,752.64,lbs,LabJackDAQ,LoadCellSummed,0
2025-05-21 13:47:07,852,LC-TOTAL-LJ,752.55,lbs,LabJackDAQ,LoadCellSummed,0
2025-05-21 13:47:07,901,LC-TOTAL-LJ,752.37,lbs,LabJackDAQ,LoadCellSummed,0
2025-05-21 13:47:07,950,LC-TOTAL-LJ,751.95,lbs,LabJackDAQ,LoadCellSummed,0
2025-05-21 13:47:07,999,LC-TOTAL-LJ,751.86,lbs,LabJackDAQ,LoadCellSummed,0
2025-05-21 13:47:08,047,LC-TOTAL-LJ,750.82,lbs,LabJackDAQ,LoadCellSummed,0
2025-05-21 13:47:08,095,LC-TOTAL-LJ,752.14,lbs,LabJackDAQ,LoadCellSummed,0
2025-05-21 13:47:08,144,LC-TOTAL-LJ,751.15,lbs,LabJackDAQ,LoadCellSummed,0
2025-05-21 13:47:08,194,LC-TOTAL-LJ,753.00,lbs,LabJackDAQ,LoadCellSummed,0
2025-05-21 13:47:08,243,LC-TOTAL-LJ,752.21,lbs,LabJackDAQ,LoadCellSummed,0
2025-05-21 13:47:08,296,LC-TOTAL-LJ,752.61,lbs,LabJackDAQ,LoadCellSummed,0
2025-05-21 13:47:08,346,LC-TOTAL-LJ,751.61,lbs,LabJackDAQ,LoadCellSummed,0
2025-05-21 13:47:08,398,LC-TOTAL-LJ,752.35,lbs,LabJackDAQ,LoadCellSummed,0
2025-05-21 13:47:08,447,LC-TOTAL-LJ,752.13,lbs,LabJackDAQ,LoadCellSummed,0
2025-05-21 13:47:08,499,LC-TOTAL-LJ,752.62,lbs,LabJackDAQ,LoadCellSummed,0
2025-05-21 13:47:08,547,LC-TOTAL-LJ,752.53,lbs,LabJackDAQ,LoadCellSummed,0
2025-05-21 13:47:08,596,LC-TOTAL-LJ,752.59,lbs,LabJackDAQ,LoadCellSummed,0
2025-05-21 13:47:08,645,LC-TOTAL-LJ,752.09,lbs,LabJackDAQ,LoadCellSummed,0
2025-05-21 13:47:08,697,LC-TOTAL-LJ,752.08,lbs,LabJackDAQ,LoadCellSummed,0
2025-05-21 13:47:08,746,LC-TOTAL-LJ,752.06,lbs,LabJackDAQ,LoadCellSummed,0
2025-05-21 13:47:08,799,LC-TOTAL-LJ,752.85,lbs,LabJackDAQ,LoadCellSummed,0
2025-05-21 13:47:08,849,LC-TOTAL-LJ,752.44,lbs,LabJackDAQ,LoadCellSummed,0
2025-05-21 13:47:08,902,LC-TOTAL-LJ,752.35,lbs,LabJackDAQ,LoadCellSummed,0
2025-05-21 13:47:08,950,LC-TOTAL-LJ,752.61,lbs,LabJackDAQ,LoadCellSummed,0
2025-05-21 13:47:08,999,LC-TOTAL-LJ,752.51,lbs,LabJackDAQ,LoadCellSummed,0
2025-05-21 13:47:09,048,LC-TOTAL-LJ,752.18,lbs,LabJackDAQ,LoadCellSummed,0
2025-05-21 13:47:09,097,LC-TOTAL-LJ,752.54,lbs,LabJackDAQ,LoadCellSummed,0
2025-05-21 13:47:09,146,LC-TOTAL-LJ,750.61,lbs,LabJackDAQ,LoadCellSummed,0
2025-05-21 13:47:09,198,LC-TOTAL-LJ,752.37,lbs,LabJackDAQ,LoadCellSummed,0
2025-05-21 13:47:09,246,LC-TOTAL-LJ,751.55,lbs,LabJackDAQ,LoadCellSummed,0
2025-05-21 13:47:09,300,LC-TOTAL-LJ,752.17,lbs,LabJackDAQ,LoadCellSummed,0
2025-05-21 13:47:09,350,LC-TOTAL-LJ,751.71,lbs,LabJackDAQ,LoadCellSummed,0
2025-05-21 13:47:09,402,LC-TOTAL-LJ,751.64,lbs,LabJackDAQ,LoadCellSummed,0
2025-05-21 13:47:09,451,LC-TOTAL-LJ,750.98,lbs,LabJackDAQ,LoadCellSummed,0
2025-05-21 13:47:09,497,LC-TOTAL-LJ,752.55,lbs,LabJackDAQ,LoadCellSummed,0
2025-05-21 13:47:09,545,LC-TOTAL-LJ,751.92,lbs,LabJackDAQ,LoadCellSummed,0
2025-05-21 13:47:09,593,LC-TOTAL-LJ,752.15,lbs,LabJackDAQ,LoadCellSummed,0
2025-05-21 13:47:09,641,LC-TOTAL-LJ,752.59,lbs,LabJackDAQ,LoadCellSummed,0
2025-05-21 13:47:09,694,LC-TOTAL-LJ,752.59,lbs,LabJackDAQ,LoadCellSummed,0
2025-05-21 13:47:09,743,LC-TOTAL-LJ,752.78,lbs,LabJackDAQ,LoadCellSummed,0
2025-05-21 13:47:09,798,LC-TOTAL-LJ,752.61,lbs,LabJackDAQ,LoadCellSummed,0
2025-05-21 13:47:09,851,LC-TOTAL-LJ,752.34,lbs,LabJackDAQ,LoadCellSummed,0
2025-05-21 13:47:09,905,LC-TOTAL-LJ,752.56,lbs,LabJackDAQ,LoadCellSummed,0
2025-05-21 13:47:09,954,LC-TOTAL-LJ,752.14,lbs,LabJackDAQ,LoadCellSummed,0
2025-05-21 13:47:10,002,LC-TOTAL-LJ,751.68,lbs,LabJackDAQ,LoadCellSummed,0
2025-05-21 13:47:10,050,LC-TOTAL-LJ,751.99,lbs,LabJackDAQ,LoadCellSummed,0
2025-05-21 13:47:10,099,LC-TOTAL-LJ,751.47,lbs,LabJackDAQ,LoadCellSummed,0
2025-05-21 13:47:10,151,LC-TOTAL-LJ,752.44,lbs,LabJackDAQ,LoadCellSummed,0
2025-05-21 13:47:10,201,LC-TOTAL-LJ,751.52,lbs,LabJackDAQ,LoadCellSummed,0
2025-05-21 13:47:10,251,LC-TOTAL-LJ,752.35,lbs,LabJackDAQ,LoadCellSummed,0
2025-05-21 13:47:10,304,LC-TOTAL-LJ,752.31,lbs,LabJackDAQ,LoadCellSummed,0
2025-05-21 13:47:10,356,LC-TOTAL-LJ,752.02,lbs,LabJackDAQ,LoadCellSummed,0
2025-05-21 13:47:10,408,LC-TOTAL-LJ,753.17,lbs,LabJackDAQ,LoadCellSummed,0
2025-05-21 13:47:10,460,LC-TOTAL-LJ,750.72,lbs,LabJackDAQ,LoadCellSummed,0
2025-05-21 13:47:10,508,LC-TOTAL-LJ,752.65,lbs,LabJackDAQ,LoadCellSummed,0
2025-05-21 13:47:10,557,LC-TOTAL-LJ,752.10,lbs,LabJackDAQ,LoadCellSummed,0
2025-05-21 13:47:10,607,LC-TOTAL-LJ,753.15,lbs,LabJackDAQ,LoadCellSummed,0
2025-05-21 13:47:10,655,LC-TOTAL-LJ,751.85,lbs,LabJackDAQ,LoadCellSummed,0
2025-05-21 13:47:10,706,LC-TOTAL-LJ,752.35,lbs,LabJackDAQ,LoadCellSummed,0
2025-05-21 13:47:10,757,LC-TOTAL-LJ,752.30,lbs,LabJackDAQ,LoadCellSummed,0
2025-05-21 13:47:10,812,LC-TOTAL-LJ,752.47,lbs,LabJackDAQ,LoadCellSummed,0
2025-05-21 13:47:10,860,LC-TOTAL-LJ,751.42,lbs,LabJackDAQ,LoadCellSummed,0
2025-05-21 13:47:10,913,LC-TOTAL-LJ,752.30,lbs,LabJackDAQ,LoadCellSummed,0
2025-05-21 13:47:10,961,LC-TOTAL-LJ,752.17,lbs,LabJackDAQ,LoadCellSummed,0
2025-05-21 13:47:11,009,LC-TOTAL-LJ,752.07,lbs,LabJackDAQ,LoadCellSummed,0
2025-05-21 13:47:11,058,LC-TOTAL-LJ,751.76,lbs,LabJackDAQ,LoadCellSummed,0
2025-05-21 13:47:11,107,LC-TOTAL-LJ,751.16,lbs,LabJackDAQ,LoadCellSummed,0
2025-05-21 13:47:11,155,LC-TOTAL-LJ,751.23,lbs,LabJackDAQ,LoadCellSummed,0
2025-05-21 13:47:11,207,LC-TOTAL-LJ,752.56,lbs,LabJackDAQ,LoadCellSummed,0
2025-05-21 13:47:11,256,LC-TOTAL-LJ,751.38,lbs,LabJackDAQ,LoadCellSummed,0
2025-05-21 13:47:11,310,LC-TOTAL-LJ,751.51,lbs,LabJackDAQ,LoadCellSummed,0
2025-05-21 13:47:11,361,LC-TOTAL-LJ,752.33,lbs,LabJackDAQ,LoadCellSummed,0
2025-05-21 13:47:11,411,LC-TOTAL-LJ,751.37,lbs,LabJackDAQ,LoadCellSummed,0
2025-05-21 13:47:11,458,LC-TOTAL-LJ,752.35,lbs,LabJackDAQ,LoadCellSummed,0
2025-05-21 13:47:11,506,LC-TOTAL-LJ,752.82,lbs,LabJackDAQ,LoadCellSummed,0
2025-05-21 13:47:11,554,LC-TOTAL-LJ,752.51,lbs,LabJackDAQ,LoadCellSummed,0
2025-05-21 13:47:11,603,LC-TOTAL-LJ,752.05,lbs,LabJackDAQ,LoadCellSummed,0
2025-05-21 13:47:11,652,LC-TOTAL-LJ,752.10,lbs,LabJackDAQ,LoadCellSummed,0
2025-05-21 13:47:11,704,LC-TOTAL-LJ,752.68,lbs,LabJackDAQ,LoadCellSummed,0
2025-05-21 13:47:11,753,LC-TOTAL-LJ,752.17,lbs,LabJackDAQ,LoadCellSummed,0
2025-05-21 13:47:11,807,LC-TOTAL-LJ,752.60,lbs,LabJackDAQ,LoadCellSummed,0
2025-05-21 13:47:11,857,LC-TOTAL-LJ,750.83,lbs,LabJackDAQ,LoadCellSummed,0
2025-05-21 13:47:11,910,LC-TOTAL-LJ,752.36,lbs,LabJackDAQ,LoadCellSummed,0
2025-05-21 13:47:11,959,LC-TOTAL-LJ,751.70,lbs,LabJackDAQ,LoadCellSummed,0
2025-05-21 13:47:12,007,LC-TOTAL-LJ,751.45,lbs,LabJackDAQ,LoadCellSummed,0
2025-05-21 13:47:12,055,LC-TOTAL-LJ,751.40,lbs,LabJackDAQ,LoadCellSummed,0
2025-05-21 13:47:12,104,LC-TOTAL-LJ,751.53,lbs,LabJackDAQ,LoadCellSummed,0
2025-05-21 13:47:12,152,LC-TOTAL-LJ,751.47,lbs,LabJackDAQ,LoadCellSummed,0
2025-05-21 13:47:12,204,LC-TOTAL-LJ,752.24,lbs,LabJackDAQ,LoadCellSummed,0
2025-05-21 13:47:12,253,LC-TOTAL-LJ,751.44,lbs,LabJackDAQ,LoadCellSummed,0
2025-05-21 13:47:12,308,LC-TOTAL-LJ,751.91,lbs,LabJackDAQ,LoadCellSummed,0
2025-05-21 13:47:12,358,LC-TOTAL-LJ,751.90,lbs,LabJackDAQ,LoadCellSummed,0
2025-05-21 13:47:12,411,LC-TOTAL-LJ,751.83,lbs,LabJackDAQ,LoadCellSummed,0
2025-05-21 13:47:12,459,LC-TOTAL-LJ,752.26,lbs,LabJackDAQ,LoadCellSummed,0
2025-05-21 13:47:12,506,LC-TOTAL-LJ,752.54,lbs,LabJackDAQ,LoadCellSummed,0
2025-05-21 13:47:12,553,LC-TOTAL-LJ,751.98,lbs,LabJackDAQ,LoadCellSummed,0
2025-05-21 13:47:12,601,LC-TOTAL-LJ,750.78,lbs,LabJackDAQ,LoadCellSummed,0
2025-05-21 13:47:12,649,LC-TOTAL-LJ,751.25,lbs,LabJackDAQ,LoadCellSummed,0
2025-05-21 13:47:12,699,LC-TOTAL-LJ,752.20,lbs,LabJackDAQ,LoadCellSummed,0
2025-05-21 13:47:12,749,LC-TOTAL-LJ,752.73,lbs,LabJackDAQ,LoadCellSummed,0
2025-05-21 13:47:12,803,LC-TOTAL-LJ,752.33,lbs,LabJackDAQ,LoadCellSummed,0
2025-05-21 13:47:12,853,LC-TOTAL-LJ,750.88,lbs,LabJackDAQ,LoadCellSummed,0
2025-05-21 13:47:12,905,LC-TOTAL-LJ,752.02,lbs,LabJackDAQ,LoadCellSummed,0
2025-05-21 13:47:12,954,LC-TOTAL-LJ,752.14,lbs,LabJackDAQ,LoadCellSummed,0
2025-05-21 13:47:13,003,LC-TOTAL-LJ,751.71,lbs,LabJackDAQ,LoadCellSummed,0
2025-05-21 13:47:13,052,LC-TOTAL-LJ,750.37,lbs,LabJackDAQ,LoadCellSummed,0
2025-05-21 13:47:13,100,LC-TOTAL-LJ,751.71,lbs,LabJackDAQ,LoadCellSummed,0
2025-05-21 13:47:13,149,LC-TOTAL-LJ,752.17,lbs,LabJackDAQ,LoadCellSummed,0
2025-05-21 13:47:13,199,LC-TOTAL-LJ,752.43,lbs,LabJackDAQ,LoadCellSummed,0
2025-05-21 13:47:13,249,LC-TOTAL-LJ,751.36,lbs,LabJackDAQ,LoadCellSummed,0
2025-05-21 13:47:13,303,LC-TOTAL-LJ,751.26,lbs,LabJackDAQ,LoadCellSummed,0
2025-05-21 13:47:13,351,LC-TOTAL-LJ,751.43,lbs,LabJackDAQ,LoadCellSummed,0
2025-05-21 13:47:13,403,LC-TOTAL-LJ,752.17,lbs,LabJackDAQ,LoadCellSummed,0
2025-05-21 13:47:13,453,LC-TOTAL-LJ,751.92,lbs,LabJackDAQ,LoadCellSummed,0
2025-05-21 13:47:13,501,LC-TOTAL-LJ,750.78,lbs,LabJackDAQ,LoadCellSummed,0
2025-05-21 13:47:13,549,LC-TOTAL-LJ,751.36,lbs,LabJackDAQ,LoadCellSummed,0
2025-05-21 13:47:13,598,LC-TOTAL-LJ,751.91,lbs,LabJackDAQ,LoadCellSummed,0
2025-05-21 13:47:13,647,LC-TOTAL-LJ,751.77,lbs,LabJackDAQ,LoadCellSummed,0
2025-05-21 13:47:13,699,LC-TOTAL-LJ,751.28,lbs,LabJackDAQ,LoadCellSummed,0
2025-05-21 13:47:13,749,LC-TOTAL-LJ,752.01,lbs,LabJackDAQ,LoadCellSummed,0
2025-05-21 13:47:13,804,LC-TOTAL-LJ,752.51,lbs,LabJackDAQ,LoadCellSummed,0
2025-05-21 13:47:13,854,LC-TOTAL-LJ,752.06,lbs,LabJackDAQ,LoadCellSummed,0
2025-05-21 13:47:13,907,LC-TOTAL-LJ,752.14,lbs,LabJackDAQ,LoadCellSummed,0
2025-05-21 13:47:13,956,LC-TOTAL-LJ,751.83,lbs,LabJackDAQ,LoadCellSummed,0
2025-05-21 13:47:14,004,LC-TOTAL-LJ,751.60,lbs,LabJackDAQ,LoadCellSummed,0
2025-05-21 13:47:14,052,LC-TOTAL-LJ,751.89,lbs,LabJackDAQ,LoadCellSummed,0
2025-05-21 13:47:14,100,LC-TOTAL-LJ,751.77,lbs,LabJackDAQ,LoadCellSummed,0
2025-05-21 13:47:14,149,LC-TOTAL-LJ,751.05,lbs,LabJackDAQ,LoadCellSummed,0
2025-05-21 13:47:14,201,LC-TOTAL-LJ,752.55,lbs,LabJackDAQ,LoadCellSummed,0
2025-05-21 13:47:14,250,LC-TOTAL-LJ,752.11,lbs,LabJackDAQ,LoadCellSummed,0
2025-05-21 13:47:14,304,LC-TOTAL-LJ,752.23,lbs,LabJackDAQ,LoadCellSummed,0
2025-05-21 13:47:14,353,LC-TOTAL-LJ,751.61,lbs,LabJackDAQ,LoadCellSummed,0
2025-05-21 13:47:14,406,LC-TOTAL-LJ,752.10,lbs,LabJackDAQ,LoadCellSummed,0
2025-05-21 13:47:14,455,LC-TOTAL-LJ,751.34,lbs,LabJackDAQ,LoadCellSummed,0
2025-05-21 13:47:14,503,LC-TOTAL-LJ,751.39,lbs,LabJackDAQ,LoadCellSummed,0
2025-05-21 13:47:14,551,LC-TOTAL-LJ,751.36,lbs,LabJackDAQ,LoadCellSummed,0
2025-05-21 13:47:14,599,LC-TOTAL-LJ,751.06,lbs,LabJackDAQ,LoadCellSummed,0
2025-05-21 13:47:14,648,LC-TOTAL-LJ,751.52,lbs,LabJackDAQ,LoadCellSummed,0
2025-05-21 13:47:14,696,LC-TOTAL-LJ,752.36,lbs,LabJackDAQ,LoadCellSummed,0
2025-05-21 13:47:14,748,LC-TOTAL-LJ,751.77,lbs,LabJackDAQ,LoadCellSummed,0
2025-05-21 13:47:14,798,LC-TOTAL-LJ,751.44,lbs,LabJackDAQ,LoadCellSummed,0
2025-05-21 13:47:14,851,LC-TOTAL-LJ,750.91,lbs,LabJackDAQ,LoadCellSummed,0
2025-05-21 13:47:14,902,LC-TOTAL-LJ,752.18,lbs,LabJackDAQ,LoadCellSummed,0
2025-05-21 13:47:14,955,LC-TOTAL-LJ,752.28,lbs,LabJackDAQ,LoadCellSummed,0
2025-05-21 13:47:15,003,LC-TOTAL-LJ,752.51,lbs,LabJackDAQ,LoadCellSummed,0
2025-05-21 13:47:15,052,LC-TOTAL-LJ,752.86,lbs,LabJackDAQ,LoadCellSummed,0
2025-05-21 13:47:15,100,LC-TOTAL-LJ,752.39,lbs,LabJackDAQ,LoadCellSummed,0
2025-05-21 13:47:15,149,LC-TOTAL-LJ,752.38,lbs,LabJackDAQ,LoadCellSummed,0
2025-05-21 13:47:15,197,LC-TOTAL-LJ,752.82,lbs,LabJackDAQ,LoadCellSummed,0
2025-05-21 13:47:15,248,LC-TOTAL-LJ,751.72,lbs,LabJackDAQ,LoadCellSummed,0
2025-05-21 13:47:15,295,LC-TOTAL-LJ,752.05,lbs,LabJackDAQ,LoadCellSummed,0
2025-05-21 13:47:15,349,LC-TOTAL-LJ,751.75,lbs,LabJackDAQ,LoadCellSummed,0
2025-05-21 13:47:15,399,LC-TOTAL-LJ,752.60,lbs,LabJackDAQ,LoadCellSummed,0
2025-05-21 13:47:15,451,LC-TOTAL-LJ,751.37,lbs,LabJackDAQ,LoadCellSummed,0
2025-05-21 13:47:15,500,LC-TOTAL-LJ,750.71,lbs,LabJackDAQ,LoadCellSummed,0
2025-05-21 13:47:15,547,LC-TOTAL-LJ,751.76,lbs,LabJackDAQ,LoadCellSummed,0
2025-05-21 13:47:15,596,LC-TOTAL-LJ,751.79,lbs,LabJackDAQ,LoadCellSummed,0
2025-05-21 13:47:15,645,LC-TOTAL-LJ,751.93,lbs,LabJackDAQ,LoadCellSummed,0
2025-05-21 13:47:15,693,LC-TOTAL-LJ,752.12,lbs,LabJackDAQ,LoadCellSummed,0
2025-05-21 13:47:15,744,LC-TOTAL-LJ,751.82,lbs,LabJackDAQ,LoadCellSummed,0
2025-05-21 13:47:15,792,LC-TOTAL-LJ,751.67,lbs,LabJackDAQ,LoadCellSummed,0
2025-05-21 13:47:15,846,LC-TOTAL-LJ,751.34,lbs,LabJackDAQ,LoadCellSummed,0
2025-05-21 13:47:15,896,LC-TOTAL-LJ,751.77,lbs,LabJackDAQ,LoadCellSummed,0
2025-05-21 13:47:15,949,LC-TOTAL-LJ,750.96,lbs,LabJackDAQ,LoadCellSummed,0
2025-05-21 13:47:15,999,LC-TOTAL-LJ,751.90,lbs,LabJackDAQ,LoadCellSummed,0
2025-05-21 13:47:16,047,LC-TOTAL-LJ,751.69,lbs,LabJackDAQ,LoadCellSummed,0
2025-05-21 13:47:16,096,LC-TOTAL-LJ,752.80,lbs,LabJackDAQ,LoadCellSummed,0
2025-05-21 13:47:16,144,LC-TOTAL-LJ,751.99,lbs,LabJackDAQ,LoadCellSummed,0
2025-05-21 13:47:16,193,LC-TOTAL-LJ,752.15,lbs,LabJackDAQ,LoadCellSummed,0
2025-05-21 13:47:16,245,LC-TOTAL-LJ,751.95,lbs,LabJackDAQ,LoadCellSummed,0
2025-05-21 13:47:16,294,LC-TOTAL-LJ,752.92,lbs,LabJackDAQ,LoadCellSummed,0
2025-05-21 13:47:16,348,LC-TOTAL-LJ,752.92,lbs,LabJackDAQ,LoadCellSummed,0
2025-05-21 13:47:16,398,LC-TOTAL-LJ,751.94,lbs,LabJackDAQ,LoadCellSummed,0
2025-05-21 13:47:16,451,LC-TOTAL-LJ,752.34,lbs,LabJackDAQ,LoadCellSummed,0
2025-05-21 13:47:16,500,LC-TOTAL-LJ,752.01,lbs,LabJackDAQ,LoadCellSummed,0
2025-05-21 13:47:16,548,LC-TOTAL-LJ,751.67,lbs,LabJackDAQ,LoadCellSummed,0
2025-05-21 13:47:16,597,LC-TOTAL-LJ,751.67,lbs,LabJackDAQ,LoadCellSummed,0
2025-05-21 13:47:16,645,LC-TOTAL-LJ,751.07,lbs,LabJackDAQ,LoadCellSummed,0
2025-05-21 13:47:16,693,LC-TOTAL-LJ,751.13,lbs,LabJackDAQ,LoadCellSummed,0
2025-05-21 13:47:16,743,LC-TOTAL-LJ,752.69,lbs,LabJackDAQ,LoadCellSummed,0
2025-05-21 13:47:16,792,LC-TOTAL-LJ,752.13,lbs,LabJackDAQ,LoadCellSummed,0
2025-05-21 13:47:16,847,LC-TOTAL-LJ,751.44,lbs,LabJackDAQ,LoadCellSummed,0
2025-05-21 13:47:16,897,LC-TOTAL-LJ,751.70,lbs,LabJackDAQ,LoadCellSummed,0
2025-05-21 13:47:16,950,LC-TOTAL-LJ,751.98,lbs,LabJackDAQ,LoadCellSummed,0
2025-05-21 13:47:16,999,LC-TOTAL-LJ,751.41,lbs,LabJackDAQ,LoadCellSummed,0
2025-05-21 13:47:17,047,LC-TOTAL-LJ,750.36,lbs,LabJackDAQ,LoadCellSummed,0
2025-05-21 13:47:17,096,LC-TOTAL-LJ,751.72,lbs,LabJackDAQ,LoadCellSummed,0
2025-05-21 13:47:17,144,LC-TOTAL-LJ,751.37,lbs,LabJackDAQ,LoadCellSummed,0
2025-05-21 13:47:17,191,LC-TOTAL-LJ,750.79,lbs,LabJackDAQ,LoadCellSummed,0
2025-05-21 13:47:17,242,LC-TOTAL-LJ,752.10,lbs,LabJackDAQ,LoadCellSummed,0
2025-05-21 13:47:17,292,LC-TOTAL-LJ,752.38,lbs,LabJackDAQ,LoadCellSummed,0
2025-05-21 13:47:17,345,LC-TOTAL-LJ,751.91,lbs,LabJackDAQ,LoadCellSummed,0
2025-05-21 13:47:17,395,LC-TOTAL-LJ,751.62,lbs,LabJackDAQ,LoadCellSummed,0
2025-05-21 13:47:17,447,LC-TOTAL-LJ,752.11,lbs,LabJackDAQ,LoadCellSummed,0
2025-05-21 13:47:17,497,LC-TOTAL-LJ,751.99,lbs,LabJackDAQ,LoadCellSummed,0
2025-05-21 13:47:17,544,LC-TOTAL-LJ,751.88,lbs,LabJackDAQ,LoadCellSummed,0
2025-05-21 13:47:17,593,LC-TOTAL-LJ,751.58,lbs,LabJackDAQ,LoadCellSummed,0
2025-05-21 13:47:17,641,LC-TOTAL-LJ,750.78,lbs,LabJackDAQ,LoadCellSummed,0
2025-05-21 13:47:17,688,LC-TOTAL-LJ,751.43,lbs,LabJackDAQ,LoadCellSummed,0
2025-05-21 13:47:17,739,LC-TOTAL-LJ,752.01,lbs,LabJackDAQ,LoadCellSummed,0
2025-05-21 13:47:17,788,LC-TOTAL-LJ,752.41,lbs,LabJackDAQ,LoadCellSummed,0
2025-05-21 13:47:17,842,LC-TOTAL-LJ,752.78,lbs,LabJackDAQ,LoadCellSummed,0
2025-05-21 13:47:17,889,LC-TOTAL-LJ,752.35,lbs,LabJackDAQ,LoadCellSummed,0
2025-05-21 13:47:17,940,LC-TOTAL-LJ,751.65,lbs,LabJackDAQ,LoadCellSummed,0
2025-05-21 13:47:17,988,LC-TOTAL-LJ,751.72,lbs,LabJackDAQ,LoadCellSummed,0
2025-05-21 13:47:18,035,LC-TOTAL-LJ,751.54,lbs,LabJackDAQ,LoadCellSummed,0
2025-05-21 13:47:18,083,LC-TOTAL-LJ,752.58,lbs,LabJackDAQ,LoadCellSummed,0
2025-05-21 13:47:18,132,LC-TOTAL-LJ,752.67,lbs,LabJackDAQ,LoadCellSummed,0
2025-05-21 13:47:18,182,LC-TOTAL-LJ,750.73,lbs,LabJackDAQ,LoadCellSummed,0
2025-05-21 13:47:18,233,LC-TOTAL-LJ,751.80,lbs,LabJackDAQ,LoadCellSummed,0
2025-05-21 13:47:18,282,LC-TOTAL-LJ,752.21,lbs,LabJackDAQ,LoadCellSummed,0
2025-05-21 13:47:18,338,LC-TOTAL-LJ,751.28,lbs,LabJackDAQ,LoadCellSummed,0
2025-05-21 13:47:18,387,LC-TOTAL-LJ,752.47,lbs,LabJackDAQ,LoadCellSummed,0
2025-05-21 13:47:18,439,LC-TOTAL-LJ,751.33,lbs,LabJackDAQ,LoadCellSummed,0
2025-05-21 13:47:18,488,LC-TOTAL-LJ,751.01,lbs,LabJackDAQ,LoadCellSummed,0
2025-05-21 13:47:18,538,LC-TOTAL-LJ,752.43,lbs,LabJackDAQ,LoadCellSummed,0
2025-05-21 13:47:18,586,LC-TOTAL-LJ,752.62,lbs,LabJackDAQ,LoadCellSummed,0
2025-05-21 13:47:18,634,LC-TOTAL-LJ,752.05,lbs,LabJackDAQ,LoadCellSummed,0
2025-05-21 13:47:18,683,LC-TOTAL-LJ,752.69,lbs,LabJackDAQ,LoadCellSummed,0
2025-05-21 13:47:18,730,LC-TOTAL-LJ,752.35,lbs,LabJackDAQ,LoadCellSummed,0
2025-05-21 13:47:18,780,LC-TOTAL-LJ,752.11,lbs,LabJackDAQ,LoadCellSummed,0
2025-05-21 13:47:18,828,LC-TOTAL-LJ,752.48,lbs,LabJackDAQ,LoadCellSummed,0
2025-05-21 13:47:18,875,LC-TOTAL-LJ,752.33,lbs,LabJackDAQ,LoadCellSummed,0
2025-05-21 13:47:18,925,LC-TOTAL-LJ,752.23,lbs,LabJackDAQ,LoadCellSummed,0
2025-05-21 13:47:18,973,LC-TOTAL-LJ,750.77,lbs,LabJackDAQ,LoadCellSummed,0
2025-05-21 13:47:19,020,LC-TOTAL-LJ,751.57,lbs,LabJackDAQ,LoadCellSummed,0
2025-05-21 13:47:19,068,LC-TOTAL-LJ,750.96,lbs,LabJackDAQ,LoadCellSummed,0
2025-05-21 13:47:19,116,LC-TOTAL-LJ,751.08,lbs,LabJackDAQ,LoadCellSummed,0
2025-05-21 13:47:19,163,LC-TOTAL-LJ,752.18,lbs,LabJackDAQ,LoadCellSummed,0
2025-05-21 13:47:19,211,LC-TOTAL-LJ,752.61,lbs,LabJackDAQ,LoadCellSummed,0
2025-05-21 13:47:19,262,LC-TOTAL-LJ,751.61,lbs,LabJackDAQ,LoadCellSummed,0
2025-05-21 13:47:19,310,LC-TOTAL-LJ,751.73,lbs,LabJackDAQ,LoadCellSummed,0
2025-05-21 13:47:19,363,LC-TOTAL-LJ,751.43,lbs,LabJackDAQ,LoadCellSummed,0
2025-05-21 13:47:19,411,LC-TOTAL-LJ,751.39,lbs,LabJackDAQ,LoadCellSummed,0
2025-05-21 13:47:19,461,LC-TOTAL-LJ,752.41,lbs,LabJackDAQ,LoadCellSummed,0
2025-05-21 13:47:19,508,LC-TOTAL-LJ,752.20,lbs,LabJackDAQ,LoadCellSummed,0
2025-05-21 13:47:19,554,LC-TOTAL-LJ,751.48,lbs,LabJackDAQ,LoadCellSummed,0
2025-05-21 13:47:19,602,LC-TOTAL-LJ,751.76,lbs,LabJackDAQ,LoadCellSummed,0
2025-05-21 13:47:19,647,LC-TOTAL-LJ,752.12,lbs,LabJackDAQ,LoadCellSummed,0
2025-05-21 13:47:19,695,LC-TOTAL-LJ,752.98,lbs,LabJackDAQ,LoadCellSummed,0
2025-05-21 13:47:19,746,LC-TOTAL-LJ,751.12,lbs,LabJackDAQ,LoadCellSummed,0
2025-05-21 13:47:19,797,LC-TOTAL-LJ,751.98,lbs,LabJackDAQ,LoadCellSummed,0
2025-05-21 13:47:19,850,LC-TOTAL-LJ,751.28,lbs,LabJackDAQ,LoadCellSummed,0
2025-05-21 13:47:19,900,LC-TOTAL-LJ,752.39,lbs,LabJackDAQ,LoadCellSummed,0
2025-05-21 13:47:19,953,LC-TOTAL-LJ,752.42,lbs,LabJackDAQ,LoadCellSummed,0
2025-05-21 13:47:20,002,LC-TOTAL-LJ,752.54,lbs,LabJackDAQ,LoadCellSummed,0
2025-05-21 13:47:20,050,LC-TOTAL-LJ,752.26,lbs,LabJackDAQ,LoadCellSummed,0
2025-05-21 13:47:20,099,LC-TOTAL-LJ,752.56,lbs,LabJackDAQ,LoadCellSummed,0
2025-05-21 13:47:20,147,LC-TOTAL-LJ,751.99,lbs,LabJackDAQ,LoadCellSummed,0
2025-05-21 13:47:20,196,LC-TOTAL-LJ,752.49,lbs,LabJackDAQ,LoadCellSummed,0
2025-05-21 13:47:20,244,LC-TOTAL-LJ,751.89,lbs,LabJackDAQ,LoadCellSummed,0
2025-05-21 13:47:20,295,LC-TOTAL-LJ,752.59,lbs,LabJackDAQ,LoadCellSummed,0
2025-05-21 13:47:20,345,LC-TOTAL-LJ,752.31,lbs,LabJackDAQ,LoadCellSummed,0
2025-05-21 13:47:20,398,LC-TOTAL-LJ,753.12,lbs,LabJackDAQ,LoadCellSummed,0
2025-05-21 13:47:20,448,LC-TOTAL-LJ,751.77,lbs,LabJackDAQ,LoadCellSummed,0
2025-05-21 13:47:20,501,LC-TOTAL-LJ,752.56,lbs,LabJackDAQ,LoadCellSummed,0
2025-05-21 13:47:20,548,LC-TOTAL-LJ,752.36,lbs,LabJackDAQ,LoadCellSummed,0
2025-05-21 13:47:20,596,LC-TOTAL-LJ,753.20,lbs,LabJackDAQ,LoadCellSummed,0
2025-05-21 13:47:20,644,LC-TOTAL-LJ,752.20,lbs,LabJackDAQ,LoadCellSummed,0
2025-05-21 13:47:20,692,LC-TOTAL-LJ,752.49,lbs,LabJackDAQ,LoadCellSummed,0
2025-05-21 13:47:20,740,LC-TOTAL-LJ,752.71,lbs,LabJackDAQ,LoadCellSummed,0
2025-05-21 13:47:20,788,LC-TOTAL-LJ,752.26,lbs,LabJackDAQ,LoadCellSummed,0
2025-05-21 13:47:20,836,LC-TOTAL-LJ,752.13,lbs,LabJackDAQ,LoadCellSummed,0
2025-05-21 13:47:20,885,LC-TOTAL-LJ,753.10,lbs,LabJackDAQ,LoadCellSummed,0
2025-05-21 13:47:20,933,LC-TOTAL-LJ,751.91,lbs,LabJackDAQ,LoadCellSummed,0
2025-05-21 13:47:20,982,LC-TOTAL-LJ,752.04,lbs,LabJackDAQ,LoadCellSummed,0
2025-05-21 13:47:21,030,LC-TOTAL-LJ,752.27,lbs,LabJackDAQ,LoadCellSummed,0
2025-05-21 13:47:21,076,LC-TOTAL-LJ,752.17,lbs,LabJackDAQ,LoadCellSummed,0
2025-05-21 13:47:21,123,LC-TOTAL-LJ,752.46,lbs,LabJackDAQ,LoadCellSummed,0
2025-05-21 13:47:21,172,LC-TOTAL-LJ,752.51,lbs,LabJackDAQ,LoadCellSummed,0
2025-05-21 13:47:21,221,LC-TOTAL-LJ,752.57,lbs,LabJackDAQ,LoadCellSummed,0
2025-05-21 13:47:21,269,LC-TOTAL-LJ,751.86,lbs,LabJackDAQ,LoadCellSummed,0
2025-05-21 13:47:21,317,LC-TOTAL-LJ,752.29,lbs,LabJackDAQ,LoadCellSummed,0
2025-05-21 13:47:21,365,LC-TOTAL-LJ,752.30,lbs,LabJackDAQ,LoadCellSummed,0
2025-05-21 13:47:21,412,LC-TOTAL-LJ,752.08,lbs,LabJackDAQ,LoadCellSummed,0
2025-05-21 13:47:21,460,LC-TOTAL-LJ,752.51,lbs,LabJackDAQ,LoadCellSummed,0
2025-05-21 13:47:21,509,LC-TOTAL-LJ,752.66,lbs,LabJackDAQ,LoadCellSummed,0
2025-05-21 13:47:21,557,LC-TOTAL-LJ,752.10,lbs,LabJackDAQ,LoadCellSummed,0
2025-05-21 13:47:21,604,LC-TOTAL-LJ,752.46,lbs,LabJackDAQ,LoadCellSummed,0
2025-05-21 13:47:21,653,LC-TOTAL-LJ,752.19,lbs,LabJackDAQ,LoadCellSummed,0
2025-05-21 13:47:21,702,LC-TOTAL-LJ,752.19,lbs,LabJackDAQ,LoadCellSummed,0
2025-05-21 13:47:21,749,LC-TOTAL-LJ,752.10,lbs,LabJackDAQ,LoadCellSummed,0
2025-05-21 13:47:21,802,LC-TOTAL-LJ,752.73,lbs,LabJackDAQ,LoadCellSummed,0
2025-05-21 13:47:21,852,LC-TOTAL-LJ,752.18,lbs,LabJackDAQ,LoadCellSummed,0
2025-05-21 13:47:21,906,LC-TOTAL-LJ,751.60,lbs,LabJackDAQ,LoadCellSummed,0
2025-05-21 13:47:21,956,LC-TOTAL-LJ,751.30,lbs,LabJackDAQ,LoadCellSummed,0
2025-05-21 13:47:22,008,LC-TOTAL-LJ,752.17,lbs,LabJackDAQ,LoadCellSummed,0
2025-05-21 13:47:22,057,LC-TOTAL-LJ,751.48,lbs,LabJackDAQ,LoadCellSummed,0
2025-05-21 13:47:22,106,LC-TOTAL-LJ,750.88,lbs,LabJackDAQ,LoadCellSummed,0
2025-05-21 13:47:22,154,LC-TOTAL-LJ,751.74,lbs,LabJackDAQ,LoadCellSummed,0
2025-05-21 13:47:22,203,LC-TOTAL-LJ,751.96,lbs,LabJackDAQ,LoadCellSummed,0
2025-05-21 13:47:22,252,LC-TOTAL-LJ,752.36,lbs,LabJackDAQ,LoadCellSummed,0
2025-05-21 13:47:22,303,LC-TOTAL-LJ,750.82,lbs,LabJackDAQ,LoadCellSummed,0
2025-05-21 13:47:22,353,LC-TOTAL-LJ,751.80,lbs,LabJackDAQ,LoadCellSummed,0
2025-05-21 13:47:22,408,LC-TOTAL-LJ,751.42,lbs,LabJackDAQ,LoadCellSummed,0
2025-05-21 13:47:22,458,LC-TOTAL-LJ,752.15,lbs,LabJackDAQ,LoadCellSummed,0
2025-05-21 13:47:22,509,LC-TOTAL-LJ,752.59,lbs,LabJackDAQ,LoadCellSummed,0
2025-05-21 13:47:22,560,LC-TOTAL-LJ,752.08,lbs,LabJackDAQ,LoadCellSummed,0
2025-05-21 13:47:22,609,LC-TOTAL-LJ,752.37,lbs,LabJackDAQ,LoadCellSummed,0
2025-05-21 13:47:22,656,LC-TOTAL-LJ,751.88,lbs,LabJackDAQ,LoadCellSummed,0
2025-05-21 13:47:22,704,LC-TOTAL-LJ,752.06,lbs,LabJackDAQ,LoadCellSummed,0
2025-05-21 13:47:22,753,LC-TOTAL-LJ,751.14,lbs,LabJackDAQ,LoadCellSummed,0
2025-05-21 13:47:22,805,LC-TOTAL-LJ,752.12,lbs,LabJackDAQ,LoadCellSummed,0
2025-05-21 13:47:22,856,LC-TOTAL-LJ,751.36,lbs,LabJackDAQ,LoadCellSummed,0
2025-05-21 13:47:22,909,LC-TOTAL-LJ,751.82,lbs,LabJackDAQ,LoadCellSummed,0
2025-05-21 13:47:22,960,LC-TOTAL-LJ,752.26,lbs,LabJackDAQ,LoadCellSummed,0
2025-05-21 13:47:23,010,LC-TOTAL-LJ,751.57,lbs,LabJackDAQ,LoadCellSummed,0
2025-05-21 13:47:23,058,LC-TOTAL-LJ,751.36,lbs,LabJackDAQ,LoadCellSummed,0
2025-05-21 13:47:23,106,LC-TOTAL-LJ,752.05,lbs,LabJackDAQ,LoadCellSummed,0
2025-05-21 13:47:23,153,LC-TOTAL-LJ,752.45,lbs,LabJackDAQ,LoadCellSummed,0
2025-05-21 13:47:23,200,LC-TOTAL-LJ,752.43,lbs,LabJackDAQ,LoadCellSummed,0
2025-05-21 13:47:23,249,LC-TOTAL-LJ,752.38,lbs,LabJackDAQ,LoadCellSummed,0
2025-05-21 13:47:23,301,LC-TOTAL-LJ,751.94,lbs,LabJackDAQ,LoadCellSummed,0
2025-05-21 13:47:23,350,LC-TOTAL-LJ,752.71,lbs,LabJackDAQ,LoadCellSummed,0
2025-05-21 13:47:23,405,LC-TOTAL-LJ,752.38,lbs,LabJackDAQ,LoadCellSummed,0
2025-05-21 13:47:23,455,LC-TOTAL-LJ,750.91,lbs,LabJackDAQ,LoadCellSummed,0
2025-05-21 13:47:23,507,LC-TOTAL-LJ,752.41,lbs,LabJackDAQ,LoadCellSummed,0
2025-05-21 13:47:23,555,LC-TOTAL-LJ,751.99,lbs,LabJackDAQ,LoadCellSummed,0
2025-05-21 13:47:23,604,LC-TOTAL-LJ,752.49,lbs,LabJackDAQ,LoadCellSummed,0
2025-05-21 13:47:23,651,LC-TOTAL-LJ,752.00,lbs,LabJackDAQ,LoadCellSummed,0
2025-05-21 13:47:23,700,LC-TOTAL-LJ,752.39,lbs,LabJackDAQ,LoadCellSummed,0
2025-05-21 13:47:23,748,LC-TOTAL-LJ,752.02,lbs,LabJackDAQ,LoadCellSummed,0
2025-05-21 13:47:23,796,LC-TOTAL-LJ,752.67,lbs,LabJackDAQ,LoadCellSummed,0
2025-05-21 13:47:23,845,LC-TOTAL-LJ,751.86,lbs,LabJackDAQ,LoadCellSummed,0
2025-05-21 13:47:23,893,LC-TOTAL-LJ,751.42,lbs,LabJackDAQ,LoadCellSummed,0
2025-05-21 13:47:23,942,LC-TOTAL-LJ,751.15,lbs,LabJackDAQ,LoadCellSummed,0
2025-05-21 13:47:23,990,LC-TOTAL-LJ,751.69,lbs,LabJackDAQ,LoadCellSummed,0
2025-05-21 13:47:24,037,LC-TOTAL-LJ,751.38,lbs,LabJackDAQ,LoadCellSummed,0
2025-05-21 13:47:24,086,LC-TOTAL-LJ,751.19,lbs,LabJackDAQ,LoadCellSummed,0
2025-05-21 13:47:24,135,LC-TOTAL-LJ,751.77,lbs,LabJackDAQ,LoadCellSummed,0
2025-05-21 13:47:24,184,LC-TOTAL-LJ,752.94,lbs,LabJackDAQ,LoadCellSummed,0
2025-05-21 13:47:24,232,LC-TOTAL-LJ,753.05,lbs,LabJackDAQ,LoadCellSummed,0
2025-05-21 13:47:24,284,LC-TOTAL-LJ,751.77,lbs,LabJackDAQ,LoadCellSummed,0
2025-05-21 13:47:24,333,LC-TOTAL-LJ,751.64,lbs,LabJackDAQ,LoadCellSummed,0
2025-05-21 13:47:24,388,LC-TOTAL-LJ,752.04,lbs,LabJackDAQ,LoadCellSummed,0
2025-05-21 13:47:24,438,LC-TOTAL-LJ,752.16,lbs,LabJackDAQ,LoadCellSummed,0
2025-05-21 13:47:24,491,LC-TOTAL-LJ,752.30,lbs,LabJackDAQ,LoadCellSummed,0
2025-05-21 13:47:24,539,LC-TOTAL-LJ,752.19,lbs,LabJackDAQ,LoadCellSummed,0
2025-05-21 13:47:24,587,LC-TOTAL-LJ,752.51,lbs,LabJackDAQ,LoadCellSummed,0
2025-05-21 13:47:24,634,LC-TOTAL-LJ,751.85,lbs,LabJackDAQ,LoadCellSummed,0
2025-05-21 13:47:24,682,LC-TOTAL-LJ,752.70,lbs,LabJackDAQ,LoadCellSummed,0
2025-05-21 13:47:24,731,LC-TOTAL-LJ,752.12,lbs,LabJackDAQ,LoadCellSummed,0
2025-05-21 13:47:24,778,LC-TOTAL-LJ,752.10,lbs,LabJackDAQ,LoadCellSummed,0
2025-05-21 13:47:24,831,LC-TOTAL-LJ,751.66,lbs,LabJackDAQ,LoadCellSummed,0
2025-05-21 13:47:24,881,LC-TOTAL-LJ,752.62,lbs,LabJackDAQ,LoadCellSummed,0
2025-05-21 13:47:24,933,LC-TOTAL-LJ,751.75,lbs,LabJackDAQ,LoadCellSummed,0
2025-05-21 13:47:24,983,LC-TOTAL-LJ,752.32,lbs,LabJackDAQ,LoadCellSummed,0
2025-05-21 13:47:25,034,LC-TOTAL-LJ,750.92,lbs,LabJackDAQ,LoadCellSummed,0
2025-05-21 13:47:25,083,LC-TOTAL-LJ,752.01,lbs,LabJackDAQ,LoadCellSummed,0
2025-05-21 13:47:25,132,LC-TOTAL-LJ,752.91,lbs,LabJackDAQ,LoadCellSummed,0
2025-05-21 13:47:25,180,LC-TOTAL-LJ,752.19,lbs,LabJackDAQ,LoadCellSummed,0
2025-05-21 13:47:25,229,LC-TOTAL-LJ,752.24,lbs,LabJackDAQ,LoadCellSummed,0
2025-05-21 13:47:25,278,LC-TOTAL-LJ,752.04,lbs,LabJackDAQ,LoadCellSummed,0
2025-05-21 13:47:25,330,LC-TOTAL-LJ,752.81,lbs,LabJackDAQ,LoadCellSummed,0
2025-05-21 13:47:25,380,LC-TOTAL-LJ,752.10,lbs,LabJackDAQ,LoadCellSummed,0
2025-05-21 13:47:25,434,LC-TOTAL-LJ,751.52,lbs,LabJackDAQ,LoadCellSummed,0
2025-05-21 13:47:25,485,LC-TOTAL-LJ,751.87,lbs,LabJackDAQ,LoadCellSummed,0
2025-05-21 13:47:25,537,LC-TOTAL-LJ,752.13,lbs,LabJackDAQ,LoadCellSummed,0
2025-05-21 13:47:25,585,LC-TOTAL-LJ,752.20,lbs,LabJackDAQ,LoadCellSummed,0
2025-05-21 13:47:25,635,LC-TOTAL-LJ,751.42,lbs,LabJackDAQ,LoadCellSummed,0
2025-05-21 13:47:25,683,LC-TOTAL-LJ,752.24,lbs,LabJackDAQ,LoadCellSummed,0
2025-05-21 13:47:25,732,LC-TOTAL-LJ,752.60,lbs,LabJackDAQ,LoadCellSummed,0
2025-05-21 13:47:25,781,LC-TOTAL-LJ,752.77,lbs,LabJackDAQ,LoadCellSummed,0
2025-05-21 13:47:25,829,LC-TOTAL-LJ,752.45,lbs,LabJackDAQ,LoadCellSummed,0
2025-05-21 13:47:25,877,LC-TOTAL-LJ,752.05,lbs,LabJackDAQ,LoadCellSummed,0
2025-05-21 13:47:25,925,LC-TOTAL-LJ,752.59,lbs,LabJackDAQ,LoadCellSummed,0
2025-05-21 13:47:25,974,LC-TOTAL-LJ,752.14,lbs,LabJackDAQ,LoadCellSummed,0
2025-05-21 13:47:26,022,LC-TOTAL-LJ,752.05,lbs,LabJackDAQ,LoadCellSummed,0
2025-05-21 13:47:26,071,LC-TOTAL-LJ,751.14,lbs,LabJackDAQ,LoadCellSummed,0
2025-05-21 13:47:26,119,LC-TOTAL-LJ,751.51,lbs,LabJackDAQ,LoadCellSummed,0
2025-05-21 13:47:26,168,LC-TOTAL-LJ,751.74,lbs,LabJackDAQ,LoadCellSummed,0
2025-05-21 13:47:26,220,LC-TOTAL-LJ,752.27,lbs,LabJackDAQ,LoadCellSummed,0
2025-05-21 13:47:26,269,LC-TOTAL-LJ,751.45,lbs,LabJackDAQ,LoadCellSummed,0
2025-05-21 13:47:26,322,LC-TOTAL-LJ,752.61,lbs,LabJackDAQ,LoadCellSummed,0
2025-05-21 13:47:26,371,LC-TOTAL-LJ,751.26,lbs,LabJackDAQ,LoadCellSummed,0
2025-05-21 13:47:26,425,LC-TOTAL-LJ,751.95,lbs,LabJackDAQ,LoadCellSummed,0
2025-05-21 13:47:26,475,LC-TOTAL-LJ,751.97,lbs,LabJackDAQ,LoadCellSummed,0
2025-05-21 13:47:26,529,LC-TOTAL-LJ,751.24,lbs,LabJackDAQ,LoadCellSummed,0
2025-05-21 13:47:26,576,LC-TOTAL-LJ,752.02,lbs,LabJackDAQ,LoadCellSummed,0
2025-05-21 13:47:26,624,LC-TOTAL-LJ,751.35,lbs,LabJackDAQ,LoadCellSummed,0
2025-05-21 13:47:26,672,LC-TOTAL-LJ,751.42,lbs,LabJackDAQ,LoadCellSummed,0
2025-05-21 13:47:26,720,LC-TOTAL-LJ,752.11,lbs,LabJackDAQ,LoadCellSummed,0
2025-05-21 13:47:26,769,LC-TOTAL-LJ,751.64,lbs,LabJackDAQ,LoadCellSummed,0
2025-05-21 13:47:26,821,LC-TOTAL-LJ,751.54,lbs,LabJackDAQ,LoadCellSummed,0
2025-05-21 13:47:26,869,LC-TOTAL-LJ,751.35,lbs,LabJackDAQ,LoadCellSummed,0
2025-05-21 13:47:26,922,LC-TOTAL-LJ,751.99,lbs,LabJackDAQ,LoadCellSummed,0
2025-05-21 13:47:26,972,LC-TOTAL-LJ,751.21,lbs,LabJackDAQ,LoadCellSummed,0
2025-05-21 13:47:27,027,LC-TOTAL-LJ,751.88,lbs,LabJackDAQ,LoadCellSummed,0
2025-05-21 13:47:27,076,LC-TOTAL-LJ,752.70,lbs,LabJackDAQ,LoadCellSummed,0
2025-05-21 13:47:27,124,LC-TOTAL-LJ,752.71,lbs,LabJackDAQ,LoadCellSummed,0
2025-05-21 13:47:27,173,LC-TOTAL-LJ,752.19,lbs,LabJackDAQ,LoadCellSummed,0
2025-05-21 13:47:27,222,LC-TOTAL-LJ,752.68,lbs,LabJackDAQ,LoadCellSummed,0
2025-05-21 13:47:27,270,LC-TOTAL-LJ,751.39,lbs,LabJackDAQ,LoadCellSummed,0
2025-05-21 13:47:27,322,LC-TOTAL-LJ,752.77,lbs,LabJackDAQ,LoadCellSummed,0
2025-05-21 13:47:27,373,LC-TOTAL-LJ,751.52,lbs,LabJackDAQ,LoadCellSummed,0
2025-05-21 13:47:27,427,LC-TOTAL-LJ,752.18,lbs,LabJackDAQ,LoadCellSummed,0
2025-05-21 13:47:27,476,LC-TOTAL-LJ,751.48,lbs,LabJackDAQ,LoadCellSummed,0
2025-05-21 13:47:27,530,LC-TOTAL-LJ,751.85,lbs,LabJackDAQ,LoadCellSummed,0
2025-05-21 13:47:27,578,LC-TOTAL-LJ,751.11,lbs,LabJackDAQ,LoadCellSummed,0
2025-05-21 13:47:27,626,LC-TOTAL-LJ,751.32,lbs,LabJackDAQ,LoadCellSummed,0
2025-05-21 13:47:27,674,LC-TOTAL-LJ,751.36,lbs,LabJackDAQ,LoadCellSummed,0
2025-05-21 13:47:27,722,LC-TOTAL-LJ,751.15,lbs,LabJackDAQ,LoadCellSummed,0
2025-05-21 13:47:27,774,LC-TOTAL-LJ,751.58,lbs,LabJackDAQ,LoadCellSummed,0
2025-05-21 13:47:27,824,LC-TOTAL-LJ,751.36,lbs,LabJackDAQ,LoadCellSummed,0
2025-05-21 13:47:27,876,LC-TOTAL-LJ,751.99,lbs,LabJackDAQ,LoadCellSummed,0
2025-05-21 13:47:27,925,LC-TOTAL-LJ,751.45,lbs,LabJackDAQ,LoadCellSummed,0
2025-05-21 13:47:27,978,LC-TOTAL-LJ,751.82,lbs,LabJackDAQ,LoadCellSummed,0
2025-05-21 13:47:28,026,LC-TOTAL-LJ,751.95,lbs,LabJackDAQ,LoadCellSummed,0
2025-05-21 13:47:28,074,LC-TOTAL-LJ,752.33,lbs,LabJackDAQ,LoadCellSummed,0
2025-05-21 13:47:28,122,LC-TOTAL-LJ,752.36,lbs,LabJackDAQ,LoadCellSummed,0
2025-05-21 13:47:28,169,LC-TOTAL-LJ,751.38,lbs,LabJackDAQ,LoadCellSummed,0
2025-05-21 13:47:28,217,LC-TOTAL-LJ,752.09,lbs,LabJackDAQ,LoadCellSummed,0
2025-05-21 13:47:28,265,LC-TOTAL-LJ,752.70,lbs,LabJackDAQ,LoadCellSummed,0
2025-05-21 13:47:28,316,LC-TOTAL-LJ,751.15,lbs,LabJackDAQ,LoadCellSummed,0
2025-05-21 13:47:28,364,LC-TOTAL-LJ,751.66,lbs,LabJackDAQ,LoadCellSummed,0
2025-05-21 13:47:28,418,LC-TOTAL-LJ,751.56,lbs,LabJackDAQ,LoadCellSummed,0
2025-05-21 13:47:28,468,LC-TOTAL-LJ,752.25,lbs,LabJackDAQ,LoadCellSummed,0
2025-05-21 13:47:28,522,LC-TOTAL-LJ,752.57,lbs,LabJackDAQ,LoadCellSummed,0
2025-05-21 13:47:28,570,LC-TOTAL-LJ,752.51,lbs,LabJackDAQ,LoadCellSummed,0
2025-05-21 13:47:28,618,LC-TOTAL-LJ,752.31,lbs,LabJackDAQ,LoadCellSummed,0
2025-05-21 13:47:28,667,LC-TOTAL-LJ,752.26,lbs,LabJackDAQ,LoadCellSummed,0
2025-05-21 13:47:28,714,LC-TOTAL-LJ,752.86,lbs,LabJackDAQ,LoadCellSummed,0
2025-05-21 13:47:28,761,LC-TOTAL-LJ,752.42,lbs,LabJackDAQ,LoadCellSummed,0
2025-05-21 13:47:28,813,LC-TOTAL-LJ,751.95,lbs,LabJackDAQ,LoadCellSummed,0
2025-05-21 13:47:28,862,LC-TOTAL-LJ,751.20,lbs,LabJackDAQ,LoadCellSummed,0
2025-05-21 13:47:28,915,LC-TOTAL-LJ,751.95,lbs,LabJackDAQ,LoadCellSummed,0
2025-05-21 13:47:28,965,LC-TOTAL-LJ,750.94,lbs,LabJackDAQ,LoadCellSummed,0
2025-05-21 13:47:29,016,LC-TOTAL-LJ,751.88,lbs,LabJackDAQ,LoadCellSummed,0
2025-05-21 13:47:29,065,LC-TOTAL-LJ,752.00,lbs,LabJackDAQ,LoadCellSummed,0
2025-05-21 13:47:29,114,LC-TOTAL-LJ,751.49,lbs,LabJackDAQ,LoadCellSummed,0
2025-05-21 13:47:29,162,LC-TOTAL-LJ,750.64,lbs,LabJackDAQ,LoadCellSummed,0
2025-05-21 13:47:29,210,LC-TOTAL-LJ,751.81,lbs,LabJackDAQ,LoadCellSummed,0
2025-05-21 13:47:29,259,LC-TOTAL-LJ,751.86,lbs,LabJackDAQ,LoadCellSummed,0
2025-05-21 13:47:29,310,LC-TOTAL-LJ,752.62,lbs,LabJackDAQ,LoadCellSummed,0
2025-05-21 13:47:29,359,LC-TOTAL-LJ,750.52,lbs,LabJackDAQ,LoadCellSummed,0
2025-05-21 13:47:29,413,LC-TOTAL-LJ,751.71,lbs,LabJackDAQ,LoadCellSummed,0
2025-05-21 13:47:29,462,LC-TOTAL-LJ,751.25,lbs,LabJackDAQ,LoadCellSummed,0
2025-05-21 13:47:29,515,LC-TOTAL-LJ,751.92,lbs,LabJackDAQ,LoadCellSummed,0
2025-05-21 13:47:29,565,LC-TOTAL-LJ,751.37,lbs,LabJackDAQ,LoadCellSummed,0
2025-05-21 13:47:29,614,LC-TOTAL-LJ,752.31,lbs,LabJackDAQ,LoadCellSummed,0
2025-05-21 13:47:29,660,LC-TOTAL-LJ,751.29,lbs,LabJackDAQ,LoadCellSummed,0
2025-05-21 13:47:29,708,LC-TOTAL-LJ,752.11,lbs,LabJackDAQ,LoadCellSummed,0
2025-05-21 13:47:29,757,LC-TOTAL-LJ,752.30,lbs,LabJackDAQ,LoadCellSummed,0
2025-05-21 13:47:29,808,LC-TOTAL-LJ,752.24,lbs,LabJackDAQ,LoadCellSummed,0
2025-05-21 13:47:29,859,LC-TOTAL-LJ,751.78,lbs,LabJackDAQ,LoadCellSummed,0
2025-05-21 13:47:29,914,LC-TOTAL-LJ,752.45,lbs,LabJackDAQ,LoadCellSummed,0
2025-05-21 13:47:29,963,LC-TOTAL-LJ,752.10,lbs,LabJackDAQ,LoadCellSummed,0
2025-05-21 13:47:30,014,LC-TOTAL-LJ,752.02,lbs,LabJackDAQ,LoadCellSummed,0
2025-05-21 13:47:30,061,LC-TOTAL-LJ,750.99,lbs,LabJackDAQ,LoadCellSummed,0
2025-05-21 13:47:30,108,LC-TOTAL-LJ,752.40,lbs,LabJackDAQ,LoadCellSummed,0
2025-05-21 13:47:30,154,LC-TOTAL-LJ,752.64,lbs,LabJackDAQ,LoadCellSummed,0
2025-05-21 13:47:30,201,LC-TOTAL-LJ,752.32,lbs,LabJackDAQ,LoadCellSummed,0
2025-05-21 13:47:30,248,LC-TOTAL-LJ,751.58,lbs,LabJackDAQ,LoadCellSummed,0
2025-05-21 13:47:30,302,LC-TOTAL-LJ,751.47,lbs,LabJackDAQ,LoadCellSummed,0
2025-05-21 13:47:30,352,LC-TOTAL-LJ,752.17,lbs,LabJackDAQ,LoadCellSummed,0
2025-05-21 13:47:30,405,LC-TOTAL-LJ,752.52,lbs,LabJackDAQ,LoadCellSummed,0
2025-05-21 13:47:30,456,LC-TOTAL-LJ,752.11,lbs,LabJackDAQ,LoadCellSummed,0
2025-05-21 13:47:30,508,LC-TOTAL-LJ,753.05,lbs,LabJackDAQ,LoadCellSummed,0
2025-05-21 13:47:30,557,LC-TOTAL-LJ,752.42,lbs,LabJackDAQ,LoadCellSummed,0
2025-05-21 13:47:30,605,LC-TOTAL-LJ,752.50,lbs,LabJackDAQ,LoadCellSummed,0
2025-05-21 13:47:30,654,LC-TOTAL-LJ,752.31,lbs,LabJackDAQ,LoadCellSummed,0
2025-05-21 13:47:30,701,LC-TOTAL-LJ,752.18,lbs,LabJackDAQ,LoadCellSummed,0
2025-05-21 13:47:30,749,LC-TOTAL-LJ,752.70,lbs,LabJackDAQ,LoadCellSummed,0
2025-05-21 13:47:30,801,LC-TOTAL-LJ,751.33,lbs,LabJackDAQ,LoadCellSummed,0
2025-05-21 13:47:30,849,LC-TOTAL-LJ,751.81,lbs,LabJackDAQ,LoadCellSummed,0
2025-05-21 13:47:30,904,LC-TOTAL-LJ,752.33,lbs,LabJackDAQ,LoadCellSummed,0
2025-05-21 13:47:30,955,LC-TOTAL-LJ,752.01,lbs,LabJackDAQ,LoadCellSummed,0
2025-05-21 13:47:31,008,LC-TOTAL-LJ,752.56,lbs,LabJackDAQ,LoadCellSummed,0
2025-05-21 13:47:31,057,LC-TOTAL-LJ,751.70,lbs,LabJackDAQ,LoadCellSummed,0
2025-05-21 13:47:31,106,LC-TOTAL-LJ,750.92,lbs,LabJackDAQ,LoadCellSummed,0
2025-05-21 13:47:31,154,LC-TOTAL-LJ,751.46,lbs,LabJackDAQ,LoadCellSummed,0
2025-05-21 13:47:31,202,LC-TOTAL-LJ,751.61,lbs,LabJackDAQ,LoadCellSummed,0
2025-05-21 13:47:31,252,LC-TOTAL-LJ,751.99,lbs,LabJackDAQ,LoadCellSummed,0
2025-05-21 13:47:31,304,LC-TOTAL-LJ,750.51,lbs,LabJackDAQ,LoadCellSummed,0
2025-05-21 13:47:31,354,LC-TOTAL-LJ,752.43,lbs,LabJackDAQ,LoadCellSummed,0
2025-05-21 13:47:31,408,LC-TOTAL-LJ,752.56,lbs,LabJackDAQ,LoadCellSummed,0
2025-05-21 13:47:31,458,LC-TOTAL-LJ,751.72,lbs,LabJackDAQ,LoadCellSummed,0
2025-05-21 13:47:31,512,LC-TOTAL-LJ,752.06,lbs,LabJackDAQ,LoadCellSummed,0
2025-05-21 13:47:31,559,LC-TOTAL-LJ,752.21,lbs,LabJackDAQ,LoadCellSummed,0
2025-05-21 13:47:31,608,LC-TOTAL-LJ,752.67,lbs,LabJackDAQ,LoadCellSummed,0
2025-05-21 13:47:31,656,LC-TOTAL-LJ,751.85,lbs,LabJackDAQ,LoadCellSummed,0
2025-05-21 13:47:31,705,LC-TOTAL-LJ,751.71,lbs,LabJackDAQ,LoadCellSummed,0
2025-05-21 13:47:31,754,LC-TOTAL-LJ,751.19,lbs,LabJackDAQ,LoadCellSummed,0
2025-05-21 13:47:31,807,LC-TOTAL-LJ,751.98,lbs,LabJackDAQ,LoadCellSummed,0
2025-05-21 13:47:31,856,LC-TOTAL-LJ,751.34,lbs,LabJackDAQ,LoadCellSummed,0
2025-05-21 13:47:31,908,LC-TOTAL-LJ,752.38,lbs,LabJackDAQ,LoadCellSummed,0
2025-05-21 13:47:31,959,LC-TOTAL-LJ,751.08,lbs,LabJackDAQ,LoadCellSummed,0
2025-05-21 13:47:32,009,LC-TOTAL-LJ,752.70,lbs,LabJackDAQ,LoadCellSummed,0
2025-05-21 13:47:32,059,LC-TOTAL-LJ,750.83,lbs,LabJackDAQ,LoadCellSummed,0
2025-05-21 13:47:32,108,LC-TOTAL-LJ,751.72,lbs,LabJackDAQ,LoadCellSummed,0
2025-05-21 13:47:32,157,LC-TOTAL-LJ,751.52,lbs,LabJackDAQ,LoadCellSummed,0
2025-05-21 13:47:32,206,LC-TOTAL-LJ,752.60,lbs,LabJackDAQ,LoadCellSummed,0
2025-05-21 13:47:32,255,LC-TOTAL-LJ,752.11,lbs,LabJackDAQ,LoadCellSummed,0
2025-05-21 13:47:32,307,LC-TOTAL-LJ,751.51,lbs,LabJackDAQ,LoadCellSummed,0
2025-05-21 13:47:32,356,LC-TOTAL-LJ,752.29,lbs,LabJackDAQ,LoadCellSummed,0
2025-05-21 13:47:32,410,LC-TOTAL-LJ,752.79,lbs,LabJackDAQ,LoadCellSummed,0
2025-05-21 13:47:32,460,LC-TOTAL-LJ,752.07,lbs,LabJackDAQ,LoadCellSummed,0
2025-05-21 13:47:32,512,LC-TOTAL-LJ,752.69,lbs,LabJackDAQ,LoadCellSummed,0
2025-05-21 13:47:32,560,LC-TOTAL-LJ,751.85,lbs,LabJackDAQ,LoadCellSummed,0
2025-05-21 13:47:32,607,LC-TOTAL-LJ,753.18,lbs,LabJackDAQ,LoadCellSummed,0
2025-05-21 13:47:32,655,LC-TOTAL-LJ,751.60,lbs,LabJackDAQ,LoadCellSummed,0
2025-05-21 13:47:32,702,LC-TOTAL-LJ,752.19,lbs,LabJackDAQ,LoadCellSummed,0
2025-05-21 13:47:32,750,LC-TOTAL-LJ,751.52,lbs,LabJackDAQ,LoadCellSummed,0
2025-05-21 13:47:32,802,LC-TOTAL-LJ,752.26,lbs,LabJackDAQ,LoadCellSummed,0
2025-05-21 13:47:32,852,LC-TOTAL-LJ,750.98,lbs,LabJackDAQ,LoadCellSummed,0
2025-05-21 13:47:32,906,LC-TOTAL-LJ,750.53,lbs,LabJackDAQ,LoadCellSummed,0
2025-05-21 13:47:32,956,LC-TOTAL-LJ,752.40,lbs,LabJackDAQ,LoadCellSummed,0
2025-05-21 13:47:33,008,LC-TOTAL-LJ,752.12,lbs,LabJackDAQ,LoadCellSummed,0
2025-05-21 13:47:33,057,LC-TOTAL-LJ,751.41,lbs,LabJackDAQ,LoadCellSummed,0
2025-05-21 13:47:33,106,LC-TOTAL-LJ,752.50,lbs,LabJackDAQ,LoadCellSummed,0
2025-05-21 13:47:33,154,LC-TOTAL-LJ,752.28,lbs,LabJackDAQ,LoadCellSummed,0
2025-05-21 13:47:33,203,LC-TOTAL-LJ,752.47,lbs,LabJackDAQ,LoadCellSummed,0
2025-05-21 13:47:33,252,LC-TOTAL-LJ,752.39,lbs,LabJackDAQ,LoadCellSummed,0
2025-05-21 13:47:33,305,LC-TOTAL-LJ,752.58,lbs,LabJackDAQ,LoadCellSummed,0
2025-05-21 13:47:33,353,LC-TOTAL-LJ,752.09,lbs,LabJackDAQ,LoadCellSummed,0
2025-05-21 13:47:33,407,LC-TOTAL-LJ,752.41,lbs,LabJackDAQ,LoadCellSummed,0
2025-05-21 13:47:33,456,LC-TOTAL-LJ,752.12,lbs,LabJackDAQ,LoadCellSummed,0
2025-05-21 13:47:33,507,LC-TOTAL-LJ,752.48,lbs,LabJackDAQ,LoadCellSummed,0
2025-05-21 13:47:33,554,LC-TOTAL-LJ,751.11,lbs,LabJackDAQ,LoadCellSummed,0
2025-05-21 13:47:33,603,LC-TOTAL-LJ,751.28,lbs,LabJackDAQ,LoadCellSummed,0
2025-05-21 13:47:33,653,LC-TOTAL-LJ,752.27,lbs,LabJackDAQ,LoadCellSummed,0
2025-05-21 13:47:33,702,LC-TOTAL-LJ,752.34,lbs,LabJackDAQ,LoadCellSummed,0
2025-05-21 13:47:33,749,LC-TOTAL-LJ,751.96,lbs,LabJackDAQ,LoadCellSummed,0
2025-05-21 13:47:33,802,LC-TOTAL-LJ,752.52,lbs,LabJackDAQ,LoadCellSummed,0
2025-05-21 13:47:33,852,LC-TOTAL-LJ,752.39,lbs,LabJackDAQ,LoadCellSummed,0
2025-05-21 13:47:33,906,LC-TOTAL-LJ,752.43,lbs,LabJackDAQ,LoadCellSummed,0
2025-05-21 13:47:33,957,LC-TOTAL-LJ,751.87,lbs,LabJackDAQ,LoadCellSummed,0
2025-05-21 13:47:34,009,LC-TOTAL-LJ,752.28,lbs,LabJackDAQ,LoadCellSummed,0
2025-05-21 13:47:34,059,LC-TOTAL-LJ,750.50,lbs,LabJackDAQ,LoadCellSummed,0
2025-05-21 13:47:34,107,LC-TOTAL-LJ,752.01,lbs,LabJackDAQ,LoadCellSummed,0
2025-05-21 13:47:34,154,LC-TOTAL-LJ,751.44,lbs,LabJackDAQ,LoadCellSummed,0
2025-05-21 13:47:34,203,LC-TOTAL-LJ,751.55,lbs,LabJackDAQ,LoadCellSummed,0
2025-05-21 13:47:34,252,LC-TOTAL-LJ,752.30,lbs,LabJackDAQ,LoadCellSummed,0
2025-05-21 13:47:34,305,LC-TOTAL-LJ,751.91,lbs,LabJackDAQ,LoadCellSummed,0
2025-05-21 13:47:34,354,LC-TOTAL-LJ,752.39,lbs,LabJackDAQ,LoadCellSummed,0
2025-05-21 13:47:34,408,LC-TOTAL-LJ,753.12,lbs,LabJackDAQ,LoadCellSummed,0
2025-05-21 13:47:34,458,LC-TOTAL-LJ,751.81,lbs,LabJackDAQ,LoadCellSummed,0
2025-05-21 13:47:34,510,LC-TOTAL-LJ,753.23,lbs,LabJackDAQ,LoadCellSummed,0
2025-05-21 13:47:34,557,LC-TOTAL-LJ,751.96,lbs,LabJackDAQ,LoadCellSummed,0
2025-05-21 13:47:34,604,LC-TOTAL-LJ,751.83,lbs,LabJackDAQ,LoadCellSummed,0
2025-05-21 13:47:34,652,LC-TOTAL-LJ,751.55,lbs,LabJackDAQ,LoadCellSummed,0
2025-05-21 13:47:34,700,LC-TOTAL-LJ,751.72,lbs,LabJackDAQ,LoadCellSummed,0
2025-05-21 13:47:34,748,LC-TOTAL-LJ,751.47,lbs,LabJackDAQ,LoadCellSummed,0
2025-05-21 13:47:34,797,LC-TOTAL-LJ,752.02,lbs,LabJackDAQ,LoadCellSummed,0
2025-05-21 13:47:34,849,LC-TOTAL-LJ,751.29,lbs,LabJackDAQ,LoadCellSummed,0
2025-05-21 13:47:34,898,LC-TOTAL-LJ,752.25,lbs,LabJackDAQ,LoadCellSummed,0
2025-05-21 13:47:34,952,LC-TOTAL-LJ,751.28,lbs,LabJackDAQ,LoadCellSummed,0
2025-05-21 13:47:35,001,LC-TOTAL-LJ,752.35,lbs,LabJackDAQ,LoadCellSummed,0
2025-05-21 13:47:35,053,LC-TOTAL-LJ,751.82,lbs,LabJackDAQ,LoadCellSummed,0
2025-05-21 13:47:35,102,LC-TOTAL-LJ,751.03,lbs,LabJackDAQ,LoadCellSummed,0
2025-05-21 13:47:35,150,LC-TOTAL-LJ,751.19,lbs,LabJackDAQ,LoadCellSummed,0
2025-05-21 13:47:35,199,LC-TOTAL-LJ,752.04,lbs,LabJackDAQ,LoadCellSummed,0
2025-05-21 13:47:35,248,LC-TOTAL-LJ,752.60,lbs,LabJackDAQ,LoadCellSummed,0
2025-05-21 13:47:35,300,LC-TOTAL-LJ,750.85,lbs,LabJackDAQ,LoadCellSummed,0
2025-05-21 13:47:35,350,LC-TOTAL-LJ,751.84,lbs,LabJackDAQ,LoadCellSummed,0
2025-05-21 13:47:35,404,LC-TOTAL-LJ,752.16,lbs,LabJackDAQ,LoadCellSummed,0
2025-05-21 13:47:35,454,LC-TOTAL-LJ,751.92,lbs,LabJackDAQ,LoadCellSummed,0
2025-05-21 13:47:35,507,LC-TOTAL-LJ,752.86,lbs,LabJackDAQ,LoadCellSummed,0
2025-05-21 13:47:35,557,LC-TOTAL-LJ,752.11,lbs,LabJackDAQ,LoadCellSummed,0
2025-05-21 13:47:35,606,LC-TOTAL-LJ,750.99,lbs,LabJackDAQ,LoadCellSummed,0
2025-05-21 13:47:35,655,LC-TOTAL-LJ,752.02,lbs,LabJackDAQ,LoadCellSummed,0
2025-05-21 13:47:35,703,LC-TOTAL-LJ,752.12,lbs,LabJackDAQ,LoadCellSummed,0
2025-05-21 13:47:35,759,LC-TOTAL-LJ,751.69,lbs,LabJackDAQ,LoadCellSummed,0
2025-05-21 13:47:35,809,LC-TOTAL-LJ,752.24,lbs,LabJackDAQ,LoadCellSummed,0
2025-05-21 13:47:35,857,LC-TOTAL-LJ,750.85,lbs,LabJackDAQ,LoadCellSummed,0
2025-05-21 13:47:35,909,LC-TOTAL-LJ,751.90,lbs,LabJackDAQ,LoadCellSummed,0
2025-05-21 13:47:35,959,LC-TOTAL-LJ,751.50,lbs,LabJackDAQ,LoadCellSummed,0
2025-05-21 13:47:36,010,LC-TOTAL-LJ,752.50,lbs,LabJackDAQ,LoadCellSummed,0
2025-05-21 13:47:36,060,LC-TOTAL-LJ,751.89,lbs,LabJackDAQ,LoadCellSummed,0
2025-05-21 13:47:36,107,LC-TOTAL-LJ,752.70,lbs,LabJackDAQ,LoadCellSummed,0
2025-05-21 13:47:36,156,LC-TOTAL-LJ,752.10,lbs,LabJackDAQ,LoadCellSummed,0
2025-05-21 13:47:36,205,LC-TOTAL-LJ,752.28,lbs,LabJackDAQ,LoadCellSummed,0
2025-05-21 13:47:36,254,LC-TOTAL-LJ,751.51,lbs,LabJackDAQ,LoadCellSummed,0
2025-05-21 13:47:36,305,LC-TOTAL-LJ,752.34,lbs,LabJackDAQ,LoadCellSummed,0
2025-05-21 13:47:36,355,LC-TOTAL-LJ,751.61,lbs,LabJackDAQ,LoadCellSummed,0
2025-05-21 13:47:36,409,LC-TOTAL-LJ,752.39,lbs,LabJackDAQ,LoadCellSummed,0
2025-05-21 13:47:36,459,LC-TOTAL-LJ,751.43,lbs,LabJackDAQ,LoadCellSummed,0
2025-05-21 13:47:36,509,LC-TOTAL-LJ,752.33,lbs,LabJackDAQ,LoadCellSummed,0
2025-05-21 13:47:36,558,LC-TOTAL-LJ,751.51,lbs,LabJackDAQ,LoadCellSummed,0
2025-05-21 13:47:36,607,LC-TOTAL-LJ,751.61,lbs,LabJackDAQ,LoadCellSummed,0
2025-05-21 13:47:36,656,LC-TOTAL-LJ,751.62,lbs,LabJackDAQ,LoadCellSummed,0
2025-05-21 13:47:36,704,LC-TOTAL-LJ,751.08,lbs,LabJackDAQ,LoadCellSummed,0
2025-05-21 13:47:36,753,LC-TOTAL-LJ,752.30,lbs,LabJackDAQ,LoadCellSummed,0
2025-05-21 13:47:36,805,LC-TOTAL-LJ,751.45,lbs,LabJackDAQ,LoadCellSummed,0
2025-05-21 13:47:36,854,LC-TOTAL-LJ,751.23,lbs,LabJackDAQ,LoadCellSummed,0
2025-05-21 13:47:36,907,LC-TOTAL-LJ,751.91,lbs,LabJackDAQ,LoadCellSummed,0
2025-05-21 13:47:36,958,LC-TOTAL-LJ,752.26,lbs,LabJackDAQ,LoadCellSummed,0
2025-05-21 13:47:37,009,LC-TOTAL-LJ,751.55,lbs,LabJackDAQ,LoadCellSummed,0
2025-05-21 13:47:37,059,LC-TOTAL-LJ,751.49,lbs,LabJackDAQ,LoadCellSummed,0
2025-05-21 13:47:37,108,LC-TOTAL-LJ,751.93,lbs,LabJackDAQ,LoadCellSummed,0
2025-05-21 13:47:37,156,LC-TOTAL-LJ,752.84,lbs,LabJackDAQ,LoadCellSummed,0
2025-05-21 13:47:37,207,LC-TOTAL-LJ,752.29,lbs,LabJackDAQ,LoadCellSummed,0
2025-05-21 13:47:37,255,LC-TOTAL-LJ,751.86,lbs,LabJackDAQ,LoadCellSummed,0
2025-05-21 13:47:37,308,LC-TOTAL-LJ,752.84,lbs,LabJackDAQ,LoadCellSummed,0
2025-05-21 13:47:37,357,LC-TOTAL-LJ,751.85,lbs,LabJackDAQ,LoadCellSummed,0
2025-05-21 13:47:37,410,LC-TOTAL-LJ,753.09,lbs,LabJackDAQ,LoadCellSummed,0
2025-05-21 13:47:37,461,LC-TOTAL-LJ,750.69,lbs,LabJackDAQ,LoadCellSummed,0
2025-05-21 13:47:37,512,LC-TOTAL-LJ,752.53,lbs,LabJackDAQ,LoadCellSummed,0
2025-05-21 13:47:37,561,LC-TOTAL-LJ,751.97,lbs,LabJackDAQ,LoadCellSummed,0
2025-05-21 13:47:37,609,LC-TOTAL-LJ,752.73,lbs,LabJackDAQ,LoadCellSummed,0
2025-05-21 13:47:37,658,LC-TOTAL-LJ,750.29,lbs,LabJackDAQ,LoadCellSummed,0
2025-05-21 13:47:37,707,LC-TOTAL-LJ,751.86,lbs,LabJackDAQ,LoadCellSummed,0
2025-05-21 13:47:37,756,LC-TOTAL-LJ,751.89,lbs,LabJackDAQ,LoadCellSummed,0
2025-05-21 13:47:37,803,LC-TOTAL-LJ,752.61,lbs,LabJackDAQ,LoadCellSummed,0
2025-05-21 13:47:37,854,LC-TOTAL-LJ,751.49,lbs,LabJackDAQ,LoadCellSummed,0
2025-05-21 13:47:37,903,LC-TOTAL-LJ,751.25,lbs,LabJackDAQ,LoadCellSummed,0
2025-05-21 13:47:37,958,LC-TOTAL-LJ,751.31,lbs,LabJackDAQ,LoadCellSummed,0
2025-05-21 13:47:38,007,LC-TOTAL-LJ,752.64,lbs,LabJackDAQ,LoadCellSummed,0
2025-05-21 13:47:38,061,LC-TOTAL-LJ,751.49,lbs,LabJackDAQ,LoadCellSummed,0
2025-05-21 13:47:38,110,LC-TOTAL-LJ,752.63,lbs,LabJackDAQ,LoadCellSummed,0
2025-05-21 13:47:38,158,LC-TOTAL-LJ,751.93,lbs,LabJackDAQ,LoadCellSummed,0
2025-05-21 13:47:38,205,LC-TOTAL-LJ,752.18,lbs,LabJackDAQ,LoadCellSummed,0
2025-05-21 13:47:38,252,LC-TOTAL-LJ,751.71,lbs,LabJackDAQ,LoadCellSummed,0
2025-05-21 13:47:38,301,LC-TOTAL-LJ,751.85,lbs,LabJackDAQ,LoadCellSummed,0
2025-05-21 13:47:38,351,LC-TOTAL-LJ,752.41,lbs,LabJackDAQ,LoadCellSummed,0
2025-05-21 13:47:38,398,LC-TOTAL-LJ,752.60,lbs,LabJackDAQ,LoadCellSummed,0
2025-05-21 13:47:38,451,LC-TOTAL-LJ,752.21,lbs,LabJackDAQ,LoadCellSummed,0
2025-05-21 13:47:38,500,LC-TOTAL-LJ,752.51,lbs,LabJackDAQ,LoadCellSummed,0
2025-05-21 13:47:38,552,LC-TOTAL-LJ,751.70,lbs,LabJackDAQ,LoadCellSummed,0
2025-05-21 13:47:38,600,LC-TOTAL-LJ,751.26,lbs,LabJackDAQ,LoadCellSummed,0
2025-05-21 13:47:38,647,LC-TOTAL-LJ,751.03,lbs,LabJackDAQ,LoadCellSummed,0
2025-05-21 13:47:38,694,LC-TOTAL-LJ,751.94,lbs,LabJackDAQ,LoadCellSummed,0
2025-05-21 13:47:38,741,LC-TOTAL-LJ,752.35,lbs,LabJackDAQ,LoadCellSummed,0
2025-05-21 13:47:38,788,LC-TOTAL-LJ,752.52,lbs,LabJackDAQ,LoadCellSummed,0
2025-05-21 13:47:38,836,LC-TOTAL-LJ,752.08,lbs,LabJackDAQ,LoadCellSummed,0
2025-05-21 13:47:38,883,LC-TOTAL-LJ,752.93,lbs,LabJackDAQ,LoadCellSummed,0
2025-05-21 13:47:38,934,LC-TOTAL-LJ,750.90,lbs,LabJackDAQ,LoadCellSummed,0
2025-05-21 13:47:38,982,LC-TOTAL-LJ,751.47,lbs,LabJackDAQ,LoadCellSummed,0
2025-05-21 13:47:39,032,LC-TOTAL-LJ,752.21,lbs,LabJackDAQ,LoadCellSummed,0
2025-05-21 13:47:39,079,LC-TOTAL-LJ,751.18,lbs,LabJackDAQ,LoadCellSummed,0
2025-05-21 13:47:39,125,LC-TOTAL-LJ,752.02,lbs,LabJackDAQ,LoadCellSummed,0
2025-05-21 13:47:39,174,LC-TOTAL-LJ,752.51,lbs,LabJackDAQ,LoadCellSummed,0
2025-05-21 13:47:39,220,LC-TOTAL-LJ,752.47,lbs,LabJackDAQ,LoadCellSummed,0
2025-05-21 13:47:39,267,LC-TOTAL-LJ,752.18,lbs,LabJackDAQ,LoadCellSummed,0
2025-05-21 13:47:39,316,LC-TOTAL-LJ,752.71,lbs,LabJackDAQ,LoadCellSummed,0
2025-05-21 13:47:39,363,LC-TOTAL-LJ,752.58,lbs,LabJackDAQ,LoadCellSummed,0
2025-05-21 13:47:39,414,LC-TOTAL-LJ,751.80,lbs,LabJackDAQ,LoadCellSummed,0
2025-05-21 13:47:39,462,LC-TOTAL-LJ,752.07,lbs,LabJackDAQ,LoadCellSummed,0
2025-05-21 13:47:39,512,LC-TOTAL-LJ,751.44,lbs,LabJackDAQ,LoadCellSummed,0
2025-05-21 13:47:39,558,LC-TOTAL-LJ,751.22,lbs,LabJackDAQ,LoadCellSummed,0
2025-05-21 13:47:39,607,LC-TOTAL-LJ,752.17,lbs,LabJackDAQ,LoadCellSummed,0
2025-05-21 13:47:39,653,LC-TOTAL-LJ,752.00,lbs,LabJackDAQ,LoadCellSummed,0
2025-05-21 13:47:39,699,LC-TOTAL-LJ,752.38,lbs,LabJackDAQ,LoadCellSummed,0
2025-05-21 13:47:39,746,LC-TOTAL-LJ,751.08,lbs,LabJackDAQ,LoadCellSummed,0
2025-05-21 13:47:39,792,LC-TOTAL-LJ,751.69,lbs,LabJackDAQ,LoadCellSummed,0
2025-05-21 13:47:39,842,LC-TOTAL-LJ,751.73,lbs,LabJackDAQ,LoadCellSummed,0
2025-05-21 13:47:39,889,LC-TOTAL-LJ,751.44,lbs,LabJackDAQ,LoadCellSummed,0
2025-05-21 13:47:39,941,LC-TOTAL-LJ,752.18,lbs,LabJackDAQ,LoadCellSummed,0
2025-05-21 13:47:39,989,LC-TOTAL-LJ,752.33,lbs,LabJackDAQ,LoadCellSummed,0
2025-05-21 13:47:40,039,LC-TOTAL-LJ,751.57,lbs,LabJackDAQ,LoadCellSummed,0
2025-05-21 13:47:40,086,LC-TOTAL-LJ,751.21,lbs,LabJackDAQ,LoadCellSummed,0
2025-05-21 13:47:40,133,LC-TOTAL-LJ,752.00,lbs,LabJackDAQ,LoadCellSummed,0
2025-05-21 13:47:40,180,LC-TOTAL-LJ,752.82,lbs,LabJackDAQ,LoadCellSummed,0
2025-05-21 13:47:40,227,LC-TOTAL-LJ,752.24,lbs,LabJackDAQ,LoadCellSummed,0
2025-05-21 13:47:40,274,LC-TOTAL-LJ,751.84,lbs,LabJackDAQ,LoadCellSummed,0
2025-05-21 13:47:40,323,LC-TOTAL-LJ,752.89,lbs,LabJackDAQ,LoadCellSummed,0
2025-05-21 13:47:40,372,LC-TOTAL-LJ,752.34,lbs,LabJackDAQ,LoadCellSummed,0
2025-05-21 13:47:40,422,LC-TOTAL-LJ,751.95,lbs,LabJackDAQ,LoadCellSummed,0
2025-05-21 13:47:40,473,LC-TOTAL-LJ,751.29,lbs,LabJackDAQ,LoadCellSummed,0
2025-05-21 13:47:40,524,LC-TOTAL-LJ,752.60,lbs,LabJackDAQ,LoadCellSummed,0
2025-05-21 13:47:40,572,LC-TOTAL-LJ,751.93,lbs,LabJackDAQ,LoadCellSummed,0
2025-05-21 13:47:40,619,LC-TOTAL-LJ,752.58,lbs,LabJackDAQ,LoadCellSummed,0
2025-05-21 13:47:40,668,LC-TOTAL-LJ,752.59,lbs,LabJackDAQ,LoadCellSummed,0
2025-05-21 13:47:40,715,LC-TOTAL-LJ,752.35,lbs,LabJackDAQ,LoadCellSummed,0
2025-05-21 13:47:40,763,LC-TOTAL-LJ,752.02,lbs,LabJackDAQ,LoadCellSummed,0
2025-05-21 13:47:40,811,LC-TOTAL-LJ,752.66,lbs,LabJackDAQ,LoadCellSummed,0
2025-05-21 13:47:40,861,LC-TOTAL-LJ,751.12,lbs,LabJackDAQ,LoadCellSummed,0
2025-05-21 13:47:40,910,LC-TOTAL-LJ,751.89,lbs,LabJackDAQ,LoadCellSummed,0
2025-05-21 13:47:40,963,LC-TOTAL-LJ,751.97,lbs,LabJackDAQ,LoadCellSummed,0
2025-05-21 13:47:41,011,LC-TOTAL-LJ,751.50,lbs,LabJackDAQ,LoadCellSummed,0
2025-05-21 13:47:41,061,LC-TOTAL-LJ,752.58,lbs,LabJackDAQ,LoadCellSummed,0
2025-05-21 13:47:41,109,LC-TOTAL-LJ,752.70,lbs,LabJackDAQ,LoadCellSummed,0
2025-05-21 13:47:41,157,LC-TOTAL-LJ,752.19,lbs,LabJackDAQ,LoadCellSummed,0
2025-05-21 13:47:41,211,LC-TOTAL-LJ,751.73,lbs,LabJackDAQ,LoadCellSummed,0
2025-05-21 13:47:41,260,LC-TOTAL-LJ,751.53,lbs,LabJackDAQ,LoadCellSummed,0
2025-05-21 13:47:41,310,LC-TOTAL-LJ,752.73,lbs,LabJackDAQ,LoadCellSummed,0
2025-05-21 13:47:41,362,LC-TOTAL-LJ,752.16,lbs,LabJackDAQ,LoadCellSummed,0
2025-05-21 13:47:41,411,LC-TOTAL-LJ,752.43,lbs,LabJackDAQ,LoadCellSummed,0
2025-05-21 13:47:41,465,LC-TOTAL-LJ,752.52,lbs,LabJackDAQ,LoadCellSummed,0
2025-05-21 13:47:41,515,LC-TOTAL-LJ,752.50,lbs,LabJackDAQ,LoadCellSummed,0
2025-05-21 13:47:41,568,LC-TOTAL-LJ,752.65,lbs,LabJackDAQ,LoadCellSummed,0
2025-05-21 13:47:41,616,LC-TOTAL-LJ,752.09,lbs,LabJackDAQ,LoadCellSummed,0
2025-05-21 13:47:41,665,LC-TOTAL-LJ,752.29,lbs,LabJackDAQ,LoadCellSummed,0
2025-05-21 13:47:41,713,LC-TOTAL-LJ,752.16,lbs,LabJackDAQ,LoadCellSummed,0
2025-05-21 13:47:41,762,LC-TOTAL-LJ,750.83,lbs,LabJackDAQ,LoadCellSummed,0
2025-05-21 13:47:41,810,LC-TOTAL-LJ,751.70,lbs,LabJackDAQ,LoadCellSummed,0
2025-05-21 13:47:41,861,LC-TOTAL-LJ,751.93,lbs,LabJackDAQ,LoadCellSummed,0
2025-05-21 13:47:41,910,LC-TOTAL-LJ,752.98,lbs,LabJackDAQ,LoadCellSummed,0
2025-05-21 13:47:41,964,LC-TOTAL-LJ,752.53,lbs,LabJackDAQ,LoadCellSummed,0
2025-05-21 13:47:42,013,LC-TOTAL-LJ,751.38,lbs,LabJackDAQ,LoadCellSummed,0
2025-05-21 13:47:42,065,LC-TOTAL-LJ,752.14,lbs,LabJackDAQ,LoadCellSummed,0
2025-05-21 13:47:42,113,LC-TOTAL-LJ,752.39,lbs,LabJackDAQ,LoadCellSummed,0
2025-05-21 13:47:42,161,LC-TOTAL-LJ,752.51,lbs,LabJackDAQ,LoadCellSummed,0
2025-05-21 13:47:42,209,LC-TOTAL-LJ,752.73,lbs,LabJackDAQ,LoadCellSummed,0
2025-05-21 13:47:42,258,LC-TOTAL-LJ,751.76,lbs,LabJackDAQ,LoadCellSummed,0
2025-05-21 13:47:42,306,LC-TOTAL-LJ,752.52,lbs,LabJackDAQ,LoadCellSummed,0
2025-05-21 13:47:42,357,LC-TOTAL-LJ,751.90,lbs,LabJackDAQ,LoadCellSummed,0
2025-05-21 13:47:42,407,LC-TOTAL-LJ,752.53,lbs,LabJackDAQ,LoadCellSummed,0
2025-05-21 13:47:42,459,LC-TOTAL-LJ,751.53,lbs,LabJackDAQ,LoadCellSummed,0
2025-05-21 13:47:42,508,LC-TOTAL-LJ,752.74,lbs,LabJackDAQ,LoadCellSummed,0
2025-05-21 13:47:42,563,LC-TOTAL-LJ,751.98,lbs,LabJackDAQ,LoadCellSummed,0
2025-05-21 13:47:42,610,LC-TOTAL-LJ,753.13,lbs,LabJackDAQ,LoadCellSummed,0
2025-05-21 13:47:42,659,LC-TOTAL-LJ,751.83,lbs,LabJackDAQ,LoadCellSummed,0
2025-05-21 13:47:42,707,LC-TOTAL-LJ,752.68,lbs,LabJackDAQ,LoadCellSummed,0
2025-05-21 13:47:42,756,LC-TOTAL-LJ,752.40,lbs,LabJackDAQ,LoadCellSummed,0
2025-05-21 13:47:42,806,LC-TOTAL-LJ,751.91,lbs,LabJackDAQ,LoadCellSummed,0
2025-05-21 13:47:42,856,LC-TOTAL-LJ,752.39,lbs,LabJackDAQ,LoadCellSummed,0
2025-05-21 13:47:42,906,LC-TOTAL-LJ,752.36,lbs,LabJackDAQ,LoadCellSummed,0
2025-05-21 13:47:42,958,LC-TOTAL-LJ,751.90,lbs,LabJackDAQ,LoadCellSummed,0
2025-05-21 13:47:43,009,LC-TOTAL-LJ,752.67,lbs,LabJackDAQ,LoadCellSummed,0
2025-05-21 13:47:43,061,LC-TOTAL-LJ,752.08,lbs,LabJackDAQ,LoadCellSummed,0
2025-05-21 13:47:43,109,LC-TOTAL-LJ,752.75,lbs,LabJackDAQ,LoadCellSummed,0
2025-05-21 13:47:43,158,LC-TOTAL-LJ,752.08,lbs,LabJackDAQ,LoadCellSummed,0
2025-05-21 13:47:43,206,LC-TOTAL-LJ,752.50,lbs,LabJackDAQ,LoadCellSummed,0
2025-05-21 13:47:43,255,LC-TOTAL-LJ,752.18,lbs,LabJackDAQ,LoadCellSummed,0
2025-05-21 13:47:43,305,LC-TOTAL-LJ,751.43,lbs,LabJackDAQ,LoadCellSummed,0
2025-05-21 13:47:43,356,LC-TOTAL-LJ,752.38,lbs,LabJackDAQ,LoadCellSummed,0
2025-05-21 13:47:43,405,LC-TOTAL-LJ,752.26,lbs,LabJackDAQ,LoadCellSummed,0
2025-05-21 13:47:43,459,LC-TOTAL-LJ,751.67,lbs,LabJackDAQ,LoadCellSummed,0
2025-05-21 13:47:43,509,LC-TOTAL-LJ,751.97,lbs,LabJackDAQ,LoadCellSummed,0
2025-05-21 13:47:43,561,LC-TOTAL-LJ,751.82,lbs,LabJackDAQ,LoadCellSummed,0
2025-05-21 13:47:43,609,LC-TOTAL-LJ,752.32,lbs,LabJackDAQ,LoadCellSummed,0
2025-05-21 13:47:43,657,LC-TOTAL-LJ,751.44,lbs,LabJackDAQ,LoadCellSummed,0
2025-05-21 13:47:43,706,LC-TOTAL-LJ,751.35,lbs,LabJackDAQ,LoadCellSummed,0
2025-05-21 13:47:43,755,LC-TOTAL-LJ,751.43,lbs,LabJackDAQ,LoadCellSummed,0
2025-05-21 13:47:43,803,LC-TOTAL-LJ,751.73,lbs,LabJackDAQ,LoadCellSummed,0
2025-05-21 13:47:43,854,LC-TOTAL-LJ,752.20,lbs,LabJackDAQ,LoadCellSummed,0
2025-05-21 13:47:43,902,LC-TOTAL-LJ,752.20,lbs,LabJackDAQ,LoadCellSummed,0
2025-05-21 13:47:43,954,LC-TOTAL-LJ,752.17,lbs,LabJackDAQ,LoadCellSummed,0
2025-05-21 13:47:44,002,LC-TOTAL-LJ,752.27,lbs,LabJackDAQ,LoadCellSummed,0
2025-05-21 13:47:44,057,LC-TOTAL-LJ,752.42,lbs,LabJackDAQ,LoadCellSummed,0
2025-05-21 13:47:44,106,LC-TOTAL-LJ,752.53,lbs,LabJackDAQ,LoadCellSummed,0
2025-05-21 13:47:44,155,LC-TOTAL-LJ,752.06,lbs,LabJackDAQ,LoadCellSummed,0
2025-05-21 13:47:44,203,LC-TOTAL-LJ,751.60,lbs,LabJackDAQ,LoadCellSummed,0
2025-05-21 13:47:44,250,LC-TOTAL-LJ,752.07,lbs,LabJackDAQ,LoadCellSummed,0
2025-05-21 13:47:44,299,LC-TOTAL-LJ,752.07,lbs,LabJackDAQ,LoadCellSummed,0
2025-05-21 13:47:44,351,LC-TOTAL-LJ,752.39,lbs,LabJackDAQ,LoadCellSummed,0
2025-05-21 13:47:44,400,LC-TOTAL-LJ,752.47,lbs,LabJackDAQ,LoadCellSummed,0
2025-05-21 13:47:44,453,LC-TOTAL-LJ,752.37,lbs,LabJackDAQ,LoadCellSummed,0
2025-05-21 13:47:44,503,LC-TOTAL-LJ,751.67,lbs,LabJackDAQ,LoadCellSummed,0
2025-05-21 13:47:44,555,LC-TOTAL-LJ,752.53,lbs,LabJackDAQ,LoadCellSummed,0
2025-05-21 13:47:44,603,LC-TOTAL-LJ,752.16,lbs,LabJackDAQ,LoadCellSummed,0
2025-05-21 13:47:44,652,LC-TOTAL-LJ,752.55,lbs,LabJackDAQ,LoadCellSummed,0
2025-05-21 13:47:44,701,LC-TOTAL-LJ,752.26,lbs,LabJackDAQ,LoadCellSummed,0
2025-05-21 13:47:44,749,LC-TOTAL-LJ,751.39,lbs,LabJackDAQ,LoadCellSummed,0
2025-05-21 13:47:44,796,LC-TOTAL-LJ,752.77,lbs,LabJackDAQ,LoadCellSummed,0
2025-05-21 13:47:44,847,LC-TOTAL-LJ,752.03,lbs,LabJackDAQ,LoadCellSummed,0
2025-05-21 13:47:44,897,LC-TOTAL-LJ,752.83,lbs,LabJackDAQ,LoadCellSummed,0
2025-05-21 13:47:44,949,LC-TOTAL-LJ,751.36,lbs,LabJackDAQ,LoadCellSummed,0
2025-05-21 13:47:44,999,LC-TOTAL-LJ,752.35,lbs,LabJackDAQ,LoadCellSummed,0
2025-05-21 13:47:45,051,LC-TOTAL-LJ,751.34,lbs,LabJackDAQ,LoadCellSummed,0
2025-05-21 13:47:45,100,LC-TOTAL-LJ,752.54,lbs,LabJackDAQ,LoadCellSummed,0
2025-05-21 13:47:45,149,LC-TOTAL-LJ,752.60,lbs,LabJackDAQ,LoadCellSummed,0
2025-05-21 13:47:45,198,LC-TOTAL-LJ,752.45,lbs,LabJackDAQ,LoadCellSummed,0
2025-05-21 13:47:45,248,LC-TOTAL-LJ,751.28,lbs,LabJackDAQ,LoadCellSummed,0
2025-05-21 13:47:45,302,LC-TOTAL-LJ,751.70,lbs,LabJackDAQ,LoadCellSummed,0
2025-05-21 13:47:45,355,LC-TOTAL-LJ,751.90,lbs,LabJackDAQ,LoadCellSummed,0
2025-05-21 13:47:45,405,LC-TOTAL-LJ,751.47,lbs,LabJackDAQ,LoadCellSummed,0
2025-05-21 13:47:45,459,LC-TOTAL-LJ,751.19,lbs,LabJackDAQ,LoadCellSummed,0
2025-05-21 13:47:45,509,LC-TOTAL-LJ,752.92,lbs,LabJackDAQ,LoadCellSummed,0
2025-05-21 13:47:45,562,LC-TOTAL-LJ,752.32,lbs,LabJackDAQ,LoadCellSummed,0
2025-05-21 13:47:45,610,LC-TOTAL-LJ,752.72,lbs,LabJackDAQ,LoadCellSummed,0
2025-05-21 13:47:45,659,LC-TOTAL-LJ,751.69,lbs,LabJackDAQ,LoadCellSummed,0
2025-05-21 13:47:45,709,LC-TOTAL-LJ,752.68,lbs,LabJackDAQ,LoadCellSummed,0
2025-05-21 13:47:45,758,LC-TOTAL-LJ,751.37,lbs,LabJackDAQ,LoadCellSummed,0
2025-05-21 13:47:45,807,LC-TOTAL-LJ,751.67,lbs,LabJackDAQ,LoadCellSummed,0
2025-05-21 13:47:45,858,LC-TOTAL-LJ,751.77,lbs,LabJackDAQ,LoadCellSummed,0
2025-05-21 13:47:45,907,LC-TOTAL-LJ,752.18,lbs,LabJackDAQ,LoadCellSummed,0
2025-05-21 13:47:45,961,LC-TOTAL-LJ,751.72,lbs,LabJackDAQ,LoadCellSummed,0
2025-05-21 13:47:46,010,LC-TOTAL-LJ,751.25,lbs,LabJackDAQ,LoadCellSummed,0
2025-05-21 13:47:46,061,LC-TOTAL-LJ,751.89,lbs,LabJackDAQ,LoadCellSummed,0
2025-05-21 13:47:46,109,LC-TOTAL-LJ,752.80,lbs,LabJackDAQ,LoadCellSummed,0
2025-05-21 13:47:46,157,LC-TOTAL-LJ,752.46,lbs,LabJackDAQ,LoadCellSummed,0
2025-05-21 13:47:46,203,LC-TOTAL-LJ,751.79,lbs,LabJackDAQ,LoadCellSummed,0
2025-05-21 13:47:46,252,LC-TOTAL-LJ,752.55,lbs,LabJackDAQ,LoadCellSummed,0
2025-05-21 13:47:46,301,LC-TOTAL-LJ,752.96,lbs,LabJackDAQ,LoadCellSummed,0
2025-05-21 13:47:46,350,LC-TOTAL-LJ,752.02,lbs,LabJackDAQ,LoadCellSummed,0
2025-05-21 13:47:46,403,LC-TOTAL-LJ,752.57,lbs,LabJackDAQ,LoadCellSummed,0
2025-05-21 13:47:46,452,LC-TOTAL-LJ,752.17,lbs,LabJackDAQ,LoadCellSummed,0
2025-05-21 13:47:46,506,LC-TOTAL-LJ,752.30,lbs,LabJackDAQ,LoadCellSummed,0
2025-05-21 13:47:46,556,LC-TOTAL-LJ,751.43,lbs,LabJackDAQ,LoadCellSummed,0
2025-05-21 13:47:46,609,LC-TOTAL-LJ,752.66,lbs,LabJackDAQ,LoadCellSummed,0
2025-05-21 13:47:46,657,LC-TOTAL-LJ,751.97,lbs,LabJackDAQ,LoadCellSummed,0
2025-05-21 13:47:46,706,LC-TOTAL-LJ,751.79,lbs,LabJackDAQ,LoadCellSummed,0
2025-05-21 13:47:46,753,LC-TOTAL-LJ,751.53,lbs,LabJackDAQ,LoadCellSummed,0
2025-05-21 13:47:46,801,LC-TOTAL-LJ,750.94,lbs,LabJackDAQ,LoadCellSummed,0
2025-05-21 13:47:46,850,LC-TOTAL-LJ,751.25,lbs,LabJackDAQ,LoadCellSummed,0
2025-05-21 13:47:46,901,LC-TOTAL-LJ,752.43,lbs,LabJackDAQ,LoadCellSummed,0
2025-05-21 13:47:46,950,LC-TOTAL-LJ,752.19,lbs,LabJackDAQ,LoadCellSummed,0
2025-05-21 13:47:47,005,LC-TOTAL-LJ,751.44,lbs,LabJackDAQ,LoadCellSummed,0
2025-05-21 13:47:47,055,LC-TOTAL-LJ,750.98,lbs,LabJackDAQ,LoadCellSummed,0
2025-05-21 13:47:47,108,LC-TOTAL-LJ,751.08,lbs,LabJackDAQ,LoadCellSummed,0
2025-05-21 13:47:47,156,LC-TOTAL-LJ,751.52,lbs,LabJackDAQ,LoadCellSummed,0
2025-05-21 13:47:47,205,LC-TOTAL-LJ,751.59,lbs,LabJackDAQ,LoadCellSummed,0
2025-05-21 13:47:47,253,LC-TOTAL-LJ,751.17,lbs,LabJackDAQ,LoadCellSummed,0
2025-05-21 13:47:47,301,LC-TOTAL-LJ,752.71,lbs,LabJackDAQ,LoadCellSummed,0
2025-05-21 13:47:47,351,LC-TOTAL-LJ,752.26,lbs,LabJackDAQ,LoadCellSummed,0
2025-05-21 13:47:47,402,LC-TOTAL-LJ,751.70,lbs,LabJackDAQ,LoadCellSummed,0
2025-05-21 13:47:47,452,LC-TOTAL-LJ,751.30,lbs,LabJackDAQ,LoadCellSummed,0
2025-05-21 13:47:47,506,LC-TOTAL-LJ,751.87,lbs,LabJackDAQ,LoadCellSummed,0
2025-05-21 13:47:47,556,LC-TOTAL-LJ,752.13,lbs,LabJackDAQ,LoadCellSummed,0
2025-05-21 13:47:47,609,LC-TOTAL-LJ,752.92,lbs,LabJackDAQ,LoadCellSummed,0
2025-05-21 13:47:47,657,LC-TOTAL-LJ,752.45,lbs,LabJackDAQ,LoadCellSummed,0
2025-05-21 13:47:47,706,LC-TOTAL-LJ,752.51,lbs,LabJackDAQ,LoadCellSummed,0
2025-05-21 13:47:47,754,LC-TOTAL-LJ,752.34,lbs,LabJackDAQ,LoadCellSummed,0
2025-05-21 13:47:47,803,LC-TOTAL-LJ,752.07,lbs,LabJackDAQ,LoadCellSummed,0
2025-05-21 13:47:47,853,LC-TOTAL-LJ,751.30,lbs,LabJackDAQ,LoadCellSummed,0
2025-05-21 13:47:47,903,LC-TOTAL-LJ,752.20,lbs,LabJackDAQ,LoadCellSummed,0
2025-05-21 13:47:47,953,LC-TOTAL-LJ,752.10,lbs,LabJackDAQ,LoadCellSummed,0
2025-05-21 13:47:48,006,LC-TOTAL-LJ,752.18,lbs,LabJackDAQ,LoadCellSummed,0
2025-05-21 13:47:48,057,LC-TOTAL-LJ,751.58,lbs,LabJackDAQ,LoadCellSummed,0
2025-05-21 13:47:48,107,LC-TOTAL-LJ,752.52,lbs,LabJackDAQ,LoadCellSummed,0
2025-05-21 13:47:48,156,LC-TOTAL-LJ,752.51,lbs,LabJackDAQ,LoadCellSummed,0
2025-05-21 13:47:48,205,LC-TOTAL-LJ,751.79,lbs,LabJackDAQ,LoadCellSummed,0
2025-05-21 13:47:48,254,LC-TOTAL-LJ,751.02,lbs,LabJackDAQ,LoadCellSummed,0
2025-05-21 13:47:48,303,LC-TOTAL-LJ,751.69,lbs,LabJackDAQ,LoadCellSummed,0
2025-05-21 13:47:48,353,LC-TOTAL-LJ,752.26,lbs,LabJackDAQ,LoadCellSummed,0
2025-05-21 13:47:48,404,LC-TOTAL-LJ,750.84,lbs,LabJackDAQ,LoadCellSummed,0
2025-05-21 13:47:48,453,LC-TOTAL-LJ,751.54,lbs,LabJackDAQ,LoadCellSummed,0
2025-05-21 13:47:48,509,LC-TOTAL-LJ,752.68,lbs,LabJackDAQ,LoadCellSummed,0
2025-05-21 13:47:48,559,LC-TOTAL-LJ,751.77,lbs,LabJackDAQ,LoadCellSummed,0
2025-05-21 13:47:48,610,LC-TOTAL-LJ,752.59,lbs,LabJackDAQ,LoadCellSummed,0
2025-05-21 13:47:48,658,LC-TOTAL-LJ,752.53,lbs,LabJackDAQ,LoadCellSummed,0
2025-05-21 13:47:48,705,LC-TOTAL-LJ,752.20,lbs,LabJackDAQ,LoadCellSummed,0
2025-05-21 13:47:48,754,LC-TOTAL-LJ,752.46,lbs,LabJackDAQ,LoadCellSummed,0
2025-05-21 13:47:48,803,LC-TOTAL-LJ,752.53,lbs,LabJackDAQ,LoadCellSummed,0
2025-05-21 13:47:48,852,LC-TOTAL-LJ,752.30,lbs,LabJackDAQ,LoadCellSummed,0
2025-05-21 13:47:48,903,LC-TOTAL-LJ,751.47,lbs,LabJackDAQ,LoadCellSummed,0
2025-05-21 13:47:48,952,LC-TOTAL-LJ,752.02,lbs,LabJackDAQ,LoadCellSummed,0
2025-05-21 13:47:49,006,LC-TOTAL-LJ,752.13,lbs,LabJackDAQ,LoadCellSummed,0
2025-05-21 13:47:49,055,LC-TOTAL-LJ,752.76,lbs,LabJackDAQ,LoadCellSummed,0
2025-05-21 13:47:49,107,LC-TOTAL-LJ,751.42,lbs,LabJackDAQ,LoadCellSummed,0
2025-05-21 13:47:49,153,LC-TOTAL-LJ,751.69,lbs,LabJackDAQ,LoadCellSummed,0
2025-05-21 13:47:49,200,LC-TOTAL-LJ,751.94,lbs,LabJackDAQ,LoadCellSummed,0
2025-05-21 13:47:49,248,LC-TOTAL-LJ,751.86,lbs,LabJackDAQ,LoadCellSummed,0
2025-05-21 13:47:49,296,LC-TOTAL-LJ,752.65,lbs,LabJackDAQ,LoadCellSummed,0
2025-05-21 13:47:49,344,LC-TOTAL-LJ,752.19,lbs,LabJackDAQ,LoadCellSummed,0
2025-05-21 13:47:49,395,LC-TOTAL-LJ,751.19,lbs,LabJackDAQ,LoadCellSummed,0
2025-05-21 13:47:49,444,LC-TOTAL-LJ,752.02,lbs,LabJackDAQ,LoadCellSummed,0
2025-05-21 13:47:49,497,LC-TOTAL-LJ,752.30,lbs,LabJackDAQ,LoadCellSummed,0
2025-05-21 13:47:49,547,LC-TOTAL-LJ,752.05,lbs,LabJackDAQ,LoadCellSummed,0
2025-05-21 13:47:49,599,LC-TOTAL-LJ,752.11,lbs,LabJackDAQ,LoadCellSummed,0
2025-05-21 13:47:49,646,LC-TOTAL-LJ,751.34,lbs,LabJackDAQ,LoadCellSummed,0
2025-05-21 13:47:49,692,LC-TOTAL-LJ,752.11,lbs,LabJackDAQ,LoadCellSummed,0
2025-05-21 13:47:49,739,LC-TOTAL-LJ,752.61,lbs,LabJackDAQ,LoadCellSummed,0
2025-05-21 13:47:49,785,LC-TOTAL-LJ,752.39,lbs,LabJackDAQ,LoadCellSummed,0
2025-05-21 13:47:49,832,LC-TOTAL-LJ,752.04,lbs,LabJackDAQ,LoadCellSummed,0
2025-05-21 13:47:49,881,LC-TOTAL-LJ,752.56,lbs,LabJackDAQ,LoadCellSummed,0
2025-05-21 13:47:49,929,LC-TOTAL-LJ,752.34,lbs,LabJackDAQ,LoadCellSummed,0
2025-05-21 13:47:49,980,LC-TOTAL-LJ,752.48,lbs,LabJackDAQ,LoadCellSummed,0
2025-05-21 13:47:50,028,LC-TOTAL-LJ,752.42,lbs,LabJackDAQ,LoadCellSummed,0
2025-05-21 13:47:50,079,LC-TOTAL-LJ,751.06,lbs,LabJackDAQ,LoadCellSummed,0
2025-05-21 13:47:50,128,LC-TOTAL-LJ,752.17,lbs,LabJackDAQ,LoadCellSummed,0
2025-05-21 13:47:50,176,LC-TOTAL-LJ,751.85,lbs,LabJackDAQ,LoadCellSummed,0
2025-05-21 13:47:50,224,LC-TOTAL-LJ,752.38,lbs,LabJackDAQ,LoadCellSummed,0
2025-05-21 13:47:50,273,LC-TOTAL-LJ,751.85,lbs,LabJackDAQ,LoadCellSummed,0
2025-05-21 13:47:50,321,LC-TOTAL-LJ,752.88,lbs,LabJackDAQ,LoadCellSummed,0
2025-05-21 13:47:50,373,LC-TOTAL-LJ,751.59,lbs,LabJackDAQ,LoadCellSummed,0
2025-05-21 13:47:50,422,LC-TOTAL-LJ,752.87,lbs,LabJackDAQ,LoadCellSummed,0
2025-05-21 13:47:50,475,LC-TOTAL-LJ,751.84,lbs,LabJackDAQ,LoadCellSummed,0
2025-05-21 13:47:50,525,LC-TOTAL-LJ,752.32,lbs,LabJackDAQ,LoadCellSummed,0
2025-05-21 13:47:50,577,LC-TOTAL-LJ,751.71,lbs,LabJackDAQ,LoadCellSummed,0
2025-05-21 13:47:50,625,LC-TOTAL-LJ,751.70,lbs,LabJackDAQ,LoadCellSummed,0
2025-05-21 13:47:50,674,LC-TOTAL-LJ,752.68,lbs,LabJackDAQ,LoadCellSummed,0
2025-05-21 13:47:50,723,LC-TOTAL-LJ,752.75,lbs,LabJackDAQ,LoadCellSummed,0
2025-05-21 13:47:50,771,LC-TOTAL-LJ,751.88,lbs,LabJackDAQ,LoadCellSummed,0
2025-05-21 13:47:50,819,LC-TOTAL-LJ,752.32,lbs,LabJackDAQ,LoadCellSummed,0
2025-05-21 13:47:50,867,LC-TOTAL-LJ,752.42,lbs,LabJackDAQ,LoadCellSummed,0
2025-05-21 13:47:50,920,LC-TOTAL-LJ,751.99,lbs,LabJackDAQ,LoadCellSummed,0
2025-05-21 13:47:50,969,LC-TOTAL-LJ,752.72,lbs,LabJackDAQ,LoadCellSummed,0
2025-05-21 13:47:51,023,LC-TOTAL-LJ,752.62,lbs,LabJackDAQ,LoadCellSummed,0
2025-05-21 13:47:51,073,LC-TOTAL-LJ,751.69,lbs,LabJackDAQ,LoadCellSummed,0
2025-05-21 13:47:51,125,LC-TOTAL-LJ,752.76,lbs,LabJackDAQ,LoadCellSummed,0
2025-05-21 13:47:51,175,LC-TOTAL-LJ,751.93,lbs,LabJackDAQ,LoadCellSummed,0
2025-05-21 13:47:51,222,LC-TOTAL-LJ,752.77,lbs,LabJackDAQ,LoadCellSummed,0
2025-05-21 13:47:51,271,LC-TOTAL-LJ,751.82,lbs,LabJackDAQ,LoadCellSummed,0
2025-05-21 13:47:51,320,LC-TOTAL-LJ,750.93,lbs,LabJackDAQ,LoadCellSummed,0
2025-05-21 13:47:51,368,LC-TOTAL-LJ,751.71,lbs,LabJackDAQ,LoadCellSummed,0
2025-05-21 13:47:51,420,LC-TOTAL-LJ,752.29,lbs,LabJackDAQ,LoadCellSummed,0
2025-05-21 13:47:51,471,LC-TOTAL-LJ,751.11,lbs,LabJackDAQ,LoadCellSummed,0
2025-05-21 13:47:51,524,LC-TOTAL-LJ,751.39,lbs,LabJackDAQ,LoadCellSummed,0
2025-05-21 13:47:51,574,LC-TOTAL-LJ,752.25,lbs,LabJackDAQ,LoadCellSummed,0
2025-05-21 13:47:51,628,LC-TOTAL-LJ,751.53,lbs,LabJackDAQ,LoadCellSummed,0
2025-05-21 13:47:51,677,LC-TOTAL-LJ,751.98,lbs,LabJackDAQ,LoadCellSummed,0
2025-05-21 13:47:51,725,LC-TOTAL-LJ,752.37,lbs,LabJackDAQ,LoadCellSummed,0
2025-05-21 13:47:51,773,LC-TOTAL-LJ,752.34,lbs,LabJackDAQ,LoadCellSummed,0
2025-05-21 13:47:51,822,LC-TOTAL-LJ,752.71,lbs,LabJackDAQ,LoadCellSummed,0
2025-05-21 13:47:51,872,LC-TOTAL-LJ,751.65,lbs,LabJackDAQ,LoadCellSummed,0
2025-05-21 13:47:51,921,LC-TOTAL-LJ,752.62,lbs,LabJackDAQ,LoadCellSummed,0
2025-05-21 13:47:51,971,LC-TOTAL-LJ,751.99,lbs,LabJackDAQ,LoadCellSummed,0
2025-05-21 13:47:52,024,LC-TOTAL-LJ,752.65,lbs,LabJackDAQ,LoadCellSummed,0
2025-05-21 13:47:52,074,LC-TOTAL-LJ,752.01,lbs,LabJackDAQ,LoadCellSummed,0
2025-05-21 13:47:52,126,LC-TOTAL-LJ,752.25,lbs,LabJackDAQ,LoadCellSummed,0
2025-05-21 13:47:52,174,LC-TOTAL-LJ,752.12,lbs,LabJackDAQ,LoadCellSummed,0
2025-05-21 13:47:52,223,LC-TOTAL-LJ,753.08,lbs,LabJackDAQ,LoadCellSummed,0
2025-05-21 13:47:52,272,LC-TOTAL-LJ,751.88,lbs,LabJackDAQ,LoadCellSummed,0
2025-05-21 13:47:52,321,LC-TOTAL-LJ,752.49,lbs,LabJackDAQ,LoadCellSummed,0
2025-05-21 13:47:52,369,LC-TOTAL-LJ,751.94,lbs,LabJackDAQ,LoadCellSummed,0
2025-05-21 13:47:52,421,LC-TOTAL-LJ,752.76,lbs,LabJackDAQ,LoadCellSummed,0
2025-05-21 13:47:52,471,LC-TOTAL-LJ,751.57,lbs,LabJackDAQ,LoadCellSummed,0
2025-05-21 13:47:52,525,LC-TOTAL-LJ,752.22,lbs,LabJackDAQ,LoadCellSummed,0
2025-05-21 13:47:52,575,LC-TOTAL-LJ,751.36,lbs,LabJackDAQ,LoadCellSummed,0
2025-05-21 13:47:52,626,LC-TOTAL-LJ,752.18,lbs,LabJackDAQ,LoadCellSummed,0
2025-05-21 13:47:52,675,LC-TOTAL-LJ,751.92,lbs,LabJackDAQ,LoadCellSummed,0
2025-05-21 13:47:52,723,LC-TOTAL-LJ,752.71,lbs,LabJackDAQ,LoadCellSummed,0
2025-05-21 13:47:52,772,LC-TOTAL-LJ,751.18,lbs,LabJackDAQ,LoadCellSummed,0
2025-05-21 13:47:52,821,LC-TOTAL-LJ,751.59,lbs,LabJackDAQ,LoadCellSummed,0
2025-05-21 13:47:52,869,LC-TOTAL-LJ,750.97,lbs,LabJackDAQ,LoadCellSummed,0
2025-05-21 13:47:52,922,LC-TOTAL-LJ,752.32,lbs,LabJackDAQ,LoadCellSummed,0
2025-05-21 13:47:52,970,LC-TOTAL-LJ,751.00,lbs,LabJackDAQ,LoadCellSummed,0
2025-05-21 13:47:53,025,LC-TOTAL-LJ,751.64,lbs,LabJackDAQ,LoadCellSummed,0
2025-05-21 13:47:53,074,LC-TOTAL-LJ,751.98,lbs,LabJackDAQ,LoadCellSummed,0
2025-05-21 13:47:53,125,LC-TOTAL-LJ,752.18,lbs,LabJackDAQ,LoadCellSummed,0
2025-05-21 13:47:53,175,LC-TOTAL-LJ,750.45,lbs,LabJackDAQ,LoadCellSummed,0
2025-05-21 13:47:53,222,LC-TOTAL-LJ,752.31,lbs,LabJackDAQ,LoadCellSummed,0
2025-05-21 13:47:53,271,LC-TOTAL-LJ,750.78,lbs,LabJackDAQ,LoadCellSummed,0
2025-05-21 13:47:53,319,LC-TOTAL-LJ,751.29,lbs,LabJackDAQ,LoadCellSummed,0
2025-05-21 13:47:53,368,LC-TOTAL-LJ,751.91,lbs,LabJackDAQ,LoadCellSummed,0
2025-05-21 13:47:53,419,LC-TOTAL-LJ,752.34,lbs,LabJackDAQ,LoadCellSummed,0
2025-05-21 13:47:53,469,LC-TOTAL-LJ,751.61,lbs,LabJackDAQ,LoadCellSummed,0
2025-05-21 13:47:53,523,LC-TOTAL-LJ,752.09,lbs,LabJackDAQ,LoadCellSummed,0
2025-05-21 13:47:53,573,LC-TOTAL-LJ,752.42,lbs,LabJackDAQ,LoadCellSummed,0
2025-05-21 13:47:53,625,LC-TOTAL-LJ,750.62,lbs,LabJackDAQ,LoadCellSummed,0
2025-05-21 13:47:53,674,LC-TOTAL-LJ,752.06,lbs,LabJackDAQ,LoadCellSummed,0
2025-05-21 13:47:53,723,LC-TOTAL-LJ,752.69,lbs,LabJackDAQ,LoadCellSummed,0
2025-05-21 13:47:53,772,LC-TOTAL-LJ,752.13,lbs,LabJackDAQ,LoadCellSummed,0
2025-05-21 13:47:53,820,LC-TOTAL-LJ,751.97,lbs,LabJackDAQ,LoadCellSummed,0
2025-05-21 13:47:53,867,LC-TOTAL-LJ,752.29,lbs,LabJackDAQ,LoadCellSummed,0
2025-05-21 13:47:53,920,LC-TOTAL-LJ,751.64,lbs,LabJackDAQ,LoadCellSummed,0
2025-05-21 13:47:53,969,LC-TOTAL-LJ,752.80,lbs,LabJackDAQ,LoadCellSummed,0
2025-05-21 13:47:54,022,LC-TOTAL-LJ,752.84,lbs,LabJackDAQ,LoadCellSummed,0
2025-05-21 13:47:54,072,LC-TOTAL-LJ,752.05,lbs,LabJackDAQ,LoadCellSummed,0
2025-05-21 13:47:54,125,LC-TOTAL-LJ,752.39,lbs,LabJackDAQ,LoadCellSummed,0
2025-05-21 13:47:54,174,LC-TOTAL-LJ,752.00,lbs,LabJackDAQ,LoadCellSummed,0
2025-05-21 13:47:54,223,LC-TOTAL-LJ,752.71,lbs,LabJackDAQ,LoadCellSummed,0
2025-05-21 13:47:54,270,LC-TOTAL-LJ,751.52,lbs,LabJackDAQ,LoadCellSummed,0
2025-05-21 13:47:54,317,LC-TOTAL-LJ,752.50,lbs,LabJackDAQ,LoadCellSummed,0
2025-05-21 13:47:54,366,LC-TOTAL-LJ,752.57,lbs,LabJackDAQ,LoadCellSummed,0
2025-05-21 13:47:54,416,LC-TOTAL-LJ,751.03,lbs,LabJackDAQ,LoadCellSummed,0
2025-05-21 13:47:54,467,LC-TOTAL-LJ,752.21,lbs,LabJackDAQ,LoadCellSummed,0
2025-05-21 13:47:54,522,LC-TOTAL-LJ,752.45,lbs,LabJackDAQ,LoadCellSummed,0
2025-05-21 13:47:54,572,LC-TOTAL-LJ,751.07,lbs,LabJackDAQ,LoadCellSummed,0
2025-05-21 13:47:54,625,LC-TOTAL-LJ,752.01,lbs,LabJackDAQ,LoadCellSummed,0
2025-05-21 13:47:54,674,LC-TOTAL-LJ,751.64,lbs,LabJackDAQ,LoadCellSummed,0
2025-05-21 13:47:54,722,LC-TOTAL-LJ,751.00,lbs,LabJackDAQ,LoadCellSummed,0
2025-05-21 13:47:54,771,LC-TOTAL-LJ,751.01,lbs,LabJackDAQ,LoadCellSummed,0
2025-05-21 13:47:54,819,LC-TOTAL-LJ,751.68,lbs,LabJackDAQ,LoadCellSummed,0
2025-05-21 13:47:54,867,LC-TOTAL-LJ,752.07,lbs,LabJackDAQ,LoadCellSummed,0
2025-05-21 13:47:54,919,LC-TOTAL-LJ,751.72,lbs,LabJackDAQ,LoadCellSummed,0
2025-05-21 13:47:54,968,LC-TOTAL-LJ,751.69,lbs,LabJackDAQ,LoadCellSummed,0
2025-05-21 13:47:55,022,LC-TOTAL-LJ,751.94,lbs,LabJackDAQ,LoadCellSummed,0
2025-05-21 13:47:55,072,LC-TOTAL-LJ,751.76,lbs,LabJackDAQ,LoadCellSummed,0
2025-05-21 13:47:55,123,LC-TOTAL-LJ,752.42,lbs,LabJackDAQ,LoadCellSummed,0
2025-05-21 13:47:55,170,LC-TOTAL-LJ,751.51,lbs,LabJackDAQ,LoadCellSummed,0
2025-05-21 13:47:55,218,LC-TOTAL-LJ,752.33,lbs,LabJackDAQ,LoadCellSummed,0
2025-05-21 13:47:55,264,LC-TOTAL-LJ,752.53,lbs,LabJackDAQ,LoadCellSummed,0
2025-05-21 13:47:55,311,LC-TOTAL-LJ,752.18,lbs,LabJackDAQ,LoadCellSummed,0
2025-05-21 13:47:55,358,LC-TOTAL-LJ,750.79,lbs,LabJackDAQ,LoadCellSummed,0
2025-05-21 13:47:55,406,LC-TOTAL-LJ,751.29,lbs,LabJackDAQ,LoadCellSummed,0
2025-05-21 13:47:55,456,LC-TOTAL-LJ,752.34,lbs,LabJackDAQ,LoadCellSummed,0
2025-05-21 13:47:55,504,LC-TOTAL-LJ,752.17,lbs,LabJackDAQ,LoadCellSummed,0
2025-05-21 13:47:55,556,LC-TOTAL-LJ,751.65,lbs,LabJackDAQ,LoadCellSummed,0
2025-05-21 13:47:55,603,LC-TOTAL-LJ,751.15,lbs,LabJackDAQ,LoadCellSummed,0
2025-05-21 13:47:55,654,LC-TOTAL-LJ,752.18,lbs,LabJackDAQ,LoadCellSummed,0
2025-05-21 13:47:55,701,LC-TOTAL-LJ,752.26,lbs,LabJackDAQ,LoadCellSummed,0
2025-05-21 13:47:55,748,LC-TOTAL-LJ,750.26,lbs,LabJackDAQ,LoadCellSummed,0
2025-05-21 13:47:55,795,LC-TOTAL-LJ,752.05,lbs,LabJackDAQ,LoadCellSummed,0
2025-05-21 13:47:55,843,LC-TOTAL-LJ,752.15,lbs,LabJackDAQ,LoadCellSummed,0
2025-05-21 13:47:55,891,LC-TOTAL-LJ,751.82,lbs,LabJackDAQ,LoadCellSummed,0
2025-05-21 13:47:55,940,LC-TOTAL-LJ,751.39,lbs,LabJackDAQ,LoadCellSummed,0
2025-05-21 13:47:55,989,LC-TOTAL-LJ,751.40,lbs,LabJackDAQ,LoadCellSummed,0
2025-05-21 13:47:56,041,LC-TOTAL-LJ,752.04,lbs,LabJackDAQ,LoadCellSummed,0
2025-05-21 13:47:56,089,LC-TOTAL-LJ,750.90,lbs,LabJackDAQ,LoadCellSummed,0
2025-05-21 13:47:56,139,LC-TOTAL-LJ,752.43,lbs,LabJackDAQ,LoadCellSummed,0
2025-05-21 13:47:56,188,LC-TOTAL-LJ,752.29,lbs,LabJackDAQ,LoadCellSummed,0
2025-05-21 13:47:56,236,LC-TOTAL-LJ,751.53,lbs,LabJackDAQ,LoadCellSummed,0
2025-05-21 13:47:56,286,LC-TOTAL-LJ,752.69,lbs,LabJackDAQ,LoadCellSummed,0
2025-05-21 13:47:56,334,LC-TOTAL-LJ,751.96,lbs,LabJackDAQ,LoadCellSummed,0
2025-05-21 13:47:56,382,LC-TOTAL-LJ,752.32,lbs,LabJackDAQ,LoadCellSummed,0
2025-05-21 13:47:56,431,LC-TOTAL-LJ,751.88,lbs,LabJackDAQ,LoadCellSummed,0
2025-05-21 13:47:56,484,LC-TOTAL-LJ,752.46,lbs,LabJackDAQ,LoadCellSummed,0
2025-05-21 13:47:56,534,LC-TOTAL-LJ,751.82,lbs,LabJackDAQ,LoadCellSummed,0
2025-05-21 13:47:56,588,LC-TOTAL-LJ,751.70,lbs,LabJackDAQ,LoadCellSummed,0
2025-05-21 13:47:56,637,LC-TOTAL-LJ,751.69,lbs,LabJackDAQ,LoadCellSummed,0
2025-05-21 13:47:56,690,LC-TOTAL-LJ,751.62,lbs,LabJackDAQ,LoadCellSummed,0
2025-05-21 13:47:56,739,LC-TOTAL-LJ,750.87,lbs,LabJackDAQ,LoadCellSummed,0
2025-05-21 13:47:56,788,LC-TOTAL-LJ,752.38,lbs,LabJackDAQ,LoadCellSummed,0
2025-05-21 13:47:56,836,LC-TOTAL-LJ,751.61,lbs,LabJackDAQ,LoadCellSummed,0
2025-05-21 13:47:56,884,LC-TOTAL-LJ,752.59,lbs,LabJackDAQ,LoadCellSummed,0
2025-05-21 13:47:56,934,LC-TOTAL-LJ,752.30,lbs,LabJackDAQ,LoadCellSummed,0
2025-05-21 13:47:56,984,LC-TOTAL-LJ,751.68,lbs,LabJackDAQ,LoadCellSummed,0
2025-05-21 13:47:57,033,LC-TOTAL-LJ,751.37,lbs,LabJackDAQ,LoadCellSummed,0
2025-05-21 13:47:57,086,LC-TOTAL-LJ,751.96,lbs,LabJackDAQ,LoadCellSummed,0
2025-05-21 13:47:57,136,LC-TOTAL-LJ,751.03,lbs,LabJackDAQ,LoadCellSummed,0
2025-05-21 13:47:57,188,LC-TOTAL-LJ,751.21,lbs,LabJackDAQ,LoadCellSummed,0
2025-05-21 13:47:57,236,LC-TOTAL-LJ,750.81,lbs,LabJackDAQ,LoadCellSummed,0
2025-05-21 13:47:57,285,LC-TOTAL-LJ,751.40,lbs,LabJackDAQ,LoadCellSummed,0
2025-05-21 13:47:57,333,LC-TOTAL-LJ,750.94,lbs,LabJackDAQ,LoadCellSummed,0
2025-05-21 13:47:57,382,LC-TOTAL-LJ,751.64,lbs,LabJackDAQ,LoadCellSummed,0
2025-05-21 13:47:57,431,LC-TOTAL-LJ,752.30,lbs,LabJackDAQ,LoadCellSummed,0
2025-05-21 13:47:57,484,LC-TOTAL-LJ,751.77,lbs,LabJackDAQ,LoadCellSummed,0
2025-05-21 13:47:57,533,LC-TOTAL-LJ,752.49,lbs,LabJackDAQ,LoadCellSummed,0
2025-05-21 13:47:57,587,LC-TOTAL-LJ,752.89,lbs,LabJackDAQ,LoadCellSummed,0
2025-05-21 13:47:57,636,LC-TOTAL-LJ,751.81,lbs,LabJackDAQ,LoadCellSummed,0
2025-05-21 13:47:57,687,LC-TOTAL-LJ,752.48,lbs,LabJackDAQ,LoadCellSummed,0
2025-05-21 13:47:57,735,LC-TOTAL-LJ,751.50,lbs,LabJackDAQ,LoadCellSummed,0
2025-05-21 13:47:57,784,LC-TOTAL-LJ,752.13,lbs,LabJackDAQ,LoadCellSummed,0
2025-05-21 13:47:57,833,LC-TOTAL-LJ,752.36,lbs,LabJackDAQ,LoadCellSummed,0
2025-05-21 13:47:57,882,LC-TOTAL-LJ,752.04,lbs,LabJackDAQ,LoadCellSummed,0
2025-05-21 13:47:57,931,LC-TOTAL-LJ,752.17,lbs,LabJackDAQ,LoadCellSummed,0
2025-05-21 13:47:57,982,LC-TOTAL-LJ,752.16,lbs,LabJackDAQ,LoadCellSummed,0
2025-05-21 13:47:58,031,LC-TOTAL-LJ,752.37,lbs,LabJackDAQ,LoadCellSummed,0
2025-05-21 13:47:58,085,LC-TOTAL-LJ,752.64,lbs,LabJackDAQ,LoadCellSummed,0
2025-05-21 13:47:58,134,LC-TOTAL-LJ,752.37,lbs,LabJackDAQ,LoadCellSummed,0
2025-05-21 13:47:58,186,LC-TOTAL-LJ,752.58,lbs,LabJackDAQ,LoadCellSummed,0
2025-05-21 13:47:58,235,LC-TOTAL-LJ,751.94,lbs,LabJackDAQ,LoadCellSummed,0
2025-05-21 13:47:58,285,LC-TOTAL-LJ,752.22,lbs,LabJackDAQ,LoadCellSummed,0
2025-05-21 13:47:58,336,LC-TOTAL-LJ,751.52,lbs,LabJackDAQ,LoadCellSummed,0
2025-05-21 13:47:58,384,LC-TOTAL-LJ,752.50,lbs,LabJackDAQ,LoadCellSummed,0
2025-05-21 13:47:58,435,LC-TOTAL-LJ,751.87,lbs,LabJackDAQ,LoadCellSummed,0
2025-05-21 13:47:58,489,LC-TOTAL-LJ,752.47,lbs,LabJackDAQ,LoadCellSummed,0
2025-05-21 13:47:58,540,LC-TOTAL-LJ,752.37,lbs,LabJackDAQ,LoadCellSummed,0
2025-05-21 13:47:58,595,LC-TOTAL-LJ,752.81,lbs,LabJackDAQ,LoadCellSummed,0
2025-05-21 13:47:58,648,LC-TOTAL-LJ,752.34,lbs,LabJackDAQ,LoadCellSummed,0
2025-05-21 13:47:58,701,LC-TOTAL-LJ,751.09,lbs,LabJackDAQ,LoadCellSummed,0
2025-05-21 13:47:58,751,LC-TOTAL-LJ,752.19,lbs,LabJackDAQ,LoadCellSummed,0
2025-05-21 13:47:58,800,LC-TOTAL-LJ,752.26,lbs,LabJackDAQ,LoadCellSummed,0
2025-05-21 13:47:58,851,LC-TOTAL-LJ,751.45,lbs,LabJackDAQ,LoadCellSummed,0
2025-05-21 13:47:58,900,LC-TOTAL-LJ,752.48,lbs,LabJackDAQ,LoadCellSummed,0
2025-05-21 13:47:58,952,LC-TOTAL-LJ,751.10,lbs,LabJackDAQ,LoadCellSummed,0
2025-05-21 13:47:59,000,LC-TOTAL-LJ,751.64,lbs,LabJackDAQ,LoadCellSummed,0
2025-05-21 13:47:59,053,LC-TOTAL-LJ,751.48,lbs,LabJackDAQ,LoadCellSummed,0
2025-05-21 13:47:59,133,LC-TOTAL-LJ,751.62,lbs,LabJackDAQ,LoadCellSummed,0
2025-05-21 13:47:59,184,LC-TOTAL-LJ,752.26,lbs,LabJackDAQ,LoadCellSummed,0
2025-05-21 13:47:59,235,LC-TOTAL-LJ,751.68,lbs,LabJackDAQ,LoadCellSummed,0
2025-05-21 13:47:59,286,LC-TOTAL-LJ,752.49,lbs,LabJackDAQ,LoadCellSummed,0
2025-05-21 13:47:59,334,LC-TOTAL-LJ,752.93,lbs,LabJackDAQ,LoadCellSummed,0
2025-05-21 13:47:59,381,LC-TOTAL-LJ,752.35,lbs,LabJackDAQ,LoadCellSummed,0
2025-05-21 13:47:59,430,LC-TOTAL-LJ,752.46,lbs,LabJackDAQ,LoadCellSummed,0
2025-05-21 13:47:59,479,LC-TOTAL-LJ,751.78,lbs,LabJackDAQ,LoadCellSummed,0
2025-05-21 13:47:59,526,LC-TOTAL-LJ,751.84,lbs,LabJackDAQ,LoadCellSummed,0
2025-05-21 13:47:59,577,LC-TOTAL-LJ,752.01,lbs,LabJackDAQ,LoadCellSummed,0
2025-05-21 13:47:59,627,LC-TOTAL-LJ,752.39,lbs,LabJackDAQ,LoadCellSummed,0
2025-05-21 13:47:59,678,LC-TOTAL-LJ,751.57,lbs,LabJackDAQ,LoadCellSummed,0
2025-05-21 13:47:59,727,LC-TOTAL-LJ,751.16,lbs,LabJackDAQ,LoadCellSummed,0
2025-05-21 13:47:59,776,LC-TOTAL-LJ,752.08,lbs,LabJackDAQ,LoadCellSummed,0
2025-05-21 13:47:59,825,LC-TOTAL-LJ,752.64,lbs,LabJackDAQ,LoadCellSummed,0
2025-05-21 13:47:59,874,LC-TOTAL-LJ,751.86,lbs,LabJackDAQ,LoadCellSummed,0
2025-05-21 13:47:59,922,LC-TOTAL-LJ,752.97,lbs,LabJackDAQ,LoadCellSummed,0
2025-05-21 13:47:59,972,LC-TOTAL-LJ,751.25,lbs,LabJackDAQ,LoadCellSummed,0
2025-05-21 13:48:00,019,LC-TOTAL-LJ,751.39,lbs,LabJackDAQ,LoadCellSummed,0
2025-05-21 13:48:00,072,LC-TOTAL-LJ,752.20,lbs,LabJackDAQ,LoadCellSummed,0
2025-05-21 13:48:00,120,LC-TOTAL-LJ,752.53,lbs,LabJackDAQ,LoadCellSummed,0
2025-05-21 13:48:00,173,LC-TOTAL-LJ,752.13,lbs,LabJackDAQ,LoadCellSummed,0
2025-05-21 13:48:00,220,LC-TOTAL-LJ,753.04,lbs,LabJackDAQ,LoadCellSummed,0
2025-05-21 13:48:00,267,LC-TOTAL-LJ,752.03,lbs,LabJackDAQ,LoadCellSummed,0
2025-05-21 13:48:00,315,LC-TOTAL-LJ,751.47,lbs,LabJackDAQ,LoadCellSummed,0
2025-05-21 13:48:00,363,LC-TOTAL-LJ,752.45,lbs,LabJackDAQ,LoadCellSummed,0
2025-05-21 13:48:00,410,LC-TOTAL-LJ,751.62,lbs,LabJackDAQ,LoadCellSummed,0
2025-05-21 13:48:00,456,LC-TOTAL-LJ,751.69,lbs,LabJackDAQ,LoadCellSummed,0
2025-05-21 13:48:00,506,LC-TOTAL-LJ,751.68,lbs,LabJackDAQ,LoadCellSummed,0
2025-05-21 13:48:00,554,LC-TOTAL-LJ,750.54,lbs,LabJackDAQ,LoadCellSummed,0
2025-05-21 13:48:00,606,LC-TOTAL-LJ,752.32,lbs,LabJackDAQ,LoadCellSummed,0
2025-05-21 13:48:00,655,LC-TOTAL-LJ,752.09,lbs,LabJackDAQ,LoadCellSummed,0
2025-05-21 13:48:00,706,LC-TOTAL-LJ,752.48,lbs,LabJackDAQ,LoadCellSummed,0
2025-05-21 13:48:00,753,LC-TOTAL-LJ,752.01,lbs,LabJackDAQ,LoadCellSummed,0
2025-05-21 13:48:00,802,LC-TOTAL-LJ,751.81,lbs,LabJackDAQ,LoadCellSummed,0
2025-05-21 13:48:00,851,LC-TOTAL-LJ,752.51,lbs,LabJackDAQ,LoadCellSummed,0
2025-05-21 13:48:00,900,LC-TOTAL-LJ,753.03,lbs,LabJackDAQ,LoadCellSummed,0
2025-05-21 13:48:00,948,LC-TOTAL-LJ,752.04,lbs,LabJackDAQ,LoadCellSummed,0
2025-05-21 13:48:00,999,LC-TOTAL-LJ,751.96,lbs,LabJackDAQ,LoadCellSummed,0
2025-05-21 13:48:01,048,LC-TOTAL-LJ,751.61,lbs,LabJackDAQ,LoadCellSummed,0
2025-05-21 13:48:01,101,LC-TOTAL-LJ,751.56,lbs,LabJackDAQ,LoadCellSummed,0
2025-05-21 13:48:01,149,LC-TOTAL-LJ,751.62,lbs,LabJackDAQ,LoadCellSummed,0
2025-05-21 13:48:01,203,LC-TOTAL-LJ,750.94,lbs,LabJackDAQ,LoadCellSummed,0
2025-05-21 13:48:01,253,LC-TOTAL-LJ,751.88,lbs,LabJackDAQ,LoadCellSummed,0
2025-05-21 13:48:01,300,LC-TOTAL-LJ,752.50,lbs,LabJackDAQ,LoadCellSummed,0
2025-05-21 13:48:01,350,LC-TOTAL-LJ,752.52,lbs,LabJackDAQ,LoadCellSummed,0
2025-05-21 13:48:01,398,LC-TOTAL-LJ,752.73,lbs,LabJackDAQ,LoadCellSummed,0
2025-05-21 13:48:01,447,LC-TOTAL-LJ,751.91,lbs,LabJackDAQ,LoadCellSummed,0
2025-05-21 13:48:01,499,LC-TOTAL-LJ,752.25,lbs,LabJackDAQ,LoadCellSummed,0
2025-05-21 13:48:01,547,LC-TOTAL-LJ,752.30,lbs,LabJackDAQ,LoadCellSummed,0
2025-05-21 13:48:01,601,LC-TOTAL-LJ,752.76,lbs,LabJackDAQ,LoadCellSummed,0
2025-05-21 13:48:01,650,LC-TOTAL-LJ,752.16,lbs,LabJackDAQ,LoadCellSummed,0
2025-05-21 13:48:01,702,LC-TOTAL-LJ,752.23,lbs,LabJackDAQ,LoadCellSummed,0
2025-05-21 13:48:01,750,LC-TOTAL-LJ,752.11,lbs,LabJackDAQ,LoadCellSummed,0
2025-05-21 13:48:01,798,LC-TOTAL-LJ,752.37,lbs,LabJackDAQ,LoadCellSummed,0
2025-05-21 13:48:01,845,LC-TOTAL-LJ,751.70,lbs,LabJackDAQ,LoadCellSummed,0
2025-05-21 13:48:01,893,LC-TOTAL-LJ,751.22,lbs,LabJackDAQ,LoadCellSummed,0
2025-05-21 13:48:01,940,LC-TOTAL-LJ,751.03,lbs,LabJackDAQ,LoadCellSummed,0
2025-05-21 13:48:01,991,LC-TOTAL-LJ,752.28,lbs,LabJackDAQ,LoadCellSummed,0
2025-05-21 13:48:02,040,LC-TOTAL-LJ,752.31,lbs,LabJackDAQ,LoadCellSummed,0
2025-05-21 13:48:02,094,LC-TOTAL-LJ,752.11,lbs,LabJackDAQ,LoadCellSummed,0
2025-05-21 13:48:02,142,LC-TOTAL-LJ,752.12,lbs,LabJackDAQ,LoadCellSummed,0
2025-05-21 13:48:02,196,LC-TOTAL-LJ,752.10,lbs,LabJackDAQ,LoadCellSummed,0
2025-05-21 13:48:02,245,LC-TOTAL-LJ,752.18,lbs,LabJackDAQ,LoadCellSummed,0
2025-05-21 13:48:02,293,LC-TOTAL-LJ,752.17,lbs,LabJackDAQ,LoadCellSummed,0
2025-05-21 13:48:02,340,LC-TOTAL-LJ,752.18,lbs,LabJackDAQ,LoadCellSummed,0
2025-05-21 13:48:02,390,LC-TOTAL-LJ,752.23,lbs,LabJackDAQ,LoadCellSummed,0
2025-05-21 13:48:02,438,LC-TOTAL-LJ,751.28,lbs,LabJackDAQ,LoadCellSummed,0
2025-05-21 13:48:02,490,LC-TOTAL-LJ,752.24,lbs,LabJackDAQ,LoadCellSummed,0
2025-05-21 13:48:02,540,LC-TOTAL-LJ,752.41,lbs,LabJackDAQ,LoadCellSummed,0
2025-05-21 13:48:02,594,LC-TOTAL-LJ,752.14,lbs,LabJackDAQ,LoadCellSummed,0
2025-05-21 13:48:02,642,LC-TOTAL-LJ,750.66,lbs,LabJackDAQ,LoadCellSummed,0
2025-05-21 13:48:02,695,LC-TOTAL-LJ,752.23,lbs,LabJackDAQ,LoadCellSummed,0
2025-05-21 13:48:02,744,LC-TOTAL-LJ,752.02,lbs,LabJackDAQ,LoadCellSummed,0
2025-05-21 13:48:02,792,LC-TOTAL-LJ,751.99,lbs,LabJackDAQ,LoadCellSummed,0
2025-05-21 13:48:02,839,LC-TOTAL-LJ,751.98,lbs,LabJackDAQ,LoadCellSummed,0
2025-05-21 13:48:02,887,LC-TOTAL-LJ,752.42,lbs,LabJackDAQ,LoadCellSummed,0
2025-05-21 13:48:02,934,LC-TOTAL-LJ,752.51,lbs,LabJackDAQ,LoadCellSummed,0
2025-05-21 13:48:02,985,LC-TOTAL-LJ,752.21,lbs,LabJackDAQ,LoadCellSummed,0
2025-05-21 13:48:03,033,LC-TOTAL-LJ,751.28,lbs,LabJackDAQ,LoadCellSummed,0
2025-05-21 13:48:03,087,LC-TOTAL-LJ,752.08,lbs,LabJackDAQ,LoadCellSummed,0
2025-05-21 13:48:03,137,LC-TOTAL-LJ,751.89,lbs,LabJackDAQ,LoadCellSummed,0
2025-05-21 13:48:03,192,LC-TOTAL-LJ,752.08,lbs,LabJackDAQ,LoadCellSummed,0
2025-05-21 13:48:03,240,LC-TOTAL-LJ,752.51,lbs,LabJackDAQ,LoadCellSummed,0
2025-05-21 13:48:03,288,LC-TOTAL-LJ,752.30,lbs,LabJackDAQ,LoadCellSummed,0
2025-05-21 13:48:03,337,LC-TOTAL-LJ,751.57,lbs,LabJackDAQ,LoadCellSummed,0
2025-05-21 13:48:03,384,LC-TOTAL-LJ,752.53,lbs,LabJackDAQ,LoadCellSummed,0
2025-05-21 13:48:03,432,LC-TOTAL-LJ,752.09,lbs,LabJackDAQ,LoadCellSummed,0
2025-05-21 13:48:03,484,LC-TOTAL-LJ,752.41,lbs,LabJackDAQ,LoadCellSummed,0
2025-05-21 13:48:03,532,LC-TOTAL-LJ,752.35,lbs,LabJackDAQ,LoadCellSummed,0
2025-05-21 13:48:03,585,LC-TOTAL-LJ,752.23,lbs,LabJackDAQ,LoadCellSummed,0
2025-05-21 13:48:03,637,LC-TOTAL-LJ,752.06,lbs,LabJackDAQ,LoadCellSummed,0
2025-05-21 13:48:03,690,LC-TOTAL-LJ,753.00,lbs,LabJackDAQ,LoadCellSummed,0
2025-05-21 13:48:03,738,LC-TOTAL-LJ,752.20,lbs,LabJackDAQ,LoadCellSummed,0
2025-05-21 13:48:03,786,LC-TOTAL-LJ,752.53,lbs,LabJackDAQ,LoadCellSummed,0
2025-05-21 13:48:03,834,LC-TOTAL-LJ,752.43,lbs,LabJackDAQ,LoadCellSummed,0
2025-05-21 13:48:03,883,LC-TOTAL-LJ,752.30,lbs,LabJackDAQ,LoadCellSummed,0
2025-05-21 13:48:03,933,LC-TOTAL-LJ,751.48,lbs,LabJackDAQ,LoadCellSummed,0
2025-05-21 13:48:03,984,LC-TOTAL-LJ,752.49,lbs,LabJackDAQ,LoadCellSummed,0
2025-05-21 13:48:04,033,LC-TOTAL-LJ,752.32,lbs,LabJackDAQ,LoadCellSummed,0
2025-05-21 13:48:04,087,LC-TOTAL-LJ,752.80,lbs,LabJackDAQ,LoadCellSummed,0
2025-05-21 13:48:04,137,LC-TOTAL-LJ,750.68,lbs,LabJackDAQ,LoadCellSummed,0
2025-05-21 13:48:04,188,LC-TOTAL-LJ,752.20,lbs,LabJackDAQ,LoadCellSummed,0
2025-05-21 13:48:04,238,LC-TOTAL-LJ,751.58,lbs,LabJackDAQ,LoadCellSummed,0
2025-05-21 13:48:04,287,LC-TOTAL-LJ,751.84,lbs,LabJackDAQ,LoadCellSummed,0
2025-05-21 13:48:04,336,LC-TOTAL-LJ,750.75,lbs,LabJackDAQ,LoadCellSummed,0
2025-05-21 13:48:04,384,LC-TOTAL-LJ,752.02,lbs,LabJackDAQ,LoadCellSummed,0
2025-05-21 13:48:04,433,LC-TOTAL-LJ,752.38,lbs,LabJackDAQ,LoadCellSummed,0
2025-05-21 13:48:04,485,LC-TOTAL-LJ,751.67,lbs,LabJackDAQ,LoadCellSummed,0
2025-05-21 13:48:04,534,LC-TOTAL-LJ,751.16,lbs,LabJackDAQ,LoadCellSummed,0
2025-05-21 13:48:04,587,LC-TOTAL-LJ,751.70,lbs,LabJackDAQ,LoadCellSummed,0
2025-05-21 13:48:04,635,LC-TOTAL-LJ,751.39,lbs,LabJackDAQ,LoadCellSummed,0
2025-05-21 13:48:04,687,LC-TOTAL-LJ,751.87,lbs,LabJackDAQ,LoadCellSummed,0
2025-05-21 13:48:04,734,LC-TOTAL-LJ,752.18,lbs,LabJackDAQ,LoadCellSummed,0
2025-05-21 13:48:04,786,LC-TOTAL-LJ,752.25,lbs,LabJackDAQ,LoadCellSummed,0
2025-05-21 13:48:04,836,LC-TOTAL-LJ,751.15,lbs,LabJackDAQ,LoadCellSummed,0
2025-05-21 13:48:04,886,LC-TOTAL-LJ,751.32,lbs,LabJackDAQ,LoadCellSummed,0
2025-05-21 13:48:04,937,LC-TOTAL-LJ,751.60,lbs,LabJackDAQ,LoadCellSummed,0
2025-05-21 13:48:04,988,LC-TOTAL-LJ,751.04,lbs,LabJackDAQ,LoadCellSummed,0
2025-05-21 13:48:05,036,LC-TOTAL-LJ,750.72,lbs,LabJackDAQ,LoadCellSummed,0
2025-05-21 13:48:05,090,LC-TOTAL-LJ,751.27,lbs,LabJackDAQ,LoadCellSummed,0
2025-05-21 13:48:05,138,LC-TOTAL-LJ,751.06,lbs,LabJackDAQ,LoadCellSummed,0
2025-05-21 13:48:05,189,LC-TOTAL-LJ,752.23,lbs,LabJackDAQ,LoadCellSummed,0
2025-05-21 13:48:05,236,LC-TOTAL-LJ,751.45,lbs,LabJackDAQ,LoadCellSummed,0
2025-05-21 13:48:05,283,LC-TOTAL-LJ,751.45,lbs,LabJackDAQ,LoadCellSummed,0
2025-05-21 13:48:05,331,LC-TOTAL-LJ,751.38,lbs,LabJackDAQ,LoadCellSummed,0
2025-05-21 13:48:05,377,LC-TOTAL-LJ,751.05,lbs,LabJackDAQ,LoadCellSummed,0
2025-05-21 13:48:05,425,LC-TOTAL-LJ,751.53,lbs,LabJackDAQ,LoadCellSummed,0
2025-05-21 13:48:05,474,LC-TOTAL-LJ,751.31,lbs,LabJackDAQ,LoadCellSummed,0
2025-05-21 13:48:05,522,LC-TOTAL-LJ,751.23,lbs,LabJackDAQ,LoadCellSummed,0
2025-05-21 13:48:05,575,LC-TOTAL-LJ,751.44,lbs,LabJackDAQ,LoadCellSummed,0
2025-05-21 13:48:05,623,LC-TOTAL-LJ,751.98,lbs,LabJackDAQ,LoadCellSummed,0
2025-05-21 13:48:05,678,LC-TOTAL-LJ,751.68,lbs,LabJackDAQ,LoadCellSummed,0
2025-05-21 13:48:05,726,LC-TOTAL-LJ,751.44,lbs,LabJackDAQ,LoadCellSummed,0
2025-05-21 13:48:05,773,LC-TOTAL-LJ,751.11,lbs,LabJackDAQ,LoadCellSummed,0
2025-05-21 13:48:05,820,LC-TOTAL-LJ,752.61,lbs,LabJackDAQ,LoadCellSummed,0
2025-05-21 13:48:05,868,LC-TOTAL-LJ,752.63,lbs,LabJackDAQ,LoadCellSummed,0
2025-05-21 13:48:05,917,LC-TOTAL-LJ,752.21,lbs,LabJackDAQ,LoadCellSummed,0
2025-05-21 13:48:05,964,LC-TOTAL-LJ,751.79,lbs,LabJackDAQ,LoadCellSummed,0
2025-05-21 13:48:06,014,LC-TOTAL-LJ,751.37,lbs,LabJackDAQ,LoadCellSummed,0
2025-05-21 13:48:06,060,LC-TOTAL-LJ,751.28,lbs,LabJackDAQ,LoadCellSummed,0
2025-05-21 13:48:06,111,LC-TOTAL-LJ,752.38,lbs,LabJackDAQ,LoadCellSummed,0
2025-05-21 13:48:06,159,LC-TOTAL-LJ,751.87,lbs,LabJackDAQ,LoadCellSummed,0
2025-05-21 13:48:06,209,LC-TOTAL-LJ,752.43,lbs,LabJackDAQ,LoadCellSummed,0
2025-05-21 13:48:06,256,LC-TOTAL-LJ,752.10,lbs,LabJackDAQ,LoadCellSummed,0
2025-05-21 13:48:06,303,LC-TOTAL-LJ,751.92,lbs,LabJackDAQ,LoadCellSummed,0
2025-05-21 13:48:06,351,LC-TOTAL-LJ,751.30,lbs,LabJackDAQ,LoadCellSummed,0
2025-05-21 13:48:06,397,LC-TOTAL-LJ,751.96,lbs,LabJackDAQ,LoadCellSummed,0
2025-05-21 13:48:06,445,LC-TOTAL-LJ,751.84,lbs,LabJackDAQ,LoadCellSummed,0
2025-05-21 13:48:06,494,LC-TOTAL-LJ,751.14,lbs,LabJackDAQ,LoadCellSummed,0
2025-05-21 13:48:06,541,LC-TOTAL-LJ,751.31,lbs,LabJackDAQ,LoadCellSummed,0
2025-05-21 13:48:06,594,LC-TOTAL-LJ,752.28,lbs,LabJackDAQ,LoadCellSummed,0
2025-05-21 13:48:06,644,LC-TOTAL-LJ,752.09,lbs,LabJackDAQ,LoadCellSummed,0
2025-05-21 13:48:06,696,LC-TOTAL-LJ,752.81,lbs,LabJackDAQ,LoadCellSummed,0
2025-05-21 13:48:06,745,LC-TOTAL-LJ,752.21,lbs,LabJackDAQ,LoadCellSummed,0
2025-05-21 13:48:06,792,LC-TOTAL-LJ,751.95,lbs,LabJackDAQ,LoadCellSummed,0
2025-05-21 13:48:06,839,LC-TOTAL-LJ,752.43,lbs,LabJackDAQ,LoadCellSummed,0
2025-05-21 13:48:06,888,LC-TOTAL-LJ,752.36,lbs,LabJackDAQ,LoadCellSummed,0
2025-05-21 13:48:06,937,LC-TOTAL-LJ,751.69,lbs,LabJackDAQ,LoadCellSummed,0
2025-05-21 13:48:06,986,LC-TOTAL-LJ,751.91,lbs,LabJackDAQ,LoadCellSummed,0
2025-05-21 13:48:07,037,LC-TOTAL-LJ,752.11,lbs,LabJackDAQ,LoadCellSummed,0
2025-05-21 13:48:07,087,LC-TOTAL-LJ,752.43,lbs,LabJackDAQ,LoadCellSummed,0
2025-05-21 13:48:07,139,LC-TOTAL-LJ,752.32,lbs,LabJackDAQ,LoadCellSummed,0
2025-05-21 13:48:07,189,LC-TOTAL-LJ,752.43,lbs,LabJackDAQ,LoadCellSummed,0
2025-05-21 13:48:07,240,LC-TOTAL-LJ,751.71,lbs,LabJackDAQ,LoadCellSummed,0
2025-05-21 13:48:07,289,LC-TOTAL-LJ,752.87,lbs,LabJackDAQ,LoadCellSummed,0
2025-05-21 13:48:07,337,LC-TOTAL-LJ,751.57,lbs,LabJackDAQ,LoadCellSummed,0
2025-05-21 13:48:07,383,LC-TOTAL-LJ,752.32,lbs,LabJackDAQ,LoadCellSummed,0
2025-05-21 13:48:07,432,LC-TOTAL-LJ,752.21,lbs,LabJackDAQ,LoadCellSummed,0
2025-05-21 13:48:07,483,LC-TOTAL-LJ,752.03,lbs,LabJackDAQ,LoadCellSummed,0
2025-05-21 13:48:07,531,LC-TOTAL-LJ,751.79,lbs,LabJackDAQ,LoadCellSummed,0
2025-05-21 13:48:07,583,LC-TOTAL-LJ,752.24,lbs,LabJackDAQ,LoadCellSummed,0
2025-05-21 13:48:07,633,LC-TOTAL-LJ,751.96,lbs,LabJackDAQ,LoadCellSummed,0
2025-05-21 13:48:07,685,LC-TOTAL-LJ,752.43,lbs,LabJackDAQ,LoadCellSummed,0
2025-05-21 13:48:07,734,LC-TOTAL-LJ,752.22,lbs,LabJackDAQ,LoadCellSummed,0
2025-05-21 13:48:07,784,LC-TOTAL-LJ,752.08,lbs,LabJackDAQ,LoadCellSummed,0
2025-05-21 13:48:07,832,LC-TOTAL-LJ,752.13,lbs,LabJackDAQ,LoadCellSummed,0
2025-05-21 13:48:07,880,LC-TOTAL-LJ,751.52,lbs,LabJackDAQ,LoadCellSummed,0
2025-05-21 13:48:07,930,LC-TOTAL-LJ,751.33,lbs,LabJackDAQ,LoadCellSummed,0
2025-05-21 13:48:07,979,LC-TOTAL-LJ,751.68,lbs,LabJackDAQ,LoadCellSummed,0
2025-05-21 13:48:08,030,LC-TOTAL-LJ,751.39,lbs,LabJackDAQ,LoadCellSummed,0
2025-05-21 13:48:08,079,LC-TOTAL-LJ,750.84,lbs,LabJackDAQ,LoadCellSummed,0
2025-05-21 13:48:08,133,LC-TOTAL-LJ,750.95,lbs,LabJackDAQ,LoadCellSummed,0
2025-05-21 13:48:08,182,LC-TOTAL-LJ,751.03,lbs,LabJackDAQ,LoadCellSummed,0
2025-05-21 13:48:08,235,LC-TOTAL-LJ,751.17,lbs,LabJackDAQ,LoadCellSummed,0
2025-05-21 13:48:08,284,LC-TOTAL-LJ,751.71,lbs,LabJackDAQ,LoadCellSummed,0
2025-05-21 13:48:08,333,LC-TOTAL-LJ,752.55,lbs,LabJackDAQ,LoadCellSummed,0
2025-05-21 13:48:08,382,LC-TOTAL-LJ,752.26,lbs,LabJackDAQ,LoadCellSummed,0
2025-05-21 13:48:08,430,LC-TOTAL-LJ,752.03,lbs,LabJackDAQ,LoadCellSummed,0
2025-05-21 13:48:08,478,LC-TOTAL-LJ,752.53,lbs,LabJackDAQ,LoadCellSummed,0
2025-05-21 13:48:08,529,LC-TOTAL-LJ,751.69,lbs,LabJackDAQ,LoadCellSummed,0
2025-05-21 13:48:08,579,LC-TOTAL-LJ,752.27,lbs,LabJackDAQ,LoadCellSummed,0
2025-05-21 13:48:08,632,LC-TOTAL-LJ,751.32,lbs,LabJackDAQ,LoadCellSummed,0
2025-05-21 13:48:08,683,LC-TOTAL-LJ,752.07,lbs,LabJackDAQ,LoadCellSummed,0
2025-05-21 13:48:08,734,LC-TOTAL-LJ,752.68,lbs,LabJackDAQ,LoadCellSummed,0
2025-05-21 13:48:08,784,LC-TOTAL-LJ,752.71,lbs,LabJackDAQ,LoadCellSummed,0
2025-05-21 13:48:08,831,LC-TOTAL-LJ,751.99,lbs,LabJackDAQ,LoadCellSummed,0
2025-05-21 13:48:08,879,LC-TOTAL-LJ,752.42,lbs,LabJackDAQ,LoadCellSummed,0
2025-05-21 13:48:08,927,LC-TOTAL-LJ,752.63,lbs,LabJackDAQ,LoadCellSummed,0
2025-05-21 13:48:08,975,LC-TOTAL-LJ,752.12,lbs,LabJackDAQ,LoadCellSummed,0
2025-05-21 13:48:09,025,LC-TOTAL-LJ,752.02,lbs,LabJackDAQ,LoadCellSummed,0
2025-05-21 13:48:09,074,LC-TOTAL-LJ,751.47,lbs,LabJackDAQ,LoadCellSummed,0
2025-05-21 13:48:09,127,LC-TOTAL-LJ,752.30,lbs,LabJackDAQ,LoadCellSummed,0
2025-05-21 13:48:09,177,LC-TOTAL-LJ,750.55,lbs,LabJackDAQ,LoadCellSummed,0
2025-05-21 13:48:09,229,LC-TOTAL-LJ,752.01,lbs,LabJackDAQ,LoadCellSummed,0
2025-05-21 13:48:09,277,LC-TOTAL-LJ,751.78,lbs,LabJackDAQ,LoadCellSummed,0
2025-05-21 13:48:09,323,LC-TOTAL-LJ,752.46,lbs,LabJackDAQ,LoadCellSummed,0
2025-05-21 13:48:09,371,LC-TOTAL-LJ,751.84,lbs,LabJackDAQ,LoadCellSummed,0
2025-05-21 13:48:09,419,LC-TOTAL-LJ,752.09,lbs,LabJackDAQ,LoadCellSummed,0
2025-05-21 13:48:09,467,LC-TOTAL-LJ,752.80,lbs,LabJackDAQ,LoadCellSummed,0
2025-05-21 13:48:09,519,LC-TOTAL-LJ,750.78,lbs,LabJackDAQ,LoadCellSummed,0
2025-05-21 13:48:09,568,LC-TOTAL-LJ,751.75,lbs,LabJackDAQ,LoadCellSummed,0
2025-05-21 13:48:09,623,LC-TOTAL-LJ,752.73,lbs,LabJackDAQ,LoadCellSummed,0
2025-05-21 13:48:09,672,LC-TOTAL-LJ,751.55,lbs,LabJackDAQ,LoadCellSummed,0
2025-05-21 13:48:09,724,LC-TOTAL-LJ,751.97,lbs,LabJackDAQ,LoadCellSummed,0
2025-05-21 13:48:09,772,LC-TOTAL-LJ,751.22,lbs,LabJackDAQ,LoadCellSummed,0
2025-05-21 13:48:09,820,LC-TOTAL-LJ,751.99,lbs,LabJackDAQ,LoadCellSummed,0
2025-05-21 13:48:09,868,LC-TOTAL-LJ,751.98,lbs,LabJackDAQ,LoadCellSummed,0
2025-05-21 13:48:09,914,LC-TOTAL-LJ,750.86,lbs,LabJackDAQ,LoadCellSummed,0
2025-05-21 13:48:09,961,LC-TOTAL-LJ,751.40,lbs,LabJackDAQ,LoadCellSummed,0
2025-05-21 13:48:10,012,LC-TOTAL-LJ,752.46,lbs,LabJackDAQ,LoadCellSummed,0
2025-05-21 13:48:10,060,LC-TOTAL-LJ,752.09,lbs,LabJackDAQ,LoadCellSummed,0
2025-05-21 13:48:10,116,LC-TOTAL-LJ,752.59,lbs,LabJackDAQ,LoadCellSummed,0
2025-05-21 13:48:10,167,LC-TOTAL-LJ,751.14,lbs,LabJackDAQ,LoadCellSummed,0
2025-05-21 13:48:10,219,LC-TOTAL-LJ,751.79,lbs,LabJackDAQ,LoadCellSummed,0
2025-05-21 13:48:10,268,LC-TOTAL-LJ,752.12,lbs,LabJackDAQ,LoadCellSummed,0
2025-05-21 13:48:10,316,LC-TOTAL-LJ,751.95,lbs,LabJackDAQ,LoadCellSummed,0
2025-05-21 13:48:10,365,LC-TOTAL-LJ,750.72,lbs,LabJackDAQ,LoadCellSummed,0
2025-05-21 13:48:10,414,LC-TOTAL-LJ,751.22,lbs,LabJackDAQ,LoadCellSummed,0
2025-05-21 13:48:10,462,LC-TOTAL-LJ,751.52,lbs,LabJackDAQ,LoadCellSummed,0
2025-05-21 13:48:10,514,LC-TOTAL-LJ,751.88,lbs,LabJackDAQ,LoadCellSummed,0
2025-05-21 13:48:10,563,LC-TOTAL-LJ,750.52,lbs,LabJackDAQ,LoadCellSummed,0
2025-05-21 13:48:10,617,LC-TOTAL-LJ,750.72,lbs,LabJackDAQ,LoadCellSummed,0
2025-05-21 13:48:10,667,LC-TOTAL-LJ,752.54,lbs,LabJackDAQ,LoadCellSummed,0
2025-05-21 13:48:10,720,LC-TOTAL-LJ,751.34,lbs,LabJackDAQ,LoadCellSummed,0
2025-05-21 13:48:10,768,LC-TOTAL-LJ,751.93,lbs,LabJackDAQ,LoadCellSummed,0
2025-05-21 13:48:10,816,LC-TOTAL-LJ,751.65,lbs,LabJackDAQ,LoadCellSummed,0
2025-05-21 13:48:10,864,LC-TOTAL-LJ,751.55,lbs,LabJackDAQ,LoadCellSummed,0
2025-05-21 13:48:10,913,LC-TOTAL-LJ,752.36,lbs,LabJackDAQ,LoadCellSummed,0
2025-05-21 13:48:10,962,LC-TOTAL-LJ,752.36,lbs,LabJackDAQ,LoadCellSummed,0
2025-05-21 13:48:11,010,LC-TOTAL-LJ,752.80,lbs,LabJackDAQ,LoadCellSummed,0
2025-05-21 13:48:11,061,LC-TOTAL-LJ,750.86,lbs,LabJackDAQ,LoadCellSummed,0
2025-05-21 13:48:11,110,LC-TOTAL-LJ,752.60,lbs,LabJackDAQ,LoadCellSummed,0
2025-05-21 13:48:11,163,LC-TOTAL-LJ,751.21,lbs,LabJackDAQ,LoadCellSummed,0
2025-05-21 13:48:11,212,LC-TOTAL-LJ,752.25,lbs,LabJackDAQ,LoadCellSummed,0
2025-05-21 13:48:11,263,LC-TOTAL-LJ,751.92,lbs,LabJackDAQ,LoadCellSummed,0
2025-05-21 13:48:11,311,LC-TOTAL-LJ,752.54,lbs,LabJackDAQ,LoadCellSummed,0
2025-05-21 13:48:11,361,LC-TOTAL-LJ,751.11,lbs,LabJackDAQ,LoadCellSummed,0
2025-05-21 13:48:11,410,LC-TOTAL-LJ,750.25,lbs,LabJackDAQ,LoadCellSummed,0
2025-05-21 13:48:11,458,LC-TOTAL-LJ,751.25,lbs,LabJackDAQ,LoadCellSummed,0
2025-05-21 13:48:11,507,LC-TOTAL-LJ,751.95,lbs,LabJackDAQ,LoadCellSummed,0
2025-05-21 13:48:11,558,LC-TOTAL-LJ,752.26,lbs,LabJackDAQ,LoadCellSummed,0
2025-05-21 13:48:11,608,LC-TOTAL-LJ,750.58,lbs,LabJackDAQ,LoadCellSummed,0
2025-05-21 13:48:11,661,LC-TOTAL-LJ,750.26,lbs,LabJackDAQ,LoadCellSummed,0
2025-05-21 13:48:11,713,LC-TOTAL-LJ,752.31,lbs,LabJackDAQ,LoadCellSummed,0
2025-05-21 13:48:11,766,LC-TOTAL-LJ,752.00,lbs,LabJackDAQ,LoadCellSummed,0
2025-05-21 13:48:11,815,LC-TOTAL-LJ,752.26,lbs,LabJackDAQ,LoadCellSummed,0
2025-05-21 13:48:11,864,LC-TOTAL-LJ,751.82,lbs,LabJackDAQ,LoadCellSummed,0
2025-05-21 13:48:11,913,LC-TOTAL-LJ,751.43,lbs,LabJackDAQ,LoadCellSummed,0
2025-05-21 13:48:11,961,LC-TOTAL-LJ,751.04,lbs,LabJackDAQ,LoadCellSummed,0
2025-05-21 13:48:12,010,LC-TOTAL-LJ,752.66,lbs,LabJackDAQ,LoadCellSummed,0
2025-05-21 13:48:12,062,LC-TOTAL-LJ,751.72,lbs,LabJackDAQ,LoadCellSummed,0
2025-05-21 13:48:12,110,LC-TOTAL-LJ,751.53,lbs,LabJackDAQ,LoadCellSummed,0
2025-05-21 13:48:12,165,LC-TOTAL-LJ,750.79,lbs,LabJackDAQ,LoadCellSummed,0
2025-05-21 13:48:12,216,LC-TOTAL-LJ,752.11,lbs,LabJackDAQ,LoadCellSummed,0
2025-05-21 13:48:12,269,LC-TOTAL-LJ,751.93,lbs,LabJackDAQ,LoadCellSummed,0
2025-05-21 13:48:12,317,LC-TOTAL-LJ,752.49,lbs,LabJackDAQ,LoadCellSummed,0
2025-05-21 13:48:12,367,LC-TOTAL-LJ,752.23,lbs,LabJackDAQ,LoadCellSummed,0
2025-05-21 13:48:12,417,LC-TOTAL-LJ,751.25,lbs,LabJackDAQ,LoadCellSummed,0
2025-05-21 13:48:12,465,LC-TOTAL-LJ,751.21,lbs,LabJackDAQ,LoadCellSummed,0
2025-05-21 13:48:12,516,LC-TOTAL-LJ,752.39,lbs,LabJackDAQ,LoadCellSummed,0
2025-05-21 13:48:12,567,LC-TOTAL-LJ,751.71,lbs,LabJackDAQ,LoadCellSummed,0
2025-05-21 13:48:12,622,LC-TOTAL-LJ,752.58,lbs,LabJackDAQ,LoadCellSummed,0
2025-05-21 13:48:12,674,LC-TOTAL-LJ,751.85,lbs,LabJackDAQ,LoadCellSummed,0
2025-05-21 13:48:12,726,LC-TOTAL-LJ,752.48,lbs,LabJackDAQ,LoadCellSummed,0
2025-05-21 13:48:12,774,LC-TOTAL-LJ,751.82,lbs,LabJackDAQ,LoadCellSummed,0
2025-05-21 13:48:12,822,LC-TOTAL-LJ,752.89,lbs,LabJackDAQ,LoadCellSummed,0
2025-05-21 13:48:12,871,LC-TOTAL-LJ,752.43,lbs,LabJackDAQ,LoadCellSummed,0
2025-05-21 13:48:12,920,LC-TOTAL-LJ,751.87,lbs,LabJackDAQ,LoadCellSummed,0
2025-05-21 13:48:12,969,LC-TOTAL-LJ,751.28,lbs,LabJackDAQ,LoadCellSummed,0
2025-05-21 13:48:13,021,LC-TOTAL-LJ,752.26,lbs,LabJackDAQ,LoadCellSummed,0
2025-05-21 13:48:13,070,LC-TOTAL-LJ,751.66,lbs,LabJackDAQ,LoadCellSummed,0
2025-05-21 13:48:13,123,LC-TOTAL-LJ,752.13,lbs,LabJackDAQ,LoadCellSummed,0
2025-05-21 13:48:13,171,LC-TOTAL-LJ,750.78,lbs,LabJackDAQ,LoadCellSummed,0
2025-05-21 13:48:13,227,LC-TOTAL-LJ,751.35,lbs,LabJackDAQ,LoadCellSummed,0
2025-05-21 13:48:13,275,LC-TOTAL-LJ,751.34,lbs,LabJackDAQ,LoadCellSummed,0
2025-05-21 13:48:13,323,LC-TOTAL-LJ,751.71,lbs,LabJackDAQ,LoadCellSummed,0
2025-05-21 13:48:13,373,LC-TOTAL-LJ,751.28,lbs,LabJackDAQ,LoadCellSummed,0
2025-05-21 13:48:13,421,LC-TOTAL-LJ,751.85,lbs,LabJackDAQ,LoadCellSummed,0
2025-05-21 13:48:13,469,LC-TOTAL-LJ,752.36,lbs,LabJackDAQ,LoadCellSummed,0
2025-05-21 13:48:13,518,LC-TOTAL-LJ,752.51,lbs,LabJackDAQ,LoadCellSummed,0
2025-05-21 13:48:13,571,LC-TOTAL-LJ,752.26,lbs,LabJackDAQ,LoadCellSummed,0
2025-05-21 13:48:13,620,LC-TOTAL-LJ,752.25,lbs,LabJackDAQ,LoadCellSummed,0
2025-05-21 13:48:13,676,LC-TOTAL-LJ,751.14,lbs,LabJackDAQ,LoadCellSummed,0
2025-05-21 13:48:13,727,LC-TOTAL-LJ,752.02,lbs,LabJackDAQ,LoadCellSummed,0
2025-05-21 13:48:13,779,LC-TOTAL-LJ,751.31,lbs,LabJackDAQ,LoadCellSummed,0
2025-05-21 13:48:13,827,LC-TOTAL-LJ,751.60,lbs,LabJackDAQ,LoadCellSummed,0
2025-05-21 13:48:13,876,LC-TOTAL-LJ,751.09,lbs,LabJackDAQ,LoadCellSummed,0
2025-05-21 13:48:13,933,LC-TOTAL-LJ,752.60,lbs,LabJackDAQ,LoadCellSummed,0
2025-05-21 13:48:13,982,LC-TOTAL-LJ,752.13,lbs,LabJackDAQ,LoadCellSummed,0
2025-05-21 13:48:14,030,LC-TOTAL-LJ,752.02,lbs,LabJackDAQ,LoadCellSummed,0
2025-05-21 13:48:14,083,LC-TOTAL-LJ,752.14,lbs,LabJackDAQ,LoadCellSummed,0
2025-05-21 13:48:14,131,LC-TOTAL-LJ,752.22,lbs,LabJackDAQ,LoadCellSummed,0
2025-05-21 13:48:14,185,LC-TOTAL-LJ,752.46,lbs,LabJackDAQ,LoadCellSummed,0
2025-05-21 13:48:14,235,LC-TOTAL-LJ,750.58,lbs,LabJackDAQ,LoadCellSummed,0
2025-05-21 13:48:14,289,LC-TOTAL-LJ,751.34,lbs,LabJackDAQ,LoadCellSummed,0
2025-05-21 13:48:14,338,LC-TOTAL-LJ,751.11,lbs,LabJackDAQ,LoadCellSummed,0
2025-05-21 13:48:14,387,LC-TOTAL-LJ,752.18,lbs,LabJackDAQ,LoadCellSummed,0
2025-05-21 13:48:14,436,LC-TOTAL-LJ,752.01,lbs,LabJackDAQ,LoadCellSummed,0
2025-05-21 13:48:14,485,LC-TOTAL-LJ,752.11,lbs,LabJackDAQ,LoadCellSummed,0
2025-05-21 13:48:14,537,LC-TOTAL-LJ,751.62,lbs,LabJackDAQ,LoadCellSummed,0
2025-05-21 13:48:14,588,LC-TOTAL-LJ,752.64,lbs,LabJackDAQ,LoadCellSummed,0
2025-05-21 13:48:14,642,LC-TOTAL-LJ,752.09,lbs,LabJackDAQ,LoadCellSummed,0
2025-05-21 13:48:14,692,LC-TOTAL-LJ,751.33,lbs,LabJackDAQ,LoadCellSummed,0
2025-05-21 13:48:14,745,LC-TOTAL-LJ,751.72,lbs,LabJackDAQ,LoadCellSummed,0
2025-05-21 13:48:14,792,LC-TOTAL-LJ,751.05,lbs,LabJackDAQ,LoadCellSummed,0
2025-05-21 13:48:14,839,LC-TOTAL-LJ,751.77,lbs,LabJackDAQ,LoadCellSummed,0
2025-05-21 13:48:14,886,LC-TOTAL-LJ,752.90,lbs,LabJackDAQ,LoadCellSummed,0
2025-05-21 13:48:14,934,LC-TOTAL-LJ,752.15,lbs,LabJackDAQ,LoadCellSummed,0
2025-05-21 13:48:14,983,LC-TOTAL-LJ,752.10,lbs,LabJackDAQ,LoadCellSummed,0
2025-05-21 13:48:15,036,LC-TOTAL-LJ,751.57,lbs,LabJackDAQ,LoadCellSummed,0
2025-05-21 13:48:15,084,LC-TOTAL-LJ,752.10,lbs,LabJackDAQ,LoadCellSummed,0
2025-05-21 13:48:15,140,LC-TOTAL-LJ,751.33,lbs,LabJackDAQ,LoadCellSummed,0
2025-05-21 13:48:15,190,LC-TOTAL-LJ,752.16,lbs,LabJackDAQ,LoadCellSummed,0
2025-05-21 13:48:15,241,LC-TOTAL-LJ,752.18,lbs,LabJackDAQ,LoadCellSummed,0
2025-05-21 13:48:15,288,LC-TOTAL-LJ,752.46,lbs,LabJackDAQ,LoadCellSummed,0
2025-05-21 13:48:15,336,LC-TOTAL-LJ,752.53,lbs,LabJackDAQ,LoadCellSummed,0
2025-05-21 13:48:15,383,LC-TOTAL-LJ,752.47,lbs,LabJackDAQ,LoadCellSummed,0
2025-05-21 13:48:15,430,LC-TOTAL-LJ,751.81,lbs,LabJackDAQ,LoadCellSummed,0
2025-05-21 13:48:15,476,LC-TOTAL-LJ,751.01,lbs,LabJackDAQ,LoadCellSummed,0
2025-05-21 13:48:15,527,LC-TOTAL-LJ,752.06,lbs,LabJackDAQ,LoadCellSummed,0
2025-05-21 13:48:15,574,LC-TOTAL-LJ,751.93,lbs,LabJackDAQ,LoadCellSummed,0
2025-05-21 13:48:15,628,LC-TOTAL-LJ,752.17,lbs,LabJackDAQ,LoadCellSummed,0
2025-05-21 13:48:15,676,LC-TOTAL-LJ,752.41,lbs,LabJackDAQ,LoadCellSummed,0
2025-05-21 13:48:15,729,LC-TOTAL-LJ,751.51,lbs,LabJackDAQ,LoadCellSummed,0
2025-05-21 13:48:15,776,LC-TOTAL-LJ,751.35,lbs,LabJackDAQ,LoadCellSummed,0
2025-05-21 13:48:15,823,LC-TOTAL-LJ,752.77,lbs,LabJackDAQ,LoadCellSummed,0
2025-05-21 13:48:15,870,LC-TOTAL-LJ,752.19,lbs,LabJackDAQ,LoadCellSummed,0
2025-05-21 13:48:15,917,LC-TOTAL-LJ,752.29,lbs,LabJackDAQ,LoadCellSummed,0
2025-05-21 13:48:15,965,LC-TOTAL-LJ,752.46,lbs,LabJackDAQ,LoadCellSummed,0
2025-05-21 13:48:16,012,LC-TOTAL-LJ,752.41,lbs,LabJackDAQ,LoadCellSummed,0
2025-05-21 13:48:16,063,LC-TOTAL-LJ,751.53,lbs,LabJackDAQ,LoadCellSummed,0
2025-05-21 13:48:16,113,LC-TOTAL-LJ,751.68,lbs,LabJackDAQ,LoadCellSummed,0
2025-05-21 13:48:16,165,LC-TOTAL-LJ,751.81,lbs,LabJackDAQ,LoadCellSummed,0
2025-05-21 13:48:16,214,LC-TOTAL-LJ,750.94,lbs,LabJackDAQ,LoadCellSummed,0
2025-05-21 13:48:16,267,LC-TOTAL-LJ,752.55,lbs,LabJackDAQ,LoadCellSummed,0
2025-05-21 13:48:16,315,LC-TOTAL-LJ,751.72,lbs,LabJackDAQ,LoadCellSummed,0
2025-05-21 13:48:16,362,LC-TOTAL-LJ,752.35,lbs,LabJackDAQ,LoadCellSummed,0
2025-05-21 13:48:16,409,LC-TOTAL-LJ,752.43,lbs,LabJackDAQ,LoadCellSummed,0
2025-05-21 13:48:16,456,LC-TOTAL-LJ,752.39,lbs,LabJackDAQ,LoadCellSummed,0
2025-05-21 13:48:16,506,LC-TOTAL-LJ,752.27,lbs,LabJackDAQ,LoadCellSummed,0
2025-05-21 13:48:16,558,LC-TOTAL-LJ,751.33,lbs,LabJackDAQ,LoadCellSummed,0
2025-05-21 13:48:16,606,LC-TOTAL-LJ,751.77,lbs,LabJackDAQ,LoadCellSummed,0
2025-05-21 13:48:16,658,LC-TOTAL-LJ,751.19,lbs,LabJackDAQ,LoadCellSummed,0
2025-05-21 13:48:16,707,LC-TOTAL-LJ,751.90,lbs,LabJackDAQ,LoadCellSummed,0
2025-05-21 13:48:16,762,LC-TOTAL-LJ,751.77,lbs,LabJackDAQ,LoadCellSummed,0
2025-05-21 13:48:16,809,LC-TOTAL-LJ,751.72,lbs,LabJackDAQ,LoadCellSummed,0
2025-05-21 13:48:16,856,LC-TOTAL-LJ,751.17,lbs,LabJackDAQ,LoadCellSummed,0
2025-05-21 13:48:16,903,LC-TOTAL-LJ,751.84,lbs,LabJackDAQ,LoadCellSummed,0
2025-05-21 13:48:16,951,LC-TOTAL-LJ,751.80,lbs,LabJackDAQ,LoadCellSummed,0
2025-05-21 13:48:16,998,LC-TOTAL-LJ,752.86,lbs,LabJackDAQ,LoadCellSummed,0
2025-05-21 13:48:17,049,LC-TOTAL-LJ,751.19,lbs,LabJackDAQ,LoadCellSummed,0
2025-05-21 13:48:17,096,LC-TOTAL-LJ,751.04,lbs,LabJackDAQ,LoadCellSummed,0
2025-05-21 13:48:17,149,LC-TOTAL-LJ,751.01,lbs,LabJackDAQ,LoadCellSummed,0
2025-05-21 13:48:17,197,LC-TOTAL-LJ,751.98,lbs,LabJackDAQ,LoadCellSummed,0
2025-05-21 13:48:17,250,LC-TOTAL-LJ,752.07,lbs,LabJackDAQ,LoadCellSummed,0
2025-05-21 13:48:17,298,LC-TOTAL-LJ,752.76,lbs,LabJackDAQ,LoadCellSummed,0
2025-05-21 13:48:17,345,LC-TOTAL-LJ,752.32,lbs,LabJackDAQ,LoadCellSummed,0
2025-05-21 13:48:17,391,LC-TOTAL-LJ,751.19,lbs,LabJackDAQ,LoadCellSummed,0
2025-05-21 13:48:17,439,LC-TOTAL-LJ,750.97,lbs,LabJackDAQ,LoadCellSummed,0
2025-05-21 13:48:17,486,LC-TOTAL-LJ,752.10,lbs,LabJackDAQ,LoadCellSummed,0
2025-05-21 13:48:17,532,LC-TOTAL-LJ,752.33,lbs,LabJackDAQ,LoadCellSummed,0
2025-05-21 13:48:17,582,LC-TOTAL-LJ,751.39,lbs,LabJackDAQ,LoadCellSummed,0
2025-05-21 13:48:17,630,LC-TOTAL-LJ,751.32,lbs,LabJackDAQ,LoadCellSummed,0
2025-05-21 13:48:17,682,LC-TOTAL-LJ,752.11,lbs,LabJackDAQ,LoadCellSummed,0
2025-05-21 13:48:17,730,LC-TOTAL-LJ,752.53,lbs,LabJackDAQ,LoadCellSummed,0
2025-05-21 13:48:17,780,LC-TOTAL-LJ,751.66,lbs,LabJackDAQ,LoadCellSummed,0
2025-05-21 13:48:17,828,LC-TOTAL-LJ,751.72,lbs,LabJackDAQ,LoadCellSummed,0
2025-05-21 13:48:17,874,LC-TOTAL-LJ,752.05,lbs,LabJackDAQ,LoadCellSummed,0
2025-05-21 13:48:17,920,LC-TOTAL-LJ,752.84,lbs,LabJackDAQ,LoadCellSummed,0
2025-05-21 13:48:17,967,LC-TOTAL-LJ,751.66,lbs,LabJackDAQ,LoadCellSummed,0
2025-05-21 13:48:18,014,LC-TOTAL-LJ,751.11,lbs,LabJackDAQ,LoadCellSummed,0
2025-05-21 13:48:18,064,LC-TOTAL-LJ,752.29,lbs,LabJackDAQ,LoadCellSummed,0
2025-05-21 13:48:18,111,LC-TOTAL-LJ,752.07,lbs,LabJackDAQ,LoadCellSummed,0
2025-05-21 13:48:18,163,LC-TOTAL-LJ,751.77,lbs,LabJackDAQ,LoadCellSummed,0
2025-05-21 13:48:18,212,LC-TOTAL-LJ,751.60,lbs,LabJackDAQ,LoadCellSummed,0
2025-05-21 13:48:18,262,LC-TOTAL-LJ,751.72,lbs,LabJackDAQ,LoadCellSummed,0
2025-05-21 13:48:18,309,LC-TOTAL-LJ,752.01,lbs,LabJackDAQ,LoadCellSummed,0
2025-05-21 13:48:18,355,LC-TOTAL-LJ,751.19,lbs,LabJackDAQ,LoadCellSummed,0
2025-05-21 13:48:18,402,LC-TOTAL-LJ,752.43,lbs,LabJackDAQ,LoadCellSummed,0
2025-05-21 13:48:18,449,LC-TOTAL-LJ,752.16,lbs,LabJackDAQ,LoadCellSummed,0
2025-05-21 13:48:18,495,LC-TOTAL-LJ,751.23,lbs,LabJackDAQ,LoadCellSummed,0
2025-05-21 13:48:18,546,LC-TOTAL-LJ,751.98,lbs,LabJackDAQ,LoadCellSummed,0
2025-05-21 13:48:18,593,LC-TOTAL-LJ,752.56,lbs,LabJackDAQ,LoadCellSummed,0
2025-05-21 13:48:18,644,LC-TOTAL-LJ,751.47,lbs,LabJackDAQ,LoadCellSummed,0
2025-05-21 13:48:18,693,LC-TOTAL-LJ,752.08,lbs,LabJackDAQ,LoadCellSummed,0
2025-05-21 13:48:18,743,LC-TOTAL-LJ,751.62,lbs,LabJackDAQ,LoadCellSummed,0
2025-05-21 13:48:18,789,LC-TOTAL-LJ,751.62,lbs,LabJackDAQ,LoadCellSummed,0
2025-05-21 13:48:18,836,LC-TOTAL-LJ,750.86,lbs,LabJackDAQ,LoadCellSummed,0
2025-05-21 13:48:18,882,LC-TOTAL-LJ,752.20,lbs,LabJackDAQ,LoadCellSummed,0
2025-05-21 13:48:18,928,LC-TOTAL-LJ,751.84,lbs,LabJackDAQ,LoadCellSummed,0
2025-05-21 13:48:18,976,LC-TOTAL-LJ,751.93,lbs,LabJackDAQ,LoadCellSummed,0
2025-05-21 13:48:19,022,LC-TOTAL-LJ,751.48,lbs,LabJackDAQ,LoadCellSummed,0
2025-05-21 13:48:19,073,LC-TOTAL-LJ,751.81,lbs,LabJackDAQ,LoadCellSummed,0
2025-05-21 13:48:19,120,LC-TOTAL-LJ,752.39,lbs,LabJackDAQ,LoadCellSummed,0
2025-05-21 13:48:19,173,LC-TOTAL-LJ,751.85,lbs,LabJackDAQ,LoadCellSummed,0
2025-05-21 13:48:19,222,LC-TOTAL-LJ,752.48,lbs,LabJackDAQ,LoadCellSummed,0
2025-05-21 13:48:19,273,LC-TOTAL-LJ,751.19,lbs,LabJackDAQ,LoadCellSummed,0
2025-05-21 13:48:19,319,LC-TOTAL-LJ,752.22,lbs,LabJackDAQ,LoadCellSummed,0
2025-05-21 13:48:19,366,LC-TOTAL-LJ,751.93,lbs,LabJackDAQ,LoadCellSummed,0
2025-05-21 13:48:19,412,LC-TOTAL-LJ,751.46,lbs,LabJackDAQ,LoadCellSummed,0
2025-05-21 13:48:19,458,LC-TOTAL-LJ,752.05,lbs,LabJackDAQ,LoadCellSummed,0
2025-05-21 13:48:19,505,LC-TOTAL-LJ,751.62,lbs,LabJackDAQ,LoadCellSummed,0
2025-05-21 13:48:19,555,LC-TOTAL-LJ,752.07,lbs,LabJackDAQ,LoadCellSummed,0
2025-05-21 13:48:19,603,LC-TOTAL-LJ,751.89,lbs,LabJackDAQ,LoadCellSummed,0
2025-05-21 13:48:19,657,LC-TOTAL-LJ,751.89,lbs,LabJackDAQ,LoadCellSummed,0
2025-05-21 13:48:19,706,LC-TOTAL-LJ,751.12,lbs,LabJackDAQ,LoadCellSummed,0
2025-05-21 13:48:19,755,LC-TOTAL-LJ,751.12,lbs,LabJackDAQ,LoadCellSummed,0
2025-05-21 13:48:19,802,LC-TOTAL-LJ,751.86,lbs,LabJackDAQ,LoadCellSummed,0
2025-05-21 13:48:19,848,LC-TOTAL-LJ,751.46,lbs,LabJackDAQ,LoadCellSummed,0
2025-05-21 13:48:19,895,LC-TOTAL-LJ,752.43,lbs,LabJackDAQ,LoadCellSummed,0
2025-05-21 13:48:19,941,LC-TOTAL-LJ,751.45,lbs,LabJackDAQ,LoadCellSummed,0
2025-05-21 13:48:19,987,LC-TOTAL-LJ,752.51,lbs,LabJackDAQ,LoadCellSummed,0
2025-05-21 13:48:20,035,LC-TOTAL-LJ,752.34,lbs,LabJackDAQ,LoadCellSummed,0
2025-05-21 13:48:20,085,LC-TOTAL-LJ,751.30,lbs,LabJackDAQ,LoadCellSummed,0
2025-05-21 13:48:20,132,LC-TOTAL-LJ,751.52,lbs,LabJackDAQ,LoadCellSummed,0
2025-05-21 13:48:20,186,LC-TOTAL-LJ,752.04,lbs,LabJackDAQ,LoadCellSummed,0
2025-05-21 13:48:20,234,LC-TOTAL-LJ,750.96,lbs,LabJackDAQ,LoadCellSummed,0
2025-05-21 13:48:20,286,LC-TOTAL-LJ,752.68,lbs,LabJackDAQ,LoadCellSummed,0
2025-05-21 13:48:20,333,LC-TOTAL-LJ,751.93,lbs,LabJackDAQ,LoadCellSummed,0
2025-05-21 13:48:20,380,LC-TOTAL-LJ,752.63,lbs,LabJackDAQ,LoadCellSummed,0
2025-05-21 13:48:20,427,LC-TOTAL-LJ,751.44,lbs,LabJackDAQ,LoadCellSummed,0
2025-05-21 13:48:20,474,LC-TOTAL-LJ,751.23,lbs,LabJackDAQ,LoadCellSummed,0
2025-05-21 13:48:20,520,LC-TOTAL-LJ,752.84,lbs,LabJackDAQ,LoadCellSummed,0
2025-05-21 13:48:20,569,LC-TOTAL-LJ,751.21,lbs,LabJackDAQ,LoadCellSummed,0
2025-05-21 13:48:20,617,LC-TOTAL-LJ,751.58,lbs,LabJackDAQ,LoadCellSummed,0
2025-05-21 13:48:20,670,LC-TOTAL-LJ,751.42,lbs,LabJackDAQ,LoadCellSummed,0
2025-05-21 13:48:20,719,LC-TOTAL-LJ,752.10,lbs,LabJackDAQ,LoadCellSummed,0
2025-05-21 13:48:20,769,LC-TOTAL-LJ,751.82,lbs,LabJackDAQ,LoadCellSummed,0
2025-05-21 13:48:20,816,LC-TOTAL-LJ,751.44,lbs,LabJackDAQ,LoadCellSummed,0
2025-05-21 13:48:20,863,LC-TOTAL-LJ,751.92,lbs,LabJackDAQ,LoadCellSummed,0
2025-05-21 13:48:20,910,LC-TOTAL-LJ,752.82,lbs,LabJackDAQ,LoadCellSummed,0
2025-05-21 13:48:20,957,LC-TOTAL-LJ,751.81,lbs,LabJackDAQ,LoadCellSummed,0
2025-05-21 13:48:21,004,LC-TOTAL-LJ,752.34,lbs,LabJackDAQ,LoadCellSummed,0
2025-05-21 13:48:21,052,LC-TOTAL-LJ,751.30,lbs,LabJackDAQ,LoadCellSummed,0
2025-05-21 13:48:21,102,LC-TOTAL-LJ,752.29,lbs,LabJackDAQ,LoadCellSummed,0
2025-05-21 13:48:21,151,LC-TOTAL-LJ,752.10,lbs,LabJackDAQ,LoadCellSummed,0
2025-05-21 13:48:21,203,LC-TOTAL-LJ,752.17,lbs,LabJackDAQ,LoadCellSummed,0
2025-05-21 13:48:21,252,LC-TOTAL-LJ,751.86,lbs,LabJackDAQ,LoadCellSummed,0
2025-05-21 13:48:21,303,LC-TOTAL-LJ,751.18,lbs,LabJackDAQ,LoadCellSummed,0
2025-05-21 13:48:21,351,LC-TOTAL-LJ,751.06,lbs,LabJackDAQ,LoadCellSummed,0
2025-05-21 13:48:21,399,LC-TOTAL-LJ,751.26,lbs,LabJackDAQ,LoadCellSummed,0
2025-05-21 13:48:21,446,LC-TOTAL-LJ,751.42,lbs,LabJackDAQ,LoadCellSummed,0
2025-05-21 13:48:21,494,LC-TOTAL-LJ,752.16,lbs,LabJackDAQ,LoadCellSummed,0
2025-05-21 13:48:21,541,LC-TOTAL-LJ,752.10,lbs,LabJackDAQ,LoadCellSummed,0
2025-05-21 13:48:21,591,LC-TOTAL-LJ,751.03,lbs,LabJackDAQ,LoadCellSummed,0
2025-05-21 13:48:21,639,LC-TOTAL-LJ,750.71,lbs,LabJackDAQ,LoadCellSummed,0
2025-05-21 13:48:21,692,LC-TOTAL-LJ,752.44,lbs,LabJackDAQ,LoadCellSummed,0
2025-05-21 13:48:21,740,LC-TOTAL-LJ,750.72,lbs,LabJackDAQ,LoadCellSummed,0
2025-05-21 13:48:21,792,LC-TOTAL-LJ,751.84,lbs,LabJackDAQ,LoadCellSummed,0
2025-05-21 13:48:21,839,LC-TOTAL-LJ,751.93,lbs,LabJackDAQ,LoadCellSummed,0
2025-05-21 13:48:21,887,LC-TOTAL-LJ,752.81,lbs,LabJackDAQ,LoadCellSummed,0
2025-05-21 13:48:21,936,LC-TOTAL-LJ,752.10,lbs,LabJackDAQ,LoadCellSummed,0
2025-05-21 13:48:21,984,LC-TOTAL-LJ,752.42,lbs,LabJackDAQ,LoadCellSummed,0
2025-05-21 13:48:22,032,LC-TOTAL-LJ,752.38,lbs,LabJackDAQ,LoadCellSummed,0
2025-05-21 13:48:22,080,LC-TOTAL-LJ,751.83,lbs,LabJackDAQ,LoadCellSummed,0
2025-05-21 13:48:22,132,LC-TOTAL-LJ,751.41,lbs,LabJackDAQ,LoadCellSummed,0
2025-05-21 13:48:22,181,LC-TOTAL-LJ,751.90,lbs,LabJackDAQ,LoadCellSummed,0
2025-05-21 13:48:22,235,LC-TOTAL-LJ,752.22,lbs,LabJackDAQ,LoadCellSummed,0
2025-05-21 13:48:22,285,LC-TOTAL-LJ,751.95,lbs,LabJackDAQ,LoadCellSummed,0
2025-05-21 13:48:22,340,LC-TOTAL-LJ,751.85,lbs,LabJackDAQ,LoadCellSummed,0
2025-05-21 13:48:22,387,LC-TOTAL-LJ,752.47,lbs,LabJackDAQ,LoadCellSummed,0
2025-05-21 13:48:22,436,LC-TOTAL-LJ,751.56,lbs,LabJackDAQ,LoadCellSummed,0
2025-05-21 13:48:22,484,LC-TOTAL-LJ,752.20,lbs,LabJackDAQ,LoadCellSummed,0
2025-05-21 13:48:22,531,LC-TOTAL-LJ,752.12,lbs,LabJackDAQ,LoadCellSummed,0
2025-05-21 13:48:22,579,LC-TOTAL-LJ,751.93,lbs,LabJackDAQ,LoadCellSummed,0
2025-05-21 13:48:22,630,LC-TOTAL-LJ,751.68,lbs,LabJackDAQ,LoadCellSummed,0
2025-05-21 13:48:22,679,LC-TOTAL-LJ,752.66,lbs,LabJackDAQ,LoadCellSummed,0
2025-05-21 13:48:22,732,LC-TOTAL-LJ,751.30,lbs,LabJackDAQ,LoadCellSummed,0
2025-05-21 13:48:22,781,LC-TOTAL-LJ,752.08,lbs,LabJackDAQ,LoadCellSummed,0
2025-05-21 13:48:22,834,LC-TOTAL-LJ,751.69,lbs,LabJackDAQ,LoadCellSummed,0
2025-05-21 13:48:22,881,LC-TOTAL-LJ,751.33,lbs,LabJackDAQ,LoadCellSummed,0
2025-05-21 13:48:22,930,LC-TOTAL-LJ,750.62,lbs,LabJackDAQ,LoadCellSummed,0
2025-05-21 13:48:22,977,LC-TOTAL-LJ,751.51,lbs,LabJackDAQ,LoadCellSummed,0
2025-05-21 13:48:23,025,LC-TOTAL-LJ,751.30,lbs,LabJackDAQ,LoadCellSummed,0
2025-05-21 13:48:23,073,LC-TOTAL-LJ,750.07,lbs,LabJackDAQ,LoadCellSummed,0
2025-05-21 13:48:23,126,LC-TOTAL-LJ,751.39,lbs,LabJackDAQ,LoadCellSummed,0
2025-05-21 13:48:23,175,LC-TOTAL-LJ,750.81,lbs,LabJackDAQ,LoadCellSummed,0
2025-05-21 13:48:23,230,LC-TOTAL-LJ,750.70,lbs,LabJackDAQ,LoadCellSummed,0
2025-05-21 13:48:23,279,LC-TOTAL-LJ,752.03,lbs,LabJackDAQ,LoadCellSummed,0
2025-05-21 13:48:23,331,LC-TOTAL-LJ,751.10,lbs,LabJackDAQ,LoadCellSummed,0
2025-05-21 13:48:23,379,LC-TOTAL-LJ,750.91,lbs,LabJackDAQ,LoadCellSummed,0
2025-05-21 13:48:23,427,LC-TOTAL-LJ,751.53,lbs,LabJackDAQ,LoadCellSummed,0
2025-05-21 13:48:23,475,LC-TOTAL-LJ,750.73,lbs,LabJackDAQ,LoadCellSummed,0
2025-05-21 13:48:23,523,LC-TOTAL-LJ,751.23,lbs,LabJackDAQ,LoadCellSummed,0
2025-05-21 13:48:23,571,LC-TOTAL-LJ,751.43,lbs,LabJackDAQ,LoadCellSummed,0
2025-05-21 13:48:23,623,LC-TOTAL-LJ,752.43,lbs,LabJackDAQ,LoadCellSummed,0
2025-05-21 13:48:23,671,LC-TOTAL-LJ,752.26,lbs,LabJackDAQ,LoadCellSummed,0
2025-05-21 13:48:23,725,LC-TOTAL-LJ,751.71,lbs,LabJackDAQ,LoadCellSummed,0
2025-05-21 13:48:23,776,LC-TOTAL-LJ,750.35,lbs,LabJackDAQ,LoadCellSummed,0
2025-05-21 13:48:23,828,LC-TOTAL-LJ,752.03,lbs,LabJackDAQ,LoadCellSummed,0
2025-05-21 13:48:23,875,LC-TOTAL-LJ,751.52,lbs,LabJackDAQ,LoadCellSummed,0
2025-05-21 13:48:23,923,LC-TOTAL-LJ,752.37,lbs,LabJackDAQ,LoadCellSummed,0
2025-05-21 13:48:23,971,LC-TOTAL-LJ,752.35,lbs,LabJackDAQ,LoadCellSummed,0
2025-05-21 13:48:24,019,LC-TOTAL-LJ,752.24,lbs,LabJackDAQ,LoadCellSummed,0
2025-05-21 13:48:24,068,LC-TOTAL-LJ,751.24,lbs,LabJackDAQ,LoadCellSummed,0
2025-05-21 13:48:24,121,LC-TOTAL-LJ,752.24,lbs,LabJackDAQ,LoadCellSummed,0
2025-05-21 13:48:24,169,LC-TOTAL-LJ,751.57,lbs,LabJackDAQ,LoadCellSummed,0
2025-05-21 13:48:24,225,LC-TOTAL-LJ,750.29,lbs,LabJackDAQ,LoadCellSummed,0
2025-05-21 13:48:24,276,LC-TOTAL-LJ,752.21,lbs,LabJackDAQ,LoadCellSummed,0
2025-05-21 13:48:24,327,LC-TOTAL-LJ,751.25,lbs,LabJackDAQ,LoadCellSummed,0
2025-05-21 13:48:24,375,LC-TOTAL-LJ,750.90,lbs,LabJackDAQ,LoadCellSummed,0
2025-05-21 13:48:24,424,LC-TOTAL-LJ,751.03,lbs,LabJackDAQ,LoadCellSummed,0
2025-05-21 13:48:24,473,LC-TOTAL-LJ,751.41,lbs,LabJackDAQ,LoadCellSummed,0
2025-05-21 13:48:24,520,LC-TOTAL-LJ,751.72,lbs,LabJackDAQ,LoadCellSummed,0
2025-05-21 13:48:24,569,LC-TOTAL-LJ,752.06,lbs,LabJackDAQ,LoadCellSummed,0
2025-05-21 13:48:24,621,LC-TOTAL-LJ,751.07,lbs,LabJackDAQ,LoadCellSummed,0
2025-05-21 13:48:24,672,LC-TOTAL-LJ,751.59,lbs,LabJackDAQ,LoadCellSummed,0
2025-05-21 13:48:24,726,LC-TOTAL-LJ,752.35,lbs,LabJackDAQ,LoadCellSummed,0
2025-05-21 13:48:24,774,LC-TOTAL-LJ,751.79,lbs,LabJackDAQ,LoadCellSummed,0
2025-05-21 13:48:24,828,LC-TOTAL-LJ,752.10,lbs,LabJackDAQ,LoadCellSummed,0
2025-05-21 13:48:24,875,LC-TOTAL-LJ,752.31,lbs,LabJackDAQ,LoadCellSummed,0
2025-05-21 13:48:24,923,LC-TOTAL-LJ,752.65,lbs,LabJackDAQ,LoadCellSummed,0
2025-05-21 13:48:24,972,LC-TOTAL-LJ,752.07,lbs,LabJackDAQ,LoadCellSummed,0
2025-05-21 13:48:25,019,LC-TOTAL-LJ,752.41,lbs,LabJackDAQ,LoadCellSummed,0
2025-05-21 13:48:25,068,LC-TOTAL-LJ,752.29,lbs,LabJackDAQ,LoadCellSummed,0
2025-05-21 13:48:25,119,LC-TOTAL-LJ,750.93,lbs,LabJackDAQ,LoadCellSummed,0
2025-05-21 13:48:25,167,LC-TOTAL-LJ,751.61,lbs,LabJackDAQ,LoadCellSummed,0
2025-05-21 13:48:25,220,LC-TOTAL-LJ,752.03,lbs,LabJackDAQ,LoadCellSummed,0
2025-05-21 13:48:25,270,LC-TOTAL-LJ,750.87,lbs,LabJackDAQ,LoadCellSummed,0
2025-05-21 13:48:25,322,LC-TOTAL-LJ,750.90,lbs,LabJackDAQ,LoadCellSummed,0
2025-05-21 13:48:25,370,LC-TOTAL-LJ,751.61,lbs,LabJackDAQ,LoadCellSummed,0
2025-05-21 13:48:25,418,LC-TOTAL-LJ,751.70,lbs,LabJackDAQ,LoadCellSummed,0
2025-05-21 13:48:25,465,LC-TOTAL-LJ,752.16,lbs,LabJackDAQ,LoadCellSummed,0
2025-05-21 13:48:25,511,LC-TOTAL-LJ,751.86,lbs,LabJackDAQ,LoadCellSummed,0
2025-05-21 13:48:25,558,LC-TOTAL-LJ,751.92,lbs,LabJackDAQ,LoadCellSummed,0
2025-05-21 13:48:25,608,LC-TOTAL-LJ,752.08,lbs,LabJackDAQ,LoadCellSummed,0
2025-05-21 13:48:25,656,LC-TOTAL-LJ,751.69,lbs,LabJackDAQ,LoadCellSummed,0
2025-05-21 13:48:25,711,LC-TOTAL-LJ,752.43,lbs,LabJackDAQ,LoadCellSummed,0
2025-05-21 13:48:25,761,LC-TOTAL-LJ,751.42,lbs,LabJackDAQ,LoadCellSummed,0
2025-05-21 13:48:25,813,LC-TOTAL-LJ,752.30,lbs,LabJackDAQ,LoadCellSummed,0
2025-05-21 13:48:25,861,LC-TOTAL-LJ,751.54,lbs,LabJackDAQ,LoadCellSummed,0
2025-05-21 13:48:25,908,LC-TOTAL-LJ,752.44,lbs,LabJackDAQ,LoadCellSummed,0
2025-05-21 13:48:25,956,LC-TOTAL-LJ,752.15,lbs,LabJackDAQ,LoadCellSummed,0
2025-05-21 13:48:26,005,LC-TOTAL-LJ,751.94,lbs,LabJackDAQ,LoadCellSummed,0
2025-05-21 13:48:26,054,LC-TOTAL-LJ,751.91,lbs,LabJackDAQ,LoadCellSummed,0
2025-05-21 13:48:26,102,LC-TOTAL-LJ,752.26,lbs,LabJackDAQ,LoadCellSummed,0
2025-05-21 13:48:26,150,LC-TOTAL-LJ,751.91,lbs,LabJackDAQ,LoadCellSummed,0
2025-05-21 13:48:26,198,LC-TOTAL-LJ,752.08,lbs,LabJackDAQ,LoadCellSummed,0
2025-05-21 13:48:26,246,LC-TOTAL-LJ,752.40,lbs,LabJackDAQ,LoadCellSummed,0
2025-05-21 13:48:26,294,LC-TOTAL-LJ,752.15,lbs,LabJackDAQ,LoadCellSummed,0
2025-05-21 13:48:26,341,LC-TOTAL-LJ,752.10,lbs,LabJackDAQ,LoadCellSummed,0
2025-05-21 13:48:26,389,LC-TOTAL-LJ,752.17,lbs,LabJackDAQ,LoadCellSummed,0
2025-05-21 13:48:26,440,LC-TOTAL-LJ,750.95,lbs,LabJackDAQ,LoadCellSummed,0
2025-05-21 13:48:26,487,LC-TOTAL-LJ,752.06,lbs,LabJackDAQ,LoadCellSummed,0
2025-05-21 13:48:26,534,LC-TOTAL-LJ,751.59,lbs,LabJackDAQ,LoadCellSummed,0
2025-05-21 13:48:26,583,LC-TOTAL-LJ,751.57,lbs,LabJackDAQ,LoadCellSummed,0
2025-05-21 13:48:26,634,LC-TOTAL-LJ,752.23,lbs,LabJackDAQ,LoadCellSummed,0
2025-05-21 13:48:26,684,LC-TOTAL-LJ,752.51,lbs,LabJackDAQ,LoadCellSummed,0
2025-05-21 13:48:26,737,LC-TOTAL-LJ,751.90,lbs,LabJackDAQ,LoadCellSummed,0
2025-05-21 13:48:26,787,LC-TOTAL-LJ,751.68,lbs,LabJackDAQ,LoadCellSummed,0
2025-05-21 13:48:26,841,LC-TOTAL-LJ,751.51,lbs,LabJackDAQ,LoadCellSummed,0
2025-05-21 13:48:26,888,LC-TOTAL-LJ,751.65,lbs,LabJackDAQ,LoadCellSummed,0
2025-05-21 13:48:26,936,LC-TOTAL-LJ,751.83,lbs,LabJackDAQ,LoadCellSummed,0
2025-05-21 13:48:26,986,LC-TOTAL-LJ,751.82,lbs,LabJackDAQ,LoadCellSummed,0
2025-05-21 13:48:27,033,LC-TOTAL-LJ,751.10,lbs,LabJackDAQ,LoadCellSummed,0
2025-05-21 13:48:27,083,LC-TOTAL-LJ,752.16,lbs,LabJackDAQ,LoadCellSummed,0
2025-05-21 13:48:27,133,LC-TOTAL-LJ,752.31,lbs,LabJackDAQ,LoadCellSummed,0
2025-05-21 13:48:27,182,LC-TOTAL-LJ,752.28,lbs,LabJackDAQ,LoadCellSummed,0
2025-05-21 13:48:27,237,LC-TOTAL-LJ,751.44,lbs,LabJackDAQ,LoadCellSummed,0
2025-05-21 13:48:27,286,LC-TOTAL-LJ,750.78,lbs,LabJackDAQ,LoadCellSummed,0
2025-05-21 13:48:27,340,LC-TOTAL-LJ,751.61,lbs,LabJackDAQ,LoadCellSummed,0
2025-05-21 13:48:27,388,LC-TOTAL-LJ,752.40,lbs,LabJackDAQ,LoadCellSummed,0
2025-05-21 13:48:27,436,LC-TOTAL-LJ,751.54,lbs,LabJackDAQ,LoadCellSummed,0
2025-05-21 13:48:27,484,LC-TOTAL-LJ,751.64,lbs,LabJackDAQ,LoadCellSummed,0
2025-05-21 13:48:27,531,LC-TOTAL-LJ,751.40,lbs,LabJackDAQ,LoadCellSummed,0
2025-05-21 13:48:27,580,LC-TOTAL-LJ,751.00,lbs,LabJackDAQ,LoadCellSummed,0
2025-05-21 13:48:27,631,LC-TOTAL-LJ,752.45,lbs,LabJackDAQ,LoadCellSummed,0
2025-05-21 13:48:27,679,LC-TOTAL-LJ,751.60,lbs,LabJackDAQ,LoadCellSummed,0
2025-05-21 13:48:27,733,LC-TOTAL-LJ,752.24,lbs,LabJackDAQ,LoadCellSummed,0
2025-05-21 13:48:27,782,LC-TOTAL-LJ,751.47,lbs,LabJackDAQ,LoadCellSummed,0
2025-05-21 13:48:27,835,LC-TOTAL-LJ,752.30,lbs,LabJackDAQ,LoadCellSummed,0
2025-05-21 13:48:27,883,LC-TOTAL-LJ,752.67,lbs,LabJackDAQ,LoadCellSummed,0
2025-05-21 13:48:27,931,LC-TOTAL-LJ,752.06,lbs,LabJackDAQ,LoadCellSummed,0
2025-05-21 13:48:27,978,LC-TOTAL-LJ,752.41,lbs,LabJackDAQ,LoadCellSummed,0
2025-05-21 13:48:28,026,LC-TOTAL-LJ,752.60,lbs,LabJackDAQ,LoadCellSummed,0
2025-05-21 13:48:28,074,LC-TOTAL-LJ,751.86,lbs,LabJackDAQ,LoadCellSummed,0
2025-05-21 13:48:28,126,LC-TOTAL-LJ,751.84,lbs,LabJackDAQ,LoadCellSummed,0
2025-05-21 13:48:28,176,LC-TOTAL-LJ,752.10,lbs,LabJackDAQ,LoadCellSummed,0
2025-05-21 13:48:28,230,LC-TOTAL-LJ,752.47,lbs,LabJackDAQ,LoadCellSummed,0
2025-05-21 13:48:28,280,LC-TOTAL-LJ,751.83,lbs,LabJackDAQ,LoadCellSummed,0
2025-05-21 13:48:28,332,LC-TOTAL-LJ,752.49,lbs,LabJackDAQ,LoadCellSummed,0
2025-05-21 13:48:28,380,LC-TOTAL-LJ,751.92,lbs,LabJackDAQ,LoadCellSummed,0
2025-05-21 13:48:28,428,LC-TOTAL-LJ,752.59,lbs,LabJackDAQ,LoadCellSummed,0
2025-05-21 13:48:28,475,LC-TOTAL-LJ,752.59,lbs,LabJackDAQ,LoadCellSummed,0
2025-05-21 13:48:28,522,LC-TOTAL-LJ,752.79,lbs,LabJackDAQ,LoadCellSummed,0
2025-05-21 13:48:28,571,LC-TOTAL-LJ,752.36,lbs,LabJackDAQ,LoadCellSummed,0
2025-05-21 13:48:28,620,LC-TOTAL-LJ,752.89,lbs,LabJackDAQ,LoadCellSummed,0
2025-05-21 13:48:28,673,LC-TOTAL-LJ,751.65,lbs,LabJackDAQ,LoadCellSummed,0
2025-05-21 13:48:28,721,LC-TOTAL-LJ,752.74,lbs,LabJackDAQ,LoadCellSummed,0
2025-05-21 13:48:28,774,LC-TOTAL-LJ,751.17,lbs,LabJackDAQ,LoadCellSummed,0
2025-05-21 13:48:28,824,LC-TOTAL-LJ,752.24,lbs,LabJackDAQ,LoadCellSummed,0
2025-05-21 13:48:28,874,LC-TOTAL-LJ,751.21,lbs,LabJackDAQ,LoadCellSummed,0
2025-05-21 13:48:28,921,LC-TOTAL-LJ,752.15,lbs,LabJackDAQ,LoadCellSummed,0
2025-05-21 13:48:28,968,LC-TOTAL-LJ,752.17,lbs,LabJackDAQ,LoadCellSummed,0
2025-05-21 13:48:29,014,LC-TOTAL-LJ,752.80,lbs,LabJackDAQ,LoadCellSummed,0
2025-05-21 13:48:29,061,LC-TOTAL-LJ,750.89,lbs,LabJackDAQ,LoadCellSummed,0
2025-05-21 13:48:29,108,LC-TOTAL-LJ,751.48,lbs,LabJackDAQ,LoadCellSummed,0
2025-05-21 13:48:29,159,LC-TOTAL-LJ,752.25,lbs,LabJackDAQ,LoadCellSummed,0
2025-05-21 13:48:29,206,LC-TOTAL-LJ,751.95,lbs,LabJackDAQ,LoadCellSummed,0
2025-05-21 13:48:29,260,LC-TOTAL-LJ,751.38,lbs,LabJackDAQ,LoadCellSummed,0
2025-05-21 13:48:29,308,LC-TOTAL-LJ,751.27,lbs,LabJackDAQ,LoadCellSummed,0
2025-05-21 13:48:29,358,LC-TOTAL-LJ,752.32,lbs,LabJackDAQ,LoadCellSummed,0
2025-05-21 13:48:29,406,LC-TOTAL-LJ,752.32,lbs,LabJackDAQ,LoadCellSummed,0
2025-05-21 13:48:29,453,LC-TOTAL-LJ,751.75,lbs,LabJackDAQ,LoadCellSummed,0
2025-05-21 13:48:29,502,LC-TOTAL-LJ,752.48,lbs,LabJackDAQ,LoadCellSummed,0
2025-05-21 13:48:29,550,LC-TOTAL-LJ,752.52,lbs,LabJackDAQ,LoadCellSummed,0
2025-05-21 13:48:29,597,LC-TOTAL-LJ,752.09,lbs,LabJackDAQ,LoadCellSummed,0
2025-05-21 13:48:29,648,LC-TOTAL-LJ,752.05,lbs,LabJackDAQ,LoadCellSummed,0
2025-05-21 13:48:29,696,LC-TOTAL-LJ,751.24,lbs,LabJackDAQ,LoadCellSummed,0
2025-05-21 13:48:29,750,LC-TOTAL-LJ,751.23,lbs,LabJackDAQ,LoadCellSummed,0
2025-05-21 13:48:29,800,LC-TOTAL-LJ,751.83,lbs,LabJackDAQ,LoadCellSummed,0
2025-05-21 13:48:29,853,LC-TOTAL-LJ,751.02,lbs,LabJackDAQ,LoadCellSummed,0
2025-05-21 13:48:29,902,LC-TOTAL-LJ,751.25,lbs,LabJackDAQ,LoadCellSummed,0
2025-05-21 13:48:29,950,LC-TOTAL-LJ,750.37,lbs,LabJackDAQ,LoadCellSummed,0
2025-05-21 13:48:29,999,LC-TOTAL-LJ,752.72,lbs,LabJackDAQ,LoadCellSummed,0
2025-05-21 13:48:30,047,LC-TOTAL-LJ,752.10,lbs,LabJackDAQ,LoadCellSummed,0
2025-05-21 13:48:30,094,LC-TOTAL-LJ,752.73,lbs,LabJackDAQ,LoadCellSummed,0
2025-05-21 13:48:30,145,LC-TOTAL-LJ,752.36,lbs,LabJackDAQ,LoadCellSummed,0
2025-05-21 13:48:30,195,LC-TOTAL-LJ,751.23,lbs,LabJackDAQ,LoadCellSummed,0
2025-05-21 13:48:30,243,LC-TOTAL-LJ,751.50,lbs,LabJackDAQ,LoadCellSummed,0
2025-05-21 13:48:30,296,LC-TOTAL-LJ,751.35,lbs,LabJackDAQ,LoadCellSummed,0
2025-05-21 13:48:30,345,LC-TOTAL-LJ,751.14,lbs,LabJackDAQ,LoadCellSummed,0
2025-05-21 13:48:30,400,LC-TOTAL-LJ,751.37,lbs,LabJackDAQ,LoadCellSummed,0
2025-05-21 13:48:30,449,LC-TOTAL-LJ,751.81,lbs,LabJackDAQ,LoadCellSummed,0
2025-05-21 13:48:30,497,LC-TOTAL-LJ,751.85,lbs,LabJackDAQ,LoadCellSummed,0
2025-05-21 13:48:30,544,LC-TOTAL-LJ,751.57,lbs,LabJackDAQ,LoadCellSummed,0
2025-05-21 13:48:30,592,LC-TOTAL-LJ,751.43,lbs,LabJackDAQ,LoadCellSummed,0
2025-05-21 13:48:30,640,LC-TOTAL-LJ,751.36,lbs,LabJackDAQ,LoadCellSummed,0
2025-05-21 13:48:30,692,LC-TOTAL-LJ,752.10,lbs,LabJackDAQ,LoadCellSummed,0
2025-05-21 13:48:30,739,LC-TOTAL-LJ,751.50,lbs,LabJackDAQ,LoadCellSummed,0
2025-05-21 13:48:30,792,LC-TOTAL-LJ,751.93,lbs,LabJackDAQ,LoadCellSummed,0
2025-05-21 13:48:30,841,LC-TOTAL-LJ,751.85,lbs,LabJackDAQ,LoadCellSummed,0
2025-05-21 13:48:30,894,LC-TOTAL-LJ,752.26,lbs,LabJackDAQ,LoadCellSummed,0
2025-05-21 13:48:30,942,LC-TOTAL-LJ,752.61,lbs,LabJackDAQ,LoadCellSummed,0
2025-05-21 13:48:30,991,LC-TOTAL-LJ,752.18,lbs,LabJackDAQ,LoadCellSummed,0
2025-05-21 13:48:31,038,LC-TOTAL-LJ,752.03,lbs,LabJackDAQ,LoadCellSummed,0
2025-05-21 13:48:31,086,LC-TOTAL-LJ,752.62,lbs,LabJackDAQ,LoadCellSummed,0
2025-05-21 13:48:31,135,LC-TOTAL-LJ,752.55,lbs,LabJackDAQ,LoadCellSummed,0
2025-05-21 13:48:31,186,LC-TOTAL-LJ,752.48,lbs,LabJackDAQ,LoadCellSummed,0
2025-05-21 13:48:31,235,LC-TOTAL-LJ,752.24,lbs,LabJackDAQ,LoadCellSummed,0
2025-05-21 13:48:31,292,LC-TOTAL-LJ,751.96,lbs,LabJackDAQ,LoadCellSummed,0
2025-05-21 13:48:31,341,LC-TOTAL-LJ,751.07,lbs,LabJackDAQ,LoadCellSummed,0
2025-05-21 13:48:31,393,LC-TOTAL-LJ,752.09,lbs,LabJackDAQ,LoadCellSummed,0
2025-05-21 13:48:31,442,LC-TOTAL-LJ,751.75,lbs,LabJackDAQ,LoadCellSummed,0
2025-05-21 13:48:31,489,LC-TOTAL-LJ,752.10,lbs,LabJackDAQ,LoadCellSummed,0
2025-05-21 13:48:31,538,LC-TOTAL-LJ,751.86,lbs,LabJackDAQ,LoadCellSummed,0
2025-05-21 13:48:31,585,LC-TOTAL-LJ,752.20,lbs,LabJackDAQ,LoadCellSummed,0
2025-05-21 13:48:31,635,LC-TOTAL-LJ,751.77,lbs,LabJackDAQ,LoadCellSummed,0
2025-05-21 13:48:31,686,LC-TOTAL-LJ,752.21,lbs,LabJackDAQ,LoadCellSummed,0
2025-05-21 13:48:31,736,LC-TOTAL-LJ,751.93,lbs,LabJackDAQ,LoadCellSummed,0
2025-05-21 13:48:31,790,LC-TOTAL-LJ,751.36,lbs,LabJackDAQ,LoadCellSummed,0
2025-05-21 13:48:31,839,LC-TOTAL-LJ,750.54,lbs,LabJackDAQ,LoadCellSummed,0
2025-05-21 13:48:31,893,LC-TOTAL-LJ,751.11,lbs,LabJackDAQ,LoadCellSummed,0
2025-05-21 13:48:31,941,LC-TOTAL-LJ,751.00,lbs,LabJackDAQ,LoadCellSummed,0
2025-05-21 13:48:31,989,LC-TOTAL-LJ,751.22,lbs,LabJackDAQ,LoadCellSummed,0
2025-05-21 13:48:32,037,LC-TOTAL-LJ,750.54,lbs,LabJackDAQ,LoadCellSummed,0
2025-05-21 13:48:32,085,LC-TOTAL-LJ,751.19,lbs,LabJackDAQ,LoadCellSummed,0
2025-05-21 13:48:32,133,LC-TOTAL-LJ,752.22,lbs,LabJackDAQ,LoadCellSummed,0
2025-05-21 13:48:32,182,LC-TOTAL-LJ,751.69,lbs,LabJackDAQ,LoadCellSummed,0
2025-05-21 13:48:32,229,LC-TOTAL-LJ,751.28,lbs,LabJackDAQ,LoadCellSummed,0
2025-05-21 13:48:32,279,LC-TOTAL-LJ,752.31,lbs,LabJackDAQ,LoadCellSummed,0
2025-05-21 13:48:32,327,LC-TOTAL-LJ,752.10,lbs,LabJackDAQ,LoadCellSummed,0
2025-05-21 13:48:32,379,LC-TOTAL-LJ,750.87,lbs,LabJackDAQ,LoadCellSummed,0
2025-05-21 13:48:32,426,LC-TOTAL-LJ,751.80,lbs,LabJackDAQ,LoadCellSummed,0
2025-05-21 13:48:32,473,LC-TOTAL-LJ,751.37,lbs,LabJackDAQ,LoadCellSummed,0
2025-05-21 13:48:32,520,LC-TOTAL-LJ,752.23,lbs,LabJackDAQ,LoadCellSummed,0
2025-05-21 13:48:32,567,LC-TOTAL-LJ,752.16,lbs,LabJackDAQ,LoadCellSummed,0
2025-05-21 13:48:32,616,LC-TOTAL-LJ,752.76,lbs,LabJackDAQ,LoadCellSummed,0
2025-05-21 13:48:32,667,LC-TOTAL-LJ,750.29,lbs,LabJackDAQ,LoadCellSummed,0
2025-05-21 13:48:32,715,LC-TOTAL-LJ,751.99,lbs,LabJackDAQ,LoadCellSummed,0
2025-05-21 13:48:32,769,LC-TOTAL-LJ,751.22,lbs,LabJackDAQ,LoadCellSummed,0
2025-05-21 13:48:32,819,LC-TOTAL-LJ,752.14,lbs,LabJackDAQ,LoadCellSummed,0
2025-05-21 13:48:32,872,LC-TOTAL-LJ,751.20,lbs,LabJackDAQ,LoadCellSummed,0
2025-05-21 13:48:32,920,LC-TOTAL-LJ,750.86,lbs,LabJackDAQ,LoadCellSummed,0
2025-05-21 13:48:32,967,LC-TOTAL-LJ,751.16,lbs,LabJackDAQ,LoadCellSummed,0
2025-05-21 13:48:33,015,LC-TOTAL-LJ,751.44,lbs,LabJackDAQ,LoadCellSummed,0
2025-05-21 13:48:33,064,LC-TOTAL-LJ,750.82,lbs,LabJackDAQ,LoadCellSummed,0
2025-05-21 13:48:33,115,LC-TOTAL-LJ,752.35,lbs,LabJackDAQ,LoadCellSummed,0
2025-05-21 13:48:33,165,LC-TOTAL-LJ,751.48,lbs,LabJackDAQ,LoadCellSummed,0
2025-05-21 13:48:33,214,LC-TOTAL-LJ,751.28,lbs,LabJackDAQ,LoadCellSummed,0
2025-05-21 13:48:33,267,LC-TOTAL-LJ,751.14,lbs,LabJackDAQ,LoadCellSummed,0
2025-05-21 13:48:33,316,LC-TOTAL-LJ,751.80,lbs,LabJackDAQ,LoadCellSummed,0
2025-05-21 13:48:33,369,LC-TOTAL-LJ,750.70,lbs,LabJackDAQ,LoadCellSummed,0
2025-05-21 13:48:33,417,LC-TOTAL-LJ,751.97,lbs,LabJackDAQ,LoadCellSummed,0
2025-05-21 13:48:33,466,LC-TOTAL-LJ,751.45,lbs,LabJackDAQ,LoadCellSummed,0
2025-05-21 13:48:33,515,LC-TOTAL-LJ,750.78,lbs,LabJackDAQ,LoadCellSummed,0
2025-05-21 13:48:33,564,LC-TOTAL-LJ,751.44,lbs,LabJackDAQ,LoadCellSummed,0
2025-05-21 13:48:33,613,LC-TOTAL-LJ,752.45,lbs,LabJackDAQ,LoadCellSummed,0
2025-05-21 13:48:33,664,LC-TOTAL-LJ,750.96,lbs,LabJackDAQ,LoadCellSummed,0
2025-05-21 13:48:33,713,LC-TOTAL-LJ,752.33,lbs,LabJackDAQ,LoadCellSummed,0
2025-05-21 13:48:33,767,LC-TOTAL-LJ,751.23,lbs,LabJackDAQ,LoadCellSummed,0
2025-05-21 13:48:33,817,LC-TOTAL-LJ,752.04,lbs,LabJackDAQ,LoadCellSummed,0
2025-05-21 13:48:33,871,LC-TOTAL-LJ,752.08,lbs,LabJackDAQ,LoadCellSummed,0
2025-05-21 13:48:33,920,LC-TOTAL-LJ,752.11,lbs,LabJackDAQ,LoadCellSummed,0
2025-05-21 13:48:33,969,LC-TOTAL-LJ,752.17,lbs,LabJackDAQ,LoadCellSummed,0
2025-05-21 13:48:34,017,LC-TOTAL-LJ,751.49,lbs,LabJackDAQ,LoadCellSummed,0
2025-05-21 13:48:34,066,LC-TOTAL-LJ,751.35,lbs,LabJackDAQ,LoadCellSummed,0
2025-05-21 13:48:34,115,LC-TOTAL-LJ,751.67,lbs,LabJackDAQ,LoadCellSummed,0
2025-05-21 13:48:34,167,LC-TOTAL-LJ,751.61,lbs,LabJackDAQ,LoadCellSummed,0
2025-05-21 13:48:34,217,LC-TOTAL-LJ,750.75,lbs,LabJackDAQ,LoadCellSummed,0
2025-05-21 13:48:34,270,LC-TOTAL-LJ,751.32,lbs,LabJackDAQ,LoadCellSummed,0
2025-05-21 13:48:34,320,LC-TOTAL-LJ,752.43,lbs,LabJackDAQ,LoadCellSummed,0
2025-05-21 13:48:34,373,LC-TOTAL-LJ,751.35,lbs,LabJackDAQ,LoadCellSummed,0
2025-05-21 13:48:34,421,LC-TOTAL-LJ,751.40,lbs,LabJackDAQ,LoadCellSummed,0
2025-05-21 13:48:34,467,LC-TOTAL-LJ,751.20,lbs,LabJackDAQ,LoadCellSummed,0
2025-05-21 13:48:34,516,LC-TOTAL-LJ,751.67,lbs,LabJackDAQ,LoadCellSummed,0
2025-05-21 13:48:34,565,LC-TOTAL-LJ,751.52,lbs,LabJackDAQ,LoadCellSummed,0
2025-05-21 13:48:34,613,LC-TOTAL-LJ,752.08,lbs,LabJackDAQ,LoadCellSummed,0
2025-05-21 13:48:34,665,LC-TOTAL-LJ,750.79,lbs,LabJackDAQ,LoadCellSummed,0
2025-05-21 13:48:34,713,LC-TOTAL-LJ,751.34,lbs,LabJackDAQ,LoadCellSummed,0
2025-05-21 13:48:34,768,LC-TOTAL-LJ,751.39,lbs,LabJackDAQ,LoadCellSummed,0
2025-05-21 13:48:34,818,LC-TOTAL-LJ,751.81,lbs,LabJackDAQ,LoadCellSummed,0
2025-05-21 13:48:34,871,LC-TOTAL-LJ,752.84,lbs,LabJackDAQ,LoadCellSummed,0
2025-05-21 13:48:34,919,LC-TOTAL-LJ,751.63,lbs,LabJackDAQ,LoadCellSummed,0
2025-05-21 13:48:34,968,LC-TOTAL-LJ,751.90,lbs,LabJackDAQ,LoadCellSummed,0
2025-05-21 13:48:35,017,LC-TOTAL-LJ,752.33,lbs,LabJackDAQ,LoadCellSummed,0
2025-05-21 13:48:35,065,LC-TOTAL-LJ,752.27,lbs,LabJackDAQ,LoadCellSummed,0
2025-05-21 13:48:35,112,LC-TOTAL-LJ,751.95,lbs,LabJackDAQ,LoadCellSummed,0
2025-05-21 13:48:35,160,LC-TOTAL-LJ,752.08,lbs,LabJackDAQ,LoadCellSummed,0
2025-05-21 13:48:35,211,LC-TOTAL-LJ,751.69,lbs,LabJackDAQ,LoadCellSummed,0
2025-05-21 13:48:35,259,LC-TOTAL-LJ,750.70,lbs,LabJackDAQ,LoadCellSummed,0
2025-05-21 13:48:35,314,LC-TOTAL-LJ,751.09,lbs,LabJackDAQ,LoadCellSummed,0
2025-05-21 13:48:35,364,LC-TOTAL-LJ,751.87,lbs,LabJackDAQ,LoadCellSummed,0
2025-05-21 13:48:35,416,LC-TOTAL-LJ,751.43,lbs,LabJackDAQ,LoadCellSummed,0
2025-05-21 13:48:35,464,LC-TOTAL-LJ,751.71,lbs,LabJackDAQ,LoadCellSummed,0
2025-05-21 13:48:35,513,LC-TOTAL-LJ,751.66,lbs,LabJackDAQ,LoadCellSummed,0
2025-05-21 13:48:35,561,LC-TOTAL-LJ,751.68,lbs,LabJackDAQ,LoadCellSummed,0
2025-05-21 13:48:35,610,LC-TOTAL-LJ,751.87,lbs,LabJackDAQ,LoadCellSummed,0
2025-05-21 13:48:35,657,LC-TOTAL-LJ,752.11,lbs,LabJackDAQ,LoadCellSummed,0
2025-05-21 13:48:35,710,LC-TOTAL-LJ,750.71,lbs,LabJackDAQ,LoadCellSummed,0
2025-05-21 13:48:35,758,LC-TOTAL-LJ,751.43,lbs,LabJackDAQ,LoadCellSummed,0
2025-05-21 13:48:35,811,LC-TOTAL-LJ,751.67,lbs,LabJackDAQ,LoadCellSummed,0
2025-05-21 13:48:35,861,LC-TOTAL-LJ,751.39,lbs,LabJackDAQ,LoadCellSummed,0
2025-05-21 13:48:35,914,LC-TOTAL-LJ,751.72,lbs,LabJackDAQ,LoadCellSummed,0
2025-05-21 13:48:35,961,LC-TOTAL-LJ,750.17,lbs,LabJackDAQ,LoadCellSummed,0
2025-05-21 13:48:36,008,LC-TOTAL-LJ,751.90,lbs,LabJackDAQ,LoadCellSummed,0
2025-05-21 13:48:36,055,LC-TOTAL-LJ,752.14,lbs,LabJackDAQ,LoadCellSummed,0
2025-05-21 13:48:36,104,LC-TOTAL-LJ,752.01,lbs,LabJackDAQ,LoadCellSummed,0
2025-05-21 13:48:36,153,LC-TOTAL-LJ,751.93,lbs,LabJackDAQ,LoadCellSummed,0
2025-05-21 13:48:36,205,LC-TOTAL-LJ,752.08,lbs,LabJackDAQ,LoadCellSummed,0
2025-05-21 13:48:36,254,LC-TOTAL-LJ,751.97,lbs,LabJackDAQ,LoadCellSummed,0
2025-05-21 13:48:36,311,LC-TOTAL-LJ,751.30,lbs,LabJackDAQ,LoadCellSummed,0
2025-05-21 13:48:36,360,LC-TOTAL-LJ,751.93,lbs,LabJackDAQ,LoadCellSummed,0
2025-05-21 13:48:36,412,LC-TOTAL-LJ,751.29,lbs,LabJackDAQ,LoadCellSummed,0
2025-05-21 13:48:36,460,LC-TOTAL-LJ,751.34,lbs,LabJackDAQ,LoadCellSummed,0
2025-05-21 13:48:36,508,LC-TOTAL-LJ,751.03,lbs,LabJackDAQ,LoadCellSummed,0
2025-05-21 13:48:36,555,LC-TOTAL-LJ,750.14,lbs,LabJackDAQ,LoadCellSummed,0
2025-05-21 13:48:36,603,LC-TOTAL-LJ,751.79,lbs,LabJackDAQ,LoadCellSummed,0
2025-05-21 13:48:36,651,LC-TOTAL-LJ,751.26,lbs,LabJackDAQ,LoadCellSummed,0
2025-05-21 13:48:36,703,LC-TOTAL-LJ,752.74,lbs,LabJackDAQ,LoadCellSummed,0
2025-05-21 13:48:36,753,LC-TOTAL-LJ,751.38,lbs,LabJackDAQ,LoadCellSummed,0
2025-05-21 13:48:36,807,LC-TOTAL-LJ,751.24,lbs,LabJackDAQ,LoadCellSummed,0
2025-05-21 13:48:36,857,LC-TOTAL-LJ,752.03,lbs,LabJackDAQ,LoadCellSummed,0
2025-05-21 13:48:36,910,LC-TOTAL-LJ,751.30,lbs,LabJackDAQ,LoadCellSummed,0
2025-05-21 13:48:36,958,LC-TOTAL-LJ,751.72,lbs,LabJackDAQ,LoadCellSummed,0
2025-05-21 13:48:37,005,LC-TOTAL-LJ,751.08,lbs,LabJackDAQ,LoadCellSummed,0
2025-05-21 13:48:37,053,LC-TOTAL-LJ,751.40,lbs,LabJackDAQ,LoadCellSummed,0
2025-05-21 13:48:37,100,LC-TOTAL-LJ,752.16,lbs,LabJackDAQ,LoadCellSummed,0
2025-05-21 13:48:37,150,LC-TOTAL-LJ,751.27,lbs,LabJackDAQ,LoadCellSummed,0
2025-05-21 13:48:37,201,LC-TOTAL-LJ,752.03,lbs,LabJackDAQ,LoadCellSummed,0
2025-05-21 13:48:37,248,LC-TOTAL-LJ,752.63,lbs,LabJackDAQ,LoadCellSummed,0
2025-05-21 13:48:37,300,LC-TOTAL-LJ,752.65,lbs,LabJackDAQ,LoadCellSummed,0
2025-05-21 13:48:37,349,LC-TOTAL-LJ,751.79,lbs,LabJackDAQ,LoadCellSummed,0
2025-05-21 13:48:37,399,LC-TOTAL-LJ,751.64,lbs,LabJackDAQ,LoadCellSummed,0
2025-05-21 13:48:37,446,LC-TOTAL-LJ,752.21,lbs,LabJackDAQ,LoadCellSummed,0
2025-05-21 13:48:37,492,LC-TOTAL-LJ,752.11,lbs,LabJackDAQ,LoadCellSummed,0
2025-05-21 13:48:37,539,LC-TOTAL-LJ,751.20,lbs,LabJackDAQ,LoadCellSummed,0
2025-05-21 13:48:37,585,LC-TOTAL-LJ,752.37,lbs,LabJackDAQ,LoadCellSummed,0
2025-05-21 13:48:37,631,LC-TOTAL-LJ,752.66,lbs,LabJackDAQ,LoadCellSummed,0
2025-05-21 13:48:37,678,LC-TOTAL-LJ,752.24,lbs,LabJackDAQ,LoadCellSummed,0
2025-05-21 13:48:37,735,LC-TOTAL-LJ,752.15,lbs,LabJackDAQ,LoadCellSummed,0
2025-05-21 13:48:37,783,LC-TOTAL-LJ,752.10,lbs,LabJackDAQ,LoadCellSummed,0
2025-05-21 13:48:37,836,LC-TOTAL-LJ,752.76,lbs,LabJackDAQ,LoadCellSummed,0
2025-05-21 13:48:37,884,LC-TOTAL-LJ,752.01,lbs,LabJackDAQ,LoadCellSummed,0
2025-05-21 13:48:37,935,LC-TOTAL-LJ,751.52,lbs,LabJackDAQ,LoadCellSummed,0
2025-05-21 13:48:37,982,LC-TOTAL-LJ,752.51,lbs,LabJackDAQ,LoadCellSummed,0
2025-05-21 13:48:38,029,LC-TOTAL-LJ,751.86,lbs,LabJackDAQ,LoadCellSummed,0
2025-05-21 13:48:38,076,LC-TOTAL-LJ,752.21,lbs,LabJackDAQ,LoadCellSummed,0
2025-05-21 13:48:38,121,LC-TOTAL-LJ,751.91,lbs,LabJackDAQ,LoadCellSummed,0
2025-05-21 13:48:38,169,LC-TOTAL-LJ,751.44,lbs,LabJackDAQ,LoadCellSummed,0
2025-05-21 13:48:38,219,LC-TOTAL-LJ,752.48,lbs,LabJackDAQ,LoadCellSummed,0
2025-05-21 13:48:38,268,LC-TOTAL-LJ,752.82,lbs,LabJackDAQ,LoadCellSummed,0
2025-05-21 13:48:38,319,LC-TOTAL-LJ,751.09,lbs,LabJackDAQ,LoadCellSummed,0
2025-05-21 13:48:38,367,LC-TOTAL-LJ,750.95,lbs,LabJackDAQ,LoadCellSummed,0
2025-05-21 13:48:38,417,LC-TOTAL-LJ,752.05,lbs,LabJackDAQ,LoadCellSummed,0
2025-05-21 13:48:38,463,LC-TOTAL-LJ,751.34,lbs,LabJackDAQ,LoadCellSummed,0
2025-05-21 13:48:38,511,LC-TOTAL-LJ,752.12,lbs,LabJackDAQ,LoadCellSummed,0
2025-05-21 13:48:38,557,LC-TOTAL-LJ,751.69,lbs,LabJackDAQ,LoadCellSummed,0
2025-05-21 13:48:38,604,LC-TOTAL-LJ,751.91,lbs,LabJackDAQ,LoadCellSummed,0
2025-05-21 13:48:38,650,LC-TOTAL-LJ,751.52,lbs,LabJackDAQ,LoadCellSummed,0
2025-05-21 13:48:38,697,LC-TOTAL-LJ,751.44,lbs,LabJackDAQ,LoadCellSummed,0
2025-05-21 13:48:38,747,LC-TOTAL-LJ,751.78,lbs,LabJackDAQ,LoadCellSummed,0
2025-05-21 13:48:38,793,LC-TOTAL-LJ,751.83,lbs,LabJackDAQ,LoadCellSummed,0
2025-05-21 13:48:38,844,LC-TOTAL-LJ,752.33,lbs,LabJackDAQ,LoadCellSummed,0
2025-05-21 13:48:38,892,LC-TOTAL-LJ,752.32,lbs,LabJackDAQ,LoadCellSummed,0
2025-05-21 13:48:38,943,LC-TOTAL-LJ,750.94,lbs,LabJackDAQ,LoadCellSummed,0
2025-05-21 13:48:38,990,LC-TOTAL-LJ,751.73,lbs,LabJackDAQ,LoadCellSummed,0
2025-05-21 13:48:39,037,LC-TOTAL-LJ,751.92,lbs,LabJackDAQ,LoadCellSummed,0
2025-05-21 13:48:39,083,LC-TOTAL-LJ,752.09,lbs,LabJackDAQ,LoadCellSummed,0
2025-05-21 13:48:39,130,LC-TOTAL-LJ,751.69,lbs,LabJackDAQ,LoadCellSummed,0
2025-05-21 13:48:39,176,LC-TOTAL-LJ,751.68,lbs,LabJackDAQ,LoadCellSummed,0
2025-05-21 13:48:39,226,LC-TOTAL-LJ,752.34,lbs,LabJackDAQ,LoadCellSummed,0
2025-05-21 13:48:39,275,LC-TOTAL-LJ,751.69,lbs,LabJackDAQ,LoadCellSummed,0
2025-05-21 13:48:39,327,LC-TOTAL-LJ,750.75,lbs,LabJackDAQ,LoadCellSummed,0
2025-05-21 13:48:39,376,LC-TOTAL-LJ,751.56,lbs,LabJackDAQ,LoadCellSummed,0
2025-05-21 13:48:39,427,LC-TOTAL-LJ,752.35,lbs,LabJackDAQ,LoadCellSummed,0
2025-05-21 13:48:39,474,LC-TOTAL-LJ,751.74,lbs,LabJackDAQ,LoadCellSummed,0
2025-05-21 13:48:39,520,LC-TOTAL-LJ,751.38,lbs,LabJackDAQ,LoadCellSummed,0
2025-05-21 13:48:39,567,LC-TOTAL-LJ,751.60,lbs,LabJackDAQ,LoadCellSummed,0
2025-05-21 13:48:39,614,LC-TOTAL-LJ,752.47,lbs,LabJackDAQ,LoadCellSummed,0
2025-05-21 13:48:39,660,LC-TOTAL-LJ,750.94,lbs,LabJackDAQ,LoadCellSummed,0
2025-05-21 13:48:39,711,LC-TOTAL-LJ,751.13,lbs,LabJackDAQ,LoadCellSummed,0
2025-05-21 13:48:39,758,LC-TOTAL-LJ,751.77,lbs,LabJackDAQ,LoadCellSummed,0
2025-05-21 13:48:39,812,LC-TOTAL-LJ,752.14,lbs,LabJackDAQ,LoadCellSummed,0
2025-05-21 13:48:39,861,LC-TOTAL-LJ,750.72,lbs,LabJackDAQ,LoadCellSummed,0
2025-05-21 13:48:39,912,LC-TOTAL-LJ,752.02,lbs,LabJackDAQ,LoadCellSummed,0
2025-05-21 13:48:39,959,LC-TOTAL-LJ,751.76,lbs,LabJackDAQ,LoadCellSummed,0
2025-05-21 13:48:40,006,LC-TOTAL-LJ,751.53,lbs,LabJackDAQ,LoadCellSummed,0
2025-05-21 13:48:40,053,LC-TOTAL-LJ,751.77,lbs,LabJackDAQ,LoadCellSummed,0
2025-05-21 13:48:40,099,LC-TOTAL-LJ,752.02,lbs,LabJackDAQ,LoadCellSummed,0
2025-05-21 13:48:40,145,LC-TOTAL-LJ,752.35,lbs,LabJackDAQ,LoadCellSummed,0
2025-05-21 13:48:40,193,LC-TOTAL-LJ,752.36,lbs,LabJackDAQ,LoadCellSummed,0
2025-05-21 13:48:40,241,LC-TOTAL-LJ,752.26,lbs,LabJackDAQ,LoadCellSummed,0
2025-05-21 13:48:40,289,LC-TOTAL-LJ,752.37,lbs,LabJackDAQ,LoadCellSummed,0
2025-05-21 13:48:40,341,LC-TOTAL-LJ,751.78,lbs,LabJackDAQ,LoadCellSummed,0
2025-05-21 13:48:40,390,LC-TOTAL-LJ,751.77,lbs,LabJackDAQ,LoadCellSummed,0
2025-05-21 13:48:40,441,LC-TOTAL-LJ,752.41,lbs,LabJackDAQ,LoadCellSummed,0
2025-05-21 13:48:40,487,LC-TOTAL-LJ,752.43,lbs,LabJackDAQ,LoadCellSummed,0
2025-05-21 13:48:40,534,LC-TOTAL-LJ,751.45,lbs,LabJackDAQ,LoadCellSummed,0
2025-05-21 13:48:40,581,LC-TOTAL-LJ,751.70,lbs,LabJackDAQ,LoadCellSummed,0
2025-05-21 13:48:40,628,LC-TOTAL-LJ,751.78,lbs,LabJackDAQ,LoadCellSummed,0
2025-05-21 13:48:40,674,LC-TOTAL-LJ,752.03,lbs,LabJackDAQ,LoadCellSummed,0
2025-05-21 13:48:40,721,LC-TOTAL-LJ,752.50,lbs,LabJackDAQ,LoadCellSummed,0
2025-05-21 13:48:40,772,LC-TOTAL-LJ,751.38,lbs,LabJackDAQ,LoadCellSummed,0
2025-05-21 13:48:40,819,LC-TOTAL-LJ,751.76,lbs,LabJackDAQ,LoadCellSummed,0
2025-05-21 13:48:40,872,LC-TOTAL-LJ,751.69,lbs,LabJackDAQ,LoadCellSummed,0
2025-05-21 13:48:40,920,LC-TOTAL-LJ,751.90,lbs,LabJackDAQ,LoadCellSummed,0
2025-05-21 13:48:40,970,LC-TOTAL-LJ,751.85,lbs,LabJackDAQ,LoadCellSummed,0
2025-05-21 13:48:41,017,LC-TOTAL-LJ,752.00,lbs,LabJackDAQ,LoadCellSummed,0
2025-05-21 13:48:41,063,LC-TOTAL-LJ,751.99,lbs,LabJackDAQ,LoadCellSummed,0
2025-05-21 13:48:41,110,LC-TOTAL-LJ,752.37,lbs,LabJackDAQ,LoadCellSummed,0
2025-05-21 13:48:41,158,LC-TOTAL-LJ,751.44,lbs,LabJackDAQ,LoadCellSummed,0
2025-05-21 13:48:41,205,LC-TOTAL-LJ,751.92,lbs,LabJackDAQ,LoadCellSummed,0
2025-05-21 13:48:41,254,LC-TOTAL-LJ,751.59,lbs,LabJackDAQ,LoadCellSummed,0
2025-05-21 13:48:41,301,LC-TOTAL-LJ,751.51,lbs,LabJackDAQ,LoadCellSummed,0
2025-05-21 13:48:41,353,LC-TOTAL-LJ,752.19,lbs,LabJackDAQ,LoadCellSummed,0
2025-05-21 13:48:41,403,LC-TOTAL-LJ,752.20,lbs,LabJackDAQ,LoadCellSummed,0
2025-05-21 13:48:41,453,LC-TOTAL-LJ,752.27,lbs,LabJackDAQ,LoadCellSummed,0
2025-05-21 13:48:41,502,LC-TOTAL-LJ,751.99,lbs,LabJackDAQ,LoadCellSummed,0
2025-05-21 13:48:41,549,LC-TOTAL-LJ,751.90,lbs,LabJackDAQ,LoadCellSummed,0
2025-05-21 13:48:41,597,LC-TOTAL-LJ,751.68,lbs,LabJackDAQ,LoadCellSummed,0
2025-05-21 13:48:41,645,LC-TOTAL-LJ,751.51,lbs,LabJackDAQ,LoadCellSummed,0
2025-05-21 13:48:41,693,LC-TOTAL-LJ,751.93,lbs,LabJackDAQ,LoadCellSummed,0
2025-05-21 13:48:41,741,LC-TOTAL-LJ,750.91,lbs,LabJackDAQ,LoadCellSummed,0
2025-05-21 13:48:41,792,LC-TOTAL-LJ,752.03,lbs,LabJackDAQ,LoadCellSummed,0
2025-05-21 13:48:41,840,LC-TOTAL-LJ,751.86,lbs,LabJackDAQ,LoadCellSummed,0
2025-05-21 13:48:41,892,LC-TOTAL-LJ,752.46,lbs,LabJackDAQ,LoadCellSummed,0
2025-05-21 13:48:41,943,LC-TOTAL-LJ,752.05,lbs,LabJackDAQ,LoadCellSummed,0
2025-05-21 13:48:41,995,LC-TOTAL-LJ,752.36,lbs,LabJackDAQ,LoadCellSummed,0
2025-05-21 13:48:42,043,LC-TOTAL-LJ,752.49,lbs,LabJackDAQ,LoadCellSummed,0
2025-05-21 13:48:42,092,LC-TOTAL-LJ,752.24,lbs,LabJackDAQ,LoadCellSummed,0
2025-05-21 13:48:42,139,LC-TOTAL-LJ,751.88,lbs,LabJackDAQ,LoadCellSummed,0
2025-05-21 13:48:42,186,LC-TOTAL-LJ,752.36,lbs,LabJackDAQ,LoadCellSummed,0
2025-05-21 13:48:42,233,LC-TOTAL-LJ,752.12,lbs,LabJackDAQ,LoadCellSummed,0
2025-05-21 13:48:42,284,LC-TOTAL-LJ,752.09,lbs,LabJackDAQ,LoadCellSummed,0
2025-05-21 13:48:42,331,LC-TOTAL-LJ,752.03,lbs,LabJackDAQ,LoadCellSummed,0
2025-05-21 13:48:42,384,LC-TOTAL-LJ,752.16,lbs,LabJackDAQ,LoadCellSummed,0
2025-05-21 13:48:42,432,LC-TOTAL-LJ,752.53,lbs,LabJackDAQ,LoadCellSummed,0
2025-05-21 13:48:42,483,LC-TOTAL-LJ,751.82,lbs,LabJackDAQ,LoadCellSummed,0
2025-05-21 13:48:42,530,LC-TOTAL-LJ,751.85,lbs,LabJackDAQ,LoadCellSummed,0
2025-05-21 13:48:42,577,LC-TOTAL-LJ,752.28,lbs,LabJackDAQ,LoadCellSummed,0
2025-05-21 13:48:42,625,LC-TOTAL-LJ,752.89,lbs,LabJackDAQ,LoadCellSummed,0
2025-05-21 13:48:42,673,LC-TOTAL-LJ,751.87,lbs,LabJackDAQ,LoadCellSummed,0
2025-05-21 13:48:42,722,LC-TOTAL-LJ,752.17,lbs,LabJackDAQ,LoadCellSummed,0
2025-05-21 13:48:42,772,LC-TOTAL-LJ,751.38,lbs,LabJackDAQ,LoadCellSummed,0
2025-05-21 13:48:42,820,LC-TOTAL-LJ,751.14,lbs,LabJackDAQ,LoadCellSummed,0
2025-05-21 13:48:42,874,LC-TOTAL-LJ,750.30,lbs,LabJackDAQ,LoadCellSummed,0
2025-05-21 13:48:42,925,LC-TOTAL-LJ,752.64,lbs,LabJackDAQ,LoadCellSummed,0
2025-05-21 13:48:42,977,LC-TOTAL-LJ,751.93,lbs,LabJackDAQ,LoadCellSummed,0
2025-05-21 13:48:43,024,LC-TOTAL-LJ,751.93,lbs,LabJackDAQ,LoadCellSummed,0
2025-05-21 13:48:43,072,LC-TOTAL-LJ,750.62,lbs,LabJackDAQ,LoadCellSummed,0
2025-05-21 13:48:43,120,LC-TOTAL-LJ,751.58,lbs,LabJackDAQ,LoadCellSummed,0
2025-05-21 13:48:43,170,LC-TOTAL-LJ,751.59,lbs,LabJackDAQ,LoadCellSummed,0
2025-05-21 13:48:43,219,LC-TOTAL-LJ,752.35,lbs,LabJackDAQ,LoadCellSummed,0
2025-05-21 13:48:43,272,LC-TOTAL-LJ,752.40,lbs,LabJackDAQ,LoadCellSummed,0
2025-05-21 13:48:43,321,LC-TOTAL-LJ,752.47,lbs,LabJackDAQ,LoadCellSummed,0
2025-05-21 13:48:43,374,LC-TOTAL-LJ,751.37,lbs,LabJackDAQ,LoadCellSummed,0
2025-05-21 13:48:43,424,LC-TOTAL-LJ,752.68,lbs,LabJackDAQ,LoadCellSummed,0
2025-05-21 13:48:43,477,LC-TOTAL-LJ,752.29,lbs,LabJackDAQ,LoadCellSummed,0
2025-05-21 13:48:43,525,LC-TOTAL-LJ,753.01,lbs,LabJackDAQ,LoadCellSummed,0
2025-05-21 13:48:43,574,LC-TOTAL-LJ,751.65,lbs,LabJackDAQ,LoadCellSummed,0
2025-05-21 13:48:43,621,LC-TOTAL-LJ,752.06,lbs,LabJackDAQ,LoadCellSummed,0
2025-05-21 13:48:43,671,LC-TOTAL-LJ,752.30,lbs,LabJackDAQ,LoadCellSummed,0
2025-05-21 13:48:43,719,LC-TOTAL-LJ,751.69,lbs,LabJackDAQ,LoadCellSummed,0
2025-05-21 13:48:43,772,LC-TOTAL-LJ,751.98,lbs,LabJackDAQ,LoadCellSummed,0
2025-05-21 13:48:43,822,LC-TOTAL-LJ,751.26,lbs,LabJackDAQ,LoadCellSummed,0
2025-05-21 13:48:43,875,LC-TOTAL-LJ,751.50,lbs,LabJackDAQ,LoadCellSummed,0
2025-05-21 13:48:43,926,LC-TOTAL-LJ,752.58,lbs,LabJackDAQ,LoadCellSummed,0
2025-05-21 13:48:43,980,LC-TOTAL-LJ,752.18,lbs,LabJackDAQ,LoadCellSummed,0
2025-05-21 13:48:44,027,LC-TOTAL-LJ,752.51,lbs,LabJackDAQ,LoadCellSummed,0
2025-05-21 13:48:44,076,LC-TOTAL-LJ,751.61,lbs,LabJackDAQ,LoadCellSummed,0
2025-05-21 13:48:44,123,LC-TOTAL-LJ,752.38,lbs,LabJackDAQ,LoadCellSummed,0
2025-05-21 13:48:44,170,LC-TOTAL-LJ,751.57,lbs,LabJackDAQ,LoadCellSummed,0
2025-05-21 13:48:44,219,LC-TOTAL-LJ,751.68,lbs,LabJackDAQ,LoadCellSummed,0
2025-05-21 13:48:44,270,LC-TOTAL-LJ,751.96,lbs,LabJackDAQ,LoadCellSummed,0
2025-05-21 13:48:44,319,LC-TOTAL-LJ,751.84,lbs,LabJackDAQ,LoadCellSummed,0
2025-05-21 13:48:44,372,LC-TOTAL-LJ,752.30,lbs,LabJackDAQ,LoadCellSummed,0
2025-05-21 13:48:44,422,LC-TOTAL-LJ,750.63,lbs,LabJackDAQ,LoadCellSummed,0
2025-05-21 13:48:44,474,LC-TOTAL-LJ,751.40,lbs,LabJackDAQ,LoadCellSummed,0
2025-05-21 13:48:44,522,LC-TOTAL-LJ,752.13,lbs,LabJackDAQ,LoadCellSummed,0
2025-05-21 13:48:44,571,LC-TOTAL-LJ,752.08,lbs,LabJackDAQ,LoadCellSummed,0
2025-05-21 13:48:44,619,LC-TOTAL-LJ,751.78,lbs,LabJackDAQ,LoadCellSummed,0
2025-05-21 13:48:44,667,LC-TOTAL-LJ,751.32,lbs,LabJackDAQ,LoadCellSummed,0
2025-05-21 13:48:44,717,LC-TOTAL-LJ,751.37,lbs,LabJackDAQ,LoadCellSummed,0
2025-05-21 13:48:44,765,LC-TOTAL-LJ,751.69,lbs,LabJackDAQ,LoadCellSummed,0
2025-05-21 13:48:44,818,LC-TOTAL-LJ,751.57,lbs,LabJackDAQ,LoadCellSummed,0
2025-05-21 13:48:44,866,LC-TOTAL-LJ,750.89,lbs,LabJackDAQ,LoadCellSummed,0
2025-05-21 13:48:44,920,LC-TOTAL-LJ,751.76,lbs,LabJackDAQ,LoadCellSummed,0
2025-05-21 13:48:44,970,LC-TOTAL-LJ,752.26,lbs,LabJackDAQ,LoadCellSummed,0
2025-05-21 13:48:45,022,LC-TOTAL-LJ,751.66,lbs,LabJackDAQ,LoadCellSummed,0
2025-05-21 13:48:45,070,LC-TOTAL-LJ,750.79,lbs,LabJackDAQ,LoadCellSummed,0
2025-05-21 13:48:45,119,LC-TOTAL-LJ,751.49,lbs,LabJackDAQ,LoadCellSummed,0
2025-05-21 13:48:45,167,LC-TOTAL-LJ,751.63,lbs,LabJackDAQ,LoadCellSummed,0
2025-05-21 13:48:45,216,LC-TOTAL-LJ,752.00,lbs,LabJackDAQ,LoadCellSummed,0
2025-05-21 13:48:45,263,LC-TOTAL-LJ,751.78,lbs,LabJackDAQ,LoadCellSummed,0
2025-05-21 13:48:45,314,LC-TOTAL-LJ,751.62,lbs,LabJackDAQ,LoadCellSummed,0
2025-05-21 13:48:45,364,LC-TOTAL-LJ,751.25,lbs,LabJackDAQ,LoadCellSummed,0
2025-05-21 13:48:45,418,LC-TOTAL-LJ,751.32,lbs,LabJackDAQ,LoadCellSummed,0
2025-05-21 13:48:45,467,LC-TOTAL-LJ,752.11,lbs,LabJackDAQ,LoadCellSummed,0
2025-05-21 13:48:45,521,LC-TOTAL-LJ,751.29,lbs,LabJackDAQ,LoadCellSummed,0
2025-05-21 13:48:45,569,LC-TOTAL-LJ,751.76,lbs,LabJackDAQ,LoadCellSummed,0
2025-05-21 13:48:45,618,LC-TOTAL-LJ,751.86,lbs,LabJackDAQ,LoadCellSummed,0
2025-05-21 13:48:45,667,LC-TOTAL-LJ,752.46,lbs,LabJackDAQ,LoadCellSummed,0
2025-05-21 13:48:45,713,LC-TOTAL-LJ,752.31,lbs,LabJackDAQ,LoadCellSummed,0
2025-05-21 13:48:45,760,LC-TOTAL-LJ,751.61,lbs,LabJackDAQ,LoadCellSummed,0
2025-05-21 13:48:45,815,LC-TOTAL-LJ,751.23,lbs,LabJackDAQ,LoadCellSummed,0
2025-05-21 13:48:45,865,LC-TOTAL-LJ,752.43,lbs,LabJackDAQ,LoadCellSummed,0
2025-05-21 13:48:45,919,LC-TOTAL-LJ,752.62,lbs,LabJackDAQ,LoadCellSummed,0
2025-05-21 13:48:45,968,LC-TOTAL-LJ,751.71,lbs,LabJackDAQ,LoadCellSummed,0
2025-05-21 13:48:46,021,LC-TOTAL-LJ,751.90,lbs,LabJackDAQ,LoadCellSummed,0
2025-05-21 13:48:46,069,LC-TOTAL-LJ,752.12,lbs,LabJackDAQ,LoadCellSummed,0
2025-05-21 13:48:46,117,LC-TOTAL-LJ,752.35,lbs,LabJackDAQ,LoadCellSummed,0
2025-05-21 13:48:46,165,LC-TOTAL-LJ,752.10,lbs,LabJackDAQ,LoadCellSummed,0
2025-05-21 13:48:46,211,LC-TOTAL-LJ,752.63,lbs,LabJackDAQ,LoadCellSummed,0
2025-05-21 13:48:46,258,LC-TOTAL-LJ,751.53,lbs,LabJackDAQ,LoadCellSummed,0
2025-05-21 13:48:46,310,LC-TOTAL-LJ,752.05,lbs,LabJackDAQ,LoadCellSummed,0
2025-05-21 13:48:46,359,LC-TOTAL-LJ,751.44,lbs,LabJackDAQ,LoadCellSummed,0
2025-05-21 13:48:46,411,LC-TOTAL-LJ,752.56,lbs,LabJackDAQ,LoadCellSummed,0
2025-05-21 13:48:46,460,LC-TOTAL-LJ,751.92,lbs,LabJackDAQ,LoadCellSummed,0
2025-05-21 13:48:46,512,LC-TOTAL-LJ,752.92,lbs,LabJackDAQ,LoadCellSummed,0
2025-05-21 13:48:46,560,LC-TOTAL-LJ,752.43,lbs,LabJackDAQ,LoadCellSummed,0
2025-05-21 13:48:46,609,LC-TOTAL-LJ,752.53,lbs,LabJackDAQ,LoadCellSummed,0
2025-05-21 13:48:46,657,LC-TOTAL-LJ,752.26,lbs,LabJackDAQ,LoadCellSummed,0
2025-05-21 13:48:46,704,LC-TOTAL-LJ,752.17,lbs,LabJackDAQ,LoadCellSummed,0
2025-05-21 13:48:46,752,LC-TOTAL-LJ,752.08,lbs,LabJackDAQ,LoadCellSummed,0
2025-05-21 13:48:46,804,LC-TOTAL-LJ,751.32,lbs,LabJackDAQ,LoadCellSummed,0
2025-05-21 13:48:46,852,LC-TOTAL-LJ,751.11,lbs,LabJackDAQ,LoadCellSummed,0
2025-05-21 13:48:46,905,LC-TOTAL-LJ,750.79,lbs,LabJackDAQ,LoadCellSummed,0
2025-05-21 13:48:46,954,LC-TOTAL-LJ,751.31,lbs,LabJackDAQ,LoadCellSummed,0
2025-05-21 13:48:47,007,LC-TOTAL-LJ,751.52,lbs,LabJackDAQ,LoadCellSummed,0
2025-05-21 13:48:47,053,LC-TOTAL-LJ,752.07,lbs,LabJackDAQ,LoadCellSummed,0
2025-05-21 13:48:47,100,LC-TOTAL-LJ,752.57,lbs,LabJackDAQ,LoadCellSummed,0
2025-05-21 13:48:47,147,LC-TOTAL-LJ,752.51,lbs,LabJackDAQ,LoadCellSummed,0
2025-05-21 13:48:47,193,LC-TOTAL-LJ,751.11,lbs,LabJackDAQ,LoadCellSummed,0
2025-05-21 13:48:47,241,LC-TOTAL-LJ,751.48,lbs,LabJackDAQ,LoadCellSummed,0
2025-05-21 13:48:47,292,LC-TOTAL-LJ,752.41,lbs,LabJackDAQ,LoadCellSummed,0
2025-05-21 13:48:47,339,LC-TOTAL-LJ,751.75,lbs,LabJackDAQ,LoadCellSummed,0
2025-05-21 13:48:47,393,LC-TOTAL-LJ,752.12,lbs,LabJackDAQ,LoadCellSummed,0
2025-05-21 13:48:47,443,LC-TOTAL-LJ,752.43,lbs,LabJackDAQ,LoadCellSummed,0
2025-05-21 13:48:47,494,LC-TOTAL-LJ,751.82,lbs,LabJackDAQ,LoadCellSummed,0
2025-05-21 13:48:47,542,LC-TOTAL-LJ,751.61,lbs,LabJackDAQ,LoadCellSummed,0
2025-05-21 13:48:47,590,LC-TOTAL-LJ,750.70,lbs,LabJackDAQ,LoadCellSummed,0
2025-05-21 13:48:47,638,LC-TOTAL-LJ,750.77,lbs,LabJackDAQ,LoadCellSummed,0
2025-05-21 13:48:47,687,LC-TOTAL-LJ,751.57,lbs,LabJackDAQ,LoadCellSummed,0
2025-05-21 13:48:47,735,LC-TOTAL-LJ,751.20,lbs,LabJackDAQ,LoadCellSummed,0
2025-05-21 13:48:47,783,LC-TOTAL-LJ,751.36,lbs,LabJackDAQ,LoadCellSummed,0
2025-05-21 13:48:47,836,LC-TOTAL-LJ,751.29,lbs,LabJackDAQ,LoadCellSummed,0
2025-05-21 13:48:47,886,LC-TOTAL-LJ,752.11,lbs,LabJackDAQ,LoadCellSummed,0
2025-05-21 13:48:47,940,LC-TOTAL-LJ,751.69,lbs,LabJackDAQ,LoadCellSummed,0
2025-05-21 13:48:47,989,LC-TOTAL-LJ,752.81,lbs,LabJackDAQ,LoadCellSummed,0
2025-05-21 13:48:48,043,LC-TOTAL-LJ,752.76,lbs,LabJackDAQ,LoadCellSummed,0
2025-05-21 13:48:48,090,LC-TOTAL-LJ,752.42,lbs,LabJackDAQ,LoadCellSummed,0
2025-05-21 13:48:48,139,LC-TOTAL-LJ,751.73,lbs,LabJackDAQ,LoadCellSummed,0
2025-05-21 13:48:48,187,LC-TOTAL-LJ,753.00,lbs,LabJackDAQ,LoadCellSummed,0
2025-05-21 13:48:48,235,LC-TOTAL-LJ,752.00,lbs,LabJackDAQ,LoadCellSummed,0
2025-05-21 13:48:48,284,LC-TOTAL-LJ,751.94,lbs,LabJackDAQ,LoadCellSummed,0
2025-05-21 13:48:48,337,LC-TOTAL-LJ,751.39,lbs,LabJackDAQ,LoadCellSummed,0
2025-05-21 13:48:48,386,LC-TOTAL-LJ,752.30,lbs,LabJackDAQ,LoadCellSummed,0
2025-05-21 13:48:48,440,LC-TOTAL-LJ,752.05,lbs,LabJackDAQ,LoadCellSummed,0
2025-05-21 13:48:48,489,LC-TOTAL-LJ,751.27,lbs,LabJackDAQ,LoadCellSummed,0
2025-05-21 13:48:48,543,LC-TOTAL-LJ,751.94,lbs,LabJackDAQ,LoadCellSummed,0
2025-05-21 13:48:48,591,LC-TOTAL-LJ,752.02,lbs,LabJackDAQ,LoadCellSummed,0
2025-05-21 13:48:48,639,LC-TOTAL-LJ,750.85,lbs,LabJackDAQ,LoadCellSummed,0
2025-05-21 13:48:48,685,LC-TOTAL-LJ,752.02,lbs,LabJackDAQ,LoadCellSummed,0
2025-05-21 13:48:48,733,LC-TOTAL-LJ,752.01,lbs,LabJackDAQ,LoadCellSummed,0
2025-05-21 13:48:48,781,LC-TOTAL-LJ,752.50,lbs,LabJackDAQ,LoadCellSummed,0
2025-05-21 13:48:48,829,LC-TOTAL-LJ,752.30,lbs,LabJackDAQ,LoadCellSummed,0
2025-05-21 13:48:48,875,LC-TOTAL-LJ,752.05,lbs,LabJackDAQ,LoadCellSummed,0
2025-05-21 13:48:48,922,LC-TOTAL-LJ,751.63,lbs,LabJackDAQ,LoadCellSummed,0
2025-05-21 13:48:48,969,LC-TOTAL-LJ,751.71,lbs,LabJackDAQ,LoadCellSummed,0
2025-05-21 13:48:49,015,LC-TOTAL-LJ,752.51,lbs,LabJackDAQ,LoadCellSummed,0
2025-05-21 13:48:49,062,LC-TOTAL-LJ,751.61,lbs,LabJackDAQ,LoadCellSummed,0
2025-05-21 13:48:49,109,LC-TOTAL-LJ,752.42,lbs,LabJackDAQ,LoadCellSummed,0
2025-05-21 13:48:49,157,LC-TOTAL-LJ,751.59,lbs,LabJackDAQ,LoadCellSummed,0
2025-05-21 13:48:49,204,LC-TOTAL-LJ,751.21,lbs,LabJackDAQ,LoadCellSummed,0
2025-05-21 13:48:49,253,LC-TOTAL-LJ,751.18,lbs,LabJackDAQ,LoadCellSummed,0
2025-05-21 13:48:49,303,LC-TOTAL-LJ,752.57,lbs,LabJackDAQ,LoadCellSummed,0
2025-05-21 13:48:49,351,LC-TOTAL-LJ,751.76,lbs,LabJackDAQ,LoadCellSummed,0
2025-05-21 13:48:49,405,LC-TOTAL-LJ,752.33,lbs,LabJackDAQ,LoadCellSummed,0
2025-05-21 13:48:49,455,LC-TOTAL-LJ,751.87,lbs,LabJackDAQ,LoadCellSummed,0
2025-05-21 13:48:49,508,LC-TOTAL-LJ,752.03,lbs,LabJackDAQ,LoadCellSummed,0
2025-05-21 13:48:49,556,LC-TOTAL-LJ,752.57,lbs,LabJackDAQ,LoadCellSummed,0
2025-05-21 13:48:49,605,LC-TOTAL-LJ,751.92,lbs,LabJackDAQ,LoadCellSummed,0
2025-05-21 13:48:49,653,LC-TOTAL-LJ,751.87,lbs,LabJackDAQ,LoadCellSummed,0
2025-05-21 13:48:49,701,LC-TOTAL-LJ,752.23,lbs,LabJackDAQ,LoadCellSummed,0
2025-05-21 13:48:49,750,LC-TOTAL-LJ,750.53,lbs,LabJackDAQ,LoadCellSummed,0
2025-05-21 13:48:49,803,LC-TOTAL-LJ,752.34,lbs,LabJackDAQ,LoadCellSummed,0
2025-05-21 13:48:49,852,LC-TOTAL-LJ,751.36,lbs,LabJackDAQ,LoadCellSummed,0
2025-05-21 13:48:49,906,LC-TOTAL-LJ,751.73,lbs,LabJackDAQ,LoadCellSummed,0
2025-05-21 13:48:49,956,LC-TOTAL-LJ,752.09,lbs,LabJackDAQ,LoadCellSummed,0
2025-05-21 13:48:50,007,LC-TOTAL-LJ,751.77,lbs,LabJackDAQ,LoadCellSummed,0
2025-05-21 13:48:50,055,LC-TOTAL-LJ,751.77,lbs,LabJackDAQ,LoadCellSummed,0
2025-05-21 13:48:50,103,LC-TOTAL-LJ,752.50,lbs,LabJackDAQ,LoadCellSummed,0
2025-05-21 13:48:50,151,LC-TOTAL-LJ,751.19,lbs,LabJackDAQ,LoadCellSummed,0
2025-05-21 13:48:50,201,LC-TOTAL-LJ,751.15,lbs,LabJackDAQ,LoadCellSummed,0
2025-05-21 13:48:50,249,LC-TOTAL-LJ,751.61,lbs,LabJackDAQ,LoadCellSummed,0
2025-05-21 13:48:50,299,LC-TOTAL-LJ,752.51,lbs,LabJackDAQ,LoadCellSummed,0
2025-05-21 13:48:50,349,LC-TOTAL-LJ,751.85,lbs,LabJackDAQ,LoadCellSummed,0
2025-05-21 13:48:50,403,LC-TOTAL-LJ,752.01,lbs,LabJackDAQ,LoadCellSummed,0
2025-05-21 13:48:50,454,LC-TOTAL-LJ,751.51,lbs,LabJackDAQ,LoadCellSummed,0
2025-05-21 13:48:50,506,LC-TOTAL-LJ,751.17,lbs,LabJackDAQ,LoadCellSummed,0
2025-05-21 13:48:50,554,LC-TOTAL-LJ,751.63,lbs,LabJackDAQ,LoadCellSummed,0
2025-05-21 13:48:50,602,LC-TOTAL-LJ,751.99,lbs,LabJackDAQ,LoadCellSummed,0
2025-05-21 13:48:50,652,LC-TOTAL-LJ,751.65,lbs,LabJackDAQ,LoadCellSummed,0
2025-05-21 13:48:50,699,LC-TOTAL-LJ,752.21,lbs,LabJackDAQ,LoadCellSummed,0
2025-05-21 13:48:50,748,LC-TOTAL-LJ,752.14,lbs,LabJackDAQ,LoadCellSummed,0
2025-05-21 13:48:50,800,LC-TOTAL-LJ,751.67,lbs,LabJackDAQ,LoadCellSummed,0
2025-05-21 13:48:50,849,LC-TOTAL-LJ,751.11,lbs,LabJackDAQ,LoadCellSummed,0
2025-05-21 13:48:50,904,LC-TOTAL-LJ,752.48,lbs,LabJackDAQ,LoadCellSummed,0
2025-05-21 13:48:50,952,LC-TOTAL-LJ,752.34,lbs,LabJackDAQ,LoadCellSummed,0
2025-05-21 13:48:51,006,LC-TOTAL-LJ,752.03,lbs,LabJackDAQ,LoadCellSummed,0
2025-05-21 13:48:51,055,LC-TOTAL-LJ,752.17,lbs,LabJackDAQ,LoadCellSummed,0
2025-05-21 13:48:51,102,LC-TOTAL-LJ,752.92,lbs,LabJackDAQ,LoadCellSummed,0
2025-05-21 13:48:51,150,LC-TOTAL-LJ,751.83,lbs,LabJackDAQ,LoadCellSummed,0
2025-05-21 13:48:51,198,LC-TOTAL-LJ,752.27,lbs,LabJackDAQ,LoadCellSummed,0
2025-05-21 13:48:51,247,LC-TOTAL-LJ,752.51,lbs,LabJackDAQ,LoadCellSummed,0
2025-05-21 13:48:51,295,LC-TOTAL-LJ,752.19,lbs,LabJackDAQ,LoadCellSummed,0
2025-05-21 13:48:51,346,LC-TOTAL-LJ,751.23,lbs,LabJackDAQ,LoadCellSummed,0
2025-05-21 13:48:51,394,LC-TOTAL-LJ,751.80,lbs,LabJackDAQ,LoadCellSummed,0
2025-05-21 13:48:51,450,LC-TOTAL-LJ,751.87,lbs,LabJackDAQ,LoadCellSummed,0
2025-05-21 13:48:51,499,LC-TOTAL-LJ,752.66,lbs,LabJackDAQ,LoadCellSummed,0
2025-05-21 13:48:51,553,LC-TOTAL-LJ,752.58,lbs,LabJackDAQ,LoadCellSummed,0
2025-05-21 13:48:51,601,LC-TOTAL-LJ,752.49,lbs,LabJackDAQ,LoadCellSummed,0
2025-05-21 13:48:51,648,LC-TOTAL-LJ,752.60,lbs,LabJackDAQ,LoadCellSummed,0
2025-05-21 13:48:51,695,LC-TOTAL-LJ,752.10,lbs,LabJackDAQ,LoadCellSummed,0
2025-05-21 13:48:51,742,LC-TOTAL-LJ,751.09,lbs,LabJackDAQ,LoadCellSummed,0
2025-05-21 13:48:51,789,LC-TOTAL-LJ,751.27,lbs,LabJackDAQ,LoadCellSummed,0
2025-05-21 13:48:51,839,LC-TOTAL-LJ,751.11,lbs,LabJackDAQ,LoadCellSummed,0
2025-05-21 13:48:51,887,LC-TOTAL-LJ,751.64,lbs,LabJackDAQ,LoadCellSummed,0
2025-05-21 13:48:51,939,LC-TOTAL-LJ,750.80,lbs,LabJackDAQ,LoadCellSummed,0
2025-05-21 13:48:51,987,LC-TOTAL-LJ,751.70,lbs,LabJackDAQ,LoadCellSummed,0
2025-05-21 13:48:52,038,LC-TOTAL-LJ,752.10,lbs,LabJackDAQ,LoadCellSummed,0
2025-05-21 13:48:52,084,LC-TOTAL-LJ,751.41,lbs,LabJackDAQ,LoadCellSummed,0
2025-05-21 13:48:52,131,LC-TOTAL-LJ,751.41,lbs,LabJackDAQ,LoadCellSummed,0
2025-05-21 13:48:52,180,LC-TOTAL-LJ,751.11,lbs,LabJackDAQ,LoadCellSummed,0
2025-05-21 13:48:52,228,LC-TOTAL-LJ,751.62,lbs,LabJackDAQ,LoadCellSummed,0
2025-05-21 13:48:52,276,LC-TOTAL-LJ,751.13,lbs,LabJackDAQ,LoadCellSummed,0
2025-05-21 13:48:52,326,LC-TOTAL-LJ,752.82,lbs,LabJackDAQ,LoadCellSummed,0
2025-05-21 13:48:52,375,LC-TOTAL-LJ,751.80,lbs,LabJackDAQ,LoadCellSummed,0
2025-05-21 13:48:52,430,LC-TOTAL-LJ,752.06,lbs,LabJackDAQ,LoadCellSummed,0
2025-05-21 13:48:52,480,LC-TOTAL-LJ,751.28,lbs,LabJackDAQ,LoadCellSummed,0
2025-05-21 13:48:52,533,LC-TOTAL-LJ,751.52,lbs,LabJackDAQ,LoadCellSummed,0
2025-05-21 13:48:52,581,LC-TOTAL-LJ,752.32,lbs,LabJackDAQ,LoadCellSummed,0
2025-05-21 13:48:52,629,LC-TOTAL-LJ,751.86,lbs,LabJackDAQ,LoadCellSummed,0
2025-05-21 13:48:52,677,LC-TOTAL-LJ,751.65,lbs,LabJackDAQ,LoadCellSummed,0
2025-05-21 13:48:52,727,LC-TOTAL-LJ,751.86,lbs,LabJackDAQ,LoadCellSummed,0
2025-05-21 13:48:52,776,LC-TOTAL-LJ,750.75,lbs,LabJackDAQ,LoadCellSummed,0
2025-05-21 13:48:52,825,LC-TOTAL-LJ,752.82,lbs,LabJackDAQ,LoadCellSummed,0
2025-05-21 13:48:52,877,LC-TOTAL-LJ,751.11,lbs,LabJackDAQ,LoadCellSummed,0
2025-05-21 13:48:52,927,LC-TOTAL-LJ,752.43,lbs,LabJackDAQ,LoadCellSummed,0
2025-05-21 13:48:52,981,LC-TOTAL-LJ,751.97,lbs,LabJackDAQ,LoadCellSummed,0
2025-05-21 13:48:53,029,LC-TOTAL-LJ,752.66,lbs,LabJackDAQ,LoadCellSummed,0
2025-05-21 13:48:53,083,LC-TOTAL-LJ,752.62,lbs,LabJackDAQ,LoadCellSummed,0
2025-05-21 13:48:53,132,LC-TOTAL-LJ,752.41,lbs,LabJackDAQ,LoadCellSummed,0
2025-05-21 13:48:53,181,LC-TOTAL-LJ,751.94,lbs,LabJackDAQ,LoadCellSummed,0
2025-05-21 13:48:53,230,LC-TOTAL-LJ,751.95,lbs,LabJackDAQ,LoadCellSummed,0
2025-05-21 13:48:53,279,LC-TOTAL-LJ,750.63,lbs,LabJackDAQ,LoadCellSummed,0
2025-05-21 13:48:53,331,LC-TOTAL-LJ,752.14,lbs,LabJackDAQ,LoadCellSummed,0
2025-05-21 13:48:53,378,LC-TOTAL-LJ,751.64,lbs,LabJackDAQ,LoadCellSummed,0
2025-05-21 13:48:53,434,LC-TOTAL-LJ,751.28,lbs,LabJackDAQ,LoadCellSummed,0
2025-05-21 13:48:53,486,LC-TOTAL-LJ,752.15,lbs,LabJackDAQ,LoadCellSummed,0
2025-05-21 13:48:53,538,LC-TOTAL-LJ,751.93,lbs,LabJackDAQ,LoadCellSummed,0
2025-05-21 13:48:53,586,LC-TOTAL-LJ,752.71,lbs,LabJackDAQ,LoadCellSummed,0
2025-05-21 13:48:53,634,LC-TOTAL-LJ,752.43,lbs,LabJackDAQ,LoadCellSummed,0
2025-05-21 13:48:53,683,LC-TOTAL-LJ,752.11,lbs,LabJackDAQ,LoadCellSummed,0
2025-05-21 13:48:53,732,LC-TOTAL-LJ,752.73,lbs,LabJackDAQ,LoadCellSummed,0
2025-05-21 13:48:53,781,LC-TOTAL-LJ,751.83,lbs,LabJackDAQ,LoadCellSummed,0
2025-05-21 13:48:53,831,LC-TOTAL-LJ,752.18,lbs,LabJackDAQ,LoadCellSummed,0
2025-05-21 13:48:53,881,LC-TOTAL-LJ,752.43,lbs,LabJackDAQ,LoadCellSummed,0
2025-05-21 13:48:53,935,LC-TOTAL-LJ,752.36,lbs,LabJackDAQ,LoadCellSummed,0
2025-05-21 13:48:53,985,LC-TOTAL-LJ,751.65,lbs,LabJackDAQ,LoadCellSummed,0
2025-05-21 13:48:54,040,LC-TOTAL-LJ,751.26,lbs,LabJackDAQ,LoadCellSummed,0
2025-05-21 13:48:54,088,LC-TOTAL-LJ,751.00,lbs,LabJackDAQ,LoadCellSummed,0
2025-05-21 13:48:54,136,LC-TOTAL-LJ,751.44,lbs,LabJackDAQ,LoadCellSummed,0
2025-05-21 13:48:54,185,LC-TOTAL-LJ,751.68,lbs,LabJackDAQ,LoadCellSummed,0
2025-05-21 13:48:54,234,LC-TOTAL-LJ,751.97,lbs,LabJackDAQ,LoadCellSummed,0
2025-05-21 13:48:54,283,LC-TOTAL-LJ,752.06,lbs,LabJackDAQ,LoadCellSummed,0
2025-05-21 13:48:54,336,LC-TOTAL-LJ,751.56,lbs,LabJackDAQ,LoadCellSummed,0
2025-05-21 13:48:54,385,LC-TOTAL-LJ,752.04,lbs,LabJackDAQ,LoadCellSummed,0
2025-05-21 13:48:54,440,LC-TOTAL-LJ,751.80,lbs,LabJackDAQ,LoadCellSummed,0
2025-05-21 13:48:54,490,LC-TOTAL-LJ,751.74,lbs,LabJackDAQ,LoadCellSummed,0
2025-05-21 13:48:54,542,LC-TOTAL-LJ,752.02,lbs,LabJackDAQ,LoadCellSummed,0
2025-05-21 13:48:54,591,LC-TOTAL-LJ,752.25,lbs,LabJackDAQ,LoadCellSummed,0
2025-05-21 13:48:54,639,LC-TOTAL-LJ,751.47,lbs,LabJackDAQ,LoadCellSummed,0
2025-05-21 13:48:54,688,LC-TOTAL-LJ,751.66,lbs,LabJackDAQ,LoadCellSummed,0
2025-05-21 13:48:54,735,LC-TOTAL-LJ,751.03,lbs,LabJackDAQ,LoadCellSummed,0
2025-05-21 13:48:54,785,LC-TOTAL-LJ,751.34,lbs,LabJackDAQ,LoadCellSummed,0
2025-05-21 13:48:54,837,LC-TOTAL-LJ,752.29,lbs,LabJackDAQ,LoadCellSummed,0
2025-05-21 13:48:54,887,LC-TOTAL-LJ,751.81,lbs,LabJackDAQ,LoadCellSummed,0
2025-05-21 13:48:54,940,LC-TOTAL-LJ,751.61,lbs,LabJackDAQ,LoadCellSummed,0
2025-05-21 13:48:54,990,LC-TOTAL-LJ,752.58,lbs,LabJackDAQ,LoadCellSummed,0
2025-05-21 13:48:55,042,LC-TOTAL-LJ,750.54,lbs,LabJackDAQ,LoadCellSummed,0
2025-05-21 13:48:55,091,LC-TOTAL-LJ,751.59,lbs,LabJackDAQ,LoadCellSummed,0
2025-05-21 13:48:55,139,LC-TOTAL-LJ,751.22,lbs,LabJackDAQ,LoadCellSummed,0
2025-05-21 13:48:55,187,LC-TOTAL-LJ,751.30,lbs,LabJackDAQ,LoadCellSummed,0
2025-05-21 13:48:55,236,LC-TOTAL-LJ,752.10,lbs,LabJackDAQ,LoadCellSummed,0
2025-05-21 13:48:55,285,LC-TOTAL-LJ,752.29,lbs,LabJackDAQ,LoadCellSummed,0
2025-05-21 13:48:55,333,LC-TOTAL-LJ,752.20,lbs,LabJackDAQ,LoadCellSummed,0
2025-05-21 13:48:55,386,LC-TOTAL-LJ,752.13,lbs,LabJackDAQ,LoadCellSummed,0
2025-05-21 13:48:55,435,LC-TOTAL-LJ,752.13,lbs,LabJackDAQ,LoadCellSummed,0
2025-05-21 13:48:55,488,LC-TOTAL-LJ,752.86,lbs,LabJackDAQ,LoadCellSummed,0
2025-05-21 13:48:55,538,LC-TOTAL-LJ,751.45,lbs,LabJackDAQ,LoadCellSummed,0
2025-05-21 13:48:55,591,LC-TOTAL-LJ,752.70,lbs,LabJackDAQ,LoadCellSummed,0
2025-05-21 13:48:55,639,LC-TOTAL-LJ,751.85,lbs,LabJackDAQ,LoadCellSummed,0
2025-05-21 13:48:55,686,LC-TOTAL-LJ,752.24,lbs,LabJackDAQ,LoadCellSummed,0
2025-05-21 13:48:55,734,LC-TOTAL-LJ,752.27,lbs,LabJackDAQ,LoadCellSummed,0
2025-05-21 13:48:55,781,LC-TOTAL-LJ,752.10,lbs,LabJackDAQ,LoadCellSummed,0
2025-05-21 13:48:55,830,LC-TOTAL-LJ,751.96,lbs,LabJackDAQ,LoadCellSummed,0
2025-05-21 13:48:55,882,LC-TOTAL-LJ,751.30,lbs,LabJackDAQ,LoadCellSummed,0
2025-05-21 13:48:55,931,LC-TOTAL-LJ,751.44,lbs,LabJackDAQ,LoadCellSummed,0
2025-05-21 13:48:55,985,LC-TOTAL-LJ,752.10,lbs,LabJackDAQ,LoadCellSummed,0
2025-05-21 13:48:56,035,LC-TOTAL-LJ,752.84,lbs,LabJackDAQ,LoadCellSummed,0
2025-05-21 13:48:56,089,LC-TOTAL-LJ,752.78,lbs,LabJackDAQ,LoadCellSummed,0
2025-05-21 13:48:56,137,LC-TOTAL-LJ,752.06,lbs,LabJackDAQ,LoadCellSummed,0
2025-05-21 13:48:56,187,LC-TOTAL-LJ,751.54,lbs,LabJackDAQ,LoadCellSummed,0
2025-05-21 13:48:56,235,LC-TOTAL-LJ,752.11,lbs,LabJackDAQ,LoadCellSummed,0
2025-05-21 13:48:56,284,LC-TOTAL-LJ,751.17,lbs,LabJackDAQ,LoadCellSummed,0
2025-05-21 13:48:56,333,LC-TOTAL-LJ,751.35,lbs,LabJackDAQ,LoadCellSummed,0
2025-05-21 13:48:56,386,LC-TOTAL-LJ,751.65,lbs,LabJackDAQ,LoadCellSummed,0
2025-05-21 13:48:56,434,LC-TOTAL-LJ,751.38,lbs,LabJackDAQ,LoadCellSummed,0
2025-05-21 13:48:56,487,LC-TOTAL-LJ,752.04,lbs,LabJackDAQ,LoadCellSummed,0
2025-05-21 13:48:56,537,LC-TOTAL-LJ,751.44,lbs,LabJackDAQ,LoadCellSummed,0
2025-05-21 13:48:56,593,LC-TOTAL-LJ,753.00,lbs,LabJackDAQ,LoadCellSummed,0
2025-05-21 13:48:56,640,LC-TOTAL-LJ,751.79,lbs,LabJackDAQ,LoadCellSummed,0
2025-05-21 13:48:56,686,LC-TOTAL-LJ,751.83,lbs,LabJackDAQ,LoadCellSummed,0
2025-05-21 13:48:56,734,LC-TOTAL-LJ,751.22,lbs,LabJackDAQ,LoadCellSummed,0
2025-05-21 13:48:56,781,LC-TOTAL-LJ,752.02,lbs,LabJackDAQ,LoadCellSummed,0
2025-05-21 13:48:56,830,LC-TOTAL-LJ,751.66,lbs,LabJackDAQ,LoadCellSummed,0
2025-05-21 13:48:56,881,LC-TOTAL-LJ,752.36,lbs,LabJackDAQ,LoadCellSummed,0
2025-05-21 13:48:56,931,LC-TOTAL-LJ,751.90,lbs,LabJackDAQ,LoadCellSummed,0
2025-05-21 13:48:56,984,LC-TOTAL-LJ,751.94,lbs,LabJackDAQ,LoadCellSummed,0
2025-05-21 13:48:57,033,LC-TOTAL-LJ,751.62,lbs,LabJackDAQ,LoadCellSummed,0
2025-05-21 13:48:57,087,LC-TOTAL-LJ,752.00,lbs,LabJackDAQ,LoadCellSummed,0
2025-05-21 13:48:57,135,LC-TOTAL-LJ,752.07,lbs,LabJackDAQ,LoadCellSummed,0
2025-05-21 13:48:57,184,LC-TOTAL-LJ,750.91,lbs,LabJackDAQ,LoadCellSummed,0
2025-05-21 13:48:57,234,LC-TOTAL-LJ,751.83,lbs,LabJackDAQ,LoadCellSummed,0
2025-05-21 13:48:57,282,LC-TOTAL-LJ,752.16,lbs,LabJackDAQ,LoadCellSummed,0
2025-05-21 13:48:57,331,LC-TOTAL-LJ,752.69,lbs,LabJackDAQ,LoadCellSummed,0
2025-05-21 13:48:57,383,LC-TOTAL-LJ,751.01,lbs,LabJackDAQ,LoadCellSummed,0
2025-05-21 13:48:57,430,LC-TOTAL-LJ,751.82,lbs,LabJackDAQ,LoadCellSummed,0
2025-05-21 13:48:57,486,LC-TOTAL-LJ,751.85,lbs,LabJackDAQ,LoadCellSummed,0
2025-05-21 13:48:57,536,LC-TOTAL-LJ,752.36,lbs,LabJackDAQ,LoadCellSummed,0
2025-05-21 13:48:57,588,LC-TOTAL-LJ,752.68,lbs,LabJackDAQ,LoadCellSummed,0
2025-05-21 13:48:57,638,LC-TOTAL-LJ,752.27,lbs,LabJackDAQ,LoadCellSummed,0
2025-05-21 13:48:57,687,LC-TOTAL-LJ,751.68,lbs,LabJackDAQ,LoadCellSummed,0
2025-05-21 13:48:57,734,LC-TOTAL-LJ,752.14,lbs,LabJackDAQ,LoadCellSummed,0
2025-05-21 13:48:57,783,LC-TOTAL-LJ,752.07,lbs,LabJackDAQ,LoadCellSummed,0
2025-05-21 13:48:57,833,LC-TOTAL-LJ,750.33,lbs,LabJackDAQ,LoadCellSummed,0
2025-05-21 13:48:57,885,LC-TOTAL-LJ,751.22,lbs,LabJackDAQ,LoadCellSummed,0
2025-05-21 13:48:57,935,LC-TOTAL-LJ,751.79,lbs,LabJackDAQ,LoadCellSummed,0
2025-05-21 13:48:57,989,LC-TOTAL-LJ,751.70,lbs,LabJackDAQ,LoadCellSummed,0
2025-05-21 13:48:58,038,LC-TOTAL-LJ,752.11,lbs,LabJackDAQ,LoadCellSummed,0
2025-05-21 13:48:58,090,LC-TOTAL-LJ,751.78,lbs,LabJackDAQ,LoadCellSummed,0
2025-05-21 13:48:58,138,LC-TOTAL-LJ,750.45,lbs,LabJackDAQ,LoadCellSummed,0
2025-05-21 13:48:58,188,LC-TOTAL-LJ,752.35,lbs,LabJackDAQ,LoadCellSummed,0
2025-05-21 13:48:58,236,LC-TOTAL-LJ,752.50,lbs,LabJackDAQ,LoadCellSummed,0
2025-05-21 13:48:58,284,LC-TOTAL-LJ,752.44,lbs,LabJackDAQ,LoadCellSummed,0
2025-05-21 13:48:58,336,LC-TOTAL-LJ,751.14,lbs,LabJackDAQ,LoadCellSummed,0
2025-05-21 13:48:58,384,LC-TOTAL-LJ,751.10,lbs,LabJackDAQ,LoadCellSummed,0
2025-05-21 13:48:58,438,LC-TOTAL-LJ,751.11,lbs,LabJackDAQ,LoadCellSummed,0
2025-05-21 13:48:58,489,LC-TOTAL-LJ,752.54,lbs,LabJackDAQ,LoadCellSummed,0
2025-05-21 13:48:58,540,LC-TOTAL-LJ,751.03,lbs,LabJackDAQ,LoadCellSummed,0
2025-05-21 13:48:58,588,LC-TOTAL-LJ,750.98,lbs,LabJackDAQ,LoadCellSummed,0
2025-05-21 13:48:58,637,LC-TOTAL-LJ,751.40,lbs,LabJackDAQ,LoadCellSummed,0
2025-05-21 13:48:58,685,LC-TOTAL-LJ,751.11,lbs,LabJackDAQ,LoadCellSummed,0
2025-05-21 13:48:58,732,LC-TOTAL-LJ,751.37,lbs,LabJackDAQ,LoadCellSummed,0
2025-05-21 13:48:58,780,LC-TOTAL-LJ,751.25,lbs,LabJackDAQ,LoadCellSummed,0
2025-05-21 13:48:58,827,LC-TOTAL-LJ,751.61,lbs,LabJackDAQ,LoadCellSummed,0
2025-05-21 13:48:58,878,LC-TOTAL-LJ,751.68,lbs,LabJackDAQ,LoadCellSummed,0
2025-05-21 13:48:58,925,LC-TOTAL-LJ,752.43,lbs,LabJackDAQ,LoadCellSummed,0
2025-05-21 13:48:58,981,LC-TOTAL-LJ,752.20,lbs,LabJackDAQ,LoadCellSummed,0
2025-05-21 13:48:59,031,LC-TOTAL-LJ,752.33,lbs,LabJackDAQ,LoadCellSummed,0
2025-05-21 13:48:59,083,LC-TOTAL-LJ,752.02,lbs,LabJackDAQ,LoadCellSummed,0
2025-05-21 13:48:59,131,LC-TOTAL-LJ,752.65,lbs,LabJackDAQ,LoadCellSummed,0
2025-05-21 13:48:59,181,LC-TOTAL-LJ,752.04,lbs,LabJackDAQ,LoadCellSummed,0
2025-05-21 13:48:59,229,LC-TOTAL-LJ,751.59,lbs,LabJackDAQ,LoadCellSummed,0
2025-05-21 13:48:59,278,LC-TOTAL-LJ,751.36,lbs,LabJackDAQ,LoadCellSummed,0
2025-05-21 13:48:59,326,LC-TOTAL-LJ,751.27,lbs,LabJackDAQ,LoadCellSummed,0
2025-05-21 13:48:59,376,LC-TOTAL-LJ,752.24,lbs,LabJackDAQ,LoadCellSummed,0
2025-05-21 13:48:59,425,LC-TOTAL-LJ,752.72,lbs,LabJackDAQ,LoadCellSummed,0
2025-05-21 13:48:59,481,LC-TOTAL-LJ,752.06,lbs,LabJackDAQ,LoadCellSummed,0
2025-05-21 13:48:59,531,LC-TOTAL-LJ,751.38,lbs,LabJackDAQ,LoadCellSummed,0
2025-05-21 13:48:59,582,LC-TOTAL-LJ,751.93,lbs,LabJackDAQ,LoadCellSummed,0
2025-05-21 13:48:59,630,LC-TOTAL-LJ,751.85,lbs,LabJackDAQ,LoadCellSummed,0
2025-05-21 13:48:59,678,LC-TOTAL-LJ,751.86,lbs,LabJackDAQ,LoadCellSummed,0
2025-05-21 13:48:59,724,LC-TOTAL-LJ,752.65,lbs,LabJackDAQ,LoadCellSummed,0
2025-05-21 13:48:59,772,LC-TOTAL-LJ,752.10,lbs,LabJackDAQ,LoadCellSummed,0
2025-05-21 13:48:59,821,LC-TOTAL-LJ,752.06,lbs,LabJackDAQ,LoadCellSummed,0
2025-05-21 13:48:59,872,LC-TOTAL-LJ,751.30,lbs,LabJackDAQ,LoadCellSummed,0
2025-05-21 13:48:59,921,LC-TOTAL-LJ,750.64,lbs,LabJackDAQ,LoadCellSummed,0
2025-05-21 13:48:59,974,LC-TOTAL-LJ,750.56,lbs,LabJackDAQ,LoadCellSummed,0
2025-05-21 13:49:00,023,LC-TOTAL-LJ,752.15,lbs,LabJackDAQ,LoadCellSummed,0
2025-05-21 13:49:00,076,LC-TOTAL-LJ,751.39,lbs,LabJackDAQ,LoadCellSummed,0
2025-05-21 13:49:00,123,LC-TOTAL-LJ,751.86,lbs,LabJackDAQ,LoadCellSummed,0
2025-05-21 13:49:00,171,LC-TOTAL-LJ,751.36,lbs,LabJackDAQ,LoadCellSummed,0
2025-05-21 13:49:00,220,LC-TOTAL-LJ,751.63,lbs,LabJackDAQ,LoadCellSummed,0
2025-05-21 13:49:00,267,LC-TOTAL-LJ,751.71,lbs,LabJackDAQ,LoadCellSummed,0
2025-05-21 13:49:00,316,LC-TOTAL-LJ,751.11,lbs,LabJackDAQ,LoadCellSummed,0
2025-05-21 13:49:00,365,LC-TOTAL-LJ,750.92,lbs,LabJackDAQ,LoadCellSummed,0
2025-05-21 13:49:00,416,LC-TOTAL-LJ,752.01,lbs,LabJackDAQ,LoadCellSummed,0
2025-05-21 13:49:00,464,LC-TOTAL-LJ,751.93,lbs,LabJackDAQ,LoadCellSummed,0
2025-05-21 13:49:00,516,LC-TOTAL-LJ,752.54,lbs,LabJackDAQ,LoadCellSummed,0
2025-05-21 13:49:00,567,LC-TOTAL-LJ,751.14,lbs,LabJackDAQ,LoadCellSummed,0
2025-05-21 13:49:00,619,LC-TOTAL-LJ,752.42,lbs,LabJackDAQ,LoadCellSummed,0
2025-05-21 13:49:00,668,LC-TOTAL-LJ,752.00,lbs,LabJackDAQ,LoadCellSummed,0
2025-05-21 13:49:00,716,LC-TOTAL-LJ,752.39,lbs,LabJackDAQ,LoadCellSummed,0
2025-05-21 13:49:00,765,LC-TOTAL-LJ,751.93,lbs,LabJackDAQ,LoadCellSummed,0
2025-05-21 13:49:00,814,LC-TOTAL-LJ,751.80,lbs,LabJackDAQ,LoadCellSummed,0
2025-05-21 13:49:00,862,LC-TOTAL-LJ,750.93,lbs,LabJackDAQ,LoadCellSummed,0
2025-05-21 13:49:00,914,LC-TOTAL-LJ,752.84,lbs,LabJackDAQ,LoadCellSummed,0
2025-05-21 13:49:00,962,LC-TOTAL-LJ,751.86,lbs,LabJackDAQ,LoadCellSummed,0
2025-05-21 13:49:01,017,LC-TOTAL-LJ,751.59,lbs,LabJackDAQ,LoadCellSummed,0
2025-05-21 13:49:01,066,LC-TOTAL-LJ,751.22,lbs,LabJackDAQ,LoadCellSummed,0
2025-05-21 13:49:01,119,LC-TOTAL-LJ,752.05,lbs,LabJackDAQ,LoadCellSummed,0
2025-05-21 13:49:01,166,LC-TOTAL-LJ,752.07,lbs,LabJackDAQ,LoadCellSummed,0
2025-05-21 13:49:01,213,LC-TOTAL-LJ,752.34,lbs,LabJackDAQ,LoadCellSummed,0
2025-05-21 13:49:01,261,LC-TOTAL-LJ,752.02,lbs,LabJackDAQ,LoadCellSummed,0
2025-05-21 13:49:01,308,LC-TOTAL-LJ,752.50,lbs,LabJackDAQ,LoadCellSummed,0
2025-05-21 13:49:01,355,LC-TOTAL-LJ,751.96,lbs,LabJackDAQ,LoadCellSummed,0
2025-05-21 13:49:01,405,LC-TOTAL-LJ,752.26,lbs,LabJackDAQ,LoadCellSummed,0
2025-05-21 13:49:01,452,LC-TOTAL-LJ,752.19,lbs,LabJackDAQ,LoadCellSummed,0
2025-05-21 13:49:01,506,LC-TOTAL-LJ,752.18,lbs,LabJackDAQ,LoadCellSummed,0
2025-05-21 13:49:01,555,LC-TOTAL-LJ,752.18,lbs,LabJackDAQ,LoadCellSummed,0
2025-05-21 13:49:01,605,LC-TOTAL-LJ,752.04,lbs,LabJackDAQ,LoadCellSummed,0
2025-05-21 13:49:01,651,LC-TOTAL-LJ,752.14,lbs,LabJackDAQ,LoadCellSummed,0
2025-05-21 13:49:01,700,LC-TOTAL-LJ,751.64,lbs,LabJackDAQ,LoadCellSummed,0
2025-05-21 13:49:01,747,LC-TOTAL-LJ,751.97,lbs,LabJackDAQ,LoadCellSummed,0
2025-05-21 13:49:01,795,LC-TOTAL-LJ,752.18,lbs,LabJackDAQ,LoadCellSummed,0
2025-05-21 13:49:01,841,LC-TOTAL-LJ,751.44,lbs,LabJackDAQ,LoadCellSummed,0
2025-05-21 13:49:01,891,LC-TOTAL-LJ,752.59,lbs,LabJackDAQ,LoadCellSummed,0
2025-05-21 13:49:01,939,LC-TOTAL-LJ,751.94,lbs,LabJackDAQ,LoadCellSummed,0
2025-05-21 13:49:01,991,LC-TOTAL-LJ,752.79,lbs,LabJackDAQ,LoadCellSummed,0
2025-05-21 13:49:02,041,LC-TOTAL-LJ,752.12,lbs,LabJackDAQ,LoadCellSummed,0
2025-05-21 13:49:02,093,LC-TOTAL-LJ,751.53,lbs,LabJackDAQ,LoadCellSummed,0
2025-05-21 13:49:02,142,LC-TOTAL-LJ,752.14,lbs,LabJackDAQ,LoadCellSummed,0
2025-05-21 13:49:02,191,LC-TOTAL-LJ,752.76,lbs,LabJackDAQ,LoadCellSummed,0
2025-05-21 13:49:02,239,LC-TOTAL-LJ,751.80,lbs,LabJackDAQ,LoadCellSummed,0
2025-05-21 13:49:02,287,LC-TOTAL-LJ,752.03,lbs,LabJackDAQ,LoadCellSummed,0
2025-05-21 13:49:02,335,LC-TOTAL-LJ,752.67,lbs,LabJackDAQ,LoadCellSummed,0
2025-05-21 13:49:02,387,LC-TOTAL-LJ,750.50,lbs,LabJackDAQ,LoadCellSummed,0
2025-05-21 13:49:02,435,LC-TOTAL-LJ,751.70,lbs,LabJackDAQ,LoadCellSummed,0
2025-05-21 13:49:02,489,LC-TOTAL-LJ,751.44,lbs,LabJackDAQ,LoadCellSummed,0
2025-05-21 13:49:02,538,LC-TOTAL-LJ,751.56,lbs,LabJackDAQ,LoadCellSummed,0
2025-05-21 13:49:02,590,LC-TOTAL-LJ,751.42,lbs,LabJackDAQ,LoadCellSummed,0
2025-05-21 13:49:02,639,LC-TOTAL-LJ,750.28,lbs,LabJackDAQ,LoadCellSummed,0
2025-05-21 13:49:02,687,LC-TOTAL-LJ,751.18,lbs,LabJackDAQ,LoadCellSummed,0
2025-05-21 13:49:02,735,LC-TOTAL-LJ,751.30,lbs,LabJackDAQ,LoadCellSummed,0
2025-05-21 13:49:02,783,LC-TOTAL-LJ,750.66,lbs,LabJackDAQ,LoadCellSummed,0
2025-05-21 13:49:02,831,LC-TOTAL-LJ,751.64,lbs,LabJackDAQ,LoadCellSummed,0
2025-05-21 13:49:02,880,LC-TOTAL-LJ,752.17,lbs,LabJackDAQ,LoadCellSummed,0
2025-05-21 13:49:02,932,LC-TOTAL-LJ,751.56,lbs,LabJackDAQ,LoadCellSummed,0
2025-05-21 13:49:02,982,LC-TOTAL-LJ,750.82,lbs,LabJackDAQ,LoadCellSummed,0
2025-05-21 13:49:03,036,LC-TOTAL-LJ,752.28,lbs,LabJackDAQ,LoadCellSummed,0
2025-05-21 13:49:03,085,LC-TOTAL-LJ,752.18,lbs,LabJackDAQ,LoadCellSummed,0
2025-05-21 13:49:03,137,LC-TOTAL-LJ,751.91,lbs,LabJackDAQ,LoadCellSummed,0
2025-05-21 13:49:03,184,LC-TOTAL-LJ,751.49,lbs,LabJackDAQ,LoadCellSummed,0
2025-05-21 13:49:03,233,LC-TOTAL-LJ,750.46,lbs,LabJackDAQ,LoadCellSummed,0
2025-05-21 13:49:03,281,LC-TOTAL-LJ,751.35,lbs,LabJackDAQ,LoadCellSummed,0
2025-05-21 13:49:03,330,LC-TOTAL-LJ,751.57,lbs,LabJackDAQ,LoadCellSummed,0
2025-05-21 13:49:03,378,LC-TOTAL-LJ,751.87,lbs,LabJackDAQ,LoadCellSummed,0
2025-05-21 13:49:03,426,LC-TOTAL-LJ,752.34,lbs,LabJackDAQ,LoadCellSummed,0
2025-05-21 13:49:03,474,LC-TOTAL-LJ,751.63,lbs,LabJackDAQ,LoadCellSummed,0
2025-05-21 13:49:03,521,LC-TOTAL-LJ,751.53,lbs,LabJackDAQ,LoadCellSummed,0
2025-05-21 13:49:03,568,LC-TOTAL-LJ,751.34,lbs,LabJackDAQ,LoadCellSummed,0
2025-05-21 13:49:03,616,LC-TOTAL-LJ,751.07,lbs,LabJackDAQ,LoadCellSummed,0
2025-05-21 13:49:03,664,LC-TOTAL-LJ,750.17,lbs,LabJackDAQ,LoadCellSummed,0
2025-05-21 13:49:03,713,LC-TOTAL-LJ,751.95,lbs,LabJackDAQ,LoadCellSummed,0
2025-05-21 13:49:03,762,LC-TOTAL-LJ,751.39,lbs,LabJackDAQ,LoadCellSummed,0
2025-05-21 13:49:03,809,LC-TOTAL-LJ,751.93,lbs,LabJackDAQ,LoadCellSummed,0
2025-05-21 13:49:03,858,LC-TOTAL-LJ,751.90,lbs,LabJackDAQ,LoadCellSummed,0
2025-05-21 13:49:03,909,LC-TOTAL-LJ,752.11,lbs,LabJackDAQ,LoadCellSummed,0
2025-05-21 13:49:03,959,LC-TOTAL-LJ,751.21,lbs,LabJackDAQ,LoadCellSummed,0
2025-05-21 13:49:04,013,LC-TOTAL-LJ,751.85,lbs,LabJackDAQ,LoadCellSummed,0
2025-05-21 13:49:04,063,LC-TOTAL-LJ,752.16,lbs,LabJackDAQ,LoadCellSummed,0
2025-05-21 13:49:04,116,LC-TOTAL-LJ,751.94,lbs,LabJackDAQ,LoadCellSummed,0
2025-05-21 13:49:04,164,LC-TOTAL-LJ,751.37,lbs,LabJackDAQ,LoadCellSummed,0
2025-05-21 13:49:04,213,LC-TOTAL-LJ,752.73,lbs,LabJackDAQ,LoadCellSummed,0
2025-05-21 13:49:04,262,LC-TOTAL-LJ,752.10,lbs,LabJackDAQ,LoadCellSummed,0
2025-05-21 13:49:04,310,LC-TOTAL-LJ,751.86,lbs,LabJackDAQ,LoadCellSummed,0
2025-05-21 13:49:04,362,LC-TOTAL-LJ,751.37,lbs,LabJackDAQ,LoadCellSummed,0
2025-05-21 13:49:04,410,LC-TOTAL-LJ,752.14,lbs,LabJackDAQ,LoadCellSummed,0
2025-05-21 13:49:04,458,LC-TOTAL-LJ,752.51,lbs,LabJackDAQ,LoadCellSummed,0
2025-05-21 13:49:04,506,LC-TOTAL-LJ,751.75,lbs,LabJackDAQ,LoadCellSummed,0
2025-05-21 13:49:04,554,LC-TOTAL-LJ,751.94,lbs,LabJackDAQ,LoadCellSummed,0
2025-05-21 13:49:04,602,LC-TOTAL-LJ,752.43,lbs,LabJackDAQ,LoadCellSummed,0
2025-05-21 13:49:04,651,LC-TOTAL-LJ,751.05,lbs,LabJackDAQ,LoadCellSummed,0
2025-05-21 13:49:04,699,LC-TOTAL-LJ,751.97,lbs,LabJackDAQ,LoadCellSummed,0
2025-05-21 13:49:04,748,LC-TOTAL-LJ,752.82,lbs,LabJackDAQ,LoadCellSummed,0
2025-05-21 13:49:04,797,LC-TOTAL-LJ,752.25,lbs,LabJackDAQ,LoadCellSummed,0
2025-05-21 13:49:04,845,LC-TOTAL-LJ,751.94,lbs,LabJackDAQ,LoadCellSummed,0
2025-05-21 13:49:04,897,LC-TOTAL-LJ,752.44,lbs,LabJackDAQ,LoadCellSummed,0
2025-05-21 13:49:04,946,LC-TOTAL-LJ,752.34,lbs,LabJackDAQ,LoadCellSummed,0
2025-05-21 13:49:04,997,LC-TOTAL-LJ,752.02,lbs,LabJackDAQ,LoadCellSummed,0
2025-05-21 13:49:05,046,LC-TOTAL-LJ,752.10,lbs,LabJackDAQ,LoadCellSummed,0
2025-05-21 13:49:05,097,LC-TOTAL-LJ,751.53,lbs,LabJackDAQ,LoadCellSummed,0
2025-05-21 13:49:05,144,LC-TOTAL-LJ,751.96,lbs,LabJackDAQ,LoadCellSummed,0
2025-05-21 13:49:05,190,LC-TOTAL-LJ,752.55,lbs,LabJackDAQ,LoadCellSummed,0
2025-05-21 13:49:05,238,LC-TOTAL-LJ,751.83,lbs,LabJackDAQ,LoadCellSummed,0
2025-05-21 13:49:05,285,LC-TOTAL-LJ,751.43,lbs,LabJackDAQ,LoadCellSummed,0
2025-05-21 13:49:05,331,LC-TOTAL-LJ,751.14,lbs,LabJackDAQ,LoadCellSummed,0
2025-05-21 13:49:05,380,LC-TOTAL-LJ,751.87,lbs,LabJackDAQ,LoadCellSummed,0
2025-05-21 13:49:05,429,LC-TOTAL-LJ,752.10,lbs,LabJackDAQ,LoadCellSummed,0
2025-05-21 13:49:05,478,LC-TOTAL-LJ,751.92,lbs,LabJackDAQ,LoadCellSummed,0
2025-05-21 13:49:05,532,LC-TOTAL-LJ,751.93,lbs,LabJackDAQ,LoadCellSummed,0
2025-05-21 13:49:05,583,LC-TOTAL-LJ,751.94,lbs,LabJackDAQ,LoadCellSummed,0
2025-05-21 13:49:05,636,LC-TOTAL-LJ,752.19,lbs,LabJackDAQ,LoadCellSummed,0
2025-05-21 13:49:05,684,LC-TOTAL-LJ,752.06,lbs,LabJackDAQ,LoadCellSummed,0
2025-05-21 13:49:05,732,LC-TOTAL-LJ,751.81,lbs,LabJackDAQ,LoadCellSummed,0
2025-05-21 13:49:05,781,LC-TOTAL-LJ,751.85,lbs,LabJackDAQ,LoadCellSummed,0
2025-05-21 13:49:05,830,LC-TOTAL-LJ,751.55,lbs,LabJackDAQ,LoadCellSummed,0
2025-05-21 13:49:05,879,LC-TOTAL-LJ,750.50,lbs,LabJackDAQ,LoadCellSummed,0
2025-05-21 13:49:05,930,LC-TOTAL-LJ,752.00,lbs,LabJackDAQ,LoadCellSummed,0
2025-05-21 13:49:05,980,LC-TOTAL-LJ,751.85,lbs,LabJackDAQ,LoadCellSummed,0
2025-05-21 13:49:06,034,LC-TOTAL-LJ,751.21,lbs,LabJackDAQ,LoadCellSummed,0
2025-05-21 13:49:06,085,LC-TOTAL-LJ,751.90,lbs,LabJackDAQ,LoadCellSummed,0
2025-05-21 13:49:06,137,LC-TOTAL-LJ,751.28,lbs,LabJackDAQ,LoadCellSummed,0
2025-05-21 13:49:06,186,LC-TOTAL-LJ,751.88,lbs,LabJackDAQ,LoadCellSummed,0
2025-05-21 13:49:06,234,LC-TOTAL-LJ,751.98,lbs,LabJackDAQ,LoadCellSummed,0
2025-05-21 13:49:06,283,LC-TOTAL-LJ,752.25,lbs,LabJackDAQ,LoadCellSummed,0
2025-05-21 13:49:06,332,LC-TOTAL-LJ,752.35,lbs,LabJackDAQ,LoadCellSummed,0
2025-05-21 13:49:06,380,LC-TOTAL-LJ,752.06,lbs,LabJackDAQ,LoadCellSummed,0
2025-05-21 13:49:06,432,LC-TOTAL-LJ,751.69,lbs,LabJackDAQ,LoadCellSummed,0
2025-05-21 13:49:06,481,LC-TOTAL-LJ,752.46,lbs,LabJackDAQ,LoadCellSummed,0
2025-05-21 13:49:06,537,LC-TOTAL-LJ,752.18,lbs,LabJackDAQ,LoadCellSummed,0
2025-05-21 13:49:06,587,LC-TOTAL-LJ,751.19,lbs,LabJackDAQ,LoadCellSummed,0
2025-05-21 13:49:06,638,LC-TOTAL-LJ,752.21,lbs,LabJackDAQ,LoadCellSummed,0
2025-05-21 13:49:06,686,LC-TOTAL-LJ,752.10,lbs,LabJackDAQ,LoadCellSummed,0
2025-05-21 13:49:06,734,LC-TOTAL-LJ,752.19,lbs,LabJackDAQ,LoadCellSummed,0
2025-05-21 13:49:06,783,LC-TOTAL-LJ,751.97,lbs,LabJackDAQ,LoadCellSummed,0
2025-05-21 13:49:06,832,LC-TOTAL-LJ,752.10,lbs,LabJackDAQ,LoadCellSummed,0
2025-05-21 13:49:06,879,LC-TOTAL-LJ,751.88,lbs,LabJackDAQ,LoadCellSummed,0
2025-05-21 13:49:06,930,LC-TOTAL-LJ,752.10,lbs,LabJackDAQ,LoadCellSummed,0
2025-05-21 13:49:06,977,LC-TOTAL-LJ,751.60,lbs,LabJackDAQ,LoadCellSummed,0
2025-05-21 13:49:07,031,LC-TOTAL-LJ,751.62,lbs,LabJackDAQ,LoadCellSummed,0
2025-05-21 13:49:07,085,LC-TOTAL-LJ,751.24,lbs,LabJackDAQ,LoadCellSummed,0
2025-05-21 13:49:07,139,LC-TOTAL-LJ,750.51,lbs,LabJackDAQ,LoadCellSummed,0
2025-05-21 13:49:07,187,LC-TOTAL-LJ,751.03,lbs,LabJackDAQ,LoadCellSummed,0
2025-05-21 13:49:07,235,LC-TOTAL-LJ,751.15,lbs,LabJackDAQ,LoadCellSummed,0
2025-05-21 13:49:07,283,LC-TOTAL-LJ,751.06,lbs,LabJackDAQ,LoadCellSummed,0
2025-05-21 13:49:07,331,LC-TOTAL-LJ,751.29,lbs,LabJackDAQ,LoadCellSummed,0
2025-05-21 13:49:07,380,LC-TOTAL-LJ,751.90,lbs,LabJackDAQ,LoadCellSummed,0
2025-05-21 13:49:07,431,LC-TOTAL-LJ,752.54,lbs,LabJackDAQ,LoadCellSummed,0
2025-05-21 13:49:07,481,LC-TOTAL-LJ,751.39,lbs,LabJackDAQ,LoadCellSummed,0
2025-05-21 13:49:07,530,LC-TOTAL-LJ,751.36,lbs,LabJackDAQ,LoadCellSummed,0
2025-05-21 13:49:07,584,LC-TOTAL-LJ,751.45,lbs,LabJackDAQ,LoadCellSummed,0
2025-05-21 13:49:07,634,LC-TOTAL-LJ,751.87,lbs,LabJackDAQ,LoadCellSummed,0
2025-05-21 13:49:07,685,LC-TOTAL-LJ,752.42,lbs,LabJackDAQ,LoadCellSummed,0
2025-05-21 13:49:07,734,LC-TOTAL-LJ,751.19,lbs,LabJackDAQ,LoadCellSummed,0
2025-05-21 13:49:07,783,LC-TOTAL-LJ,751.93,lbs,LabJackDAQ,LoadCellSummed,0
2025-05-21 13:49:07,831,LC-TOTAL-LJ,752.10,lbs,LabJackDAQ,LoadCellSummed,0
2025-05-21 13:49:07,880,LC-TOTAL-LJ,752.43,lbs,LabJackDAQ,LoadCellSummed,0
2025-05-21 13:49:07,928,LC-TOTAL-LJ,752.26,lbs,LabJackDAQ,LoadCellSummed,0
2025-05-21 13:49:07,980,LC-TOTAL-LJ,751.34,lbs,LabJackDAQ,LoadCellSummed,0
2025-05-21 13:49:08,028,LC-TOTAL-LJ,752.19,lbs,LabJackDAQ,LoadCellSummed,0
2025-05-21 13:49:08,081,LC-TOTAL-LJ,751.89,lbs,LabJackDAQ,LoadCellSummed,0
2025-05-21 13:49:08,132,LC-TOTAL-LJ,752.62,lbs,LabJackDAQ,LoadCellSummed,0
2025-05-21 13:49:08,184,LC-TOTAL-LJ,752.50,lbs,LabJackDAQ,LoadCellSummed,0
2025-05-21 13:49:08,234,LC-TOTAL-LJ,752.26,lbs,LabJackDAQ,LoadCellSummed,0
2025-05-21 13:49:08,283,LC-TOTAL-LJ,751.77,lbs,LabJackDAQ,LoadCellSummed,0
2025-05-21 13:49:08,332,LC-TOTAL-LJ,751.11,lbs,LabJackDAQ,LoadCellSummed,0
2025-05-21 13:49:08,381,LC-TOTAL-LJ,750.70,lbs,LabJackDAQ,LoadCellSummed,0
2025-05-21 13:49:08,433,LC-TOTAL-LJ,751.61,lbs,LabJackDAQ,LoadCellSummed,0
2025-05-21 13:49:08,481,LC-TOTAL-LJ,751.75,lbs,LabJackDAQ,LoadCellSummed,0
2025-05-21 13:49:08,536,LC-TOTAL-LJ,751.22,lbs,LabJackDAQ,LoadCellSummed,0
2025-05-21 13:49:08,587,LC-TOTAL-LJ,751.62,lbs,LabJackDAQ,LoadCellSummed,0
2025-05-21 13:49:08,638,LC-TOTAL-LJ,751.71,lbs,LabJackDAQ,LoadCellSummed,0
2025-05-21 13:49:08,685,LC-TOTAL-LJ,751.71,lbs,LabJackDAQ,LoadCellSummed,0
2025-05-21 13:49:08,734,LC-TOTAL-LJ,751.77,lbs,LabJackDAQ,LoadCellSummed,0
2025-05-21 13:49:08,783,LC-TOTAL-LJ,751.28,lbs,LabJackDAQ,LoadCellSummed,0
2025-05-21 13:49:08,831,LC-TOTAL-LJ,751.19,lbs,LabJackDAQ,LoadCellSummed,0
2025-05-21 13:49:08,879,LC-TOTAL-LJ,751.06,lbs,LabJackDAQ,LoadCellSummed,0
2025-05-21 13:49:08,927,LC-TOTAL-LJ,751.60,lbs,LabJackDAQ,LoadCellSummed,0
2025-05-21 13:49:08,976,LC-TOTAL-LJ,751.27,lbs,LabJackDAQ,LoadCellSummed,0
2025-05-21 13:49:09,023,LC-TOTAL-LJ,751.28,lbs,LabJackDAQ,LoadCellSummed,0
2025-05-21 13:49:09,072,LC-TOTAL-LJ,751.64,lbs,LabJackDAQ,LoadCellSummed,0
2025-05-21 13:49:09,120,LC-TOTAL-LJ,752.18,lbs,LabJackDAQ,LoadCellSummed,0
2025-05-21 13:49:09,170,LC-TOTAL-LJ,751.97,lbs,LabJackDAQ,LoadCellSummed,0
2025-05-21 13:49:09,218,LC-TOTAL-LJ,752.25,lbs,LabJackDAQ,LoadCellSummed,0
2025-05-21 13:49:09,265,LC-TOTAL-LJ,752.18,lbs,LabJackDAQ,LoadCellSummed,0
2025-05-21 13:49:09,313,LC-TOTAL-LJ,752.79,lbs,LabJackDAQ,LoadCellSummed,0
2025-05-21 13:49:09,360,LC-TOTAL-LJ,751.85,lbs,LabJackDAQ,LoadCellSummed,0
2025-05-21 13:49:09,408,LC-TOTAL-LJ,752.08,lbs,LabJackDAQ,LoadCellSummed,0
2025-05-21 13:49:09,458,LC-TOTAL-LJ,751.78,lbs,LabJackDAQ,LoadCellSummed,0
2025-05-21 13:49:09,506,LC-TOTAL-LJ,752.00,lbs,LabJackDAQ,LoadCellSummed,0
2025-05-21 13:49:09,578,LC-TOTAL-LJ,751.85,lbs,LabJackDAQ,LoadCellSummed,0
2025-05-21 13:49:09,628,LC-TOTAL-LJ,751.82,lbs,LabJackDAQ,LoadCellSummed,0
2025-05-21 13:49:09,683,LC-TOTAL-LJ,751.36,lbs,LabJackDAQ,LoadCellSummed,0
2025-05-21 13:49:09,731,LC-TOTAL-LJ,751.09,lbs,LabJackDAQ,LoadCellSummed,0
2025-05-21 13:49:09,780,LC-TOTAL-LJ,751.21,lbs,LabJackDAQ,LoadCellSummed,0
2025-05-21 13:49:09,828,LC-TOTAL-LJ,751.66,lbs,LabJackDAQ,LoadCellSummed,0
2025-05-21 13:49:09,876,LC-TOTAL-LJ,752.15,lbs,LabJackDAQ,LoadCellSummed,0
2025-05-21 13:49:09,925,LC-TOTAL-LJ,752.67,lbs,LabJackDAQ,LoadCellSummed,0
2025-05-21 13:49:09,976,LC-TOTAL-LJ,750.56,lbs,LabJackDAQ,LoadCellSummed,0
2025-05-21 13:49:10,024,LC-TOTAL-LJ,751.99,lbs,LabJackDAQ,LoadCellSummed,0
2025-05-21 13:49:10,080,LC-TOTAL-LJ,752.71,lbs,LabJackDAQ,LoadCellSummed,0
2025-05-21 13:49:10,130,LC-TOTAL-LJ,752.37,lbs,LabJackDAQ,LoadCellSummed,0
2025-05-21 13:49:10,181,LC-TOTAL-LJ,751.28,lbs,LabJackDAQ,LoadCellSummed,0
2025-05-21 13:49:10,227,LC-TOTAL-LJ,751.85,lbs,LabJackDAQ,LoadCellSummed,0
2025-05-21 13:49:10,274,LC-TOTAL-LJ,752.18,lbs,LabJackDAQ,LoadCellSummed,0
2025-05-21 13:49:10,336,LC-TOTAL-LJ,751.69,lbs,LabJackDAQ,LoadCellSummed,0
2025-05-21 13:49:10,386,LC-TOTAL-LJ,751.88,lbs,LabJackDAQ,LoadCellSummed,0
2025-05-21 13:49:10,444,LC-TOTAL-LJ,752.00,lbs,LabJackDAQ,LoadCellSummed,0
2025-05-21 13:49:10,492,LC-TOTAL-LJ,751.94,lbs,LabJackDAQ,LoadCellSummed,0
2025-05-21 13:49:10,543,LC-TOTAL-LJ,752.38,lbs,LabJackDAQ,LoadCellSummed,0
2025-05-21 13:49:10,593,LC-TOTAL-LJ,752.10,lbs,LabJackDAQ,LoadCellSummed,0
2025-05-21 13:49:10,644,LC-TOTAL-LJ,751.79,lbs,LabJackDAQ,LoadCellSummed,0
2025-05-21 13:49:10,694,LC-TOTAL-LJ,752.02,lbs,LabJackDAQ,LoadCellSummed,0
2025-05-21 13:49:10,744,LC-TOTAL-LJ,750.94,lbs,LabJackDAQ,LoadCellSummed,0
2025-05-21 13:49:10,796,LC-TOTAL-LJ,752.69,lbs,LabJackDAQ,LoadCellSummed,0
2025-05-21 13:49:10,844,LC-TOTAL-LJ,752.22,lbs,LabJackDAQ,LoadCellSummed,0
2025-05-21 13:49:10,891,LC-TOTAL-LJ,752.74,lbs,LabJackDAQ,LoadCellSummed,0
2025-05-21 13:49:10,938,LC-TOTAL-LJ,751.97,lbs,LabJackDAQ,LoadCellSummed,0
2025-05-21 13:49:10,989,LC-TOTAL-LJ,751.82,lbs,LabJackDAQ,LoadCellSummed,0
2025-05-21 13:49:11,036,LC-TOTAL-LJ,752.43,lbs,LabJackDAQ,LoadCellSummed,0
2025-05-21 13:49:11,088,LC-TOTAL-LJ,751.45,lbs,LabJackDAQ,LoadCellSummed,0
2025-05-21 13:49:11,135,LC-TOTAL-LJ,751.95,lbs,LabJackDAQ,LoadCellSummed,0
2025-05-21 13:49:11,185,LC-TOTAL-LJ,752.38,lbs,LabJackDAQ,LoadCellSummed,0
2025-05-21 13:49:11,233,LC-TOTAL-LJ,752.76,lbs,LabJackDAQ,LoadCellSummed,0
2025-05-21 13:49:11,279,LC-TOTAL-LJ,751.72,lbs,LabJackDAQ,LoadCellSummed,0
2025-05-21 13:49:11,325,LC-TOTAL-LJ,751.30,lbs,LabJackDAQ,LoadCellSummed,0
2025-05-21 13:49:11,372,LC-TOTAL-LJ,752.22,lbs,LabJackDAQ,LoadCellSummed,0
2025-05-21 13:49:11,419,LC-TOTAL-LJ,752.50,lbs,LabJackDAQ,LoadCellSummed,0
2025-05-21 13:49:11,470,LC-TOTAL-LJ,751.56,lbs,LabJackDAQ,LoadCellSummed,0
2025-05-21 13:49:11,519,LC-TOTAL-LJ,751.89,lbs,LabJackDAQ,LoadCellSummed,0
2025-05-21 13:49:11,571,LC-TOTAL-LJ,751.61,lbs,LabJackDAQ,LoadCellSummed,0
2025-05-21 13:49:11,620,LC-TOTAL-LJ,751.44,lbs,LabJackDAQ,LoadCellSummed,0
2025-05-21 13:49:11,670,LC-TOTAL-LJ,752.18,lbs,LabJackDAQ,LoadCellSummed,0
2025-05-21 13:49:11,717,LC-TOTAL-LJ,751.92,lbs,LabJackDAQ,LoadCellSummed,0
2025-05-21 13:49:11,764,LC-TOTAL-LJ,750.78,lbs,LabJackDAQ,LoadCellSummed,0
2025-05-21 13:49:11,812,LC-TOTAL-LJ,751.70,lbs,LabJackDAQ,LoadCellSummed,0
2025-05-21 13:49:11,860,LC-TOTAL-LJ,751.11,lbs,LabJackDAQ,LoadCellSummed,0
2025-05-21 13:49:11,907,LC-TOTAL-LJ,751.37,lbs,LabJackDAQ,LoadCellSummed,0
2025-05-21 13:49:11,954,LC-TOTAL-LJ,751.88,lbs,LabJackDAQ,LoadCellSummed,0
2025-05-21 13:49:12,004,LC-TOTAL-LJ,751.32,lbs,LabJackDAQ,LoadCellSummed,0
2025-05-21 13:49:12,051,LC-TOTAL-LJ,750.90,lbs,LabJackDAQ,LoadCellSummed,0
2025-05-21 13:49:12,103,LC-TOTAL-LJ,752.61,lbs,LabJackDAQ,LoadCellSummed,0
2025-05-21 13:49:12,154,LC-TOTAL-LJ,751.43,lbs,LabJackDAQ,LoadCellSummed,0
2025-05-21 13:49:12,205,LC-TOTAL-LJ,752.18,lbs,LabJackDAQ,LoadCellSummed,0
2025-05-21 13:49:12,254,LC-TOTAL-LJ,751.63,lbs,LabJackDAQ,LoadCellSummed,0
2025-05-21 13:49:12,303,LC-TOTAL-LJ,751.65,lbs,LabJackDAQ,LoadCellSummed,0
2025-05-21 13:49:12,353,LC-TOTAL-LJ,750.75,lbs,LabJackDAQ,LoadCellSummed,0
2025-05-21 13:49:12,402,LC-TOTAL-LJ,752.26,lbs,LabJackDAQ,LoadCellSummed,0
2025-05-21 13:49:12,451,LC-TOTAL-LJ,752.15,lbs,LabJackDAQ,LoadCellSummed,0
2025-05-21 13:49:12,503,LC-TOTAL-LJ,750.94,lbs,LabJackDAQ,LoadCellSummed,0
2025-05-21 13:49:12,556,LC-TOTAL-LJ,750.61,lbs,LabJackDAQ,LoadCellSummed,0
2025-05-21 13:49:12,612,LC-TOTAL-LJ,752.33,lbs,LabJackDAQ,LoadCellSummed,0
2025-05-21 13:49:12,664,LC-TOTAL-LJ,751.12,lbs,LabJackDAQ,LoadCellSummed,0
2025-05-21 13:49:12,718,LC-TOTAL-LJ,751.48,lbs,LabJackDAQ,LoadCellSummed,0
2025-05-21 13:49:12,768,LC-TOTAL-LJ,751.76,lbs,LabJackDAQ,LoadCellSummed,0
2025-05-21 13:49:12,819,LC-TOTAL-LJ,752.07,lbs,LabJackDAQ,LoadCellSummed,0
2025-05-21 13:49:12,870,LC-TOTAL-LJ,751.80,lbs,LabJackDAQ,LoadCellSummed,0
2025-05-21 13:49:12,919,LC-TOTAL-LJ,752.83,lbs,LabJackDAQ,LoadCellSummed,0
2025-05-21 13:49:12,972,LC-TOTAL-LJ,751.98,lbs,LabJackDAQ,LoadCellSummed,0
2025-05-21 13:49:13,020,LC-TOTAL-LJ,752.24,lbs,LabJackDAQ,LoadCellSummed,0
2025-05-21 13:49:13,074,LC-TOTAL-LJ,751.75,lbs,LabJackDAQ,LoadCellSummed,0
2025-05-21 13:49:13,124,LC-TOTAL-LJ,752.18,lbs,LabJackDAQ,LoadCellSummed,0
2025-05-21 13:49:13,176,LC-TOTAL-LJ,751.52,lbs,LabJackDAQ,LoadCellSummed,0
2025-05-21 13:49:13,224,LC-TOTAL-LJ,751.64,lbs,LabJackDAQ,LoadCellSummed,0
2025-05-21 13:49:13,271,LC-TOTAL-LJ,751.61,lbs,LabJackDAQ,LoadCellSummed,0
2025-05-21 13:49:13,319,LC-TOTAL-LJ,751.63,lbs,LabJackDAQ,LoadCellSummed,0
2025-05-21 13:49:13,365,LC-TOTAL-LJ,751.00,lbs,LabJackDAQ,LoadCellSummed,0
2025-05-21 13:49:13,412,LC-TOTAL-LJ,752.32,lbs,LabJackDAQ,LoadCellSummed,0
2025-05-21 13:49:13,459,LC-TOTAL-LJ,752.42,lbs,LabJackDAQ,LoadCellSummed,0
2025-05-21 13:49:13,509,LC-TOTAL-LJ,751.43,lbs,LabJackDAQ,LoadCellSummed,0
2025-05-21 13:49:13,557,LC-TOTAL-LJ,751.96,lbs,LabJackDAQ,LoadCellSummed,0
2025-05-21 13:49:13,608,LC-TOTAL-LJ,752.21,lbs,LabJackDAQ,LoadCellSummed,0
2025-05-21 13:49:13,657,LC-TOTAL-LJ,752.48,lbs,LabJackDAQ,LoadCellSummed,0
2025-05-21 13:49:13,708,LC-TOTAL-LJ,750.98,lbs,LabJackDAQ,LoadCellSummed,0
2025-05-21 13:49:13,755,LC-TOTAL-LJ,751.60,lbs,LabJackDAQ,LoadCellSummed,0
2025-05-21 13:49:13,801,LC-TOTAL-LJ,752.61,lbs,LabJackDAQ,LoadCellSummed,0
2025-05-21 13:49:13,849,LC-TOTAL-LJ,752.00,lbs,LabJackDAQ,LoadCellSummed,0
2025-05-21 13:49:13,958,LC-TOTAL-LJ,752.18,lbs,LabJackDAQ,LoadCellSummed,0
2025-05-21 13:49:14,045,LC-TOTAL-LJ,751.44,lbs,LabJackDAQ,LoadCellSummed,0
