device,ain,sensor,voltage,measurement,timestamp
T7,AIN0,LoadCell,0.46048814058303833,sensor_data,2025-12-10 12:56:20.263
T7,AIN51,LoadCell,0.3387341797351837,sensor_data,2025-12-10 12:56:20.263
T7,AIN0,LoadCell,0.33936503529548645,sensor_data,2025-12-10 12:56:20.263
T7,AIN51,LoadCell,0.3248554766178131,sensor_data,2025-12-10 12:56:20.263
T7,AIN0,LoadCell,0.31350019574165344,sensor_data,2025-12-10 12:56:20.263
T7,AIN51,LoadCell,0.30056777596473694,sensor_data,2025-12-10 12:56:20.263
T7,AIN0,LoadCell,0.2888970673084259,sensor_data,2025-12-10 12:56:20.263
T7,AIN51,LoadCell,0.27628007531166077,sensor_data,2025-12-10 12:56:20.263
T7,AIN0,LoadCell,0.26334765553474426,sensor_data,2025-12-10 12:56:20.263
T7,AIN51,LoadCell,0.25041523575782776,sensor_data,2025-12-10 12:56:20.263
T7,AIN0,LoadCell,0.23874452710151672,sensor_data,2025-12-10 12:56:20.263
T7,AIN51,LoadCell,0.22581210732460022,sensor_data,2025-12-10 12:56:20.263
T7,AIN0,LoadCell,0.21351054310798645,sensor_data,2025-12-10 12:56:20.263
T7,AIN51,LoadCell,0.20057812333106995,sensor_data,2025-12-10 12:56:20.263
T7,AIN0,LoadCell,0.18985368311405182,sensor_data,2025-12-10 12:56:20.263
T7,AIN51,LoadCell,0.17629042267799377,sensor_data,2025-12-10 12:56:20.263
T7,AIN0,LoadCell,0.1649351269006729,sensor_data,2025-12-10 12:56:20.263
T7,AIN51,LoadCell,0.15137186646461487,sensor_data,2025-12-10 12:56:20.263
T7,AIN0,LoadCell,0.140016570687294,sensor_data,2025-12-10 12:56:20.263
T7,AIN51,LoadCell,0.12645329535007477,sensor_data,2025-12-10 12:56:20.263
T7,AIN0,LoadCell,0.11604428291320801,sensor_data,2025-12-10 12:56:20.263
T7,AIN51,LoadCell,0.10153474658727646,sensor_data,2025-12-10 12:56:20.263
T7,AIN0,LoadCell,0.09144115447998047,sensor_data,2025-12-10 12:56:20.263
T7,AIN51,LoadCell,0.07693161070346832,sensor_data,2025-12-10 12:56:20.263
T7,AIN0,LoadCell,0.06683801859617233,sensor_data,2025-12-10 12:56:20.263
T7,AIN51,LoadCell,0.052328478544950485,sensor_data,2025-12-10 12:56:20.263
T7,AIN0,LoadCell,0.042234886437654495,sensor_data,2025-12-10 12:56:20.263
T7,AIN51,LoadCell,0.028040770441293716,sensor_data,2025-12-10 12:56:20.263
T7,AIN0,LoadCell,0.01763175241649151,sensor_data,2025-12-10 12:56:20.263
T7,AIN51,LoadCell,0.0024913628585636616,sensor_data,2025-12-10 12:56:20.263
T7,AIN0,LoadCell,-0.008863075636327267,sensor_data,2025-12-10 12:56:20.263
T7,AIN51,LoadCell,-0.023371217772364616,sensor_data,2025-12-10 12:56:20.263
T7,AIN0,LoadCell,-0.03409462794661522,sensor_data,2025-12-10 12:56:20.263
T7,AIN51,LoadCell,-0.049548953771591187,sensor_data,2025-12-10 12:56:20.263
T7,AIN0,LoadCell,-0.06058775633573532,sensor_data,2025-12-10 12:56:20.263
T7,AIN51,LoadCell,-0.07635747641324997,sensor_data,2025-12-10 12:56:20.263
T7,AIN0,LoadCell,-0.08834246546030045,sensor_data,2025-12-10 12:56:20.263
T7,AIN51,LoadCell,-0.10348139703273773,sensor_data,2025-12-10 12:56:20.263
T7,AIN0,LoadCell,-0.11609716713428497,sensor_data,2025-12-10 12:56:20.263
T7,AIN51,LoadCell,-0.13186688721179962,sensor_data,2025-12-10 12:56:20.263
T7,AIN0,LoadCell,-0.14479805529117584,sensor_data,2025-12-10 12:56:20.263
T7,AIN51,LoadCell,-0.16119857132434845,sensor_data,2025-12-10 12:56:20.263
T7,AIN0,LoadCell,-0.1734989583492279,sensor_data,2025-12-10 12:56:20.263
T7,AIN51,LoadCell,-0.1902148574590683,sensor_data,2025-12-10 12:56:20.263
T7,AIN0,LoadCell,-0.20314602553844452,sensor_data,2025-12-10 12:56:20.263
T7,AIN51,LoadCell,-0.21923114359378815,sensor_data,2025-12-10 12:56:20.263
T7,AIN0,LoadCell,-0.23121613264083862,sensor_data,2025-12-10 12:56:20.263
T7,AIN51,LoadCell,-0.24793203175067902,sensor_data,2025-12-10 12:56:20.263
T7,AIN0,LoadCell,-0.261178582906723,sensor_data,2025-12-10 12:56:20.263
T7,AIN51,LoadCell,-0.2778944969177246,sensor_data,2025-12-10 12:56:20.263
T7,AIN0,LoadCell,-0.29082566499710083,sensor_data,2025-12-10 12:56:20.263
T7,AIN51,LoadCell,-0.30848774313926697,sensor_data,2025-12-10 12:56:20.263
T7,AIN0,LoadCell,-0.3211035430431366,sensor_data,2025-12-10 12:56:20.263
T7,AIN51,LoadCell,-0.33876562118530273,sensor_data,2025-12-10 12:56:20.263
T7,AIN0,LoadCell,-0.35201218724250793,sensor_data,2025-12-10 12:56:20.263
T7,AIN51,LoadCell,-0.3696742653846741,sensor_data,2025-12-10 12:56:20.263
T7,AIN0,LoadCell,-0.38355162739753723,sensor_data,2025-12-10 12:56:20.263
T7,AIN51,LoadCell,-0.40184450149536133,sensor_data,2025-12-10 12:56:20.263
T7,AIN0,LoadCell,-0.4157218635082245,sensor_data,2025-12-10 12:56:20.263
T7,AIN51,LoadCell,-0.4340147376060486,sensor_data,2025-12-10 12:56:20.263
T7,AIN0,LoadCell,-0.44946905970573425,sensor_data,2025-12-10 12:56:20.263
T7,AIN51,LoadCell,-0.4687080979347229,sensor_data,2025-12-10 12:56:20.263
T7,AIN0,LoadCell,-0.48479321599006653,sensor_data,2025-12-10 12:56:20.263
T7,AIN51,LoadCell,-0.5040322542190552,sensor_data,2025-12-10 12:56:20.263
T7,AIN0,LoadCell,-0.5207481980323792,sensor_data,2025-12-10 12:56:20.263
T7,AIN51,LoadCell,-0.5399872660636902,sensor_data,2025-12-10 12:56:20.263
T7,AIN0,LoadCell,-0.5573339462280273,sensor_data,2025-12-10 12:56:20.263
T7,AIN51,LoadCell,-0.5775191783905029,sensor_data,2025-12-10 12:56:20.263
T7,AIN0,LoadCell,-0.595496654510498,sensor_data,2025-12-10 12:56:20.263
T7,AIN51,LoadCell,-0.6163126826286316,sensor_data,2025-12-10 12:56:20.263
T7,AIN0,LoadCell,-0.6346055865287781,sensor_data,2025-12-10 12:56:20.263
T7,AIN51,LoadCell,-0.6557369828224182,sensor_data,2025-12-10 12:56:20.263
T7,AIN0,LoadCell,-0.6740298867225647,sensor_data,2025-12-10 12:56:20.263
T7,AIN51,LoadCell,-0.6951612830162048,sensor_data,2025-12-10 12:56:20.263
T7,AIN0,LoadCell,-0.7140849232673645,sensor_data,2025-12-10 12:56:20.263
T7,AIN51,LoadCell,-0.735531747341156,sensor_data,2025-12-10 12:56:20.263
T7,AIN0,LoadCell,-0.7541400194168091,sensor_data,2025-12-10 12:56:20.263
T7,AIN51,LoadCell,-0.775902271270752,sensor_data,2025-12-10 12:56:20.263
T7,AIN0,LoadCell,-0.7941951155662537,sensor_data,2025-12-10 12:56:20.263
T7,AIN51,LoadCell,-0.8162727355957031,sensor_data,2025-12-10 12:56:20.263
T7,AIN0,LoadCell,-0.8345655798912048,sensor_data,2025-12-10 12:56:20.263
T7,AIN51,LoadCell,-0.8569586277008057,sensor_data,2025-12-10 12:56:20.263
T7,AIN0,LoadCell,-0.8749361038208008,sensor_data,2025-12-10 12:56:20.263
T7,AIN51,LoadCell,-0.8966982960700989,sensor_data,2025-12-10 12:56:20.263
T7,AIN0,LoadCell,-0.915306568145752,sensor_data,2025-12-10 12:56:20.263
T7,AIN51,LoadCell,-0.9386457800865173,sensor_data,2025-12-10 12:56:20.263
T7,AIN0,LoadCell,-0.9563078284263611,sensor_data,2025-12-10 12:56:20.263
T7,AIN51,LoadCell,-0.9796470403671265,sensor_data,2025-12-10 12:56:20.263
T7,AIN0,LoadCell,-0.997309148311615,sensor_data,2025-12-10 12:56:20.263
T7,AIN51,LoadCell,-1.020332932472229,sensor_data,2025-12-10 12:56:20.263
T7,AIN0,LoadCell,-1.0386258363723755,sensor_data,2025-12-10 12:56:20.263
T7,AIN51,LoadCell,-1.061964988708496,sensor_data,2025-12-10 12:56:20.263
T7,AIN0,LoadCell,-1.0799424648284912,sensor_data,2025-12-10 12:56:20.263
T7,AIN51,LoadCell,-1.1029661893844604,sensor_data,2025-12-10 12:56:20.263
T7,AIN0,LoadCell,-1.1209436655044556,sensor_data,2025-12-10 12:56:20.263
T7,AIN51,LoadCell,-1.1442829370498657,sensor_data,2025-12-10 12:56:20.263
T7,AIN0,LoadCell,-1.161629557609558,sensor_data,2025-12-10 12:56:20.263
T7,AIN51,LoadCell,-1.1849688291549683,sensor_data,2025-12-10 12:56:20.263
T7,AIN0,LoadCell,-1.2020001411437988,sensor_data,2025-12-10 12:56:20.263
T7,AIN51,LoadCell,-1.2256547212600708,sensor_data,2025-12-10 12:56:20.263
T7,AIN0,LoadCell,-1.2430013418197632,sensor_data,2025-12-10 12:56:20.263
T7,AIN51,LoadCell,-1.2663404941558838,sensor_data,2025-12-10 12:56:20.263
T7,AIN0,LoadCell,-1.284317970275879,sensor_data,2025-12-10 12:56:20.263
T7,AIN51,LoadCell,-1.3079725503921509,sensor_data,2025-12-10 12:56:20.263
T7,AIN0,LoadCell,-1.3253192901611328,sensor_data,2025-12-10 12:56:20.263
T7,AIN51,LoadCell,-1.3486584424972534,sensor_data,2025-12-10 12:56:20.263
T7,AIN0,LoadCell,-1.3663206100463867,sensor_data,2025-12-10 12:56:20.263
T7,AIN51,LoadCell,-1.3899751901626587,sensor_data,2025-12-10 12:56:20.263
T7,AIN0,LoadCell,-1.4082679748535156,sensor_data,2025-12-10 12:56:20.263
T7,AIN51,LoadCell,-1.4319225549697876,sensor_data,2025-12-10 12:56:20.263
T7,AIN0,LoadCell,-1.449584722518921,sensor_data,2025-12-10 12:56:20.263
T7,AIN51,LoadCell,-1.4735546112060547,sensor_data,2025-12-10 12:56:20.263
T7,AIN0,LoadCell,-1.4902706146240234,sensor_data,2025-12-10 12:56:20.263
T7,AIN51,LoadCell,-1.5142405033111572,sensor_data,2025-12-10 12:56:20.263
T7,AIN0,LoadCell,-1.5303256511688232,sensor_data,2025-12-10 12:56:20.263
T7,AIN51,LoadCell,-1.5539802312850952,sensor_data,2025-12-10 12:56:20.263
T7,AIN0,LoadCell,-1.5710115432739258,sensor_data,2025-12-10 12:56:20.263
T7,AIN51,LoadCell,-1.5943506956100464,sensor_data,2025-12-10 12:56:20.263
T7,AIN0,LoadCell,-1.6116974353790283,sensor_data,2025-12-10 12:56:20.263
T7,AIN51,LoadCell,-1.6353520154953003,sensor_data,2025-12-10 12:56:20.263
T7,AIN0,LoadCell,-1.6520678997039795,sensor_data,2025-12-10 12:56:20.263
T7,AIN51,LoadCell,-1.6750916242599487,sensor_data,2025-12-10 12:56:20.263
T7,AIN0,LoadCell,-1.6921229362487793,sensor_data,2025-12-10 12:56:20.263
T7,AIN51,LoadCell,-1.7160929441452026,sensor_data,2025-12-10 12:56:20.263
T7,AIN0,LoadCell,-1.7318626642227173,sensor_data,2025-12-10 12:56:20.263
T7,AIN51,LoadCell,-1.756148099899292,sensor_data,2025-12-10 12:56:20.263
T7,AIN0,LoadCell,-1.7725485563278198,sensor_data,2025-12-10 12:56:20.263
T7,AIN51,LoadCell,-1.7965185642242432,sensor_data,2025-12-10 12:56:20.263
T7,AIN0,LoadCell,-1.8119728565216064,sensor_data,2025-12-10 12:56:20.263
T7,AIN51,LoadCell,-1.8359428644180298,sensor_data,2025-12-10 12:56:20.263
T7,AIN0,LoadCell,-1.8517125844955444,sensor_data,2025-12-10 12:56:20.263
T7,AIN51,LoadCell,-1.8759979009628296,sensor_data,2025-12-10 12:56:20.263
T7,AIN0,LoadCell,-1.8914521932601929,sensor_data,2025-12-10 12:56:20.263
T7,AIN51,LoadCell,-1.9157376289367676,sensor_data,2025-12-10 12:56:20.263
T7,AIN0,LoadCell,-1.9308764934539795,sensor_data,2025-12-10 12:56:20.263
T7,AIN51,LoadCell,-1.9561080932617188,sensor_data,2025-12-10 12:56:20.263
T7,AIN0,LoadCell,-1.9709316492080688,sensor_data,2025-12-10 12:56:20.263
T7,AIN51,LoadCell,-1.9958478212356567,sensor_data,2025-12-10 12:56:20.263
T7,AIN0,LoadCell,-2.0097250938415527,sensor_data,2025-12-10 12:56:20.263
T7,AIN51,LoadCell,-2.0352721214294434,sensor_data,2025-12-10 12:56:20.263
T7,AIN0,LoadCell,-2.0488340854644775,sensor_data,2025-12-10 12:56:20.263
T7,AIN51,LoadCell,-2.074065685272217,sensor_data,2025-12-10 12:56:20.263
T7,AIN0,LoadCell,-2.0879428386688232,sensor_data,2025-12-10 12:56:20.263
T7,AIN51,LoadCell,-2.1138052940368652,sensor_data,2025-12-10 12:56:20.263
T7,AIN0,LoadCell,-2.1264209747314453,sensor_data,2025-12-10 12:56:20.263
T7,AIN51,LoadCell,-2.151337146759033,sensor_data,2025-12-10 12:56:20.263
T7,AIN0,LoadCell,-2.1630067825317383,sensor_data,2025-12-10 12:56:20.263
T7,AIN51,LoadCell,-2.1891846656799316,sensor_data,2025-12-10 12:56:20.263
T7,AIN0,LoadCell,-2.1999080181121826,sensor_data,2025-12-10 12:56:20.263
T7,AIN51,LoadCell,-2.2257702350616455,sensor_data,2025-12-10 12:56:20.263
T7,AIN0,LoadCell,-2.235862970352173,sensor_data,2025-12-10 12:56:20.263
T7,AIN51,LoadCell,-2.262040615081787,sensor_data,2025-12-10 12:56:20.263
T7,AIN0,LoadCell,-2.2711870670318604,sensor_data,2025-12-10 12:56:20.263
T7,AIN51,LoadCell,-2.2979955673217773,sensor_data,2025-12-10 12:56:20.263
T7,AIN0,LoadCell,-2.306511163711548,sensor_data,2025-12-10 12:56:20.263
T7,AIN51,LoadCell,-2.333319902420044,sensor_data,2025-12-10 12:56:20.263
T7,AIN0,LoadCell,-2.341520071029663,sensor_data,2025-12-10 12:56:20.263
T7,AIN51,LoadCell,-2.3680131435394287,sensor_data,2025-12-10 12:56:20.263
T7,AIN0,LoadCell,-2.375267267227173,sensor_data,2025-12-10 12:56:20.263
T7,AIN51,LoadCell,-2.40207576751709,sensor_data,2025-12-10 12:56:20.263
T7,AIN0,LoadCell,-2.4071221351623535,sensor_data,2025-12-10 12:56:20.263
T7,AIN51,LoadCell,-2.433615207672119,sensor_data,2025-12-10 12:56:20.263
T7,AIN0,LoadCell,-2.438661575317383,sensor_data,2025-12-10 12:56:20.263
T7,AIN51,LoadCell,-2.4645237922668457,sensor_data,2025-12-10 12:56:20.263
T7,AIN0,LoadCell,-2.4670469760894775,sensor_data,2025-12-10 12:56:20.263
T7,AIN51,LoadCell,-2.4900708198547363,sensor_data,2025-12-10 12:56:20.263
T7,AIN0,LoadCell,-2.4884939193725586,sensor_data,2025-12-10 12:56:20.263
T7,AIN51,LoadCell,-2.5080482959747314,sensor_data,2025-12-10 12:56:20.263
T7,AIN0,LoadCell,-2.4973249435424805,sensor_data,2025-12-10 12:56:20.263
T7,AIN51,LoadCell,-2.513094663619995,sensor_data,2025-12-10 12:56:20.263
T7,AIN0,LoadCell,-2.4903862476348877,sensor_data,2025-12-10 12:56:20.263
T7,AIN51,LoadCell,-2.5036327838897705,sensor_data,2025-12-10 12:56:20.263
T7,AIN0,LoadCell,-2.472724199295044,sensor_data,2025-12-10 12:56:20.263
T7,AIN51,LoadCell,-2.4850244522094727,sensor_data,2025-12-10 12:56:20.263
T7,AIN0,LoadCell,-2.4481234550476074,sensor_data,2025-12-10 12:56:20.263
T7,AIN51,LoadCell,-2.460423707962036,sensor_data,2025-12-10 12:56:20.263
T7,AIN0,LoadCell,-2.421945571899414,sensor_data,2025-12-10 12:56:20.263
T7,AIN51,LoadCell,-2.433615207672119,sensor_data,2025-12-10 12:56:20.263
T7,AIN0,LoadCell,-2.3945062160491943,sensor_data,2025-12-10 12:56:20.263
T7,AIN51,LoadCell,-2.406491279602051,sensor_data,2025-12-10 12:56:20.263
T7,AIN0,LoadCell,-2.367382287979126,sensor_data,2025-12-10 12:56:20.263
T7,AIN51,LoadCell,-2.379682779312134,sensor_data,2025-12-10 12:56:20.263
T7,AIN0,LoadCell,-2.3408892154693604,sensor_data,2025-12-10 12:56:20.263
T7,AIN51,LoadCell,-2.3535051345825195,sensor_data,2025-12-10 12:56:20.263
T7,AIN0,LoadCell,-2.3150269985198975,sensor_data,2025-12-10 12:56:20.263
T7,AIN51,LoadCell,-2.327327251434326,sensor_data,2025-12-10 12:56:20.263
T7,AIN0,LoadCell,-2.2901108264923096,sensor_data,2025-12-10 12:56:20.263
T7,AIN51,LoadCell,-2.3024110794067383,sensor_data,2025-12-10 12:56:20.263
T7,AIN0,LoadCell,-2.2648792266845703,sensor_data,2025-12-10 12:56:20.263
T7,AIN51,LoadCell,-2.277179479598999,sensor_data,2025-12-10 12:56:20.263
T7,AIN0,LoadCell,-2.237755298614502,sensor_data,2025-12-10 12:56:20.263
T7,AIN51,LoadCell,-2.2510018348693848,sensor_data,2025-12-10 12:56:20.263
T7,AIN0,LoadCell,-2.2096850872039795,sensor_data,2025-12-10 12:56:20.263
T7,AIN51,LoadCell,-2.2219855785369873,sensor_data,2025-12-10 12:56:20.263
T7,AIN0,LoadCell,-2.184138298034668,sensor_data,2025-12-10 12:56:20.263
T7,AIN51,LoadCell,-2.1970694065093994,sensor_data,2025-12-10 12:56:20.263
T7,AIN0,LoadCell,-2.1623759269714355,sensor_data,2025-12-10 12:56:20.263
T7,AIN51,LoadCell,-2.1749918460845947,sensor_data,2025-12-10 12:56:20.263
T7,AIN0,LoadCell,-2.138721466064453,sensor_data,2025-12-10 12:56:20.263
T7,AIN51,LoadCell,-2.151968002319336,sensor_data,2025-12-10 12:56:20.263
T7,AIN0,LoadCell,-2.1150667667388916,sensor_data,2025-12-10 12:56:20.263
T7,AIN51,LoadCell,-2.128944158554077,sensor_data,2025-12-10 12:56:20.263
T7,AIN0,LoadCell,-2.0917277336120605,sensor_data,2025-12-10 12:56:20.263
T7,AIN51,LoadCell,-2.105605125427246,sensor_data,2025-12-10 12:56:20.263
T7,AIN0,LoadCell,-2.0687038898468018,sensor_data,2025-12-10 12:56:20.263
T7,AIN51,LoadCell,-2.0819504261016846,sensor_data,2025-12-10 12:56:20.263
T7,AIN0,LoadCell,-2.045680046081543,sensor_data,2025-12-10 12:56:20.263
T7,AIN51,LoadCell,-2.0586111545562744,sensor_data,2025-12-10 12:56:20.263
T7,AIN0,LoadCell,-2.020763874053955,sensor_data,2025-12-10 12:56:20.263
T7,AIN51,LoadCell,-2.034010410308838,sensor_data,2025-12-10 12:56:20.263
T7,AIN0,LoadCell,-1.99647855758667,sensor_data,2025-12-10 12:56:20.263
T7,AIN51,LoadCell,-2.0097250938415527,sensor_data,2025-12-10 12:56:20.263
T7,AIN0,LoadCell,-1.9725085496902466,sensor_data,2025-12-10 12:56:20.263
T7,AIN51,LoadCell,-1.9860705137252808,sensor_data,2025-12-10 12:56:20.263
T7,AIN0,LoadCell,-1.9498002529144287,sensor_data,2025-12-10 12:56:20.263
T7,AIN51,LoadCell,-1.9630467891693115,sensor_data,2025-12-10 12:56:20.263
T7,AIN0,LoadCell,-1.9270918369293213,sensor_data,2025-12-10 12:56:20.263
T7,AIN51,LoadCell,-1.940338373184204,sensor_data,2025-12-10 12:56:20.263
T7,AIN0,LoadCell,-1.9040679931640625,sensor_data,2025-12-10 12:56:20.263
T7,AIN51,LoadCell,-1.9185761213302612,sensor_data,2025-12-10 12:56:20.263
T7,AIN0,LoadCell,-1.8819904327392578,sensor_data,2025-12-10 12:56:20.263
T7,AIN51,LoadCell,-1.895552396774292,sensor_data,2025-12-10 12:56:20.263
T7,AIN0,LoadCell,-1.858966588973999,sensor_data,2025-12-10 12:56:20.263
T7,AIN51,LoadCell,-1.873159408569336,sensor_data,2025-12-10 12:56:20.263
T7,AIN0,LoadCell,-1.8375197649002075,sensor_data,2025-12-10 12:56:20.263
T7,AIN51,LoadCell,-1.8520278930664062,sensor_data,2025-12-10 12:56:20.263
T7,AIN0,LoadCell,-1.816072940826416,sensor_data,2025-12-10 12:56:20.263
T7,AIN51,LoadCell,-1.829004168510437,sensor_data,2025-12-10 12:56:20.263
T7,AIN0,LoadCell,-1.790526032447815,sensor_data,2025-12-10 12:56:20.263
T7,AIN51,LoadCell,-1.8040879964828491,sensor_data,2025-12-10 12:56:20.263
T7,AIN0,LoadCell,-1.7671868801116943,sensor_data,2025-12-10 12:56:20.263
T7,AIN51,LoadCell,-1.7813795804977417,sensor_data,2025-12-10 12:56:20.263
T7,AIN0,LoadCell,-1.7466862201690674,sensor_data,2025-12-10 12:56:20.263
T7,AIN51,LoadCell,-1.760563611984253,sensor_data,2025-12-10 12:56:20.263
T7,AIN0,LoadCell,-1.725870132446289,sensor_data,2025-12-10 12:56:20.263
T7,AIN51,LoadCell,-1.7403783798217773,sensor_data,2025-12-10 12:56:20.263
T7,AIN0,LoadCell,-1.7044233083724976,sensor_data,2025-12-10 12:56:20.263
T7,AIN51,LoadCell,-1.718300700187683,sensor_data,2025-12-10 12:56:20.263
T7,AIN0,LoadCell,-1.6836073398590088,sensor_data,2025-12-10 12:56:20.263
T7,AIN51,LoadCell,-1.6978000402450562,sensor_data,2025-12-10 12:56:20.263
T7,AIN0,LoadCell,-1.6631066799163818,sensor_data,2025-12-10 12:56:20.263
T7,AIN51,LoadCell,-1.6772994995117188,sensor_data,2025-12-10 12:56:20.263
T7,AIN0,LoadCell,-1.642290711402893,sensor_data,2025-12-10 12:56:20.263
T7,AIN51,LoadCell,-1.656167984008789,sensor_data,2025-12-10 12:56:20.263
T7,AIN0,LoadCell,-1.6202130317687988,sensor_data,2025-12-10 12:56:20.263
T7,AIN51,LoadCell,-1.6340904235839844,sensor_data,2025-12-10 12:56:20.263
T7,AIN0,LoadCell,-1.5987662076950073,sensor_data,2025-12-10 12:56:20.263
T7,AIN51,LoadCell,-1.6129590272903442,sensor_data,2025-12-10 12:56:20.263
T7,AIN0,LoadCell,-1.5792118310928345,sensor_data,2025-12-10 12:56:20.263
T7,AIN51,LoadCell,-1.5927737951278687,sensor_data,2025-12-10 12:56:20.263
T7,AIN0,LoadCell,-1.5580803155899048,sensor_data,2025-12-10 12:56:20.263
T7,AIN51,LoadCell,-1.5725884437561035,sensor_data,2025-12-10 12:56:20.263
T7,AIN0,LoadCell,-1.537264347076416,sensor_data,2025-12-10 12:56:20.263
T7,AIN51,LoadCell,-1.5511417388916016,sensor_data,2025-12-10 12:56:20.263
T7,AIN0,LoadCell,-1.5170791149139404,sensor_data,2025-12-10 12:56:20.263
T7,AIN51,LoadCell,-1.5306410789489746,sensor_data,2025-12-10 12:56:20.263
T7,AIN0,LoadCell,-1.4965784549713135,sensor_data,2025-12-10 12:56:20.263
T7,AIN51,LoadCell,-1.5107711553573608,sensor_data,2025-12-10 12:56:20.263
T7,AIN0,LoadCell,-1.4776548147201538,sensor_data,2025-12-10 12:56:20.263
T7,AIN51,LoadCell,-1.4915320873260498,sensor_data,2025-12-10 12:56:20.263
T7,AIN0,LoadCell,-1.4647235870361328,sensor_data,2025-12-10 12:56:20.263
T7,AIN51,LoadCell,-1.4798625707626343,sensor_data,2025-12-10 12:56:20.263
T7,AIN0,LoadCell,-1.4530540704727173,sensor_data,2025-12-10 12:56:20.263
T7,AIN51,LoadCell,-1.4678775072097778,sensor_data,2025-12-10 12:56:20.263
T7,AIN0,LoadCell,-1.4369689226150513,sensor_data,2025-12-10 12:56:20.263
T7,AIN51,LoadCell,-1.4511616230010986,sensor_data,2025-12-10 12:56:20.263
T7,AIN0,LoadCell,-1.4193068742752075,sensor_data,2025-12-10 12:56:20.263
T7,AIN51,LoadCell,-1.4347611665725708,sensor_data,2025-12-10 12:56:20.263
T7,AIN0,LoadCell,-1.4047986268997192,sensor_data,2025-12-10 12:56:20.263
T7,AIN51,LoadCell,-1.4193068742752075,sensor_data,2025-12-10 12:56:20.263
T7,AIN0,LoadCell,-1.38808274269104,sensor_data,2025-12-10 12:56:20.263
T7,AIN51,LoadCell,-1.4029062986373901,sensor_data,2025-12-10 12:56:20.263
T7,AIN0,LoadCell,-1.3713668584823608,sensor_data,2025-12-10 12:56:20.263
T7,AIN51,LoadCell,-1.3852442502975464,sensor_data,2025-12-10 12:56:20.263
T7,AIN0,LoadCell,-1.3524432182312012,sensor_data,2025-12-10 12:56:20.263
T7,AIN51,LoadCell,-1.3666359186172485,sensor_data,2025-12-10 12:56:20.263
T7,AIN0,LoadCell,-1.3335195779800415,sensor_data,2025-12-10 12:56:20.263
T7,AIN51,LoadCell,-1.3473968505859375,sensor_data,2025-12-10 12:56:20.263
T7,AIN0,LoadCell,-1.313965082168579,sensor_data,2025-12-10 12:56:20.263
T7,AIN51,LoadCell,-1.328157901763916,sensor_data,2025-12-10 12:56:20.263
T7,AIN0,LoadCell,-1.294726014137268,sensor_data,2025-12-10 12:56:20.263
T7,AIN51,LoadCell,-1.3086034059524536,sensor_data,2025-12-10 12:56:20.263
T7,AIN0,LoadCell,-1.275486946105957,sensor_data,2025-12-10 12:56:20.263
T7,AIN51,LoadCell,-1.2890489101409912,sensor_data,2025-12-10 12:56:20.263
T7,AIN0,LoadCell,-1.2556171417236328,sensor_data,2025-12-10 12:56:20.263
T7,AIN51,LoadCell,-1.2694945335388184,sensor_data,2025-12-10 12:56:20.263
T7,AIN0,LoadCell,-1.237008810043335,sensor_data,2025-12-10 12:56:20.263
T7,AIN51,LoadCell,-1.2508862018585205,sensor_data,2025-12-10 12:56:20.263
T7,AIN0,LoadCell,-1.218716025352478,sensor_data,2025-12-10 12:56:20.263
T7,AIN51,LoadCell,-1.2329087257385254,sensor_data,2025-12-10 12:56:20.263
T7,AIN0,LoadCell,-1.2004231214523315,sensor_data,2025-12-10 12:56:20.263
T7,AIN51,LoadCell,-1.214300513267517,sensor_data,2025-12-10 12:56:20.263
T7,AIN0,LoadCell,-1.1808686256408691,sensor_data,2025-12-10 12:56:20.263
T7,AIN51,LoadCell,-1.1953767538070679,sensor_data,2025-12-10 12:56:20.263
T7,AIN0,LoadCell,-1.1625758409500122,sensor_data,2025-12-10 12:56:20.263
T7,AIN51,LoadCell,-1.1764531135559082,sensor_data,2025-12-10 12:56:20.263
T7,AIN0,LoadCell,-1.1442829370498657,sensor_data,2025-12-10 12:56:20.263
T7,AIN51,LoadCell,-1.1581602096557617,sensor_data,2025-12-10 12:56:20.263
T7,AIN0,LoadCell,-1.1234668493270874,sensor_data,2025-12-10 12:56:20.263
T7,AIN51,LoadCell,-1.1367133855819702,sensor_data,2025-12-10 12:56:20.263
T7,AIN0,LoadCell,-1.10075843334198,sensor_data,2025-12-10 12:56:20.263
T7,AIN51,LoadCell,-1.1140050888061523,sensor_data,2025-12-10 12:56:20.263
T7,AIN0,LoadCell,-1.0805732011795044,sensor_data,2025-12-10 12:56:20.263
T7,AIN51,LoadCell,-1.09445059299469,sensor_data,2025-12-10 12:56:20.263
T7,AIN0,LoadCell,-1.0635418891906738,sensor_data,2025-12-10 12:56:20.263
T7,AIN51,LoadCell,-1.0777347087860107,sensor_data,2025-12-10 12:56:20.263
T7,AIN0,LoadCell,-1.0465106964111328,sensor_data,2025-12-10 12:56:20.263
T7,AIN51,LoadCell,-1.0597572326660156,sensor_data,2025-12-10 12:56:20.263
T7,AIN0,LoadCell,-1.0275869369506836,sensor_data,2025-12-10 12:56:20.263
T7,AIN51,LoadCell,-1.0414643287658691,sensor_data,2025-12-10 12:56:20.263
T7,AIN0,LoadCell,-1.008663296699524,sensor_data,2025-12-10 12:56:20.263
T7,AIN51,LoadCell,-1.0225406885147095,sensor_data,2025-12-10 12:56:20.263
T7,AIN0,LoadCell,-0.9897396564483643,sensor_data,2025-12-10 12:56:20.263
T7,AIN51,LoadCell,-1.0033016204833984,sensor_data,2025-12-10 12:56:20.263
T7,AIN0,LoadCell,-0.9723929762840271,sensor_data,2025-12-10 12:56:20.263
T7,AIN51,LoadCell,-0.9859549403190613,sensor_data,2025-12-10 12:56:20.263
T7,AIN0,LoadCell,-0.9547308683395386,sensor_data,2025-12-10 12:56:20.263
T7,AIN51,LoadCell,-0.9679774641990662,sensor_data,2025-12-10 12:56:20.263
T7,AIN0,LoadCell,-0.9373841881752014,sensor_data,2025-12-10 12:56:20.263
T7,AIN51,LoadCell,-0.9503153562545776,sensor_data,2025-12-10 12:56:20.263
T7,AIN0,LoadCell,-0.9184605479240417,sensor_data,2025-12-10 12:56:20.263
T7,AIN51,LoadCell,-0.9320224523544312,sensor_data,2025-12-10 12:56:20.263
T7,AIN0,LoadCell,-0.8995368480682373,sensor_data,2025-12-10 12:56:20.263
T7,AIN51,LoadCell,-0.9127834439277649,sensor_data,2025-12-10 12:56:20.263
T7,AIN0,LoadCell,-0.8806132078170776,sensor_data,2025-12-10 12:56:20.263
T7,AIN51,LoadCell,-0.8938597440719604,sensor_data,2025-12-10 12:56:20.263
T7,AIN0,LoadCell,-0.8616895079612732,sensor_data,2025-12-10 12:56:20.263
T7,AIN51,LoadCell,-0.8749361038208008,sensor_data,2025-12-10 12:56:20.263
T7,AIN0,LoadCell,-0.8430812358856201,sensor_data,2025-12-10 12:56:20.263
T7,AIN51,LoadCell,-0.8563278317451477,sensor_data,2025-12-10 12:56:20.263
T7,AIN0,LoadCell,-0.8247883915901184,sensor_data,2025-12-10 12:56:20.263
T7,AIN51,LoadCell,-0.8374041318893433,sensor_data,2025-12-10 12:56:20.263
T7,AIN0,LoadCell,-0.805864691734314,sensor_data,2025-12-10 12:56:20.263
T7,AIN51,LoadCell,-0.8194266557693481,sensor_data,2025-12-10 12:56:20.263
T7,AIN0,LoadCell,-0.7856794595718384,sensor_data,2025-12-10 12:56:20.263
T7,AIN51,LoadCell,-0.7986106276512146,sensor_data,2025-12-10 12:56:20.263
T7,AIN0,LoadCell,-0.7629711031913757,sensor_data,2025-12-10 12:56:20.263
T7,AIN51,LoadCell,-0.775902271270752,sensor_data,2025-12-10 12:56:20.263
T7,AIN0,LoadCell,-0.7431012392044067,sensor_data,2025-12-10 12:56:20.263
T7,AIN51,LoadCell,-0.7563477754592896,sensor_data,2025-12-10 12:56:20.263
T7,AIN0,LoadCell,-0.7273315191268921,sensor_data,2025-12-10 12:56:20.263
T7,AIN51,LoadCell,-0.7399473190307617,sensor_data,2025-12-10 12:56:20.263
T7,AIN0,LoadCell,-0.7096694111824036,sensor_data,2025-12-10 12:56:20.263
T7,AIN51,LoadCell,-0.7229160070419312,sensor_data,2025-12-10 12:56:20.263
T7,AIN0,LoadCell,-0.6920073628425598,sensor_data,2025-12-10 12:56:20.263
T7,AIN51,LoadCell,-0.704938530921936,sensor_data,2025-12-10 12:56:20.263
T7,AIN0,LoadCell,-0.6743452548980713,sensor_data,2025-12-10 12:56:20.263
T7,AIN51,LoadCell,-0.686330258846283,sensor_data,2025-12-10 12:56:20.263
T7,AIN0,LoadCell,-0.6560523509979248,sensor_data,2025-12-10 12:56:20.263
T7,AIN51,LoadCell,-0.6686681509017944,sensor_data,2025-12-10 12:56:20.263
T7,AIN0,LoadCell,-0.6377595067024231,sensor_data,2025-12-10 12:56:20.263
T7,AIN51,LoadCell,-0.6503753066062927,sensor_data,2025-12-10 12:56:20.263
T7,AIN0,LoadCell,-0.619782030582428,sensor_data,2025-12-10 12:56:20.263
T7,AIN51,LoadCell,-0.6327131986618042,sensor_data,2025-12-10 12:56:20.263
T7,AIN0,LoadCell,-0.6027507185935974,sensor_data,2025-12-10 12:56:20.263
T7,AIN51,LoadCell,-0.615366518497467,sensor_data,2025-12-10 12:56:20.263
T7,AIN0,LoadCell,-0.5850886702537537,sensor_data,2025-12-10 12:56:20.263
T7,AIN51,LoadCell,-0.5977044105529785,sensor_data,2025-12-10 12:56:20.263
T7,AIN0,LoadCell,-0.5667957663536072,sensor_data,2025-12-10 12:56:20.263
T7,AIN51,LoadCell,-0.5790961384773254,sensor_data,2025-12-10 12:56:20.263
T7,AIN0,LoadCell,-0.5425103902816772,sensor_data,2025-12-10 12:56:20.263
T7,AIN51,LoadCell,-0.553864598274231,sensor_data,2025-12-10 12:56:20.263
T7,AIN0,LoadCell,-0.5153864622116089,sensor_data,2025-12-10 12:56:20.263
T7,AIN51,LoadCell,-0.527056097984314,sensor_data,2025-12-10 12:56:20.263
T7,AIN0,LoadCell,-0.49110111594200134,sensor_data,2025-12-10 12:56:20.263
T7,AIN51,LoadCell,-0.503401517868042,sensor_data,2025-12-10 12:56:20.263
T7,AIN0,LoadCell,-0.46933889389038086,sensor_data,2025-12-10 12:56:20.263
T7,AIN51,LoadCell,-0.48100849986076355,sensor_data,2025-12-10 12:56:20.263
T7,AIN0,LoadCell,-0.4485228657722473,sensor_data,2025-12-10 12:56:20.263
T7,AIN51,LoadCell,-0.4605078399181366,sensor_data,2025-12-10 12:56:20.263
T7,AIN0,LoadCell,-0.42770683765411377,sensor_data,2025-12-10 12:56:20.263
T7,AIN51,LoadCell,-0.4390610456466675,sensor_data,2025-12-10 12:56:20.263
T7,AIN0,LoadCell,-0.4053138196468353,sensor_data,2025-12-10 12:56:20.263
T7,AIN51,LoadCell,-0.417614221572876,sensor_data,2025-12-10 12:56:20.263
T7,AIN0,LoadCell,-0.38702094554901123,sensor_data,2025-12-10 12:56:20.263
T7,AIN51,LoadCell,-0.39963674545288086,sensor_data,2025-12-10 12:56:20.263
T7,AIN0,LoadCell,-0.370620459318161,sensor_data,2025-12-10 12:56:20.263
T7,AIN51,LoadCell,-0.38355162739753723,sensor_data,2025-12-10 12:56:20.263
T7,AIN0,LoadCell,-0.35485073924064636,sensor_data,2025-12-10 12:56:20.263
T7,AIN51,LoadCell,-0.3677819073200226,sensor_data,2025-12-10 12:56:20.263
T7,AIN0,LoadCell,-0.3393964171409607,sensor_data,2025-12-10 12:56:20.263
T7,AIN51,LoadCell,-0.35201218724250793,sensor_data,2025-12-10 12:56:20.263
T7,AIN0,LoadCell,-0.3245728611946106,sensor_data,2025-12-10 12:56:20.263
T7,AIN51,LoadCell,-0.33655786514282227,sensor_data,2025-12-10 12:56:20.263
T7,AIN0,LoadCell,-0.30880314111709595,sensor_data,2025-12-10 12:56:20.263
T7,AIN51,LoadCell,-0.32204970717430115,sensor_data,2025-12-10 12:56:20.263
T7,AIN0,LoadCell,-0.29366421699523926,sensor_data,2025-12-10 12:56:20.263
T7,AIN51,LoadCell,-0.30722618103027344,sensor_data,2025-12-10 12:56:20.263
T7,AIN0,LoadCell,-0.27884069085121155,sensor_data,2025-12-10 12:56:20.263
T7,AIN51,LoadCell,-0.2927180230617523,sensor_data,2025-12-10 12:56:20.263
T7,AIN0,LoadCell,-0.26370173692703247,sensor_data,2025-12-10 12:56:20.263
T7,AIN51,LoadCell,-0.2778944969177246,sensor_data,2025-12-10 12:56:20.263
T7,AIN0,LoadCell,-0.25045517086982727,sensor_data,2025-12-10 12:56:20.263
T7,AIN51,LoadCell,-0.26401713490486145,sensor_data,2025-12-10 12:56:20.263
T7,AIN0,LoadCell,-0.23626244068145752,sensor_data,2025-12-10 12:56:20.263
T7,AIN51,LoadCell,-0.25045517086982727,sensor_data,2025-12-10 12:56:20.263
T7,AIN0,LoadCell,-0.22364665567874908,sensor_data,2025-12-10 12:56:20.263
T7,AIN51,LoadCell,-0.238154798746109,sensor_data,2025-12-10 12:56:20.263
T7,AIN0,LoadCell,-0.21134628355503082,sensor_data,2025-12-10 12:56:20.263
T7,AIN51,LoadCell,-0.22616980969905853,sensor_data,2025-12-10 12:56:20.263
T7,AIN0,LoadCell,-0.19967669248580933,sensor_data,2025-12-10 12:56:20.263
T7,AIN51,LoadCell,-0.215131014585495,sensor_data,2025-12-10 12:56:20.263
T7,AIN0,LoadCell,-0.18895328044891357,sensor_data,2025-12-10 12:56:20.263
T7,AIN51,LoadCell,-0.20472300052642822,sensor_data,2025-12-10 12:56:20.263
T7,AIN0,LoadCell,-0.17917604744434357,sensor_data,2025-12-10 12:56:20.263
T7,AIN51,LoadCell,-0.19557656347751617,sensor_data,2025-12-10 12:56:20.263
T7,AIN0,LoadCell,-0.16845263540744781,sensor_data,2025-12-10 12:56:20.263
T7,AIN51,LoadCell,-0.1854839324951172,sensor_data,2025-12-10 12:56:20.263
T7,AIN0,LoadCell,-0.1570984423160553,sensor_data,2025-12-10 12:56:20.263
T7,AIN51,LoadCell,-0.17476053535938263,sensor_data,2025-12-10 12:56:20.263
T7,AIN0,LoadCell,-0.14921358227729797,sensor_data,2025-12-10 12:56:20.263
T7,AIN51,LoadCell,-0.16813725233078003,sensor_data,2025-12-10 12:56:20.263
T7,AIN0,LoadCell,-0.1470058262348175,sensor_data,2025-12-10 12:56:20.263
T7,AIN51,LoadCell,-0.16466790437698364,sensor_data,2025-12-10 12:56:20.263
T7,AIN0,LoadCell,-0.1438518762588501,sensor_data,2025-12-10 12:56:20.263
T7,AIN51,LoadCell,-0.16246014833450317,sensor_data,2025-12-10 12:56:20.263
T7,AIN0,LoadCell,-0.13975174725055695,sensor_data,2025-12-10 12:56:20.263
T7,AIN51,LoadCell,-0.158675417304039,sensor_data,2025-12-10 12:56:20.263
T7,AIN0,LoadCell,-0.13628241419792175,sensor_data,2025-12-10 12:56:20.263
T7,AIN51,LoadCell,-0.1555214673280716,sensor_data,2025-12-10 12:56:20.263
T7,AIN0,LoadCell,-0.13344386219978333,sensor_data,2025-12-10 12:56:20.263
T7,AIN51,LoadCell,-0.1520521342754364,sensor_data,2025-12-10 12:56:20.263
T7,AIN0,LoadCell,-0.12934373319149017,sensor_data,2025-12-10 12:56:20.263
T7,AIN51,LoadCell,-0.14952898025512695,sensor_data,2025-12-10 12:56:20.263
T7,AIN0,LoadCell,-0.12682057917118073,sensor_data,2025-12-10 12:56:20.263
T7,AIN51,LoadCell,-0.14669042825698853,sensor_data,2025-12-10 12:56:20.263
T7,AIN0,LoadCell,-0.125559002161026,sensor_data,2025-12-10 12:56:20.263
T7,AIN51,LoadCell,-0.14511345326900482,sensor_data,2025-12-10 12:56:20.263
T7,AIN0,LoadCell,-0.12461282312870026,sensor_data,2025-12-10 12:56:20.263
T7,AIN51,LoadCell,-0.14448267221450806,sensor_data,2025-12-10 12:56:20.263
T7,AIN0,LoadCell,-0.12272045016288757,sensor_data,2025-12-10 12:56:20.263
T7,AIN51,LoadCell,-0.14290569722652435,sensor_data,2025-12-10 12:56:20.263
T7,AIN0,LoadCell,-0.12177427113056183,sensor_data,2025-12-10 12:56:20.263
T7,AIN51,LoadCell,-0.1419595181941986,sensor_data,2025-12-10 12:56:20.263
T7,AIN0,LoadCell,-0.12145887315273285,sensor_data,2025-12-10 12:56:20.263
T7,AIN51,LoadCell,-0.14164412021636963,sensor_data,2025-12-10 12:56:20.263
T7,AIN0,LoadCell,-0.1205126941204071,sensor_data,2025-12-10 12:56:20.263
T7,AIN51,LoadCell,-0.14101332426071167,sensor_data,2025-12-10 12:56:20.263
T7,AIN0,LoadCell,-0.1205126941204071,sensor_data,2025-12-10 12:56:20.263
T7,AIN51,LoadCell,-0.14101332426071167,sensor_data,2025-12-10 12:56:20.263
T7,AIN0,LoadCell,-0.11988190561532974,sensor_data,2025-12-10 12:56:20.263
T7,AIN51,LoadCell,-0.1403825432062149,sensor_data,2025-12-10 12:56:20.263
T7,AIN0,LoadCell,-0.11798954010009766,sensor_data,2025-12-10 12:56:20.263
T7,AIN51,LoadCell,-0.13849017024040222,sensor_data,2025-12-10 12:56:20.263
T7,AIN0,LoadCell,-0.11294322460889816,sensor_data,2025-12-10 12:56:20.263
T7,AIN51,LoadCell,-0.13470543920993805,sensor_data,2025-12-10 12:56:20.263
T7,AIN0,LoadCell,-0.11357401311397552,sensor_data,2025-12-10 12:56:20.263
T7,AIN51,LoadCell,-0.13439004123210907,sensor_data,2025-12-10 12:56:20.263
T7,AIN0,LoadCell,-0.11609716713428497,sensor_data,2025-12-10 12:56:20.263
T7,AIN51,LoadCell,-0.13659781217575073,sensor_data,2025-12-10 12:56:20.263
T7,AIN0,LoadCell,-0.1173587515950203,sensor_data,2025-12-10 12:56:20.263
T7,AIN51,LoadCell,-0.13817477226257324,sensor_data,2025-12-10 12:56:20.263
T7,AIN0,LoadCell,-0.11862032860517502,sensor_data,2025-12-10 12:56:20.263
T7,AIN51,LoadCell,-0.13849017024040222,sensor_data,2025-12-10 12:56:20.263
T7,AIN0,LoadCell,-0.11862032860517502,sensor_data,2025-12-10 12:56:20.263
T7,AIN51,LoadCell,-0.1388055682182312,sensor_data,2025-12-10 12:56:20.263
T7,AIN0,LoadCell,-0.11798954010009766,sensor_data,2025-12-10 12:56:20.263
T7,AIN51,LoadCell,-0.13849017024040222,sensor_data,2025-12-10 12:56:20.263
T7,AIN0,LoadCell,-0.11798954010009766,sensor_data,2025-12-10 12:56:20.263
T7,AIN51,LoadCell,-0.1388055682182312,sensor_data,2025-12-10 12:56:20.263
T7,AIN0,LoadCell,-0.12429742515087128,sensor_data,2025-12-10 12:56:20.263
T7,AIN51,LoadCell,-0.14511345326900482,sensor_data,2025-12-10 12:56:20.263
T7,AIN0,LoadCell,-0.1321822851896286,sensor_data,2025-12-10 12:56:20.263
T7,AIN51,LoadCell,-0.15079055726528168,sensor_data,2025-12-10 12:56:20.263
T7,AIN0,LoadCell,-0.13502083718776703,sensor_data,2025-12-10 12:56:20.263
T7,AIN51,LoadCell,-0.15331371128559113,sensor_data,2025-12-10 12:56:20.263
T7,AIN0,LoadCell,-0.13439004123210907,sensor_data,2025-12-10 12:56:20.263
T7,AIN51,LoadCell,-0.1539444923400879,sensor_data,2025-12-10 12:56:20.263
T7,AIN0,LoadCell,-0.1337592601776123,sensor_data,2025-12-10 12:56:20.263
T7,AIN51,LoadCell,-0.1520521342754364,sensor_data,2025-12-10 12:56:20.263
T7,AIN0,LoadCell,-0.13186688721179962,sensor_data,2025-12-10 12:56:20.263
T7,AIN51,LoadCell,-0.1504751592874527,sensor_data,2025-12-10 12:56:20.263
T7,AIN0,LoadCell,-0.1290283352136612,sensor_data,2025-12-10 12:56:20.263
T7,AIN51,LoadCell,-0.148898184299469,sensor_data,2025-12-10 12:56:20.263
T7,AIN0,LoadCell,-0.12618979811668396,sensor_data,2025-12-10 12:56:20.263
T7,AIN51,LoadCell,-0.14669042825698853,sensor_data,2025-12-10 12:56:20.263
T7,AIN0,LoadCell,-0.12461282312870026,sensor_data,2025-12-10 12:56:20.263
T7,AIN51,LoadCell,-0.14448267221450806,sensor_data,2025-12-10 12:56:20.263
T7,AIN0,LoadCell,-0.12145887315273285,sensor_data,2025-12-10 12:56:20.263
T7,AIN51,LoadCell,-0.14164412021636963,sensor_data,2025-12-10 12:56:20.263
T7,AIN0,LoadCell,-0.11704335361719131,sensor_data,2025-12-10 12:56:20.263
T7,AIN51,LoadCell,-0.1372285932302475,sensor_data,2025-12-10 12:56:20.263
T7,AIN0,LoadCell,-0.11609716713428497,sensor_data,2025-12-10 12:56:20.263
T7,AIN51,LoadCell,-0.13754399120807648,sensor_data,2025-12-10 12:56:20.263
T7,AIN0,LoadCell,-0.11767414212226868,sensor_data,2025-12-10 12:56:20.263
T7,AIN51,LoadCell,-0.13817477226257324,sensor_data,2025-12-10 12:56:20.263
T7,AIN0,LoadCell,-0.11925111711025238,sensor_data,2025-12-10 12:56:20.263
T7,AIN51,LoadCell,-0.13943634927272797,sensor_data,2025-12-10 12:56:20.263
T7,AIN0,LoadCell,-0.11862032860517502,sensor_data,2025-12-10 12:56:20.263
T7,AIN51,LoadCell,-0.1388055682182312,sensor_data,2025-12-10 12:56:20.263
T7,AIN0,LoadCell,-0.11830493062734604,sensor_data,2025-12-10 12:56:20.263
T7,AIN51,LoadCell,-0.13817477226257324,sensor_data,2025-12-10 12:56:20.263
T7,AIN0,LoadCell,-0.11798954010009766,sensor_data,2025-12-10 12:56:20.263
T7,AIN51,LoadCell,-0.13817477226257324,sensor_data,2025-12-10 12:56:20.263
T7,AIN0,LoadCell,-0.11798954010009766,sensor_data,2025-12-10 12:56:20.263
T7,AIN51,LoadCell,-0.13849017024040222,sensor_data,2025-12-10 12:56:20.263
T7,AIN0,LoadCell,-0.11798954010009766,sensor_data,2025-12-10 12:56:20.263
T7,AIN51,LoadCell,-0.13849017024040222,sensor_data,2025-12-10 12:56:20.263
T7,AIN0,LoadCell,-0.11767414212226868,sensor_data,2025-12-10 12:56:20.263
T7,AIN51,LoadCell,-0.13754399120807648,sensor_data,2025-12-10 12:56:20.263
T7,AIN0,LoadCell,-0.11767414212226868,sensor_data,2025-12-10 12:56:20.263
T7,AIN51,LoadCell,-0.13817477226257324,sensor_data,2025-12-10 12:56:20.263
T7,AIN0,LoadCell,-0.1173587515950203,sensor_data,2025-12-10 12:56:20.263
T7,AIN51,LoadCell,-0.13785938918590546,sensor_data,2025-12-10 12:56:20.263
T7,AIN0,LoadCell,-0.1173587515950203,sensor_data,2025-12-10 12:56:20.263
T7,AIN51,LoadCell,-0.13754399120807648,sensor_data,2025-12-10 12:56:20.263
T7,AIN0,LoadCell,-0.1173587515950203,sensor_data,2025-12-10 12:56:20.263
T7,AIN51,LoadCell,-0.13754399120807648,sensor_data,2025-12-10 12:56:20.263
T7,AIN0,LoadCell,-0.11641256511211395,sensor_data,2025-12-10 12:56:20.263
T7,AIN51,LoadCell,-0.13691319525241852,sensor_data,2025-12-10 12:56:20.263
T7,AIN0,LoadCell,-0.11452019959688187,sensor_data,2025-12-10 12:56:20.263
T7,AIN51,LoadCell,-0.1356516182422638,sensor_data,2025-12-10 12:56:20.263
T7,AIN0,LoadCell,-0.11420480161905289,sensor_data,2025-12-10 12:56:20.263
T7,AIN51,LoadCell,-0.13502083718776703,sensor_data,2025-12-10 12:56:20.263
T7,AIN0,LoadCell,-0.11262783408164978,sensor_data,2025-12-10 12:56:20.263
T7,AIN51,LoadCell,-0.13344386219978333,sensor_data,2025-12-10 12:56:20.263
T7,AIN0,LoadCell,-0.11010468006134033,sensor_data,2025-12-10 12:56:20.263
T7,AIN51,LoadCell,-0.13155148923397064,sensor_data,2025-12-10 12:56:20.263
T7,AIN0,LoadCell,-0.11105085909366608,sensor_data,2025-12-10 12:56:20.263
T7,AIN51,LoadCell,-0.13249768316745758,sensor_data,2025-12-10 12:56:20.263
T7,AIN0,LoadCell,-0.11325862258672714,sensor_data,2025-12-10 12:56:20.263
T7,AIN51,LoadCell,-0.1337592601776123,sensor_data,2025-12-10 12:56:20.263
T7,AIN0,LoadCell,-0.1138894110918045,sensor_data,2025-12-10 12:56:20.263
T7,AIN51,LoadCell,-0.13502083718776703,sensor_data,2025-12-10 12:56:20.263
T7,AIN0,LoadCell,-0.11452019959688187,sensor_data,2025-12-10 12:56:20.263
T7,AIN51,LoadCell,-0.135336235165596,sensor_data,2025-12-10 12:56:20.263
T7,AIN0,LoadCell,-0.11578177660703659,sensor_data,2025-12-10 12:56:20.263
T7,AIN51,LoadCell,-0.13659781217575073,sensor_data,2025-12-10 12:56:20.263
T7,AIN0,LoadCell,-0.11704335361719131,sensor_data,2025-12-10 12:56:20.263
T7,AIN51,LoadCell,-0.13691319525241852,sensor_data,2025-12-10 12:56:20.263
T7,AIN0,LoadCell,-0.1173587515950203,sensor_data,2025-12-10 12:56:20.263
T7,AIN51,LoadCell,-0.1372285932302475,sensor_data,2025-12-10 12:56:20.263
T7,AIN0,LoadCell,-0.11704335361719131,sensor_data,2025-12-10 12:56:20.263
T7,AIN51,LoadCell,-0.13817477226257324,sensor_data,2025-12-10 12:56:20.263
T7,AIN0,LoadCell,-0.11704335361719131,sensor_data,2025-12-10 12:56:20.263
T7,AIN51,LoadCell,-0.1372285932302475,sensor_data,2025-12-10 12:56:20.263
T7,AIN0,LoadCell,-0.11641256511211395,sensor_data,2025-12-10 12:56:20.263
T7,AIN51,LoadCell,-0.13691319525241852,sensor_data,2025-12-10 12:56:20.263
T7,AIN0,LoadCell,-0.11578177660703659,sensor_data,2025-12-10 12:56:20.263
T7,AIN51,LoadCell,-0.13691319525241852,sensor_data,2025-12-10 12:56:20.263
T7,AIN0,LoadCell,-0.11609716713428497,sensor_data,2025-12-10 12:56:20.263
T7,AIN51,LoadCell,-0.13628241419792175,sensor_data,2025-12-10 12:56:20.263
T7,AIN0,LoadCell,-0.11609716713428497,sensor_data,2025-12-10 12:56:20.263
T7,AIN51,LoadCell,-0.13628241419792175,sensor_data,2025-12-10 12:56:20.263
T7,AIN0,LoadCell,-0.11452019959688187,sensor_data,2025-12-10 12:56:20.263
T7,AIN51,LoadCell,-0.1356516182422638,sensor_data,2025-12-10 12:56:20.263
T7,AIN0,LoadCell,-0.11515098810195923,sensor_data,2025-12-10 12:56:20.263
T7,AIN51,LoadCell,-0.135336235165596,sensor_data,2025-12-10 12:56:20.263
T7,AIN0,LoadCell,-0.11452019959688187,sensor_data,2025-12-10 12:56:20.263
T7,AIN51,LoadCell,-0.135336235165596,sensor_data,2025-12-10 12:56:20.263
T7,AIN0,LoadCell,-0.11357401311397552,sensor_data,2025-12-10 12:56:20.263
T7,AIN51,LoadCell,-0.13439004123210907,sensor_data,2025-12-10 12:56:20.263
T7,AIN0,LoadCell,-0.11042007058858871,sensor_data,2025-12-10 12:56:20.263
T7,AIN51,LoadCell,-0.13186688721179962,sensor_data,2025-12-10 12:56:20.263
T7,AIN0,LoadCell,-0.11168164759874344,sensor_data,2025-12-10 12:56:20.263
T7,AIN51,LoadCell,-0.13249768316745758,sensor_data,2025-12-10 12:56:20.263
T7,AIN0,LoadCell,-0.11357401311397552,sensor_data,2025-12-10 12:56:20.263
T7,AIN51,LoadCell,-0.13502083718776703,sensor_data,2025-12-10 12:56:20.263
T7,AIN0,LoadCell,-0.11609716713428497,sensor_data,2025-12-10 12:56:20.263
T7,AIN51,LoadCell,-0.13659781217575073,sensor_data,2025-12-10 12:56:20.263
T7,AIN0,LoadCell,-0.11136625707149506,sensor_data,2025-12-10 12:56:20.263
T7,AIN51,LoadCell,-0.1321822851896286,sensor_data,2025-12-10 12:56:20.263
T7,AIN0,LoadCell,-0.10442757606506348,sensor_data,2025-12-10 12:56:20.263
T7,AIN51,LoadCell,-0.12682057917118073,sensor_data,2025-12-10 12:56:20.263
T7,AIN0,LoadCell,-0.10253521054983139,sensor_data,2025-12-10 12:56:20.263
T7,AIN51,LoadCell,-0.12524360418319702,sensor_data,2025-12-10 12:56:20.263
T7,AIN0,LoadCell,-0.10285060852766037,sensor_data,2025-12-10 12:56:20.263
T7,AIN51,LoadCell,-0.12524360418319702,sensor_data,2025-12-10 12:56:20.263
T7,AIN0,LoadCell,-0.10474297404289246,sensor_data,2025-12-10 12:56:20.263
T7,AIN51,LoadCell,-0.12650518119335175,sensor_data,2025-12-10 12:56:20.263
T7,AIN0,LoadCell,-0.1056891530752182,sensor_data,2025-12-10 12:56:20.263
T7,AIN51,LoadCell,-0.12745137512683868,sensor_data,2025-12-10 12:56:20.263
T7,AIN0,LoadCell,-0.10695073008537292,sensor_data,2025-12-10 12:56:20.263
T7,AIN51,LoadCell,-0.1290283352136612,sensor_data,2025-12-10 12:56:20.263
T7,AIN0,LoadCell,-0.10884310305118561,sensor_data,2025-12-10 12:56:20.263
T7,AIN51,LoadCell,-0.1306053102016449,sensor_data,2025-12-10 12:56:20.263
T7,AIN0,LoadCell,-0.10915849357843399,sensor_data,2025-12-10 12:56:20.263
T7,AIN51,LoadCell,-0.13123610615730286,sensor_data,2025-12-10 12:56:20.263
T7,AIN0,LoadCell,-0.10947389155626297,sensor_data,2025-12-10 12:56:20.263
T7,AIN51,LoadCell,-0.13123610615730286,sensor_data,2025-12-10 12:56:20.263
T7,AIN0,LoadCell,-0.11105085909366608,sensor_data,2025-12-10 12:56:20.263
T7,AIN51,LoadCell,-0.13186688721179962,sensor_data,2025-12-10 12:56:20.263
T7,AIN0,LoadCell,-0.11168164759874344,sensor_data,2025-12-10 12:56:20.263
T7,AIN51,LoadCell,-0.13281308114528656,sensor_data,2025-12-10 12:56:20.263
T7,AIN0,LoadCell,-0.11199704557657242,sensor_data,2025-12-10 12:56:20.263
T7,AIN51,LoadCell,-0.13281308114528656,sensor_data,2025-12-10 12:56:20.263
T7,AIN0,LoadCell,-0.11168164759874344,sensor_data,2025-12-10 12:56:20.263
T7,AIN51,LoadCell,-0.1321822851896286,sensor_data,2025-12-10 12:56:20.263
T7,AIN0,LoadCell,-0.10852770507335663,sensor_data,2025-12-10 12:56:20.263
T7,AIN51,LoadCell,-0.12997452914714813,sensor_data,2025-12-10 12:56:20.263
T7,AIN0,LoadCell,-0.10978928208351135,sensor_data,2025-12-10 12:56:20.263
T7,AIN51,LoadCell,-0.1306053102016449,sensor_data,2025-12-10 12:56:20.263
T7,AIN0,LoadCell,-0.11325862258672714,sensor_data,2025-12-10 12:56:20.263
T7,AIN51,LoadCell,-0.13439004123210907,sensor_data,2025-12-10 12:56:20.263
T7,AIN0,LoadCell,-0.11546637862920761,sensor_data,2025-12-10 12:56:20.263
T7,AIN51,LoadCell,-0.13628241419792175,sensor_data,2025-12-10 12:56:20.263
T7,AIN0,LoadCell,-0.11672796308994293,sensor_data,2025-12-10 12:56:20.263
T7,AIN51,LoadCell,-0.13754399120807648,sensor_data,2025-12-10 12:56:20.263
T7,AIN0,LoadCell,-0.11704335361719131,sensor_data,2025-12-10 12:56:20.263
T7,AIN51,LoadCell,-0.1388055682182312,sensor_data,2025-12-10 12:56:20.263
T7,AIN0,LoadCell,-0.11830493062734604,sensor_data,2025-12-10 12:56:20.263
T7,AIN51,LoadCell,-0.1388055682182312,sensor_data,2025-12-10 12:56:20.263
T7,AIN0,LoadCell,-0.11862032860517502,sensor_data,2025-12-10 12:56:20.263
T7,AIN51,LoadCell,-0.1388055682182312,sensor_data,2025-12-10 12:56:20.263
T7,AIN0,LoadCell,-0.11830493062734604,sensor_data,2025-12-10 12:56:20.263
T7,AIN51,LoadCell,-0.13849017024040222,sensor_data,2025-12-10 12:56:20.263
T7,AIN0,LoadCell,-0.11704335361719131,sensor_data,2025-12-10 12:56:20.263
T7,AIN51,LoadCell,-0.13817477226257324,sensor_data,2025-12-10 12:56:20.263
T7,AIN0,LoadCell,-0.1173587515950203,sensor_data,2025-12-10 12:56:20.263
T7,AIN51,LoadCell,-0.13817477226257324,sensor_data,2025-12-10 12:56:20.263
T7,AIN0,LoadCell,-0.11578177660703659,sensor_data,2025-12-10 12:56:20.263
T7,AIN51,LoadCell,-0.13659781217575073,sensor_data,2025-12-10 12:56:20.263
T7,AIN0,LoadCell,-0.11609716713428497,sensor_data,2025-12-10 12:56:20.263
T7,AIN51,LoadCell,-0.13628241419792175,sensor_data,2025-12-10 12:56:20.263
T7,AIN0,LoadCell,-0.11515098810195923,sensor_data,2025-12-10 12:56:20.263
T7,AIN51,LoadCell,-0.13628241419792175,sensor_data,2025-12-10 12:56:20.263
T7,AIN0,LoadCell,-0.11483559012413025,sensor_data,2025-12-10 12:56:20.263
T7,AIN51,LoadCell,-0.1356516182422638,sensor_data,2025-12-10 12:56:20.263
T7,AIN0,LoadCell,-0.11515098810195923,sensor_data,2025-12-10 12:56:20.263
T7,AIN51,LoadCell,-0.13628241419792175,sensor_data,2025-12-10 12:56:20.263
T7,AIN0,LoadCell,-0.11515098810195923,sensor_data,2025-12-10 12:56:20.263
T7,AIN51,LoadCell,-0.13628241419792175,sensor_data,2025-12-10 12:56:20.263
T7,AIN0,LoadCell,-0.11357401311397552,sensor_data,2025-12-10 12:56:20.263
T7,AIN51,LoadCell,-0.13439004123210907,sensor_data,2025-12-10 12:56:20.263
T7,AIN0,LoadCell,-0.11168164759874344,sensor_data,2025-12-10 12:56:20.263
T7,AIN51,LoadCell,-0.13249768316745758,sensor_data,2025-12-10 12:56:20.263
T7,AIN0,LoadCell,-0.11294322460889816,sensor_data,2025-12-10 12:56:20.263
T7,AIN51,LoadCell,-0.1337592601776123,sensor_data,2025-12-10 12:56:20.263
T7,AIN0,LoadCell,-0.11609716713428497,sensor_data,2025-12-10 12:56:20.263
T7,AIN51,LoadCell,-0.13691319525241852,sensor_data,2025-12-10 12:56:20.263
T7,AIN0,LoadCell,-0.11767414212226868,sensor_data,2025-12-10 12:56:20.263
T7,AIN51,LoadCell,-0.13849017024040222,sensor_data,2025-12-10 12:56:20.263
T7,AIN0,LoadCell,-0.11798954010009766,sensor_data,2025-12-10 12:56:20.263
T7,AIN51,LoadCell,-0.13817477226257324,sensor_data,2025-12-10 12:56:20.263
T7,AIN0,LoadCell,-0.11767414212226868,sensor_data,2025-12-10 12:56:20.263
T7,AIN51,LoadCell,-0.13817477226257324,sensor_data,2025-12-10 12:56:20.263
T7,AIN0,LoadCell,-0.11767414212226868,sensor_data,2025-12-10 12:56:20.263
T7,AIN51,LoadCell,-0.13817477226257324,sensor_data,2025-12-10 12:56:20.263
T7,AIN0,LoadCell,-0.1173587515950203,sensor_data,2025-12-10 12:56:20.263
T7,AIN51,LoadCell,-0.13817477226257324,sensor_data,2025-12-10 12:56:20.263
T7,AIN0,LoadCell,-0.11704335361719131,sensor_data,2025-12-10 12:56:20.263
T7,AIN51,LoadCell,-0.1388055682182312,sensor_data,2025-12-10 12:56:20.263
T7,AIN0,LoadCell,-0.1173587515950203,sensor_data,2025-12-10 12:56:20.263
T7,AIN51,LoadCell,-0.1372285932302475,sensor_data,2025-12-10 12:56:20.263
T7,AIN0,LoadCell,-0.11578177660703659,sensor_data,2025-12-10 12:56:20.263
T7,AIN51,LoadCell,-0.13691319525241852,sensor_data,2025-12-10 12:56:20.263
T7,AIN0,LoadCell,-0.11483559012413025,sensor_data,2025-12-10 12:56:20.263
T7,AIN51,LoadCell,-0.135336235165596,sensor_data,2025-12-10 12:56:20.263
T7,AIN0,LoadCell,-0.11515098810195923,sensor_data,2025-12-10 12:56:20.273
T7,AIN51,LoadCell,-0.1356516182422638,sensor_data,2025-12-10 12:56:20.273
T7,AIN0,LoadCell,-0.11515098810195923,sensor_data,2025-12-10 12:56:20.273
T7,AIN51,LoadCell,-0.13659781217575073,sensor_data,2025-12-10 12:56:20.273
T7,AIN0,LoadCell,-0.11578177660703659,sensor_data,2025-12-10 12:56:20.273
T7,AIN51,LoadCell,-0.13628241419792175,sensor_data,2025-12-10 12:56:20.273
T7,AIN0,LoadCell,-0.11609716713428497,sensor_data,2025-12-10 12:56:20.273
T7,AIN51,LoadCell,-0.1372285932302475,sensor_data,2025-12-10 12:56:20.273
T7,AIN0,LoadCell,-0.11672796308994293,sensor_data,2025-12-10 12:56:20.273
T7,AIN51,LoadCell,-0.13754399120807648,sensor_data,2025-12-10 12:56:20.273
T7,AIN0,LoadCell,-0.11515098810195923,sensor_data,2025-12-10 12:56:20.273
T7,AIN51,LoadCell,-0.13596701622009277,sensor_data,2025-12-10 12:56:20.273
T7,AIN0,LoadCell,-0.11830493062734604,sensor_data,2025-12-10 12:56:20.273
T7,AIN51,LoadCell,-0.1388055682182312,sensor_data,2025-12-10 12:56:20.273
T7,AIN0,LoadCell,-0.12492821365594864,sensor_data,2025-12-10 12:56:20.273
T7,AIN51,LoadCell,-0.14448267221450806,sensor_data,2025-12-10 12:56:20.273
T7,AIN0,LoadCell,-0.13123610615730286,sensor_data,2025-12-10 12:56:20.273
T7,AIN51,LoadCell,-0.14984437823295593,sensor_data,2025-12-10 12:56:20.273
T7,AIN0,LoadCell,-0.13281308114528656,sensor_data,2025-12-10 12:56:20.273
T7,AIN51,LoadCell,-0.1520521342754364,sensor_data,2025-12-10 12:56:20.273
T7,AIN0,LoadCell,-0.13281308114528656,sensor_data,2025-12-10 12:56:20.273
T7,AIN51,LoadCell,-0.15142133831977844,sensor_data,2025-12-10 12:56:20.273
T7,AIN0,LoadCell,-0.13123610615730286,sensor_data,2025-12-10 12:56:20.273
T7,AIN51,LoadCell,-0.15015976130962372,sensor_data,2025-12-10 12:56:20.273
T7,AIN0,LoadCell,-0.12965913116931915,sensor_data,2025-12-10 12:56:20.273
T7,AIN51,LoadCell,-0.14858278632164001,sensor_data,2025-12-10 12:56:20.273
T7,AIN0,LoadCell,-0.12682057917118073,sensor_data,2025-12-10 12:56:20.273
T7,AIN51,LoadCell,-0.1470058262348175,sensor_data,2025-12-10 12:56:20.273
T7,AIN0,LoadCell,-0.12461282312870026,sensor_data,2025-12-10 12:56:20.273
T7,AIN51,LoadCell,-0.14448267221450806,sensor_data,2025-12-10 12:56:20.273
T7,AIN0,LoadCell,-0.12208966165781021,sensor_data,2025-12-10 12:56:20.273
T7,AIN51,LoadCell,-0.1419595181941986,sensor_data,2025-12-10 12:56:20.273
T7,AIN0,LoadCell,-0.12082808464765549,sensor_data,2025-12-10 12:56:20.273
T7,AIN51,LoadCell,-0.14069794118404388,sensor_data,2025-12-10 12:56:20.273
T7,AIN0,LoadCell,-0.11956650763750076,sensor_data,2025-12-10 12:56:20.273
T7,AIN51,LoadCell,-0.14006714522838593,sensor_data,2025-12-10 12:56:20.273
T7,AIN0,LoadCell,-0.11925111711025238,sensor_data,2025-12-10 12:56:20.273
T7,AIN51,LoadCell,-0.13912096619606018,sensor_data,2025-12-10 12:56:20.273
T7,AIN0,LoadCell,-0.1189357191324234,sensor_data,2025-12-10 12:56:20.273
T7,AIN51,LoadCell,-0.13912096619606018,sensor_data,2025-12-10 12:56:20.273
T7,AIN0,LoadCell,-0.1173587515950203,sensor_data,2025-12-10 12:56:20.273
T7,AIN51,LoadCell,-0.13817477226257324,sensor_data,2025-12-10 12:56:20.273
T7,AIN0,LoadCell,-0.1173587515950203,sensor_data,2025-12-10 12:56:20.273
T7,AIN51,LoadCell,-0.13754399120807648,sensor_data,2025-12-10 12:56:20.273
T7,AIN0,LoadCell,-0.1173587515950203,sensor_data,2025-12-10 12:56:20.273
T7,AIN51,LoadCell,-0.13817477226257324,sensor_data,2025-12-10 12:56:20.273
T7,AIN0,LoadCell,-0.11641256511211395,sensor_data,2025-12-10 12:56:20.273
T7,AIN51,LoadCell,-0.13659781217575073,sensor_data,2025-12-10 12:56:20.273
T7,AIN0,LoadCell,-0.11294322460889816,sensor_data,2025-12-10 12:56:20.273
T7,AIN51,LoadCell,-0.13439004123210907,sensor_data,2025-12-10 12:56:20.273
T7,AIN0,LoadCell,-0.11325862258672714,sensor_data,2025-12-10 12:56:20.273
T7,AIN51,LoadCell,-0.13407465815544128,sensor_data,2025-12-10 12:56:20.273
T7,AIN0,LoadCell,-0.11515098810195923,sensor_data,2025-12-10 12:56:20.273
T7,AIN51,LoadCell,-0.1356516182422638,sensor_data,2025-12-10 12:56:20.273
T7,AIN0,LoadCell,-0.11672796308994293,sensor_data,2025-12-10 12:56:20.273
T7,AIN51,LoadCell,-0.13691319525241852,sensor_data,2025-12-10 12:56:20.273
T7,AIN0,LoadCell,-0.11672796308994293,sensor_data,2025-12-10 12:56:20.273
T7,AIN51,LoadCell,-0.13691319525241852,sensor_data,2025-12-10 12:56:20.273
T7,AIN0,LoadCell,-0.11672796308994293,sensor_data,2025-12-10 12:56:20.273
T7,AIN51,LoadCell,-0.13754399120807648,sensor_data,2025-12-10 12:56:20.273
T7,AIN0,LoadCell,-0.11672796308994293,sensor_data,2025-12-10 12:56:20.273
T7,AIN51,LoadCell,-0.13754399120807648,sensor_data,2025-12-10 12:56:20.273
T7,AIN0,LoadCell,-0.11546637862920761,sensor_data,2025-12-10 12:56:20.273
T7,AIN51,LoadCell,-0.13596701622009277,sensor_data,2025-12-10 12:56:20.273
T7,AIN0,LoadCell,-0.11420480161905289,sensor_data,2025-12-10 12:56:20.273
T7,AIN51,LoadCell,-0.13470543920993805,sensor_data,2025-12-10 12:56:20.273
T7,AIN0,LoadCell,-0.11483559012413025,sensor_data,2025-12-10 12:56:20.273
T7,AIN51,LoadCell,-0.13470543920993805,sensor_data,2025-12-10 12:56:20.273
T7,AIN0,LoadCell,-0.11357401311397552,sensor_data,2025-12-10 12:56:20.273
T7,AIN51,LoadCell,-0.13470543920993805,sensor_data,2025-12-10 12:56:20.273
T7,AIN0,LoadCell,-0.11452019959688187,sensor_data,2025-12-10 12:56:20.273
T7,AIN51,LoadCell,-0.1356516182422638,sensor_data,2025-12-10 12:56:20.273
T7,AIN0,LoadCell,-0.11452019959688187,sensor_data,2025-12-10 12:56:20.273
T7,AIN51,LoadCell,-0.135336235165596,sensor_data,2025-12-10 12:56:20.273
T7,AIN0,LoadCell,-0.11546637862920761,sensor_data,2025-12-10 12:56:20.273
T7,AIN51,LoadCell,-0.13628241419792175,sensor_data,2025-12-10 12:56:20.273
T7,AIN0,LoadCell,-0.11609716713428497,sensor_data,2025-12-10 12:56:20.273
T7,AIN51,LoadCell,-0.13691319525241852,sensor_data,2025-12-10 12:56:20.273
T7,AIN0,LoadCell,-0.11704335361719131,sensor_data,2025-12-10 12:56:20.273
T7,AIN51,LoadCell,-0.13754399120807648,sensor_data,2025-12-10 12:56:20.273
T7,AIN0,LoadCell,-0.1173587515950203,sensor_data,2025-12-10 12:56:20.273
T7,AIN51,LoadCell,-0.13754399120807648,sensor_data,2025-12-10 12:56:20.273
T7,AIN0,LoadCell,-0.11578177660703659,sensor_data,2025-12-10 12:56:20.273
T7,AIN51,LoadCell,-0.13628241419792175,sensor_data,2025-12-10 12:56:20.273
T7,AIN0,LoadCell,-0.11294322460889816,sensor_data,2025-12-10 12:56:20.273
T7,AIN51,LoadCell,-0.13439004123210907,sensor_data,2025-12-10 12:56:20.273
T7,AIN0,LoadCell,-0.11262783408164978,sensor_data,2025-12-10 12:56:20.273
T7,AIN51,LoadCell,-0.13439004123210907,sensor_data,2025-12-10 12:56:20.273
T7,AIN0,LoadCell,-0.11420480161905289,sensor_data,2025-12-10 12:56:20.273
T7,AIN51,LoadCell,-0.1356516182422638,sensor_data,2025-12-10 12:56:20.273
T7,AIN0,LoadCell,-0.11609716713428497,sensor_data,2025-12-10 12:56:20.273
T7,AIN51,LoadCell,-0.13628241419792175,sensor_data,2025-12-10 12:56:20.273
T7,AIN0,LoadCell,-0.11641256511211395,sensor_data,2025-12-10 12:56:20.273
T7,AIN51,LoadCell,-0.13754399120807648,sensor_data,2025-12-10 12:56:20.273
T7,AIN0,LoadCell,-0.11546637862920761,sensor_data,2025-12-10 12:56:20.273
T7,AIN51,LoadCell,-0.13628241419792175,sensor_data,2025-12-10 12:56:20.273
T7,AIN0,LoadCell,-0.11578177660703659,sensor_data,2025-12-10 12:56:20.273
T7,AIN51,LoadCell,-0.1356516182422638,sensor_data,2025-12-10 12:56:20.273
T7,AIN0,LoadCell,-0.11672796308994293,sensor_data,2025-12-10 12:56:20.273
T7,AIN51,LoadCell,-0.13691319525241852,sensor_data,2025-12-10 12:56:20.273
T7,AIN0,LoadCell,-0.11672796308994293,sensor_data,2025-12-10 12:56:20.273
T7,AIN51,LoadCell,-0.13691319525241852,sensor_data,2025-12-10 12:56:20.273
T7,AIN0,LoadCell,-0.11609716713428497,sensor_data,2025-12-10 12:56:20.273
T7,AIN51,LoadCell,-0.13691319525241852,sensor_data,2025-12-10 12:56:20.273
T7,AIN0,LoadCell,-0.11672796308994293,sensor_data,2025-12-10 12:56:20.273
T7,AIN51,LoadCell,-0.13691319525241852,sensor_data,2025-12-10 12:56:20.273
T7,AIN0,LoadCell,-0.11641256511211395,sensor_data,2025-12-10 12:56:20.273
T7,AIN51,LoadCell,-0.1372285932302475,sensor_data,2025-12-10 12:56:20.273
T7,AIN0,LoadCell,-0.11672796308994293,sensor_data,2025-12-10 12:56:20.273
T7,AIN51,LoadCell,-0.1372285932302475,sensor_data,2025-12-10 12:56:20.273
T7,AIN0,LoadCell,-0.11672796308994293,sensor_data,2025-12-10 12:56:20.273
T7,AIN51,LoadCell,-0.13691319525241852,sensor_data,2025-12-10 12:56:20.273
T7,AIN0,LoadCell,-0.10947389155626297,sensor_data,2025-12-10 12:56:20.273
T7,AIN51,LoadCell,-0.13123610615730286,sensor_data,2025-12-10 12:56:20.273
T7,AIN0,LoadCell,-0.10285060852766037,sensor_data,2025-12-10 12:56:20.273
T7,AIN51,LoadCell,-0.125559002161026,sensor_data,2025-12-10 12:56:20.273
T7,AIN0,LoadCell,-0.10095824301242828,sensor_data,2025-12-10 12:56:20.273
T7,AIN51,LoadCell,-0.12303584814071655,sensor_data,2025-12-10 12:56:20.273
T7,AIN0,LoadCell,-0.09969665855169296,sensor_data,2025-12-10 12:56:20.273
T7,AIN51,LoadCell,-0.12272045016288757,sensor_data,2025-12-10 12:56:20.273
T7,AIN0,LoadCell,-0.0990658700466156,sensor_data,2025-12-10 12:56:20.273
T7,AIN51,LoadCell,-0.12177427113056183,sensor_data,2025-12-10 12:56:20.273
T7,AIN0,LoadCell,-0.10158903151750565,sensor_data,2025-12-10 12:56:20.273
T7,AIN51,LoadCell,-0.12461282312870026,sensor_data,2025-12-10 12:56:20.273
T7,AIN0,LoadCell,-0.10600455105304718,sensor_data,2025-12-10 12:56:20.273
T7,AIN51,LoadCell,-0.12745137512683868,sensor_data,2025-12-10 12:56:20.273
T7,AIN0,LoadCell,-0.11042007058858871,sensor_data,2025-12-10 12:56:20.273
T7,AIN51,LoadCell,-0.13155148923397064,sensor_data,2025-12-10 12:56:20.273
T7,AIN0,LoadCell,-0.11168164759874344,sensor_data,2025-12-10 12:56:20.273
T7,AIN51,LoadCell,-0.13281308114528656,sensor_data,2025-12-10 12:56:20.273
T7,AIN0,LoadCell,-0.1123124361038208,sensor_data,2025-12-10 12:56:20.273
T7,AIN51,LoadCell,-0.13312846422195435,sensor_data,2025-12-10 12:56:20.273
T7,AIN0,LoadCell,-0.11357401311397552,sensor_data,2025-12-10 12:56:20.273
T7,AIN51,LoadCell,-0.13470543920993805,sensor_data,2025-12-10 12:56:20.273
T7,AIN0,LoadCell,-0.11420480161905289,sensor_data,2025-12-10 12:56:20.273
T7,AIN51,LoadCell,-0.135336235165596,sensor_data,2025-12-10 12:56:20.273
T7,AIN0,LoadCell,-0.11578177660703659,sensor_data,2025-12-10 12:56:20.273
T7,AIN51,LoadCell,-0.13628241419792175,sensor_data,2025-12-10 12:56:20.273
T7,AIN0,LoadCell,-0.11704335361719131,sensor_data,2025-12-10 12:56:20.273
T7,AIN51,LoadCell,-0.13691319525241852,sensor_data,2025-12-10 12:56:20.273
T7,AIN0,LoadCell,-0.11641256511211395,sensor_data,2025-12-10 12:56:20.273
T7,AIN51,LoadCell,-0.13691319525241852,sensor_data,2025-12-10 12:56:20.273
T7,AIN0,LoadCell,-0.11704335361719131,sensor_data,2025-12-10 12:56:20.273
T7,AIN51,LoadCell,-0.1372285932302475,sensor_data,2025-12-10 12:56:20.273
T7,AIN0,LoadCell,-0.11609716713428497,sensor_data,2025-12-10 12:56:20.273
T7,AIN51,LoadCell,-0.1372285932302475,sensor_data,2025-12-10 12:56:20.273
T7,AIN0,LoadCell,-0.11641256511211395,sensor_data,2025-12-10 12:56:20.273
T7,AIN51,LoadCell,-0.13754399120807648,sensor_data,2025-12-10 12:56:20.273
T7,AIN0,LoadCell,-0.1173587515950203,sensor_data,2025-12-10 12:56:20.273
T7,AIN51,LoadCell,-0.13785938918590546,sensor_data,2025-12-10 12:56:20.273
T7,AIN0,LoadCell,-0.11704335361719131,sensor_data,2025-12-10 12:56:20.273
T7,AIN51,LoadCell,-0.13785938918590546,sensor_data,2025-12-10 12:56:20.273
T7,AIN0,LoadCell,-0.1173587515950203,sensor_data,2025-12-10 12:56:20.273
T7,AIN51,LoadCell,-0.13817477226257324,sensor_data,2025-12-10 12:56:20.273
T7,AIN0,LoadCell,-0.11546637862920761,sensor_data,2025-12-10 12:56:20.273
T7,AIN51,LoadCell,-0.13659781217575073,sensor_data,2025-12-10 12:56:20.273
T7,AIN0,LoadCell,-0.11199704557657242,sensor_data,2025-12-10 12:56:20.273
T7,AIN51,LoadCell,-0.13281308114528656,sensor_data,2025-12-10 12:56:20.273
T7,AIN0,LoadCell,-0.11199704557657242,sensor_data,2025-12-10 12:56:20.273
T7,AIN51,LoadCell,-0.1337592601776123,sensor_data,2025-12-10 12:56:20.273
T7,AIN0,LoadCell,-0.11357401311397552,sensor_data,2025-12-10 12:56:20.273
T7,AIN51,LoadCell,-0.13439004123210907,sensor_data,2025-12-10 12:56:20.273
T7,AIN0,LoadCell,-0.11452019959688187,sensor_data,2025-12-10 12:56:20.273
T7,AIN51,LoadCell,-0.13502083718776703,sensor_data,2025-12-10 12:56:20.273
T7,AIN0,LoadCell,-0.11483559012413025,sensor_data,2025-12-10 12:56:20.273
T7,AIN51,LoadCell,-0.1356516182422638,sensor_data,2025-12-10 12:56:20.273
T7,AIN0,LoadCell,-0.11546637862920761,sensor_data,2025-12-10 12:56:20.273
T7,AIN51,LoadCell,-0.13596701622009277,sensor_data,2025-12-10 12:56:20.273
T7,AIN0,LoadCell,-0.11641256511211395,sensor_data,2025-12-10 12:56:20.273
T7,AIN51,LoadCell,-0.13691319525241852,sensor_data,2025-12-10 12:56:20.273
T7,AIN0,LoadCell,-0.11704335361719131,sensor_data,2025-12-10 12:56:20.273
T7,AIN51,LoadCell,-0.13785938918590546,sensor_data,2025-12-10 12:56:20.273
T7,AIN0,LoadCell,-0.11767414212226868,sensor_data,2025-12-10 12:56:20.273
T7,AIN51,LoadCell,-0.13817477226257324,sensor_data,2025-12-10 12:56:20.273
T7,AIN0,LoadCell,-0.11767414212226868,sensor_data,2025-12-10 12:56:20.273
T7,AIN51,LoadCell,-0.1388055682182312,sensor_data,2025-12-10 12:56:20.273
T7,AIN0,LoadCell,-0.1189357191324234,sensor_data,2025-12-10 12:56:20.273
T7,AIN51,LoadCell,-0.13943634927272797,sensor_data,2025-12-10 12:56:20.273
T7,AIN0,LoadCell,-0.11862032860517502,sensor_data,2025-12-10 12:56:20.273
T7,AIN51,LoadCell,-0.13943634927272797,sensor_data,2025-12-10 12:56:20.273
T7,AIN0,LoadCell,-0.11862032860517502,sensor_data,2025-12-10 12:56:20.273
T7,AIN51,LoadCell,-0.13943634927272797,sensor_data,2025-12-10 12:56:20.273
T7,AIN0,LoadCell,-0.11925111711025238,sensor_data,2025-12-10 12:56:20.273
T7,AIN51,LoadCell,-0.13975174725055695,sensor_data,2025-12-10 12:56:20.273
T7,AIN0,LoadCell,-0.11925111711025238,sensor_data,2025-12-10 12:56:20.273
T7,AIN51,LoadCell,-0.13975174725055695,sensor_data,2025-12-10 12:56:20.273
T7,AIN0,LoadCell,-0.11798954010009766,sensor_data,2025-12-10 12:56:20.273
T7,AIN51,LoadCell,-0.13849017024040222,sensor_data,2025-12-10 12:56:20.273
T7,AIN0,LoadCell,-0.11767414212226868,sensor_data,2025-12-10 12:56:20.273
T7,AIN51,LoadCell,-0.1388055682182312,sensor_data,2025-12-10 12:56:20.273
T7,AIN0,LoadCell,-0.11578177660703659,sensor_data,2025-12-10 12:56:20.273
T7,AIN51,LoadCell,-0.13628241419792175,sensor_data,2025-12-10 12:56:20.273
T7,AIN0,LoadCell,-0.11199704557657242,sensor_data,2025-12-10 12:56:20.273
T7,AIN51,LoadCell,-0.1337592601776123,sensor_data,2025-12-10 12:56:20.273
T7,AIN0,LoadCell,-0.1123124361038208,sensor_data,2025-12-10 12:56:20.273
T7,AIN51,LoadCell,-0.1337592601776123,sensor_data,2025-12-10 12:56:20.273
T7,AIN0,LoadCell,-0.11515098810195923,sensor_data,2025-12-10 12:56:20.273
T7,AIN51,LoadCell,-0.1356516182422638,sensor_data,2025-12-10 12:56:20.273
T7,AIN0,LoadCell,-0.11641256511211395,sensor_data,2025-12-10 12:56:20.273
T7,AIN51,LoadCell,-0.13691319525241852,sensor_data,2025-12-10 12:56:20.273
T7,AIN0,LoadCell,-0.11830493062734604,sensor_data,2025-12-10 12:56:20.273
T7,AIN51,LoadCell,-0.13849017024040222,sensor_data,2025-12-10 12:56:20.273
T7,AIN0,LoadCell,-0.11862032860517502,sensor_data,2025-12-10 12:56:20.273
T7,AIN51,LoadCell,-0.1388055682182312,sensor_data,2025-12-10 12:56:20.273
T7,AIN0,LoadCell,-0.11862032860517502,sensor_data,2025-12-10 12:56:20.273
T7,AIN51,LoadCell,-0.13943634927272797,sensor_data,2025-12-10 12:56:20.273
T7,AIN0,LoadCell,-0.11798954010009766,sensor_data,2025-12-10 12:56:20.273
T7,AIN51,LoadCell,-0.1388055682182312,sensor_data,2025-12-10 12:56:20.273
T7,AIN0,LoadCell,-0.1173587515950203,sensor_data,2025-12-10 12:56:20.273
T7,AIN51,LoadCell,-0.13785938918590546,sensor_data,2025-12-10 12:56:20.273
T7,AIN0,LoadCell,-0.11830493062734604,sensor_data,2025-12-10 12:56:20.273
T7,AIN51,LoadCell,-0.13849017024040222,sensor_data,2025-12-10 12:56:20.273
T7,AIN0,LoadCell,-0.12429742515087128,sensor_data,2025-12-10 12:56:20.273
T7,AIN51,LoadCell,-0.14448267221450806,sensor_data,2025-12-10 12:56:20.273
T7,AIN0,LoadCell,-0.13155148923397064,sensor_data,2025-12-10 12:56:20.273
T7,AIN51,LoadCell,-0.1504751592874527,sensor_data,2025-12-10 12:56:20.273
T7,AIN0,LoadCell,-0.13470543920993805,sensor_data,2025-12-10 12:56:20.273
T7,AIN51,LoadCell,-0.1536291092634201,sensor_data,2025-12-10 12:56:20.273
T7,AIN0,LoadCell,-0.1356516182422638,sensor_data,2025-12-10 12:56:20.273
T7,AIN51,LoadCell,-0.1539444923400879,sensor_data,2025-12-10 12:56:20.273
T7,AIN0,LoadCell,-0.13439004123210907,sensor_data,2025-12-10 12:56:20.273
T7,AIN51,LoadCell,-0.15331371128559113,sensor_data,2025-12-10 12:56:20.273
T7,AIN0,LoadCell,-0.13186688721179962,sensor_data,2025-12-10 12:56:20.273
T7,AIN51,LoadCell,-0.15142133831977844,sensor_data,2025-12-10 12:56:20.273
T7,AIN0,LoadCell,-0.12934373319149017,sensor_data,2025-12-10 12:56:20.273
T7,AIN51,LoadCell,-0.14826740324497223,sensor_data,2025-12-10 12:56:20.273
T7,AIN0,LoadCell,-0.12618979811668396,sensor_data,2025-12-10 12:56:20.273
T7,AIN51,LoadCell,-0.1454288512468338,sensor_data,2025-12-10 12:56:20.273
T7,AIN0,LoadCell,-0.12114348262548447,sensor_data,2025-12-10 12:56:20.273
T7,AIN51,LoadCell,-0.14164412021636963,sensor_data,2025-12-10 12:56:20.273
T7,AIN0,LoadCell,-0.11862032860517502,sensor_data,2025-12-10 12:56:20.273
T7,AIN51,LoadCell,-0.1388055682182312,sensor_data,2025-12-10 12:56:20.273
T7,AIN0,LoadCell,-0.11988190561532974,sensor_data,2025-12-10 12:56:20.273
T7,AIN51,LoadCell,-0.13943634927272797,sensor_data,2025-12-10 12:56:20.273
T7,AIN0,LoadCell,-0.12082808464765549,sensor_data,2025-12-10 12:56:20.273
T7,AIN51,LoadCell,-0.14101332426071167,sensor_data,2025-12-10 12:56:20.273
T7,AIN0,LoadCell,-0.1205126941204071,sensor_data,2025-12-10 12:56:20.273
T7,AIN51,LoadCell,-0.1403825432062149,sensor_data,2025-12-10 12:56:20.273
T7,AIN0,LoadCell,-0.11956650763750076,sensor_data,2025-12-10 12:56:20.273
T7,AIN51,LoadCell,-0.14006714522838593,sensor_data,2025-12-10 12:56:20.273
T7,AIN0,LoadCell,-0.11862032860517502,sensor_data,2025-12-10 12:56:20.273
T7,AIN51,LoadCell,-0.13975174725055695,sensor_data,2025-12-10 12:56:20.273
T7,AIN0,LoadCell,-0.11798954010009766,sensor_data,2025-12-10 12:56:20.273
T7,AIN51,LoadCell,-0.1388055682182312,sensor_data,2025-12-10 12:56:20.273
T7,AIN0,LoadCell,-0.11830493062734604,sensor_data,2025-12-10 12:56:20.273
T7,AIN51,LoadCell,-0.1388055682182312,sensor_data,2025-12-10 12:56:20.273
T7,AIN0,LoadCell,-0.11767414212226868,sensor_data,2025-12-10 12:56:20.273
T7,AIN51,LoadCell,-0.13817477226257324,sensor_data,2025-12-10 12:56:20.273
T7,AIN0,LoadCell,-0.11767414212226868,sensor_data,2025-12-10 12:56:20.273
T7,AIN51,LoadCell,-0.13849017024040222,sensor_data,2025-12-10 12:56:20.273
T7,AIN0,LoadCell,-0.11767414212226868,sensor_data,2025-12-10 12:56:20.273
T7,AIN51,LoadCell,-0.13754399120807648,sensor_data,2025-12-10 12:56:20.273
T7,AIN0,LoadCell,-0.1173587515950203,sensor_data,2025-12-10 12:56:20.273
T7,AIN51,LoadCell,-0.13754399120807648,sensor_data,2025-12-10 12:56:20.273
T7,AIN0,LoadCell,-0.11609716713428497,sensor_data,2025-12-10 12:56:20.273
T7,AIN51,LoadCell,-0.13659781217575073,sensor_data,2025-12-10 12:56:20.273
T7,AIN0,LoadCell,-0.11578177660703659,sensor_data,2025-12-10 12:56:20.273
T7,AIN51,LoadCell,-0.13659781217575073,sensor_data,2025-12-10 12:56:20.273
T7,AIN0,LoadCell,-0.11578177660703659,sensor_data,2025-12-10 12:56:20.273
T7,AIN51,LoadCell,-0.13659781217575073,sensor_data,2025-12-10 12:56:20.273
T7,AIN0,LoadCell,-0.11609716713428497,sensor_data,2025-12-10 12:56:20.273
T7,AIN51,LoadCell,-0.13659781217575073,sensor_data,2025-12-10 12:56:20.273
T7,AIN0,LoadCell,-0.11294322460889816,sensor_data,2025-12-10 12:56:20.273
T7,AIN51,LoadCell,-0.13439004123210907,sensor_data,2025-12-10 12:56:20.273
T7,AIN0,LoadCell,-0.11042007058858871,sensor_data,2025-12-10 12:56:20.273
T7,AIN51,LoadCell,-0.13123610615730286,sensor_data,2025-12-10 12:56:20.273
T7,AIN0,LoadCell,-0.11105085909366608,sensor_data,2025-12-10 12:56:20.273
T7,AIN51,LoadCell,-0.13186688721179962,sensor_data,2025-12-10 12:56:20.273
T7,AIN0,LoadCell,-0.11357401311397552,sensor_data,2025-12-10 12:56:20.273
T7,AIN51,LoadCell,-0.13439004123210907,sensor_data,2025-12-10 12:56:20.273
T7,AIN0,LoadCell,-0.11515098810195923,sensor_data,2025-12-10 12:56:20.273
T7,AIN51,LoadCell,-0.135336235165596,sensor_data,2025-12-10 12:56:20.273
T7,AIN0,LoadCell,-0.11578177660703659,sensor_data,2025-12-10 12:56:20.273
T7,AIN51,LoadCell,-0.13628241419792175,sensor_data,2025-12-10 12:56:20.273
T7,AIN0,LoadCell,-0.11704335361719131,sensor_data,2025-12-10 12:56:20.273
T7,AIN51,LoadCell,-0.1372285932302475,sensor_data,2025-12-10 12:56:20.273
T7,AIN0,LoadCell,-0.11704335361719131,sensor_data,2025-12-10 12:56:20.273
T7,AIN51,LoadCell,-0.13754399120807648,sensor_data,2025-12-10 12:56:20.273
T7,AIN0,LoadCell,-0.1173587515950203,sensor_data,2025-12-10 12:56:20.273
T7,AIN51,LoadCell,-0.1372285932302475,sensor_data,2025-12-10 12:56:20.273
T7,AIN0,LoadCell,-0.1173587515950203,sensor_data,2025-12-10 12:56:20.273
T7,AIN51,LoadCell,-0.13785938918590546,sensor_data,2025-12-10 12:56:20.273
T7,AIN0,LoadCell,-0.1173587515950203,sensor_data,2025-12-10 12:56:20.273
T7,AIN51,LoadCell,-0.13754399120807648,sensor_data,2025-12-10 12:56:20.273
T7,AIN0,LoadCell,-0.11672796308994293,sensor_data,2025-12-10 12:56:20.273
T7,AIN51,LoadCell,-0.13691319525241852,sensor_data,2025-12-10 12:56:20.273
T7,AIN0,LoadCell,-0.11515098810195923,sensor_data,2025-12-10 12:56:20.273
T7,AIN51,LoadCell,-0.13596701622009277,sensor_data,2025-12-10 12:56:20.273
T7,AIN0,LoadCell,-0.11452019959688187,sensor_data,2025-12-10 12:56:20.273
T7,AIN51,LoadCell,-0.13502083718776703,sensor_data,2025-12-10 12:56:20.273
T7,AIN0,LoadCell,-0.11546637862920761,sensor_data,2025-12-10 12:56:20.273
T7,AIN51,LoadCell,-0.13596701622009277,sensor_data,2025-12-10 12:56:20.273
T7,AIN0,LoadCell,-0.11609716713428497,sensor_data,2025-12-10 12:56:20.273
T7,AIN51,LoadCell,-0.13628241419792175,sensor_data,2025-12-10 12:56:20.273
T7,AIN0,LoadCell,-0.11515098810195923,sensor_data,2025-12-10 12:56:20.273
T7,AIN51,LoadCell,-0.13596701622009277,sensor_data,2025-12-10 12:56:20.273
T7,AIN0,LoadCell,-0.11515098810195923,sensor_data,2025-12-10 12:56:20.273
T7,AIN51,LoadCell,-0.13628241419792175,sensor_data,2025-12-10 12:56:20.273
T7,AIN0,LoadCell,-0.11325862258672714,sensor_data,2025-12-10 12:56:20.273
T7,AIN51,LoadCell,-0.13470543920993805,sensor_data,2025-12-10 12:56:20.273
T7,AIN0,LoadCell,-0.10978928208351135,sensor_data,2025-12-10 12:56:20.273
T7,AIN51,LoadCell,-0.13123610615730286,sensor_data,2025-12-10 12:56:20.273
T7,AIN0,LoadCell,-0.11136625707149506,sensor_data,2025-12-10 12:56:20.273
T7,AIN51,LoadCell,-0.13249768316745758,sensor_data,2025-12-10 12:56:20.273
T7,AIN0,LoadCell,-0.11420480161905289,sensor_data,2025-12-10 12:56:20.273
T7,AIN51,LoadCell,-0.13439004123210907,sensor_data,2025-12-10 12:56:20.273
T7,AIN0,LoadCell,-0.11609716713428497,sensor_data,2025-12-10 12:56:20.273
T7,AIN51,LoadCell,-0.13659781217575073,sensor_data,2025-12-10 12:56:20.273
T7,AIN0,LoadCell,-0.11704335361719131,sensor_data,2025-12-10 12:56:20.273
T7,AIN51,LoadCell,-0.13754399120807648,sensor_data,2025-12-10 12:56:20.273
T7,AIN0,LoadCell,-0.11862032860517502,sensor_data,2025-12-10 12:56:20.273
T7,AIN51,LoadCell,-0.13849017024040222,sensor_data,2025-12-10 12:56:20.273
T7,AIN0,LoadCell,-0.11168164759874344,sensor_data,2025-12-10 12:56:20.273
T7,AIN51,LoadCell,-0.1337592601776123,sensor_data,2025-12-10 12:56:20.273
T7,AIN0,LoadCell,-0.10600455105304718,sensor_data,2025-12-10 12:56:20.273
T7,AIN51,LoadCell,-0.12776675820350647,sensor_data,2025-12-10 12:56:20.273
T7,AIN0,LoadCell,-0.10316599905490875,sensor_data,2025-12-10 12:56:20.273
T7,AIN51,LoadCell,-0.12492821365594864,sensor_data,2025-12-10 12:56:20.273
T7,AIN0,LoadCell,-0.10253521054983139,sensor_data,2025-12-10 12:56:20.273
T7,AIN51,LoadCell,-0.125559002161026,sensor_data,2025-12-10 12:56:20.273
T7,AIN0,LoadCell,-0.10474297404289246,sensor_data,2025-12-10 12:56:20.273
T7,AIN51,LoadCell,-0.12618979811668396,sensor_data,2025-12-10 12:56:20.273
T7,AIN0,LoadCell,-0.10663533955812454,sensor_data,2025-12-10 12:56:20.273
T7,AIN51,LoadCell,-0.1287129521369934,sensor_data,2025-12-10 12:56:20.273
T7,AIN0,LoadCell,-0.10789691656827927,sensor_data,2025-12-10 12:56:20.273
T7,AIN51,LoadCell,-0.12997452914714813,sensor_data,2025-12-10 12:56:20.273
T7,AIN0,LoadCell,-0.10947389155626297,sensor_data,2025-12-10 12:56:20.273
T7,AIN51,LoadCell,-0.13092070817947388,sensor_data,2025-12-10 12:56:20.273
T7,AIN0,LoadCell,-0.11042007058858871,sensor_data,2025-12-10 12:56:20.273
T7,AIN51,LoadCell,-0.13155148923397064,sensor_data,2025-12-10 12:56:20.273
T7,AIN0,LoadCell,-0.11136625707149506,sensor_data,2025-12-10 12:56:20.273
T7,AIN51,LoadCell,-0.13312846422195435,sensor_data,2025-12-10 12:56:20.273
T7,AIN0,LoadCell,-0.11168164759874344,sensor_data,2025-12-10 12:56:20.273
T7,AIN51,LoadCell,-0.13344386219978333,sensor_data,2025-12-10 12:56:20.273
T7,AIN0,LoadCell,-0.11199704557657242,sensor_data,2025-12-10 12:56:20.273
T7,AIN51,LoadCell,-0.13312846422195435,sensor_data,2025-12-10 12:56:20.273
T7,AIN0,LoadCell,-0.1107354685664177,sensor_data,2025-12-10 12:56:20.273
T7,AIN51,LoadCell,-0.13155148923397064,sensor_data,2025-12-10 12:56:20.273
T7,AIN0,LoadCell,-0.11168164759874344,sensor_data,2025-12-10 12:56:20.273
T7,AIN51,LoadCell,-0.13312846422195435,sensor_data,2025-12-10 12:56:20.273
T7,AIN0,LoadCell,-0.1138894110918045,sensor_data,2025-12-10 12:56:20.273
T7,AIN51,LoadCell,-0.13502083718776703,sensor_data,2025-12-10 12:56:20.273
T7,AIN0,LoadCell,-0.11641256511211395,sensor_data,2025-12-10 12:56:20.273
T7,AIN51,LoadCell,-0.13691319525241852,sensor_data,2025-12-10 12:56:20.273
T7,AIN0,LoadCell,-0.1173587515950203,sensor_data,2025-12-10 12:56:20.273
T7,AIN51,LoadCell,-0.13785938918590546,sensor_data,2025-12-10 12:56:20.273
T7,AIN0,LoadCell,-0.11830493062734604,sensor_data,2025-12-10 12:56:20.273
T7,AIN51,LoadCell,-0.13849017024040222,sensor_data,2025-12-10 12:56:20.273
T7,AIN0,LoadCell,-0.11830493062734604,sensor_data,2025-12-10 12:56:20.273
T7,AIN51,LoadCell,-0.13849017024040222,sensor_data,2025-12-10 12:56:20.273
T7,AIN0,LoadCell,-0.11830493062734604,sensor_data,2025-12-10 12:56:20.273
T7,AIN51,LoadCell,-0.13817477226257324,sensor_data,2025-12-10 12:56:20.273
T7,AIN0,LoadCell,-0.11830493062734604,sensor_data,2025-12-10 12:56:20.273
T7,AIN51,LoadCell,-0.1388055682182312,sensor_data,2025-12-10 12:56:20.273
T7,AIN0,LoadCell,-0.11767414212226868,sensor_data,2025-12-10 12:56:20.273
T7,AIN51,LoadCell,-0.13849017024040222,sensor_data,2025-12-10 12:56:20.273
T7,AIN0,LoadCell,-0.11798954010009766,sensor_data,2025-12-10 12:56:20.273
T7,AIN51,LoadCell,-0.13785938918590546,sensor_data,2025-12-10 12:56:20.273
T7,AIN0,LoadCell,-0.11767414212226868,sensor_data,2025-12-10 12:56:20.273
T7,AIN51,LoadCell,-0.13754399120807648,sensor_data,2025-12-10 12:56:20.273
T7,AIN0,LoadCell,-0.11672796308994293,sensor_data,2025-12-10 12:56:20.273
T7,AIN51,LoadCell,-0.13754399120807648,sensor_data,2025-12-10 12:56:20.273
T7,AIN0,LoadCell,-0.11609716713428497,sensor_data,2025-12-10 12:56:20.273
T7,AIN51,LoadCell,-0.1372285932302475,sensor_data,2025-12-10 12:56:20.273
T7,AIN0,LoadCell,-0.11578177660703659,sensor_data,2025-12-10 12:56:20.273
T7,AIN51,LoadCell,-0.1372285932302475,sensor_data,2025-12-10 12:56:20.273
T7,AIN0,LoadCell,-0.11546637862920761,sensor_data,2025-12-10 12:56:20.273
T7,AIN51,LoadCell,-0.13628241419792175,sensor_data,2025-12-10 12:56:20.273
T7,AIN0,LoadCell,-0.11609716713428497,sensor_data,2025-12-10 12:56:20.273
T7,AIN51,LoadCell,-0.13691319525241852,sensor_data,2025-12-10 12:56:20.273
T7,AIN0,LoadCell,-0.11483559012413025,sensor_data,2025-12-10 12:56:20.273
T7,AIN51,LoadCell,-0.13628241419792175,sensor_data,2025-12-10 12:56:20.273
T7,AIN0,LoadCell,-0.11168164759874344,sensor_data,2025-12-10 12:56:20.273
T7,AIN51,LoadCell,-0.13312846422195435,sensor_data,2025-12-10 12:56:20.273
T7,AIN0,LoadCell,-0.1123124361038208,sensor_data,2025-12-10 12:56:20.273
T7,AIN51,LoadCell,-0.13344386219978333,sensor_data,2025-12-10 12:56:20.273
T7,AIN0,LoadCell,-0.11483559012413025,sensor_data,2025-12-10 12:56:20.273
T7,AIN51,LoadCell,-0.13596701622009277,sensor_data,2025-12-10 12:56:20.273
T7,AIN0,LoadCell,-0.11704335361719131,sensor_data,2025-12-10 12:56:20.273
T7,AIN51,LoadCell,-0.1372285932302475,sensor_data,2025-12-10 12:56:20.273
T7,AIN0,LoadCell,-0.11862032860517502,sensor_data,2025-12-10 12:56:20.273
T7,AIN51,LoadCell,-0.1388055682182312,sensor_data,2025-12-10 12:56:20.273
T7,AIN0,LoadCell,-0.1189357191324234,sensor_data,2025-12-10 12:56:20.273
T7,AIN51,LoadCell,-0.1388055682182312,sensor_data,2025-12-10 12:56:20.273
T7,AIN0,LoadCell,-0.11830493062734604,sensor_data,2025-12-10 12:56:20.273
T7,AIN51,LoadCell,-0.1388055682182312,sensor_data,2025-12-10 12:56:20.273
T7,AIN0,LoadCell,-0.11798954010009766,sensor_data,2025-12-10 12:56:20.273
T7,AIN51,LoadCell,-0.13849017024040222,sensor_data,2025-12-10 12:56:20.273
T7,AIN0,LoadCell,-0.1173587515950203,sensor_data,2025-12-10 12:56:20.273
T7,AIN51,LoadCell,-0.13817477226257324,sensor_data,2025-12-10 12:56:20.273
T7,AIN0,LoadCell,-0.11704335361719131,sensor_data,2025-12-10 12:56:20.273
T7,AIN51,LoadCell,-0.13754399120807648,sensor_data,2025-12-10 12:56:20.273
T7,AIN0,LoadCell,-0.1173587515950203,sensor_data,2025-12-10 12:56:20.273
T7,AIN51,LoadCell,-0.13785938918590546,sensor_data,2025-12-10 12:56:20.273
T7,AIN0,LoadCell,-0.11672796308994293,sensor_data,2025-12-10 12:56:20.273
T7,AIN51,LoadCell,-0.13754399120807648,sensor_data,2025-12-10 12:56:20.273
T7,AIN0,LoadCell,-0.11609716713428497,sensor_data,2025-12-10 12:56:20.273
T7,AIN51,LoadCell,-0.13691319525241852,sensor_data,2025-12-10 12:56:20.273
T7,AIN0,LoadCell,-0.11641256511211395,sensor_data,2025-12-10 12:56:20.273
T7,AIN51,LoadCell,-0.13691319525241852,sensor_data,2025-12-10 12:56:20.273
T7,AIN0,LoadCell,-0.11641256511211395,sensor_data,2025-12-10 12:56:20.273
T7,AIN51,LoadCell,-0.13691319525241852,sensor_data,2025-12-10 12:56:20.273
T7,AIN0,LoadCell,-0.11609716713428497,sensor_data,2025-12-10 12:56:20.273
T7,AIN51,LoadCell,-0.13691319525241852,sensor_data,2025-12-10 12:56:20.273
T7,AIN0,LoadCell,-0.11641256511211395,sensor_data,2025-12-10 12:56:20.273
T7,AIN51,LoadCell,-0.13754399120807648,sensor_data,2025-12-10 12:56:20.273
T7,AIN0,LoadCell,-0.11483559012413025,sensor_data,2025-12-10 12:56:20.273
T7,AIN51,LoadCell,-0.13628241419792175,sensor_data,2025-12-10 12:56:20.273
T7,AIN0,LoadCell,-0.1123124361038208,sensor_data,2025-12-10 12:56:20.273
T7,AIN51,LoadCell,-0.13312846422195435,sensor_data,2025-12-10 12:56:20.273
T7,AIN0,LoadCell,-0.11294322460889816,sensor_data,2025-12-10 12:56:20.273
T7,AIN51,LoadCell,-0.13439004123210907,sensor_data,2025-12-10 12:56:20.273
T7,AIN0,LoadCell,-0.12145887315273285,sensor_data,2025-12-10 12:56:20.273
T7,AIN51,LoadCell,-0.14132872223854065,sensor_data,2025-12-10 12:56:20.273
T7,AIN0,LoadCell,-0.13028991222381592,sensor_data,2025-12-10 12:56:20.273
T7,AIN51,LoadCell,-0.14952898025512695,sensor_data,2025-12-10 12:56:20.273
T7,AIN0,LoadCell,-0.1356516182422638,sensor_data,2025-12-10 12:56:20.273
T7,AIN51,LoadCell,-0.1539444923400879,sensor_data,2025-12-10 12:56:20.273
T7,AIN0,LoadCell,-0.1372285932302475,sensor_data,2025-12-10 12:56:20.273
T7,AIN51,LoadCell,-0.15615226328372955,sensor_data,2025-12-10 12:56:20.273
T7,AIN0,LoadCell,-0.13628241419792175,sensor_data,2025-12-10 12:56:20.273
T7,AIN51,LoadCell,-0.15457528829574585,sensor_data,2025-12-10 12:56:20.273
T7,AIN0,LoadCell,-0.13407465815544128,sensor_data,2025-12-10 12:56:20.273
T7,AIN51,LoadCell,-0.15299831330776215,sensor_data,2025-12-10 12:56:20.273
T7,AIN0,LoadCell,-0.13186688721179962,sensor_data,2025-12-10 12:56:20.273
T7,AIN51,LoadCell,-0.15079055726528168,sensor_data,2025-12-10 12:56:20.273
T7,AIN0,LoadCell,-0.12934373319149017,sensor_data,2025-12-10 12:56:20.273
T7,AIN51,LoadCell,-0.14921358227729797,sensor_data,2025-12-10 12:56:20.273
T7,AIN0,LoadCell,-0.12650518119335175,sensor_data,2025-12-10 12:56:20.273
T7,AIN51,LoadCell,-0.14605963230133057,sensor_data,2025-12-10 12:56:20.273
T7,AIN0,LoadCell,-0.12429742515087128,sensor_data,2025-12-10 12:56:20.273
T7,AIN51,LoadCell,-0.14448267221450806,sensor_data,2025-12-10 12:56:20.273
T7,AIN0,LoadCell,-0.12303584814071655,sensor_data,2025-12-10 12:56:20.273
T7,AIN51,LoadCell,-0.14259029924869537,sensor_data,2025-12-10 12:56:20.273
T7,AIN0,LoadCell,-0.12145887315273285,sensor_data,2025-12-10 12:56:20.273
T7,AIN51,LoadCell,-0.14132872223854065,sensor_data,2025-12-10 12:56:20.273
T7,AIN0,LoadCell,-0.12019729614257812,sensor_data,2025-12-10 12:56:20.273
T7,AIN51,LoadCell,-0.14069794118404388,sensor_data,2025-12-10 12:56:20.273
T7,AIN0,LoadCell,-0.11956650763750076,sensor_data,2025-12-10 12:56:20.273
T7,AIN51,LoadCell,-0.13975174725055695,sensor_data,2025-12-10 12:56:20.273
T7,AIN0,LoadCell,-0.1189357191324234,sensor_data,2025-12-10 12:56:20.273
T7,AIN51,LoadCell,-0.13912096619606018,sensor_data,2025-12-10 12:56:20.273
T7,AIN0,LoadCell,-0.11609716713428497,sensor_data,2025-12-10 12:56:20.273
T7,AIN51,LoadCell,-0.13691319525241852,sensor_data,2025-12-10 12:56:20.273
T7,AIN0,LoadCell,-0.11262783408164978,sensor_data,2025-12-10 12:56:20.273
T7,AIN51,LoadCell,-0.1337592601776123,sensor_data,2025-12-10 12:56:20.273
T7,AIN0,LoadCell,-0.11357401311397552,sensor_data,2025-12-10 12:56:20.273
T7,AIN51,LoadCell,-0.13470543920993805,sensor_data,2025-12-10 12:56:20.273
T7,AIN0,LoadCell,-0.11609716713428497,sensor_data,2025-12-10 12:56:20.273
T7,AIN51,LoadCell,-0.13596701622009277,sensor_data,2025-12-10 12:56:20.273
T7,AIN0,LoadCell,-0.11672796308994293,sensor_data,2025-12-10 12:56:20.273
T7,AIN51,LoadCell,-0.1372285932302475,sensor_data,2025-12-10 12:56:20.273
T7,AIN0,LoadCell,-0.11862032860517502,sensor_data,2025-12-10 12:56:20.273
T7,AIN51,LoadCell,-0.13849017024040222,sensor_data,2025-12-10 12:56:20.273
T7,AIN0,LoadCell,-0.1173587515950203,sensor_data,2025-12-10 12:56:20.273
T7,AIN51,LoadCell,-0.1388055682182312,sensor_data,2025-12-10 12:56:20.273
T7,AIN0,LoadCell,-0.11830493062734604,sensor_data,2025-12-10 12:56:20.273
T7,AIN51,LoadCell,-0.13849017024040222,sensor_data,2025-12-10 12:56:20.273
T7,AIN0,LoadCell,-0.11830493062734604,sensor_data,2025-12-10 12:56:20.273
T7,AIN51,LoadCell,-0.13849017024040222,sensor_data,2025-12-10 12:56:20.273
T7,AIN0,LoadCell,-0.11767414212226868,sensor_data,2025-12-10 12:56:20.273
T7,AIN51,LoadCell,-0.13817477226257324,sensor_data,2025-12-10 12:56:20.273
T7,AIN0,LoadCell,-0.11672796308994293,sensor_data,2025-12-10 12:56:20.273
T7,AIN51,LoadCell,-0.1372285932302475,sensor_data,2025-12-10 12:56:20.273
T7,AIN0,LoadCell,-0.11641256511211395,sensor_data,2025-12-10 12:56:20.273
T7,AIN51,LoadCell,-0.13691319525241852,sensor_data,2025-12-10 12:56:20.273
T7,AIN0,LoadCell,-0.11578177660703659,sensor_data,2025-12-10 12:56:20.273
T7,AIN51,LoadCell,-0.13691319525241852,sensor_data,2025-12-10 12:56:20.273
T7,AIN0,LoadCell,-0.11609716713428497,sensor_data,2025-12-10 12:56:20.273
T7,AIN51,LoadCell,-0.13691319525241852,sensor_data,2025-12-10 12:56:20.273
T7,AIN0,LoadCell,-0.11609716713428497,sensor_data,2025-12-10 12:56:20.273
T7,AIN51,LoadCell,-0.13659781217575073,sensor_data,2025-12-10 12:56:20.273
T7,AIN0,LoadCell,-0.11609716713428497,sensor_data,2025-12-10 12:56:20.273
T7,AIN51,LoadCell,-0.13691319525241852,sensor_data,2025-12-10 12:56:20.273
T7,AIN0,LoadCell,-0.11641256511211395,sensor_data,2025-12-10 12:56:20.273
T7,AIN51,LoadCell,-0.13659781217575073,sensor_data,2025-12-10 12:56:20.273
T7,AIN0,LoadCell,-0.1173587515950203,sensor_data,2025-12-10 12:56:20.273
T7,AIN51,LoadCell,-0.13754399120807648,sensor_data,2025-12-10 12:56:20.273
T7,AIN0,LoadCell,-0.11546637862920761,sensor_data,2025-12-10 12:56:20.273
T7,AIN51,LoadCell,-0.13596701622009277,sensor_data,2025-12-10 12:56:20.273
T7,AIN0,LoadCell,-0.11357401311397552,sensor_data,2025-12-10 12:56:20.273
T7,AIN51,LoadCell,-0.13439004123210907,sensor_data,2025-12-10 12:56:20.273
T7,AIN0,LoadCell,-0.11357401311397552,sensor_data,2025-12-10 12:56:20.273
T7,AIN51,LoadCell,-0.13470543920993805,sensor_data,2025-12-10 12:56:20.273
T7,AIN0,LoadCell,-0.11609716713428497,sensor_data,2025-12-10 12:56:20.273
T7,AIN51,LoadCell,-0.1372285932302475,sensor_data,2025-12-10 12:56:20.273
T7,AIN0,LoadCell,-0.11704335361719131,sensor_data,2025-12-10 12:56:20.273
T7,AIN51,LoadCell,-0.13754399120807648,sensor_data,2025-12-10 12:56:20.273
T7,AIN0,LoadCell,-0.11767414212226868,sensor_data,2025-12-10 12:56:20.273
T7,AIN51,LoadCell,-0.13817477226257324,sensor_data,2025-12-10 12:56:20.273
T7,AIN0,LoadCell,-0.11798954010009766,sensor_data,2025-12-10 12:56:20.273
T7,AIN51,LoadCell,-0.13754399120807648,sensor_data,2025-12-10 12:56:20.273
T7,AIN0,LoadCell,-0.11767414212226868,sensor_data,2025-12-10 12:56:20.273
T7,AIN51,LoadCell,-0.13817477226257324,sensor_data,2025-12-10 12:56:20.273
T7,AIN0,LoadCell,-0.11672796308994293,sensor_data,2025-12-10 12:56:20.273
T7,AIN51,LoadCell,-0.13691319525241852,sensor_data,2025-12-10 12:56:20.273
T7,AIN0,LoadCell,-0.11641256511211395,sensor_data,2025-12-10 12:56:20.273
T7,AIN51,LoadCell,-0.13659781217575073,sensor_data,2025-12-10 12:56:20.273
T7,AIN0,LoadCell,-0.11578177660703659,sensor_data,2025-12-10 12:56:20.273
T7,AIN51,LoadCell,-0.13628241419792175,sensor_data,2025-12-10 12:56:20.273
T7,AIN0,LoadCell,-0.11609716713428497,sensor_data,2025-12-10 12:56:20.273
T7,AIN51,LoadCell,-0.13628241419792175,sensor_data,2025-12-10 12:56:20.273
T7,AIN0,LoadCell,-0.11609716713428497,sensor_data,2025-12-10 12:56:20.273
T7,AIN51,LoadCell,-0.13628241419792175,sensor_data,2025-12-10 12:56:20.273
T7,AIN0,LoadCell,-0.11641256511211395,sensor_data,2025-12-10 12:56:20.273
T7,AIN51,LoadCell,-0.1372285932302475,sensor_data,2025-12-10 12:56:20.273
T7,AIN0,LoadCell,-0.11641256511211395,sensor_data,2025-12-10 12:56:20.273
T7,AIN51,LoadCell,-0.13754399120807648,sensor_data,2025-12-10 12:56:20.273
T7,AIN0,LoadCell,-0.11672796308994293,sensor_data,2025-12-10 12:56:20.273
T7,AIN51,LoadCell,-0.13754399120807648,sensor_data,2025-12-10 12:56:20.273
T7,AIN0,LoadCell,-0.1173587515950203,sensor_data,2025-12-10 12:56:20.273
T7,AIN51,LoadCell,-0.13817477226257324,sensor_data,2025-12-10 12:56:20.273
T7,AIN0,LoadCell,-0.11136625707149506,sensor_data,2025-12-10 12:56:20.273
T7,AIN51,LoadCell,-0.1321822851896286,sensor_data,2025-12-10 12:56:20.273
T7,AIN0,LoadCell,-0.10253521054983139,sensor_data,2025-12-10 12:56:20.273
T7,AIN51,LoadCell,-0.125559002161026,sensor_data,2025-12-10 12:56:20.273
T7,AIN0,LoadCell,-0.09811969101428986,sensor_data,2025-12-10 12:56:20.273
T7,AIN51,LoadCell,-0.12019729614257812,sensor_data,2025-12-10 12:56:20.273
T7,AIN0,LoadCell,-0.09875047951936722,sensor_data,2025-12-10 12:56:20.273
T7,AIN51,LoadCell,-0.12114348262548447,sensor_data,2025-12-10 12:56:20.273
T7,AIN0,LoadCell,-0.10253521054983139,sensor_data,2025-12-10 12:56:20.273
T7,AIN51,LoadCell,-0.12492821365594864,sensor_data,2025-12-10 12:56:20.273
T7,AIN0,LoadCell,-0.10631994158029556,sensor_data,2025-12-10 12:56:20.273
T7,AIN51,LoadCell,-0.12745137512683868,sensor_data,2025-12-10 12:56:20.273
T7,AIN0,LoadCell,-0.10821230709552765,sensor_data,2025-12-10 12:56:20.273
T7,AIN51,LoadCell,-0.1306053102016449,sensor_data,2025-12-10 12:56:20.273
T7,AIN0,LoadCell,-0.10978928208351135,sensor_data,2025-12-10 12:56:20.273
T7,AIN51,LoadCell,-0.13186688721179962,sensor_data,2025-12-10 12:56:20.273
T7,AIN0,LoadCell,-0.11010468006134033,sensor_data,2025-12-10 12:56:20.273
T7,AIN51,LoadCell,-0.13186688721179962,sensor_data,2025-12-10 12:56:20.273
T7,AIN0,LoadCell,-0.11168164759874344,sensor_data,2025-12-10 12:56:20.273
T7,AIN51,LoadCell,-0.13249768316745758,sensor_data,2025-12-10 12:56:20.273
T7,AIN0,LoadCell,-0.11294322460889816,sensor_data,2025-12-10 12:56:20.273
T7,AIN51,LoadCell,-0.1337592601776123,sensor_data,2025-12-10 12:56:20.273
T7,AIN0,LoadCell,-0.11357401311397552,sensor_data,2025-12-10 12:56:20.273
T7,AIN51,LoadCell,-0.13439004123210907,sensor_data,2025-12-10 12:56:20.273
T7,AIN0,LoadCell,-0.11420480161905289,sensor_data,2025-12-10 12:56:20.273
T7,AIN51,LoadCell,-0.135336235165596,sensor_data,2025-12-10 12:56:20.273
T7,AIN0,LoadCell,-0.11452019959688187,sensor_data,2025-12-10 12:56:20.273
T7,AIN51,LoadCell,-0.13596701622009277,sensor_data,2025-12-10 12:56:20.273
T7,AIN0,LoadCell,-0.11483559012413025,sensor_data,2025-12-10 12:56:20.273
T7,AIN51,LoadCell,-0.13596701622009277,sensor_data,2025-12-10 12:56:20.273
T7,AIN0,LoadCell,-0.11609716713428497,sensor_data,2025-12-10 12:56:20.273
T7,AIN51,LoadCell,-0.13628241419792175,sensor_data,2025-12-10 12:56:20.273
T7,AIN0,LoadCell,-0.11672796308994293,sensor_data,2025-12-10 12:56:20.273
T7,AIN51,LoadCell,-0.13754399120807648,sensor_data,2025-12-10 12:56:20.273
T7,AIN0,LoadCell,-0.1173587515950203,sensor_data,2025-12-10 12:56:20.273
T7,AIN51,LoadCell,-0.13754399120807648,sensor_data,2025-12-10 12:56:20.273
T7,AIN0,LoadCell,-0.11798954010009766,sensor_data,2025-12-10 12:56:20.273
T7,AIN51,LoadCell,-0.13849017024040222,sensor_data,2025-12-10 12:56:20.273
T7,AIN0,LoadCell,-0.11578177660703659,sensor_data,2025-12-10 12:56:20.273
T7,AIN51,LoadCell,-0.13691319525241852,sensor_data,2025-12-10 12:56:20.273
T7,AIN0,LoadCell,-0.11262783408164978,sensor_data,2025-12-10 12:56:20.273
T7,AIN51,LoadCell,-0.13407465815544128,sensor_data,2025-12-10 12:56:20.273
T7,AIN0,LoadCell,-0.11294322460889816,sensor_data,2025-12-10 12:56:20.273
T7,AIN51,LoadCell,-0.13407465815544128,sensor_data,2025-12-10 12:56:20.273
T7,AIN0,LoadCell,-0.11452019959688187,sensor_data,2025-12-10 12:56:20.273
T7,AIN51,LoadCell,-0.13596701622009277,sensor_data,2025-12-10 12:56:20.273
T7,AIN0,LoadCell,-0.11609716713428497,sensor_data,2025-12-10 12:56:20.273
T7,AIN51,LoadCell,-0.13691319525241852,sensor_data,2025-12-10 12:56:20.273
T7,AIN0,LoadCell,-0.1173587515950203,sensor_data,2025-12-10 12:56:20.273
T7,AIN51,LoadCell,-0.13754399120807648,sensor_data,2025-12-10 12:56:20.273
T7,AIN0,LoadCell,-0.11704335361719131,sensor_data,2025-12-10 12:56:20.273
T7,AIN51,LoadCell,-0.13691319525241852,sensor_data,2025-12-10 12:56:20.273
T7,AIN0,LoadCell,-0.1173587515950203,sensor_data,2025-12-10 12:56:20.273
T7,AIN51,LoadCell,-0.13754399120807648,sensor_data,2025-12-10 12:56:20.273
T7,AIN0,LoadCell,-0.1173587515950203,sensor_data,2025-12-10 12:56:20.273
T7,AIN51,LoadCell,-0.13754399120807648,sensor_data,2025-12-10 12:56:20.273
T7,AIN0,LoadCell,-0.11609716713428497,sensor_data,2025-12-10 12:56:20.273
T7,AIN51,LoadCell,-0.13628241419792175,sensor_data,2025-12-10 12:56:20.273
T7,AIN0,LoadCell,-0.11672796308994293,sensor_data,2025-12-10 12:56:20.273
T7,AIN51,LoadCell,-0.13754399120807648,sensor_data,2025-12-10 12:56:20.273
T7,AIN0,LoadCell,-0.11641256511211395,sensor_data,2025-12-10 12:56:20.273
T7,AIN51,LoadCell,-0.13754399120807648,sensor_data,2025-12-10 12:56:20.273
T7,AIN0,LoadCell,-0.11672796308994293,sensor_data,2025-12-10 12:56:20.273
T7,AIN51,LoadCell,-0.13691319525241852,sensor_data,2025-12-10 12:56:20.273
T7,AIN0,LoadCell,-0.11641256511211395,sensor_data,2025-12-10 12:56:20.273
T7,AIN51,LoadCell,-0.1372285932302475,sensor_data,2025-12-10 12:56:20.273
T7,AIN0,LoadCell,-0.1173587515950203,sensor_data,2025-12-10 12:56:20.273
T7,AIN51,LoadCell,-0.13754399120807648,sensor_data,2025-12-10 12:56:20.273
T7,AIN0,LoadCell,-0.11767414212226868,sensor_data,2025-12-10 12:56:20.273
T7,AIN51,LoadCell,-0.13817477226257324,sensor_data,2025-12-10 12:56:20.273
T7,AIN0,LoadCell,-0.11767414212226868,sensor_data,2025-12-10 12:56:20.273
T7,AIN51,LoadCell,-0.13817477226257324,sensor_data,2025-12-10 12:56:20.273
T7,AIN0,LoadCell,-0.1173587515950203,sensor_data,2025-12-10 12:56:20.273
T7,AIN51,LoadCell,-0.13817477226257324,sensor_data,2025-12-10 12:56:20.273
T7,AIN0,LoadCell,-0.11515098810195923,sensor_data,2025-12-10 12:56:20.273
T7,AIN51,LoadCell,-0.1356516182422638,sensor_data,2025-12-10 12:56:20.273
T7,AIN0,LoadCell,-0.11105085909366608,sensor_data,2025-12-10 12:56:20.273
T7,AIN51,LoadCell,-0.13281308114528656,sensor_data,2025-12-10 12:56:20.273
T7,AIN0,LoadCell,-0.11168164759874344,sensor_data,2025-12-10 12:56:20.273
T7,AIN51,LoadCell,-0.13312846422195435,sensor_data,2025-12-10 12:56:20.273
T7,AIN0,LoadCell,-0.11483559012413025,sensor_data,2025-12-10 12:56:20.273
T7,AIN51,LoadCell,-0.1356516182422638,sensor_data,2025-12-10 12:56:20.273
T7,AIN0,LoadCell,-0.11546637862920761,sensor_data,2025-12-10 12:56:20.273
T7,AIN51,LoadCell,-0.13628241419792175,sensor_data,2025-12-10 12:56:20.273
T7,AIN0,LoadCell,-0.11672796308994293,sensor_data,2025-12-10 12:56:20.273
T7,AIN51,LoadCell,-0.13691319525241852,sensor_data,2025-12-10 12:56:20.273
T7,AIN0,LoadCell,-0.1173587515950203,sensor_data,2025-12-10 12:56:20.273
T7,AIN51,LoadCell,-0.1372285932302475,sensor_data,2025-12-10 12:56:20.273
T7,AIN0,LoadCell,-0.11641256511211395,sensor_data,2025-12-10 12:56:20.273
T7,AIN51,LoadCell,-0.13754399120807648,sensor_data,2025-12-10 12:56:20.273
T7,AIN0,LoadCell,-0.11672796308994293,sensor_data,2025-12-10 12:56:20.273
T7,AIN51,LoadCell,-0.1372285932302475,sensor_data,2025-12-10 12:56:20.273
T7,AIN0,LoadCell,-0.1173587515950203,sensor_data,2025-12-10 12:56:20.273
T7,AIN51,LoadCell,-0.13785938918590546,sensor_data,2025-12-10 12:56:20.273
T7,AIN0,LoadCell,-0.11767414212226868,sensor_data,2025-12-10 12:56:20.273
T7,AIN51,LoadCell,-0.13817477226257324,sensor_data,2025-12-10 12:56:20.273
T7,AIN0,LoadCell,-0.11767414212226868,sensor_data,2025-12-10 12:56:20.273
T7,AIN51,LoadCell,-0.13785938918590546,sensor_data,2025-12-10 12:56:20.273
T7,AIN0,LoadCell,-0.11830493062734604,sensor_data,2025-12-10 12:56:20.273
T7,AIN51,LoadCell,-0.13817477226257324,sensor_data,2025-12-10 12:56:20.273
T7,AIN0,LoadCell,-0.1239820271730423,sensor_data,2025-12-10 12:56:20.273
T7,AIN51,LoadCell,-0.14353647828102112,sensor_data,2025-12-10 12:56:20.273
T7,AIN0,LoadCell,-0.13092070817947388,sensor_data,2025-12-10 12:56:20.273
T7,AIN51,LoadCell,-0.15015976130962372,sensor_data,2025-12-10 12:56:20.273
T7,AIN0,LoadCell,-0.135336235165596,sensor_data,2025-12-10 12:56:20.273
T7,AIN51,LoadCell,-0.1539444923400879,sensor_data,2025-12-10 12:56:20.273
T7,AIN0,LoadCell,-0.13470543920993805,sensor_data,2025-12-10 12:56:20.273
T7,AIN51,LoadCell,-0.1539444923400879,sensor_data,2025-12-10 12:56:20.273
T7,AIN0,LoadCell,-0.1337592601776123,sensor_data,2025-12-10 12:56:20.273
T7,AIN51,LoadCell,-0.15299831330776215,sensor_data,2025-12-10 12:56:20.273
T7,AIN0,LoadCell,-0.13028991222381592,sensor_data,2025-12-10 12:56:20.273
T7,AIN51,LoadCell,-0.14952898025512695,sensor_data,2025-12-10 12:56:20.273
T7,AIN0,LoadCell,-0.12524360418319702,sensor_data,2025-12-10 12:56:20.273
T7,AIN51,LoadCell,-0.14479805529117584,sensor_data,2025-12-10 12:56:20.273
T7,AIN0,LoadCell,-0.12335123866796494,sensor_data,2025-12-10 12:56:20.273
T7,AIN51,LoadCell,-0.14322109520435333,sensor_data,2025-12-10 12:56:20.273
T7,AIN0,LoadCell,-0.12335123866796494,sensor_data,2025-12-10 12:56:20.273
T7,AIN51,LoadCell,-0.14322109520435333,sensor_data,2025-12-10 12:56:20.273
T7,AIN0,LoadCell,-0.12272045016288757,sensor_data,2025-12-10 12:56:20.273
T7,AIN51,LoadCell,-0.14259029924869537,sensor_data,2025-12-10 12:56:20.273
T7,AIN0,LoadCell,-0.12272045016288757,sensor_data,2025-12-10 12:56:20.273
T7,AIN51,LoadCell,-0.14259029924869537,sensor_data,2025-12-10 12:56:20.273
T7,AIN0,LoadCell,-0.12208966165781021,sensor_data,2025-12-10 12:56:20.273
T7,AIN51,LoadCell,-0.1422749012708664,sensor_data,2025-12-10 12:56:20.273
T7,AIN0,LoadCell,-0.12114348262548447,sensor_data,2025-12-10 12:56:20.273
T7,AIN51,LoadCell,-0.14164412021636963,sensor_data,2025-12-10 12:56:20.273
T7,AIN0,LoadCell,-0.1205126941204071,sensor_data,2025-12-10 12:56:20.273
T7,AIN51,LoadCell,-0.1403825432062149,sensor_data,2025-12-10 12:56:20.273
T7,AIN0,LoadCell,-0.11988190561532974,sensor_data,2025-12-10 12:56:20.273
T7,AIN51,LoadCell,-0.13975174725055695,sensor_data,2025-12-10 12:56:20.273
T7,AIN0,LoadCell,-0.1189357191324234,sensor_data,2025-12-10 12:56:20.273
T7,AIN51,LoadCell,-0.13912096619606018,sensor_data,2025-12-10 12:56:20.273
T7,AIN0,LoadCell,-0.11862032860517502,sensor_data,2025-12-10 12:56:20.273
T7,AIN51,LoadCell,-0.13943634927272797,sensor_data,2025-12-10 12:56:20.273
T7,AIN0,LoadCell,-0.11925111711025238,sensor_data,2025-12-10 12:56:20.273
T7,AIN51,LoadCell,-0.13943634927272797,sensor_data,2025-12-10 12:56:20.273
T7,AIN0,LoadCell,-0.11925111711025238,sensor_data,2025-12-10 12:56:20.273
T7,AIN51,LoadCell,-0.1388055682182312,sensor_data,2025-12-10 12:56:20.273
T7,AIN0,LoadCell,-0.11925111711025238,sensor_data,2025-12-10 12:56:20.273
T7,AIN51,LoadCell,-0.13912096619606018,sensor_data,2025-12-10 12:56:20.273
T7,AIN0,LoadCell,-0.11767414212226868,sensor_data,2025-12-10 12:56:20.273
T7,AIN51,LoadCell,-0.13785938918590546,sensor_data,2025-12-10 12:56:20.273
T7,AIN0,LoadCell,-0.11767414212226868,sensor_data,2025-12-10 12:56:20.273
T7,AIN51,LoadCell,-0.13785938918590546,sensor_data,2025-12-10 12:56:20.273
T7,AIN0,LoadCell,-0.11672796308994293,sensor_data,2025-12-10 12:56:20.273
T7,AIN51,LoadCell,-0.13785938918590546,sensor_data,2025-12-10 12:56:20.273
T7,AIN0,LoadCell,-0.11609716713428497,sensor_data,2025-12-10 12:56:20.273
T7,AIN51,LoadCell,-0.13691319525241852,sensor_data,2025-12-10 12:56:20.273
T7,AIN0,LoadCell,-0.1123124361038208,sensor_data,2025-12-10 12:56:20.273
T7,AIN51,LoadCell,-0.13312846422195435,sensor_data,2025-12-10 12:56:20.273
T7,AIN0,LoadCell,-0.1123124361038208,sensor_data,2025-12-10 12:56:20.273
T7,AIN51,LoadCell,-0.13281308114528656,sensor_data,2025-12-10 12:56:20.273
T7,AIN0,LoadCell,-0.11483559012413025,sensor_data,2025-12-10 12:56:20.273
T7,AIN51,LoadCell,-0.1356516182422638,sensor_data,2025-12-10 12:56:20.273
T7,AIN0,LoadCell,-0.11672796308994293,sensor_data,2025-12-10 12:56:20.273
T7,AIN51,LoadCell,-0.1372285932302475,sensor_data,2025-12-10 12:56:20.273
T7,AIN0,LoadCell,-0.11704335361719131,sensor_data,2025-12-10 12:56:20.273
T7,AIN51,LoadCell,-0.13754399120807648,sensor_data,2025-12-10 12:56:20.273
T7,AIN0,LoadCell,-0.11672796308994293,sensor_data,2025-12-10 12:56:20.273
T7,AIN51,LoadCell,-0.13754399120807648,sensor_data,2025-12-10 12:56:20.273
T7,AIN0,LoadCell,-0.1173587515950203,sensor_data,2025-12-10 12:56:20.273
T7,AIN51,LoadCell,-0.1372285932302475,sensor_data,2025-12-10 12:56:20.273
T7,AIN0,LoadCell,-0.11704335361719131,sensor_data,2025-12-10 12:56:20.273
T7,AIN51,LoadCell,-0.13754399120807648,sensor_data,2025-12-10 12:56:20.273
T7,AIN0,LoadCell,-0.11672796308994293,sensor_data,2025-12-10 12:56:20.273
T7,AIN51,LoadCell,-0.13754399120807648,sensor_data,2025-12-10 12:56:20.273
T7,AIN0,LoadCell,-0.11704335361719131,sensor_data,2025-12-10 12:56:20.273
T7,AIN51,LoadCell,-0.13817477226257324,sensor_data,2025-12-10 12:56:20.273
T7,AIN0,LoadCell,-0.11830493062734604,sensor_data,2025-12-10 12:56:20.284
T7,AIN51,LoadCell,-0.13817477226257324,sensor_data,2025-12-10 12:56:20.284
T7,AIN0,LoadCell,-0.1173587515950203,sensor_data,2025-12-10 12:56:20.284
T7,AIN51,LoadCell,-0.13817477226257324,sensor_data,2025-12-10 12:56:20.284
T7,AIN0,LoadCell,-0.11641256511211395,sensor_data,2025-12-10 12:56:20.284
T7,AIN51,LoadCell,-0.13659781217575073,sensor_data,2025-12-10 12:56:20.284
T7,AIN0,LoadCell,-0.11609716713428497,sensor_data,2025-12-10 12:56:20.284
T7,AIN51,LoadCell,-0.13691319525241852,sensor_data,2025-12-10 12:56:20.284
T7,AIN0,LoadCell,-0.11641256511211395,sensor_data,2025-12-10 12:56:20.284
T7,AIN51,LoadCell,-0.13691319525241852,sensor_data,2025-12-10 12:56:20.284
T7,AIN0,LoadCell,-0.11672796308994293,sensor_data,2025-12-10 12:56:20.284
T7,AIN51,LoadCell,-0.1372285932302475,sensor_data,2025-12-10 12:56:20.284
T7,AIN0,LoadCell,-0.11578177660703659,sensor_data,2025-12-10 12:56:20.284
T7,AIN51,LoadCell,-0.13628241419792175,sensor_data,2025-12-10 12:56:20.284
T7,AIN0,LoadCell,-0.11420480161905289,sensor_data,2025-12-10 12:56:20.284
T7,AIN51,LoadCell,-0.13502083718776703,sensor_data,2025-12-10 12:56:20.284
T7,AIN0,LoadCell,-0.11105085909366608,sensor_data,2025-12-10 12:56:20.284
T7,AIN51,LoadCell,-0.13186688721179962,sensor_data,2025-12-10 12:56:20.284
T7,AIN0,LoadCell,-0.1107354685664177,sensor_data,2025-12-10 12:56:20.284
T7,AIN51,LoadCell,-0.1321822851896286,sensor_data,2025-12-10 12:56:20.284
T7,AIN0,LoadCell,-0.1138894110918045,sensor_data,2025-12-10 12:56:20.284
T7,AIN51,LoadCell,-0.13439004123210907,sensor_data,2025-12-10 12:56:20.284
T7,AIN0,LoadCell,-0.11609716713428497,sensor_data,2025-12-10 12:56:20.284
T7,AIN51,LoadCell,-0.13628241419792175,sensor_data,2025-12-10 12:56:20.284
T7,AIN0,LoadCell,-0.1173587515950203,sensor_data,2025-12-10 12:56:20.284
T7,AIN51,LoadCell,-0.13785938918590546,sensor_data,2025-12-10 12:56:20.284
T7,AIN0,LoadCell,-0.1173587515950203,sensor_data,2025-12-10 12:56:20.284
T7,AIN51,LoadCell,-0.13785938918590546,sensor_data,2025-12-10 12:56:20.284
T7,AIN0,LoadCell,-0.11798954010009766,sensor_data,2025-12-10 12:56:20.284
T7,AIN51,LoadCell,-0.13785938918590546,sensor_data,2025-12-10 12:56:20.284
T7,AIN0,LoadCell,-0.11830493062734604,sensor_data,2025-12-10 12:56:20.284
T7,AIN51,LoadCell,-0.13849017024040222,sensor_data,2025-12-10 12:56:20.284
T7,AIN0,LoadCell,-0.11199704557657242,sensor_data,2025-12-10 12:56:20.284
T7,AIN51,LoadCell,-0.13312846422195435,sensor_data,2025-12-10 12:56:20.284
T7,AIN0,LoadCell,-0.1056891530752182,sensor_data,2025-12-10 12:56:20.284
T7,AIN51,LoadCell,-0.12776675820350647,sensor_data,2025-12-10 12:56:20.284
T7,AIN0,LoadCell,-0.10348139703273773,sensor_data,2025-12-10 12:56:20.284
T7,AIN51,LoadCell,-0.12524360418319702,sensor_data,2025-12-10 12:56:20.284
T7,AIN0,LoadCell,-0.10253521054983139,sensor_data,2025-12-10 12:56:20.284
T7,AIN51,LoadCell,-0.12492821365594864,sensor_data,2025-12-10 12:56:20.284
T7,AIN0,LoadCell,-0.10316599905490875,sensor_data,2025-12-10 12:56:20.284
T7,AIN51,LoadCell,-0.12524360418319702,sensor_data,2025-12-10 12:56:20.284
T7,AIN0,LoadCell,-0.10537376254796982,sensor_data,2025-12-10 12:56:20.284
T7,AIN51,LoadCell,-0.1271359771490097,sensor_data,2025-12-10 12:56:20.284
T7,AIN0,LoadCell,-0.10663533955812454,sensor_data,2025-12-10 12:56:20.284
T7,AIN51,LoadCell,-0.1287129521369934,sensor_data,2025-12-10 12:56:20.284
T7,AIN0,LoadCell,-0.10884310305118561,sensor_data,2025-12-10 12:56:20.284
T7,AIN51,LoadCell,-0.12965913116931915,sensor_data,2025-12-10 12:56:20.284
T7,AIN0,LoadCell,-0.10947389155626297,sensor_data,2025-12-10 12:56:20.284
T7,AIN51,LoadCell,-0.13123610615730286,sensor_data,2025-12-10 12:56:20.284
T7,AIN0,LoadCell,-0.10947389155626297,sensor_data,2025-12-10 12:56:20.284
T7,AIN51,LoadCell,-0.1306053102016449,sensor_data,2025-12-10 12:56:20.284
T7,AIN0,LoadCell,-0.10758151859045029,sensor_data,2025-12-10 12:56:20.284
T7,AIN51,LoadCell,-0.12934373319149017,sensor_data,2025-12-10 12:56:20.284
T7,AIN0,LoadCell,-0.10978928208351135,sensor_data,2025-12-10 12:56:20.284
T7,AIN51,LoadCell,-0.13092070817947388,sensor_data,2025-12-10 12:56:20.284
T7,AIN0,LoadCell,-0.11325862258672714,sensor_data,2025-12-10 12:56:20.284
T7,AIN51,LoadCell,-0.13439004123210907,sensor_data,2025-12-10 12:56:20.284
T7,AIN0,LoadCell,-0.11515098810195923,sensor_data,2025-12-10 12:56:20.284
T7,AIN51,LoadCell,-0.13596701622009277,sensor_data,2025-12-10 12:56:20.284
T7,AIN0,LoadCell,-0.11641256511211395,sensor_data,2025-12-10 12:56:20.284
T7,AIN51,LoadCell,-0.13754399120807648,sensor_data,2025-12-10 12:56:20.284
T7,AIN0,LoadCell,-0.1173587515950203,sensor_data,2025-12-10 12:56:20.284
T7,AIN51,LoadCell,-0.13785938918590546,sensor_data,2025-12-10 12:56:20.284
T7,AIN0,LoadCell,-0.11767414212226868,sensor_data,2025-12-10 12:56:20.284
T7,AIN51,LoadCell,-0.13785938918590546,sensor_data,2025-12-10 12:56:20.284
T7,AIN0,LoadCell,-0.11862032860517502,sensor_data,2025-12-10 12:56:20.284
T7,AIN51,LoadCell,-0.1388055682182312,sensor_data,2025-12-10 12:56:20.284
T7,AIN0,LoadCell,-0.11862032860517502,sensor_data,2025-12-10 12:56:20.284
T7,AIN51,LoadCell,-0.13785938918590546,sensor_data,2025-12-10 12:56:20.284
T7,AIN0,LoadCell,-0.11767414212226868,sensor_data,2025-12-10 12:56:20.284
T7,AIN51,LoadCell,-0.13849017024040222,sensor_data,2025-12-10 12:56:20.284
T7,AIN0,LoadCell,-0.11830493062734604,sensor_data,2025-12-10 12:56:20.284
T7,AIN51,LoadCell,-0.1388055682182312,sensor_data,2025-12-10 12:56:20.284
T7,AIN0,LoadCell,-0.1173587515950203,sensor_data,2025-12-10 12:56:20.284
T7,AIN51,LoadCell,-0.1388055682182312,sensor_data,2025-12-10 12:56:20.284
T7,AIN0,LoadCell,-0.1173587515950203,sensor_data,2025-12-10 12:56:20.284
T7,AIN51,LoadCell,-0.13817477226257324,sensor_data,2025-12-10 12:56:20.284
T7,AIN0,LoadCell,-0.1173587515950203,sensor_data,2025-12-10 12:56:20.284
T7,AIN51,LoadCell,-0.13817477226257324,sensor_data,2025-12-10 12:56:20.284
T7,AIN0,LoadCell,-0.1173587515950203,sensor_data,2025-12-10 12:56:20.284
T7,AIN51,LoadCell,-0.13817477226257324,sensor_data,2025-12-10 12:56:20.284
T7,AIN0,LoadCell,-0.1173587515950203,sensor_data,2025-12-10 12:56:20.284
T7,AIN51,LoadCell,-0.13849017024040222,sensor_data,2025-12-10 12:56:20.284
T7,AIN0,LoadCell,-0.1173587515950203,sensor_data,2025-12-10 12:56:20.284
T7,AIN51,LoadCell,-0.13754399120807648,sensor_data,2025-12-10 12:56:20.284
T7,AIN0,LoadCell,-0.11578177660703659,sensor_data,2025-12-10 12:56:20.284
T7,AIN51,LoadCell,-0.13628241419792175,sensor_data,2025-12-10 12:56:20.284
T7,AIN0,LoadCell,-0.11294322460889816,sensor_data,2025-12-10 12:56:20.284
T7,AIN51,LoadCell,-0.13439004123210907,sensor_data,2025-12-10 12:56:20.284
T7,AIN0,LoadCell,-0.11357401311397552,sensor_data,2025-12-10 12:56:20.284
T7,AIN51,LoadCell,-0.13470543920993805,sensor_data,2025-12-10 12:56:20.284
T7,AIN0,LoadCell,-0.11546637862920761,sensor_data,2025-12-10 12:56:20.284
T7,AIN51,LoadCell,-0.13628241419792175,sensor_data,2025-12-10 12:56:20.284
T7,AIN0,LoadCell,-0.1173587515950203,sensor_data,2025-12-10 12:56:20.284
T7,AIN51,LoadCell,-0.13849017024040222,sensor_data,2025-12-10 12:56:20.284
T7,AIN0,LoadCell,-0.1189357191324234,sensor_data,2025-12-10 12:56:20.284
T7,AIN51,LoadCell,-0.1388055682182312,sensor_data,2025-12-10 12:56:20.284
T7,AIN0,LoadCell,-0.11988190561532974,sensor_data,2025-12-10 12:56:20.284
T7,AIN51,LoadCell,-0.14006714522838593,sensor_data,2025-12-10 12:56:20.284
T7,AIN0,LoadCell,-0.12019729614257812,sensor_data,2025-12-10 12:56:20.284
T7,AIN51,LoadCell,-0.14006714522838593,sensor_data,2025-12-10 12:56:20.284
T7,AIN0,LoadCell,-0.12019729614257812,sensor_data,2025-12-10 12:56:20.284
T7,AIN51,LoadCell,-0.14006714522838593,sensor_data,2025-12-10 12:56:20.284
T7,AIN0,LoadCell,-0.11956650763750076,sensor_data,2025-12-10 12:56:20.284
T7,AIN51,LoadCell,-0.14006714522838593,sensor_data,2025-12-10 12:56:20.284
T7,AIN0,LoadCell,-0.11862032860517502,sensor_data,2025-12-10 12:56:20.284
T7,AIN51,LoadCell,-0.13975174725055695,sensor_data,2025-12-10 12:56:20.284
T7,AIN0,LoadCell,-0.11862032860517502,sensor_data,2025-12-10 12:56:20.284
T7,AIN51,LoadCell,-0.13912096619606018,sensor_data,2025-12-10 12:56:20.284
T7,AIN0,LoadCell,-0.11798954010009766,sensor_data,2025-12-10 12:56:20.284
T7,AIN51,LoadCell,-0.13785938918590546,sensor_data,2025-12-10 12:56:20.284
T7,AIN0,LoadCell,-0.11704335361719131,sensor_data,2025-12-10 12:56:20.284
T7,AIN51,LoadCell,-0.13754399120807648,sensor_data,2025-12-10 12:56:20.284
T7,AIN0,LoadCell,-0.11672796308994293,sensor_data,2025-12-10 12:56:20.284
T7,AIN51,LoadCell,-0.13754399120807648,sensor_data,2025-12-10 12:56:20.284
T7,AIN0,LoadCell,-0.11609716713428497,sensor_data,2025-12-10 12:56:20.284
T7,AIN51,LoadCell,-0.13691319525241852,sensor_data,2025-12-10 12:56:20.284
T7,AIN0,LoadCell,-0.11578177660703659,sensor_data,2025-12-10 12:56:20.284
T7,AIN51,LoadCell,-0.13628241419792175,sensor_data,2025-12-10 12:56:20.284
T7,AIN0,LoadCell,-0.11546637862920761,sensor_data,2025-12-10 12:56:20.284
T7,AIN51,LoadCell,-0.13628241419792175,sensor_data,2025-12-10 12:56:20.284
T7,AIN0,LoadCell,-0.11420480161905289,sensor_data,2025-12-10 12:56:20.284
T7,AIN51,LoadCell,-0.13502083718776703,sensor_data,2025-12-10 12:56:20.284
T7,AIN0,LoadCell,-0.11136625707149506,sensor_data,2025-12-10 12:56:20.284
T7,AIN51,LoadCell,-0.13249768316745758,sensor_data,2025-12-10 12:56:20.284
T7,AIN0,LoadCell,-0.11199704557657242,sensor_data,2025-12-10 12:56:20.284
T7,AIN51,LoadCell,-0.1337592601776123,sensor_data,2025-12-10 12:56:20.284
T7,AIN0,LoadCell,-0.11483559012413025,sensor_data,2025-12-10 12:56:20.284
T7,AIN51,LoadCell,-0.135336235165596,sensor_data,2025-12-10 12:56:20.284
T7,AIN0,LoadCell,-0.11672796308994293,sensor_data,2025-12-10 12:56:20.284
T7,AIN51,LoadCell,-0.13754399120807648,sensor_data,2025-12-10 12:56:20.284
T7,AIN0,LoadCell,-0.12335123866796494,sensor_data,2025-12-10 12:56:20.284
T7,AIN51,LoadCell,-0.14353647828102112,sensor_data,2025-12-10 12:56:20.284
T7,AIN0,LoadCell,-0.13092070817947388,sensor_data,2025-12-10 12:56:20.284
T7,AIN51,LoadCell,-0.15015976130962372,sensor_data,2025-12-10 12:56:20.284
T7,AIN0,LoadCell,-0.13470543920993805,sensor_data,2025-12-10 12:56:20.284
T7,AIN51,LoadCell,-0.1536291092634201,sensor_data,2025-12-10 12:56:20.284
T7,AIN0,LoadCell,-0.13596701622009277,sensor_data,2025-12-10 12:56:20.284
T7,AIN51,LoadCell,-0.15457528829574585,sensor_data,2025-12-10 12:56:20.284
T7,AIN0,LoadCell,-0.13502083718776703,sensor_data,2025-12-10 12:56:20.284
T7,AIN51,LoadCell,-0.1536291092634201,sensor_data,2025-12-10 12:56:20.284
T7,AIN0,LoadCell,-0.13249768316745758,sensor_data,2025-12-10 12:56:20.284
T7,AIN51,LoadCell,-0.15173673629760742,sensor_data,2025-12-10 12:56:20.284
T7,AIN0,LoadCell,-0.12997452914714813,sensor_data,2025-12-10 12:56:20.284
T7,AIN51,LoadCell,-0.148898184299469,sensor_data,2025-12-10 12:56:20.284
T7,AIN0,LoadCell,-0.12745137512683868,sensor_data,2025-12-10 12:56:20.284
T7,AIN51,LoadCell,-0.1470058262348175,sensor_data,2025-12-10 12:56:20.284
T7,AIN0,LoadCell,-0.12492821365594864,sensor_data,2025-12-10 12:56:20.284
T7,AIN51,LoadCell,-0.14479805529117584,sensor_data,2025-12-10 12:56:20.284
T7,AIN0,LoadCell,-0.12272045016288757,sensor_data,2025-12-10 12:56:20.284
T7,AIN51,LoadCell,-0.14259029924869537,sensor_data,2025-12-10 12:56:20.284
T7,AIN0,LoadCell,-0.1205126941204071,sensor_data,2025-12-10 12:56:20.284
T7,AIN51,LoadCell,-0.14132872223854065,sensor_data,2025-12-10 12:56:20.284
T7,AIN0,LoadCell,-0.11988190561532974,sensor_data,2025-12-10 12:56:20.284
T7,AIN51,LoadCell,-0.14006714522838593,sensor_data,2025-12-10 12:56:20.284
T7,AIN0,LoadCell,-0.11925111711025238,sensor_data,2025-12-10 12:56:20.284
T7,AIN51,LoadCell,-0.1388055682182312,sensor_data,2025-12-10 12:56:20.284
T7,AIN0,LoadCell,-0.11672796308994293,sensor_data,2025-12-10 12:56:20.284
T7,AIN51,LoadCell,-0.1372285932302475,sensor_data,2025-12-10 12:56:20.284
T7,AIN0,LoadCell,-0.11262783408164978,sensor_data,2025-12-10 12:56:20.284
T7,AIN51,LoadCell,-0.1337592601776123,sensor_data,2025-12-10 12:56:20.284
T7,AIN0,LoadCell,-0.11262783408164978,sensor_data,2025-12-10 12:56:20.284
T7,AIN51,LoadCell,-0.1337592601776123,sensor_data,2025-12-10 12:56:20.284
T7,AIN0,LoadCell,-0.11578177660703659,sensor_data,2025-12-10 12:56:20.284
T7,AIN51,LoadCell,-0.1356516182422638,sensor_data,2025-12-10 12:56:20.284
T7,AIN0,LoadCell,-0.1173587515950203,sensor_data,2025-12-10 12:56:20.284
T7,AIN51,LoadCell,-0.13785938918590546,sensor_data,2025-12-10 12:56:20.284
T7,AIN0,LoadCell,-0.11862032860517502,sensor_data,2025-12-10 12:56:20.284
T7,AIN51,LoadCell,-0.13912096619606018,sensor_data,2025-12-10 12:56:20.284
T7,AIN0,LoadCell,-0.11862032860517502,sensor_data,2025-12-10 12:56:20.284
T7,AIN51,LoadCell,-0.13912096619606018,sensor_data,2025-12-10 12:56:20.284
T7,AIN0,LoadCell,-0.11862032860517502,sensor_data,2025-12-10 12:56:20.284
T7,AIN51,LoadCell,-0.1388055682182312,sensor_data,2025-12-10 12:56:20.284
T7,AIN0,LoadCell,-0.11830493062734604,sensor_data,2025-12-10 12:56:20.284
T7,AIN51,LoadCell,-0.13817477226257324,sensor_data,2025-12-10 12:56:20.284
T7,AIN0,LoadCell,-0.11672796308994293,sensor_data,2025-12-10 12:56:20.284
T7,AIN51,LoadCell,-0.1372285932302475,sensor_data,2025-12-10 12:56:20.284
T7,AIN0,LoadCell,-0.11672796308994293,sensor_data,2025-12-10 12:56:20.284
T7,AIN51,LoadCell,-0.13754399120807648,sensor_data,2025-12-10 12:56:20.284
T7,AIN0,LoadCell,-0.11578177660703659,sensor_data,2025-12-10 12:56:20.284
T7,AIN51,LoadCell,-0.13628241419792175,sensor_data,2025-12-10 12:56:20.284
T7,AIN0,LoadCell,-0.11452019959688187,sensor_data,2025-12-10 12:56:20.284
T7,AIN51,LoadCell,-0.13470543920993805,sensor_data,2025-12-10 12:56:20.284
T7,AIN0,LoadCell,-0.11357401311397552,sensor_data,2025-12-10 12:56:20.284
T7,AIN51,LoadCell,-0.13407465815544128,sensor_data,2025-12-10 12:56:20.284
T7,AIN0,LoadCell,-0.11452019959688187,sensor_data,2025-12-10 12:56:20.284
T7,AIN51,LoadCell,-0.135336235165596,sensor_data,2025-12-10 12:56:20.284
T7,AIN0,LoadCell,-0.11483559012413025,sensor_data,2025-12-10 12:56:20.284
T7,AIN51,LoadCell,-0.135336235165596,sensor_data,2025-12-10 12:56:20.284
T7,AIN0,LoadCell,-0.11483559012413025,sensor_data,2025-12-10 12:56:20.284
T7,AIN51,LoadCell,-0.1356516182422638,sensor_data,2025-12-10 12:56:20.284
T7,AIN0,LoadCell,-0.11483559012413025,sensor_data,2025-12-10 12:56:20.284
T7,AIN51,LoadCell,-0.1356516182422638,sensor_data,2025-12-10 12:56:20.284
T7,AIN0,LoadCell,-0.11452019959688187,sensor_data,2025-12-10 12:56:20.284
T7,AIN51,LoadCell,-0.13502083718776703,sensor_data,2025-12-10 12:56:20.284
T7,AIN0,LoadCell,-0.1123124361038208,sensor_data,2025-12-10 12:56:20.284
T7,AIN51,LoadCell,-0.13281308114528656,sensor_data,2025-12-10 12:56:20.284
T7,AIN0,LoadCell,-0.11325862258672714,sensor_data,2025-12-10 12:56:20.284
T7,AIN51,LoadCell,-0.1337592601776123,sensor_data,2025-12-10 12:56:20.284
T7,AIN0,LoadCell,-0.11672796308994293,sensor_data,2025-12-10 12:56:20.284
T7,AIN51,LoadCell,-0.13691319525241852,sensor_data,2025-12-10 12:56:20.284
T7,AIN0,LoadCell,-0.1173587515950203,sensor_data,2025-12-10 12:56:20.284
T7,AIN51,LoadCell,-0.13754399120807648,sensor_data,2025-12-10 12:56:20.284
T7,AIN0,LoadCell,-0.1173587515950203,sensor_data,2025-12-10 12:56:20.284
T7,AIN51,LoadCell,-0.13754399120807648,sensor_data,2025-12-10 12:56:20.284
T7,AIN0,LoadCell,-0.1173587515950203,sensor_data,2025-12-10 12:56:20.284
T7,AIN51,LoadCell,-0.13754399120807648,sensor_data,2025-12-10 12:56:20.284
T7,AIN0,LoadCell,-0.11767414212226868,sensor_data,2025-12-10 12:56:20.284
T7,AIN51,LoadCell,-0.13785938918590546,sensor_data,2025-12-10 12:56:20.284
T7,AIN0,LoadCell,-0.11767414212226868,sensor_data,2025-12-10 12:56:20.284
T7,AIN51,LoadCell,-0.13817477226257324,sensor_data,2025-12-10 12:56:20.284
T7,AIN0,LoadCell,-0.11830493062734604,sensor_data,2025-12-10 12:56:20.284
T7,AIN51,LoadCell,-0.1388055682182312,sensor_data,2025-12-10 12:56:20.284
T7,AIN0,LoadCell,-0.1173587515950203,sensor_data,2025-12-10 12:56:20.284
T7,AIN51,LoadCell,-0.13754399120807648,sensor_data,2025-12-10 12:56:20.284
T7,AIN0,LoadCell,-0.11609716713428497,sensor_data,2025-12-10 12:56:20.284
T7,AIN51,LoadCell,-0.13691319525241852,sensor_data,2025-12-10 12:56:20.284
T7,AIN0,LoadCell,-0.11609716713428497,sensor_data,2025-12-10 12:56:20.284
T7,AIN51,LoadCell,-0.13628241419792175,sensor_data,2025-12-10 12:56:20.284
T7,AIN0,LoadCell,-0.11546637862920761,sensor_data,2025-12-10 12:56:20.284
T7,AIN51,LoadCell,-0.13628241419792175,sensor_data,2025-12-10 12:56:20.284
T7,AIN0,LoadCell,-0.11546637862920761,sensor_data,2025-12-10 12:56:20.284
T7,AIN51,LoadCell,-0.135336235165596,sensor_data,2025-12-10 12:56:20.284
T7,AIN0,LoadCell,-0.11483559012413025,sensor_data,2025-12-10 12:56:20.284
T7,AIN51,LoadCell,-0.13502083718776703,sensor_data,2025-12-10 12:56:20.284
T7,AIN0,LoadCell,-0.11420480161905289,sensor_data,2025-12-10 12:56:20.284
T7,AIN51,LoadCell,-0.135336235165596,sensor_data,2025-12-10 12:56:20.284
T7,AIN0,LoadCell,-0.11452019959688187,sensor_data,2025-12-10 12:56:20.284
T7,AIN51,LoadCell,-0.1356516182422638,sensor_data,2025-12-10 12:56:20.284
T7,AIN0,LoadCell,-0.11357401311397552,sensor_data,2025-12-10 12:56:20.284
T7,AIN51,LoadCell,-0.13439004123210907,sensor_data,2025-12-10 12:56:20.284
T7,AIN0,LoadCell,-0.10505836457014084,sensor_data,2025-12-10 12:56:20.284
T7,AIN51,LoadCell,-0.12650518119335175,sensor_data,2025-12-10 12:56:20.284
T7,AIN0,LoadCell,-0.09969665855169296,sensor_data,2025-12-10 12:56:20.284
T7,AIN51,LoadCell,-0.12240505963563919,sensor_data,2025-12-10 12:56:20.284
T7,AIN0,LoadCell,-0.1006428450345993,sensor_data,2025-12-10 12:56:20.284
T7,AIN51,LoadCell,-0.12335123866796494,sensor_data,2025-12-10 12:56:20.284
T7,AIN0,LoadCell,-0.10316599905490875,sensor_data,2025-12-10 12:56:20.284
T7,AIN51,LoadCell,-0.12524360418319702,sensor_data,2025-12-10 12:56:20.284
T7,AIN0,LoadCell,-0.10537376254796982,sensor_data,2025-12-10 12:56:20.284
T7,AIN51,LoadCell,-0.12682057917118073,sensor_data,2025-12-10 12:56:20.284
T7,AIN0,LoadCell,-0.1072661280632019,sensor_data,2025-12-10 12:56:20.284
T7,AIN51,LoadCell,-0.1287129521369934,sensor_data,2025-12-10 12:56:20.284
T7,AIN0,LoadCell,-0.10852770507335663,sensor_data,2025-12-10 12:56:20.284
T7,AIN51,LoadCell,-0.12997452914714813,sensor_data,2025-12-10 12:56:20.284
T7,AIN0,LoadCell,-0.10884310305118561,sensor_data,2025-12-10 12:56:20.284
T7,AIN51,LoadCell,-0.13123610615730286,sensor_data,2025-12-10 12:56:20.284
T7,AIN0,LoadCell,-0.10915849357843399,sensor_data,2025-12-10 12:56:20.284
T7,AIN51,LoadCell,-0.1306053102016449,sensor_data,2025-12-10 12:56:20.284
T7,AIN0,LoadCell,-0.11042007058858871,sensor_data,2025-12-10 12:56:20.284
T7,AIN51,LoadCell,-0.13123610615730286,sensor_data,2025-12-10 12:56:20.284
T7,AIN0,LoadCell,-0.11168164759874344,sensor_data,2025-12-10 12:56:20.284
T7,AIN51,LoadCell,-0.13281308114528656,sensor_data,2025-12-10 12:56:20.284
T7,AIN0,LoadCell,-0.11357401311397552,sensor_data,2025-12-10 12:56:20.284
T7,AIN51,LoadCell,-0.13502083718776703,sensor_data,2025-12-10 12:56:20.284
T7,AIN0,LoadCell,-0.11483559012413025,sensor_data,2025-12-10 12:56:20.284
T7,AIN51,LoadCell,-0.13596701622009277,sensor_data,2025-12-10 12:56:20.284
T7,AIN0,LoadCell,-0.11609716713428497,sensor_data,2025-12-10 12:56:20.284
T7,AIN51,LoadCell,-0.13691319525241852,sensor_data,2025-12-10 12:56:20.284
T7,AIN0,LoadCell,-0.11609716713428497,sensor_data,2025-12-10 12:56:20.284
T7,AIN51,LoadCell,-0.13691319525241852,sensor_data,2025-12-10 12:56:20.284
T7,AIN0,LoadCell,-0.11672796308994293,sensor_data,2025-12-10 12:56:20.284
T7,AIN51,LoadCell,-0.13754399120807648,sensor_data,2025-12-10 12:56:20.284
T7,AIN0,LoadCell,-0.11704335361719131,sensor_data,2025-12-10 12:56:20.284
T7,AIN51,LoadCell,-0.13754399120807648,sensor_data,2025-12-10 12:56:20.284
T7,AIN0,LoadCell,-0.11609716713428497,sensor_data,2025-12-10 12:56:20.284
T7,AIN51,LoadCell,-0.13659781217575073,sensor_data,2025-12-10 12:56:20.284
T7,AIN0,LoadCell,-0.11136625707149506,sensor_data,2025-12-10 12:56:20.284
T7,AIN51,LoadCell,-0.13312846422195435,sensor_data,2025-12-10 12:56:20.284
T7,AIN0,LoadCell,-0.11262783408164978,sensor_data,2025-12-10 12:56:20.284
T7,AIN51,LoadCell,-0.1337592601776123,sensor_data,2025-12-10 12:56:20.284
T7,AIN0,LoadCell,-0.11483559012413025,sensor_data,2025-12-10 12:56:20.284
T7,AIN51,LoadCell,-0.13596701622009277,sensor_data,2025-12-10 12:56:20.284
T7,AIN0,LoadCell,-0.11641256511211395,sensor_data,2025-12-10 12:56:20.284
T7,AIN51,LoadCell,-0.13691319525241852,sensor_data,2025-12-10 12:56:20.284
T7,AIN0,LoadCell,-0.11609716713428497,sensor_data,2025-12-10 12:56:20.284
T7,AIN51,LoadCell,-0.13691319525241852,sensor_data,2025-12-10 12:56:20.284
T7,AIN0,LoadCell,-0.1173587515950203,sensor_data,2025-12-10 12:56:20.284
T7,AIN51,LoadCell,-0.13754399120807648,sensor_data,2025-12-10 12:56:20.284
T7,AIN0,LoadCell,-0.1173587515950203,sensor_data,2025-12-10 12:56:20.284
T7,AIN51,LoadCell,-0.13849017024040222,sensor_data,2025-12-10 12:56:20.284
T7,AIN0,LoadCell,-0.1173587515950203,sensor_data,2025-12-10 12:56:20.284
T7,AIN51,LoadCell,-0.13754399120807648,sensor_data,2025-12-10 12:56:20.284
T7,AIN0,LoadCell,-0.11704335361719131,sensor_data,2025-12-10 12:56:20.284
T7,AIN51,LoadCell,-0.13785938918590546,sensor_data,2025-12-10 12:56:20.284
T7,AIN0,LoadCell,-0.1173587515950203,sensor_data,2025-12-10 12:56:20.284
T7,AIN51,LoadCell,-0.13754399120807648,sensor_data,2025-12-10 12:56:20.284
T7,AIN0,LoadCell,-0.11672796308994293,sensor_data,2025-12-10 12:56:20.284
T7,AIN51,LoadCell,-0.13754399120807648,sensor_data,2025-12-10 12:56:20.284
T7,AIN0,LoadCell,-0.11609716713428497,sensor_data,2025-12-10 12:56:20.284
T7,AIN51,LoadCell,-0.1372285932302475,sensor_data,2025-12-10 12:56:20.284
T7,AIN0,LoadCell,-0.11641256511211395,sensor_data,2025-12-10 12:56:20.284
T7,AIN51,LoadCell,-0.1372285932302475,sensor_data,2025-12-10 12:56:20.284
T7,AIN0,LoadCell,-0.11609716713428497,sensor_data,2025-12-10 12:56:20.284
T7,AIN51,LoadCell,-0.13691319525241852,sensor_data,2025-12-10 12:56:20.284
T7,AIN0,LoadCell,-0.11609716713428497,sensor_data,2025-12-10 12:56:20.284
T7,AIN51,LoadCell,-0.13659781217575073,sensor_data,2025-12-10 12:56:20.284
T7,AIN0,LoadCell,-0.11704335361719131,sensor_data,2025-12-10 12:56:20.284
T7,AIN51,LoadCell,-0.1372285932302475,sensor_data,2025-12-10 12:56:20.284
T7,AIN0,LoadCell,-0.1173587515950203,sensor_data,2025-12-10 12:56:20.284
T7,AIN51,LoadCell,-0.13817477226257324,sensor_data,2025-12-10 12:56:20.284
T7,AIN0,LoadCell,-0.11609716713428497,sensor_data,2025-12-10 12:56:20.284
T7,AIN51,LoadCell,-0.13628241419792175,sensor_data,2025-12-10 12:56:20.284
T7,AIN0,LoadCell,-0.1123124361038208,sensor_data,2025-12-10 12:56:20.284
T7,AIN51,LoadCell,-0.13407465815544128,sensor_data,2025-12-10 12:56:20.284
T7,AIN0,LoadCell,-0.11357401311397552,sensor_data,2025-12-10 12:56:20.284
T7,AIN51,LoadCell,-0.13439004123210907,sensor_data,2025-12-10 12:56:20.284
T7,AIN0,LoadCell,-0.11546637862920761,sensor_data,2025-12-10 12:56:20.284
T7,AIN51,LoadCell,-0.13659781217575073,sensor_data,2025-12-10 12:56:20.284
T7,AIN0,LoadCell,-0.11767414212226868,sensor_data,2025-12-10 12:56:20.284
T7,AIN51,LoadCell,-0.13849017024040222,sensor_data,2025-12-10 12:56:20.284
T7,AIN0,LoadCell,-0.11862032860517502,sensor_data,2025-12-10 12:56:20.284
T7,AIN51,LoadCell,-0.13912096619606018,sensor_data,2025-12-10 12:56:20.284
T7,AIN0,LoadCell,-0.11798954010009766,sensor_data,2025-12-10 12:56:20.284
T7,AIN51,LoadCell,-0.1388055682182312,sensor_data,2025-12-10 12:56:20.284
T7,AIN0,LoadCell,-0.11704335361719131,sensor_data,2025-12-10 12:56:20.284
T7,AIN51,LoadCell,-0.13754399120807648,sensor_data,2025-12-10 12:56:20.284
T7,AIN0,LoadCell,-0.1173587515950203,sensor_data,2025-12-10 12:56:20.284
T7,AIN51,LoadCell,-0.13817477226257324,sensor_data,2025-12-10 12:56:20.284
T7,AIN0,LoadCell,-0.11704335361719131,sensor_data,2025-12-10 12:56:20.284
T7,AIN51,LoadCell,-0.13754399120807648,sensor_data,2025-12-10 12:56:20.284
T7,AIN0,LoadCell,-0.1173587515950203,sensor_data,2025-12-10 12:56:20.284
T7,AIN51,LoadCell,-0.13817477226257324,sensor_data,2025-12-10 12:56:20.284
T7,AIN0,LoadCell,-0.11798954010009766,sensor_data,2025-12-10 12:56:20.284
T7,AIN51,LoadCell,-0.13817477226257324,sensor_data,2025-12-10 12:56:20.284
T7,AIN0,LoadCell,-0.11704335361719131,sensor_data,2025-12-10 12:56:20.284
T7,AIN51,LoadCell,-0.13754399120807648,sensor_data,2025-12-10 12:56:20.284
T7,AIN0,LoadCell,-0.11704335361719131,sensor_data,2025-12-10 12:56:20.284
T7,AIN51,LoadCell,-0.1372285932302475,sensor_data,2025-12-10 12:56:20.284
T7,AIN0,LoadCell,-0.1173587515950203,sensor_data,2025-12-10 12:56:20.284
T7,AIN51,LoadCell,-0.13785938918590546,sensor_data,2025-12-10 12:56:20.284
T7,AIN0,LoadCell,-0.12366663664579391,sensor_data,2025-12-10 12:56:20.284
T7,AIN51,LoadCell,-0.1438518762588501,sensor_data,2025-12-10 12:56:20.284
T7,AIN0,LoadCell,-0.13123610615730286,sensor_data,2025-12-10 12:56:20.284
T7,AIN51,LoadCell,-0.14984437823295593,sensor_data,2025-12-10 12:56:20.284
T7,AIN0,LoadCell,-0.13407465815544128,sensor_data,2025-12-10 12:56:20.284
T7,AIN51,LoadCell,-0.15268291532993317,sensor_data,2025-12-10 12:56:20.284
T7,AIN0,LoadCell,-0.1337592601776123,sensor_data,2025-12-10 12:56:20.284
T7,AIN51,LoadCell,-0.1520521342754364,sensor_data,2025-12-10 12:56:20.284
T7,AIN0,LoadCell,-0.1287129521369934,sensor_data,2025-12-10 12:56:20.284
T7,AIN51,LoadCell,-0.14795200526714325,sensor_data,2025-12-10 12:56:20.284
T7,AIN0,LoadCell,-0.12650518119335175,sensor_data,2025-12-10 12:56:20.284
T7,AIN51,LoadCell,-0.1470058262348175,sensor_data,2025-12-10 12:56:20.284
T7,AIN0,LoadCell,-0.1271359771490097,sensor_data,2025-12-10 12:56:20.284
T7,AIN51,LoadCell,-0.1470058262348175,sensor_data,2025-12-10 12:56:20.284
T7,AIN0,LoadCell,-0.12650518119335175,sensor_data,2025-12-10 12:56:20.284
T7,AIN51,LoadCell,-0.14637503027915955,sensor_data,2025-12-10 12:56:20.284
T7,AIN0,LoadCell,-0.12429742515087128,sensor_data,2025-12-10 12:56:20.284
T7,AIN51,LoadCell,-0.14416727423667908,sensor_data,2025-12-10 12:56:20.284
T7,AIN0,LoadCell,-0.12272045016288757,sensor_data,2025-12-10 12:56:20.284
T7,AIN51,LoadCell,-0.1422749012708664,sensor_data,2025-12-10 12:56:20.284
T7,AIN0,LoadCell,-0.12145887315273285,sensor_data,2025-12-10 12:56:20.284
T7,AIN51,LoadCell,-0.14164412021636963,sensor_data,2025-12-10 12:56:20.284
T7,AIN0,LoadCell,-0.12082808464765549,sensor_data,2025-12-10 12:56:20.284
T7,AIN51,LoadCell,-0.14101332426071167,sensor_data,2025-12-10 12:56:20.284
T7,AIN0,LoadCell,-0.11988190561532974,sensor_data,2025-12-10 12:56:20.284
T7,AIN51,LoadCell,-0.14069794118404388,sensor_data,2025-12-10 12:56:20.284
T7,AIN0,LoadCell,-0.12082808464765549,sensor_data,2025-12-10 12:56:20.284
T7,AIN51,LoadCell,-0.1403825432062149,sensor_data,2025-12-10 12:56:20.284
T7,AIN0,LoadCell,-0.11988190561532974,sensor_data,2025-12-10 12:56:20.284
T7,AIN51,LoadCell,-0.1403825432062149,sensor_data,2025-12-10 12:56:20.284
T7,AIN0,LoadCell,-0.11862032860517502,sensor_data,2025-12-10 12:56:20.284
T7,AIN51,LoadCell,-0.13943634927272797,sensor_data,2025-12-10 12:56:20.284
T7,AIN0,LoadCell,-0.1189357191324234,sensor_data,2025-12-10 12:56:20.284
T7,AIN51,LoadCell,-0.13943634927272797,sensor_data,2025-12-10 12:56:20.284
T7,AIN0,LoadCell,-0.11830493062734604,sensor_data,2025-12-10 12:56:20.284
T7,AIN51,LoadCell,-0.13849017024040222,sensor_data,2025-12-10 12:56:20.284
T7,AIN0,LoadCell,-0.11767414212226868,sensor_data,2025-12-10 12:56:20.284
T7,AIN51,LoadCell,-0.13817477226257324,sensor_data,2025-12-10 12:56:20.284
T7,AIN0,LoadCell,-0.1173587515950203,sensor_data,2025-12-10 12:56:20.284
T7,AIN51,LoadCell,-0.13849017024040222,sensor_data,2025-12-10 12:56:20.284
T7,AIN0,LoadCell,-0.11704335361719131,sensor_data,2025-12-10 12:56:20.284
T7,AIN51,LoadCell,-0.1372285932302475,sensor_data,2025-12-10 12:56:20.284
T7,AIN0,LoadCell,-0.11515098810195923,sensor_data,2025-12-10 12:56:20.284
T7,AIN51,LoadCell,-0.13596701622009277,sensor_data,2025-12-10 12:56:20.284
T7,AIN0,LoadCell,-0.11168164759874344,sensor_data,2025-12-10 12:56:20.284
T7,AIN51,LoadCell,-0.13249768316745758,sensor_data,2025-12-10 12:56:20.284
T7,AIN0,LoadCell,-0.11199704557657242,sensor_data,2025-12-10 12:56:20.284
T7,AIN51,LoadCell,-0.13344386219978333,sensor_data,2025-12-10 12:56:20.284
T7,AIN0,LoadCell,-0.11452019959688187,sensor_data,2025-12-10 12:56:20.284
T7,AIN51,LoadCell,-0.13502083718776703,sensor_data,2025-12-10 12:56:20.284
T7,AIN0,LoadCell,-0.11609716713428497,sensor_data,2025-12-10 12:56:20.284
T7,AIN51,LoadCell,-0.13691319525241852,sensor_data,2025-12-10 12:56:20.284
T7,AIN0,LoadCell,-0.11672796308994293,sensor_data,2025-12-10 12:56:20.284
T7,AIN51,LoadCell,-0.13691319525241852,sensor_data,2025-12-10 12:56:20.284
T7,AIN0,LoadCell,-0.11672796308994293,sensor_data,2025-12-10 12:56:20.284
T7,AIN51,LoadCell,-0.13691319525241852,sensor_data,2025-12-10 12:56:20.284
T7,AIN0,LoadCell,-0.11578177660703659,sensor_data,2025-12-10 12:56:20.284
T7,AIN51,LoadCell,-0.13628241419792175,sensor_data,2025-12-10 12:56:20.284
T7,AIN0,LoadCell,-0.11609716713428497,sensor_data,2025-12-10 12:56:20.284
T7,AIN51,LoadCell,-0.13659781217575073,sensor_data,2025-12-10 12:56:20.284
T7,AIN0,LoadCell,-0.11672796308994293,sensor_data,2025-12-10 12:56:20.284
T7,AIN51,LoadCell,-0.1372285932302475,sensor_data,2025-12-10 12:56:20.284
T7,AIN0,LoadCell,-0.11641256511211395,sensor_data,2025-12-10 12:56:20.284
T7,AIN51,LoadCell,-0.13754399120807648,sensor_data,2025-12-10 12:56:20.284
T7,AIN0,LoadCell,-0.11704335361719131,sensor_data,2025-12-10 12:56:20.284
T7,AIN51,LoadCell,-0.13754399120807648,sensor_data,2025-12-10 12:56:20.284
T7,AIN0,LoadCell,-0.11767414212226868,sensor_data,2025-12-10 12:56:20.284
T7,AIN51,LoadCell,-0.13817477226257324,sensor_data,2025-12-10 12:56:20.284
T7,AIN0,LoadCell,-0.11862032860517502,sensor_data,2025-12-10 12:56:20.284
T7,AIN51,LoadCell,-0.1388055682182312,sensor_data,2025-12-10 12:56:20.284
T7,AIN0,LoadCell,-0.11862032860517502,sensor_data,2025-12-10 12:56:20.284
T7,AIN51,LoadCell,-0.1388055682182312,sensor_data,2025-12-10 12:56:20.284
T7,AIN0,LoadCell,-0.11830493062734604,sensor_data,2025-12-10 12:56:20.284
T7,AIN51,LoadCell,-0.1388055682182312,sensor_data,2025-12-10 12:56:20.284
T7,AIN0,LoadCell,-0.11767414212226868,sensor_data,2025-12-10 12:56:20.284
T7,AIN51,LoadCell,-0.13849017024040222,sensor_data,2025-12-10 12:56:20.284
T7,AIN0,LoadCell,-0.1173587515950203,sensor_data,2025-12-10 12:56:20.284
T7,AIN51,LoadCell,-0.13817477226257324,sensor_data,2025-12-10 12:56:20.284
T7,AIN0,LoadCell,-0.11546637862920761,sensor_data,2025-12-10 12:56:20.284
T7,AIN51,LoadCell,-0.1356516182422638,sensor_data,2025-12-10 12:56:20.284
T7,AIN0,LoadCell,-0.11199704557657242,sensor_data,2025-12-10 12:56:20.284
T7,AIN51,LoadCell,-0.13312846422195435,sensor_data,2025-12-10 12:56:20.284
T7,AIN0,LoadCell,-0.11199704557657242,sensor_data,2025-12-10 12:56:20.284
T7,AIN51,LoadCell,-0.13312846422195435,sensor_data,2025-12-10 12:56:20.284
T7,AIN0,LoadCell,-0.11357401311397552,sensor_data,2025-12-10 12:56:20.284
T7,AIN51,LoadCell,-0.13470543920993805,sensor_data,2025-12-10 12:56:20.284
T7,AIN0,LoadCell,-0.11515098810195923,sensor_data,2025-12-10 12:56:20.284
T7,AIN51,LoadCell,-0.1356516182422638,sensor_data,2025-12-10 12:56:20.284
T7,AIN0,LoadCell,-0.11641256511211395,sensor_data,2025-12-10 12:56:20.284
T7,AIN51,LoadCell,-0.13691319525241852,sensor_data,2025-12-10 12:56:20.284
T7,AIN0,LoadCell,-0.11767414212226868,sensor_data,2025-12-10 12:56:20.284
T7,AIN51,LoadCell,-0.13785938918590546,sensor_data,2025-12-10 12:56:20.284
T7,AIN0,LoadCell,-0.11830493062734604,sensor_data,2025-12-10 12:56:20.284
T7,AIN51,LoadCell,-0.13849017024040222,sensor_data,2025-12-10 12:56:20.284
T7,AIN0,LoadCell,-0.11798954010009766,sensor_data,2025-12-10 12:56:20.284
T7,AIN51,LoadCell,-0.13849017024040222,sensor_data,2025-12-10 12:56:20.284
T7,AIN0,LoadCell,-0.11830493062734604,sensor_data,2025-12-10 12:56:20.284
T7,AIN51,LoadCell,-0.13849017024040222,sensor_data,2025-12-10 12:56:20.284
T7,AIN0,LoadCell,-0.11862032860517502,sensor_data,2025-12-10 12:56:20.284
T7,AIN51,LoadCell,-0.13943634927272797,sensor_data,2025-12-10 12:56:20.284
T7,AIN0,LoadCell,-0.11262783408164978,sensor_data,2025-12-10 12:56:20.284
T7,AIN51,LoadCell,-0.1337592601776123,sensor_data,2025-12-10 12:56:20.284
T7,AIN0,LoadCell,-0.10537376254796982,sensor_data,2025-12-10 12:56:20.284
T7,AIN51,LoadCell,-0.12808215618133545,sensor_data,2025-12-10 12:56:20.284
T7,AIN0,LoadCell,-0.10316599905490875,sensor_data,2025-12-10 12:56:20.284
T7,AIN51,LoadCell,-0.12524360418319702,sensor_data,2025-12-10 12:56:20.284
T7,AIN0,LoadCell,-0.10285060852766037,sensor_data,2025-12-10 12:56:20.284
T7,AIN51,LoadCell,-0.12587440013885498,sensor_data,2025-12-10 12:56:20.284
T7,AIN0,LoadCell,-0.1041121855378151,sensor_data,2025-12-10 12:56:20.284
T7,AIN51,LoadCell,-0.12650518119335175,sensor_data,2025-12-10 12:56:20.284
T7,AIN0,LoadCell,-0.10600455105304718,sensor_data,2025-12-10 12:56:20.284
T7,AIN51,LoadCell,-0.12776675820350647,sensor_data,2025-12-10 12:56:20.284
T7,AIN0,LoadCell,-0.10852770507335663,sensor_data,2025-12-10 12:56:20.284
T7,AIN51,LoadCell,-0.1290283352136612,sensor_data,2025-12-10 12:56:20.284
T7,AIN0,LoadCell,-0.10631994158029556,sensor_data,2025-12-10 12:56:20.284
T7,AIN51,LoadCell,-0.1287129521369934,sensor_data,2025-12-10 12:56:20.284
T7,AIN0,LoadCell,-0.10474297404289246,sensor_data,2025-12-10 12:56:20.284
T7,AIN51,LoadCell,-0.12682057917118073,sensor_data,2025-12-10 12:56:20.284
T7,AIN0,LoadCell,-0.10663533955812454,sensor_data,2025-12-10 12:56:20.284
T7,AIN51,LoadCell,-0.12808215618133545,sensor_data,2025-12-10 12:56:20.284
T7,AIN0,LoadCell,-0.11136625707149506,sensor_data,2025-12-10 12:56:20.284
T7,AIN51,LoadCell,-0.1321822851896286,sensor_data,2025-12-10 12:56:20.284
T7,AIN0,LoadCell,-0.11420480161905289,sensor_data,2025-12-10 12:56:20.284
T7,AIN51,LoadCell,-0.13470543920993805,sensor_data,2025-12-10 12:56:20.284
T7,AIN0,LoadCell,-0.11672796308994293,sensor_data,2025-12-10 12:56:20.284
T7,AIN51,LoadCell,-0.13691319525241852,sensor_data,2025-12-10 12:56:20.284
T7,AIN0,LoadCell,-0.11672796308994293,sensor_data,2025-12-10 12:56:20.284
T7,AIN51,LoadCell,-0.1372285932302475,sensor_data,2025-12-10 12:56:20.284
T7,AIN0,LoadCell,-0.11704335361719131,sensor_data,2025-12-10 12:56:20.284
T7,AIN51,LoadCell,-0.13754399120807648,sensor_data,2025-12-10 12:56:20.284
T7,AIN0,LoadCell,-0.1173587515950203,sensor_data,2025-12-10 12:56:20.284
T7,AIN51,LoadCell,-0.13785938918590546,sensor_data,2025-12-10 12:56:20.284
T7,AIN0,LoadCell,-0.11767414212226868,sensor_data,2025-12-10 12:56:20.284
T7,AIN51,LoadCell,-0.13785938918590546,sensor_data,2025-12-10 12:56:20.284
T7,AIN0,LoadCell,-0.11830493062734604,sensor_data,2025-12-10 12:56:20.284
T7,AIN51,LoadCell,-0.13817477226257324,sensor_data,2025-12-10 12:56:20.284
T7,AIN0,LoadCell,-0.11862032860517502,sensor_data,2025-12-10 12:56:20.284
T7,AIN51,LoadCell,-0.1388055682182312,sensor_data,2025-12-10 12:56:20.284
T7,AIN0,LoadCell,-0.11798954010009766,sensor_data,2025-12-10 12:56:20.284
T7,AIN51,LoadCell,-0.13817477226257324,sensor_data,2025-12-10 12:56:20.284
T7,AIN0,LoadCell,-0.11830493062734604,sensor_data,2025-12-10 12:56:20.284
T7,AIN51,LoadCell,-0.1388055682182312,sensor_data,2025-12-10 12:56:20.284
T7,AIN0,LoadCell,-0.1173587515950203,sensor_data,2025-12-10 12:56:20.284
T7,AIN51,LoadCell,-0.13754399120807648,sensor_data,2025-12-10 12:56:20.284
T7,AIN0,LoadCell,-0.1173587515950203,sensor_data,2025-12-10 12:56:20.284
T7,AIN51,LoadCell,-0.13817477226257324,sensor_data,2025-12-10 12:56:20.284
T7,AIN0,LoadCell,-0.11767414212226868,sensor_data,2025-12-10 12:56:20.284
T7,AIN51,LoadCell,-0.1388055682182312,sensor_data,2025-12-10 12:56:20.284
T7,AIN0,LoadCell,-0.11704335361719131,sensor_data,2025-12-10 12:56:20.284
T7,AIN51,LoadCell,-0.13754399120807648,sensor_data,2025-12-10 12:56:20.284
T7,AIN0,LoadCell,-0.11515098810195923,sensor_data,2025-12-10 12:56:20.284
T7,AIN51,LoadCell,-0.13628241419792175,sensor_data,2025-12-10 12:56:20.284
T7,AIN0,LoadCell,-0.1123124361038208,sensor_data,2025-12-10 12:56:20.284
T7,AIN51,LoadCell,-0.1337592601776123,sensor_data,2025-12-10 12:56:20.284
T7,AIN0,LoadCell,-0.11262783408164978,sensor_data,2025-12-10 12:56:20.284
T7,AIN51,LoadCell,-0.13407465815544128,sensor_data,2025-12-10 12:56:20.284
T7,AIN0,LoadCell,-0.11515098810195923,sensor_data,2025-12-10 12:56:20.284
T7,AIN51,LoadCell,-0.13596701622009277,sensor_data,2025-12-10 12:56:20.284
T7,AIN0,LoadCell,-0.11672796308994293,sensor_data,2025-12-10 12:56:20.284
T7,AIN51,LoadCell,-0.1372285932302475,sensor_data,2025-12-10 12:56:20.284
T7,AIN0,LoadCell,-0.11798954010009766,sensor_data,2025-12-10 12:56:20.284
T7,AIN51,LoadCell,-0.13849017024040222,sensor_data,2025-12-10 12:56:20.284
T7,AIN0,LoadCell,-0.1189357191324234,sensor_data,2025-12-10 12:56:20.284
T7,AIN51,LoadCell,-0.13912096619606018,sensor_data,2025-12-10 12:56:20.284
T7,AIN0,LoadCell,-0.11925111711025238,sensor_data,2025-12-10 12:56:20.284
T7,AIN51,LoadCell,-0.13943634927272797,sensor_data,2025-12-10 12:56:20.284
T7,AIN0,LoadCell,-0.11925111711025238,sensor_data,2025-12-10 12:56:20.284
T7,AIN51,LoadCell,-0.13943634927272797,sensor_data,2025-12-10 12:56:20.284
T7,AIN0,LoadCell,-0.11956650763750076,sensor_data,2025-12-10 12:56:20.284
T7,AIN51,LoadCell,-0.1403825432062149,sensor_data,2025-12-10 12:56:20.284
T7,AIN0,LoadCell,-0.11925111711025238,sensor_data,2025-12-10 12:56:20.284
T7,AIN51,LoadCell,-0.13943634927272797,sensor_data,2025-12-10 12:56:20.284
T7,AIN0,LoadCell,-0.11862032860517502,sensor_data,2025-12-10 12:56:20.284
T7,AIN51,LoadCell,-0.13943634927272797,sensor_data,2025-12-10 12:56:20.284
T7,AIN0,LoadCell,-0.11798954010009766,sensor_data,2025-12-10 12:56:20.284
T7,AIN51,LoadCell,-0.1388055682182312,sensor_data,2025-12-10 12:56:20.284
T7,AIN0,LoadCell,-0.11798954010009766,sensor_data,2025-12-10 12:56:20.284
T7,AIN51,LoadCell,-0.13849017024040222,sensor_data,2025-12-10 12:56:20.284
T7,AIN0,LoadCell,-0.1173587515950203,sensor_data,2025-12-10 12:56:20.284
T7,AIN51,LoadCell,-0.13817477226257324,sensor_data,2025-12-10 12:56:20.284
T7,AIN0,LoadCell,-0.11704335361719131,sensor_data,2025-12-10 12:56:20.284
T7,AIN51,LoadCell,-0.13785938918590546,sensor_data,2025-12-10 12:56:20.284
T7,AIN0,LoadCell,-0.11609716713428497,sensor_data,2025-12-10 12:56:20.284
T7,AIN51,LoadCell,-0.13659781217575073,sensor_data,2025-12-10 12:56:20.284
T7,AIN0,LoadCell,-0.11609716713428497,sensor_data,2025-12-10 12:56:20.284
T7,AIN51,LoadCell,-0.13659781217575073,sensor_data,2025-12-10 12:56:20.284
T7,AIN0,LoadCell,-0.11262783408164978,sensor_data,2025-12-10 12:56:20.284
T7,AIN51,LoadCell,-0.13439004123210907,sensor_data,2025-12-10 12:56:20.284
T7,AIN0,LoadCell,-0.1107354685664177,sensor_data,2025-12-10 12:56:20.284
T7,AIN51,LoadCell,-0.13186688721179962,sensor_data,2025-12-10 12:56:20.284
T7,AIN0,LoadCell,-0.11199704557657242,sensor_data,2025-12-10 12:56:20.284
T7,AIN51,LoadCell,-0.1337592601776123,sensor_data,2025-12-10 12:56:20.284
T7,AIN0,LoadCell,-0.11546637862920761,sensor_data,2025-12-10 12:56:20.284
T7,AIN51,LoadCell,-0.13596701622009277,sensor_data,2025-12-10 12:56:20.284
T7,AIN0,LoadCell,-0.1173587515950203,sensor_data,2025-12-10 12:56:20.284
T7,AIN51,LoadCell,-0.13754399120807648,sensor_data,2025-12-10 12:56:20.284
T7,AIN0,LoadCell,-0.11798954010009766,sensor_data,2025-12-10 12:56:20.284
T7,AIN51,LoadCell,-0.1388055682182312,sensor_data,2025-12-10 12:56:20.284
T7,AIN0,LoadCell,-0.11925111711025238,sensor_data,2025-12-10 12:56:20.284
T7,AIN51,LoadCell,-0.13912096619606018,sensor_data,2025-12-10 12:56:20.284
T7,AIN0,LoadCell,-0.12461282312870026,sensor_data,2025-12-10 12:56:20.284
T7,AIN51,LoadCell,-0.14448267221450806,sensor_data,2025-12-10 12:56:20.284
T7,AIN0,LoadCell,-0.13155148923397064,sensor_data,2025-12-10 12:56:20.284
T7,AIN51,LoadCell,-0.15142133831977844,sensor_data,2025-12-10 12:56:20.284
T7,AIN0,LoadCell,-0.13502083718776703,sensor_data,2025-12-10 12:56:20.284
T7,AIN51,LoadCell,-0.15331371128559113,sensor_data,2025-12-10 12:56:20.284
T7,AIN0,LoadCell,-0.13502083718776703,sensor_data,2025-12-10 12:56:20.284
T7,AIN51,LoadCell,-0.1539444923400879,sensor_data,2025-12-10 12:56:20.284
T7,AIN0,LoadCell,-0.13407465815544128,sensor_data,2025-12-10 12:56:20.284
T7,AIN51,LoadCell,-0.15268291532993317,sensor_data,2025-12-10 12:56:20.284
T7,AIN0,LoadCell,-0.13092070817947388,sensor_data,2025-12-10 12:56:20.284
T7,AIN51,LoadCell,-0.15015976130962372,sensor_data,2025-12-10 12:56:20.284
T7,AIN0,LoadCell,-0.1290283352136612,sensor_data,2025-12-10 12:56:20.284
T7,AIN51,LoadCell,-0.148898184299469,sensor_data,2025-12-10 12:56:20.284
T7,AIN0,LoadCell,-0.1271359771490097,sensor_data,2025-12-10 12:56:20.284
T7,AIN51,LoadCell,-0.1470058262348175,sensor_data,2025-12-10 12:56:20.284
T7,AIN0,LoadCell,-0.125559002161026,sensor_data,2025-12-10 12:56:20.284
T7,AIN51,LoadCell,-0.14511345326900482,sensor_data,2025-12-10 12:56:20.284
T7,AIN0,LoadCell,-0.1239820271730423,sensor_data,2025-12-10 12:56:20.284
T7,AIN51,LoadCell,-0.1438518762588501,sensor_data,2025-12-10 12:56:20.284
T7,AIN0,LoadCell,-0.12240505963563919,sensor_data,2025-12-10 12:56:20.284
T7,AIN51,LoadCell,-0.14259029924869537,sensor_data,2025-12-10 12:56:20.284
T7,AIN0,LoadCell,-0.12019729614257812,sensor_data,2025-12-10 12:56:20.284
T7,AIN51,LoadCell,-0.14006714522838593,sensor_data,2025-12-10 12:56:20.284
T7,AIN0,LoadCell,-0.11641256511211395,sensor_data,2025-12-10 12:56:20.284
T7,AIN51,LoadCell,-0.13691319525241852,sensor_data,2025-12-10 12:56:20.284
T7,AIN0,LoadCell,-0.11483559012413025,sensor_data,2025-12-10 12:56:20.284
T7,AIN51,LoadCell,-0.13596701622009277,sensor_data,2025-12-10 12:56:20.284
T7,AIN0,LoadCell,-0.11641256511211395,sensor_data,2025-12-10 12:56:20.284
T7,AIN51,LoadCell,-0.13659781217575073,sensor_data,2025-12-10 12:56:20.284
T7,AIN0,LoadCell,-0.11704335361719131,sensor_data,2025-12-10 12:56:20.284
T7,AIN51,LoadCell,-0.1372285932302475,sensor_data,2025-12-10 12:56:20.284
T7,AIN0,LoadCell,-0.11798954010009766,sensor_data,2025-12-10 12:56:20.284
T7,AIN51,LoadCell,-0.13817477226257324,sensor_data,2025-12-10 12:56:20.284
T7,AIN0,LoadCell,-0.11830493062734604,sensor_data,2025-12-10 12:56:20.284
T7,AIN51,LoadCell,-0.1388055682182312,sensor_data,2025-12-10 12:56:20.284
T7,AIN0,LoadCell,-0.11956650763750076,sensor_data,2025-12-10 12:56:20.284
T7,AIN51,LoadCell,-0.13975174725055695,sensor_data,2025-12-10 12:56:20.284
T7,AIN0,LoadCell,-0.11925111711025238,sensor_data,2025-12-10 12:56:20.284
T7,AIN51,LoadCell,-0.13943634927272797,sensor_data,2025-12-10 12:56:20.284
T7,AIN0,LoadCell,-0.11956650763750076,sensor_data,2025-12-10 12:56:20.284
T7,AIN51,LoadCell,-0.13943634927272797,sensor_data,2025-12-10 12:56:20.284
T7,AIN0,LoadCell,-0.11925111711025238,sensor_data,2025-12-10 12:56:20.284
T7,AIN51,LoadCell,-0.13912096619606018,sensor_data,2025-12-10 12:56:20.284
T7,AIN0,LoadCell,-0.11830493062734604,sensor_data,2025-12-10 12:56:20.284
T7,AIN51,LoadCell,-0.13849017024040222,sensor_data,2025-12-10 12:56:20.284
T7,AIN0,LoadCell,-0.11641256511211395,sensor_data,2025-12-10 12:56:20.284
T7,AIN51,LoadCell,-0.1372285932302475,sensor_data,2025-12-10 12:56:20.284
T7,AIN0,LoadCell,-0.11609716713428497,sensor_data,2025-12-10 12:56:20.284
T7,AIN51,LoadCell,-0.13659781217575073,sensor_data,2025-12-10 12:56:20.284
T7,AIN0,LoadCell,-0.11483559012413025,sensor_data,2025-12-10 12:56:20.284
T7,AIN51,LoadCell,-0.13502083718776703,sensor_data,2025-12-10 12:56:20.284
T7,AIN0,LoadCell,-0.11483559012413025,sensor_data,2025-12-10 12:56:20.284
T7,AIN51,LoadCell,-0.13502083718776703,sensor_data,2025-12-10 12:56:20.284
T7,AIN0,LoadCell,-0.1138894110918045,sensor_data,2025-12-10 12:56:20.284
T7,AIN51,LoadCell,-0.135336235165596,sensor_data,2025-12-10 12:56:20.284
T7,AIN0,LoadCell,-0.11452019959688187,sensor_data,2025-12-10 12:56:20.284
T7,AIN51,LoadCell,-0.13470543920993805,sensor_data,2025-12-10 12:56:20.284
T7,AIN0,LoadCell,-0.1123124361038208,sensor_data,2025-12-10 12:56:20.284
T7,AIN51,LoadCell,-0.1337592601776123,sensor_data,2025-12-10 12:56:20.284
T7,AIN0,LoadCell,-0.11042007058858871,sensor_data,2025-12-10 12:56:20.284
T7,AIN51,LoadCell,-0.13186688721179962,sensor_data,2025-12-10 12:56:20.284
T7,AIN0,LoadCell,-0.1123124361038208,sensor_data,2025-12-10 12:56:20.284
T7,AIN51,LoadCell,-0.13281308114528656,sensor_data,2025-12-10 12:56:20.284
T7,AIN0,LoadCell,-0.11420480161905289,sensor_data,2025-12-10 12:56:20.284
T7,AIN51,LoadCell,-0.135336235165596,sensor_data,2025-12-10 12:56:20.284
T7,AIN0,LoadCell,-0.11641256511211395,sensor_data,2025-12-10 12:56:20.284
T7,AIN51,LoadCell,-0.13691319525241852,sensor_data,2025-12-10 12:56:20.284
T7,AIN0,LoadCell,-0.11704335361719131,sensor_data,2025-12-10 12:56:20.284
T7,AIN51,LoadCell,-0.13785938918590546,sensor_data,2025-12-10 12:56:20.284
T7,AIN0,LoadCell,-0.1173587515950203,sensor_data,2025-12-10 12:56:20.284
T7,AIN51,LoadCell,-0.13817477226257324,sensor_data,2025-12-10 12:56:20.284
T7,AIN0,LoadCell,-0.1173587515950203,sensor_data,2025-12-10 12:56:20.284
T7,AIN51,LoadCell,-0.13817477226257324,sensor_data,2025-12-10 12:56:20.284
T7,AIN0,LoadCell,-0.11767414212226868,sensor_data,2025-12-10 12:56:20.284
T7,AIN51,LoadCell,-0.13817477226257324,sensor_data,2025-12-10 12:56:20.284
T7,AIN0,LoadCell,-0.11862032860517502,sensor_data,2025-12-10 12:56:20.284
T7,AIN51,LoadCell,-0.13849017024040222,sensor_data,2025-12-10 12:56:20.284
T7,AIN0,LoadCell,-0.11767414212226868,sensor_data,2025-12-10 12:56:20.284
T7,AIN51,LoadCell,-0.13785938918590546,sensor_data,2025-12-10 12:56:20.284
T7,AIN0,LoadCell,-0.11704335361719131,sensor_data,2025-12-10 12:56:20.284
T7,AIN51,LoadCell,-0.13817477226257324,sensor_data,2025-12-10 12:56:20.284
T7,AIN0,LoadCell,-0.11704335361719131,sensor_data,2025-12-10 12:56:20.284
T7,AIN51,LoadCell,-0.1372285932302475,sensor_data,2025-12-10 12:56:20.284
T7,AIN0,LoadCell,-0.11609716713428497,sensor_data,2025-12-10 12:56:20.284
T7,AIN51,LoadCell,-0.13659781217575073,sensor_data,2025-12-10 12:56:20.284
T7,AIN0,LoadCell,-0.11609716713428497,sensor_data,2025-12-10 12:56:20.284
T7,AIN51,LoadCell,-0.13691319525241852,sensor_data,2025-12-10 12:56:20.284
T7,AIN0,LoadCell,-0.1173587515950203,sensor_data,2025-12-10 12:56:20.284
T7,AIN51,LoadCell,-0.13754399120807648,sensor_data,2025-12-10 12:56:20.284
T7,AIN0,LoadCell,-0.11672796308994293,sensor_data,2025-12-10 12:56:20.284
T7,AIN51,LoadCell,-0.1372285932302475,sensor_data,2025-12-10 12:56:20.284
T7,AIN0,LoadCell,-0.11704335361719131,sensor_data,2025-12-10 12:56:20.284
T7,AIN51,LoadCell,-0.13754399120807648,sensor_data,2025-12-10 12:56:20.284
T7,AIN0,LoadCell,-0.11609716713428497,sensor_data,2025-12-10 12:56:20.284
T7,AIN51,LoadCell,-0.13691319525241852,sensor_data,2025-12-10 12:56:20.284
T7,AIN0,LoadCell,-0.11357401311397552,sensor_data,2025-12-10 12:56:20.284
T7,AIN51,LoadCell,-0.13439004123210907,sensor_data,2025-12-10 12:56:20.284
T7,AIN0,LoadCell,-0.11357401311397552,sensor_data,2025-12-10 12:56:20.284
T7,AIN51,LoadCell,-0.13439004123210907,sensor_data,2025-12-10 12:56:20.284
T7,AIN0,LoadCell,-0.11042007058858871,sensor_data,2025-12-10 12:56:20.284
T7,AIN51,LoadCell,-0.13186688721179962,sensor_data,2025-12-10 12:56:20.284
T7,AIN0,LoadCell,-0.10537376254796982,sensor_data,2025-12-10 12:56:20.284
T7,AIN51,LoadCell,-0.12745137512683868,sensor_data,2025-12-10 12:56:20.284
T7,AIN0,LoadCell,-0.1041121855378151,sensor_data,2025-12-10 12:56:20.284
T7,AIN51,LoadCell,-0.12618979811668396,sensor_data,2025-12-10 12:56:20.284
T7,AIN0,LoadCell,-0.10316599905490875,sensor_data,2025-12-10 12:56:20.284
T7,AIN51,LoadCell,-0.12524360418319702,sensor_data,2025-12-10 12:56:20.284
T7,AIN0,LoadCell,-0.10474297404289246,sensor_data,2025-12-10 12:56:20.284
T7,AIN51,LoadCell,-0.12650518119335175,sensor_data,2025-12-10 12:56:20.284
T7,AIN0,LoadCell,-0.10600455105304718,sensor_data,2025-12-10 12:56:20.284
T7,AIN51,LoadCell,-0.12776675820350647,sensor_data,2025-12-10 12:56:20.284
T7,AIN0,LoadCell,-0.10695073008537292,sensor_data,2025-12-10 12:56:20.284
T7,AIN51,LoadCell,-0.1287129521369934,sensor_data,2025-12-10 12:56:20.284
T7,AIN0,LoadCell,-0.10821230709552765,sensor_data,2025-12-10 12:56:20.284
T7,AIN51,LoadCell,-0.12997452914714813,sensor_data,2025-12-10 12:56:20.284
T7,AIN0,LoadCell,-0.10947389155626297,sensor_data,2025-12-10 12:56:20.284
T7,AIN51,LoadCell,-0.13123610615730286,sensor_data,2025-12-10 12:56:20.284
T7,AIN0,LoadCell,-0.1107354685664177,sensor_data,2025-12-10 12:56:20.284
T7,AIN51,LoadCell,-0.13186688721179962,sensor_data,2025-12-10 12:56:20.284
T7,AIN0,LoadCell,-0.11168164759874344,sensor_data,2025-12-10 12:56:20.284
T7,AIN51,LoadCell,-0.13249768316745758,sensor_data,2025-12-10 12:56:20.284
T7,AIN0,LoadCell,-0.11262783408164978,sensor_data,2025-12-10 12:56:20.284
T7,AIN51,LoadCell,-0.13344386219978333,sensor_data,2025-12-10 12:56:20.284
T7,AIN0,LoadCell,-0.11294322460889816,sensor_data,2025-12-10 12:56:20.284
T7,AIN51,LoadCell,-0.13439004123210907,sensor_data,2025-12-10 12:56:20.284
T7,AIN0,LoadCell,-0.11452019959688187,sensor_data,2025-12-10 12:56:20.284
T7,AIN51,LoadCell,-0.135336235165596,sensor_data,2025-12-10 12:56:20.284
T7,AIN0,LoadCell,-0.11357401311397552,sensor_data,2025-12-10 12:56:20.284
T7,AIN51,LoadCell,-0.13502083718776703,sensor_data,2025-12-10 12:56:20.284
T7,AIN0,LoadCell,-0.11199704557657242,sensor_data,2025-12-10 12:56:20.284
T7,AIN51,LoadCell,-0.13344386219978333,sensor_data,2025-12-10 12:56:20.284
T7,AIN0,LoadCell,-0.11010468006134033,sensor_data,2025-12-10 12:56:20.284
T7,AIN51,LoadCell,-0.13123610615730286,sensor_data,2025-12-10 12:56:20.284
T7,AIN0,LoadCell,-0.11168164759874344,sensor_data,2025-12-10 12:56:20.284
T7,AIN51,LoadCell,-0.13312846422195435,sensor_data,2025-12-10 12:56:20.284
T7,AIN0,LoadCell,-0.11515098810195923,sensor_data,2025-12-10 12:56:20.284
T7,AIN51,LoadCell,-0.1356516182422638,sensor_data,2025-12-10 12:56:20.284
T7,AIN0,LoadCell,-0.11767414212226868,sensor_data,2025-12-10 12:56:20.284
T7,AIN51,LoadCell,-0.13785938918590546,sensor_data,2025-12-10 12:56:20.284
T7,AIN0,LoadCell,-0.11862032860517502,sensor_data,2025-12-10 12:56:21.309
T7,AIN51,LoadCell,-0.13943634927272797,sensor_data,2025-12-10 12:56:21.309
T7,AIN0,LoadCell,-0.1189357191324234,sensor_data,2025-12-10 12:56:21.309
T7,AIN51,LoadCell,-0.13943634927272797,sensor_data,2025-12-10 12:56:21.309
T7,AIN0,LoadCell,-0.1189357191324234,sensor_data,2025-12-10 12:56:21.309
T7,AIN51,LoadCell,-0.13975174725055695,sensor_data,2025-12-10 12:56:21.309
T7,AIN0,LoadCell,-0.11862032860517502,sensor_data,2025-12-10 12:56:21.309
T7,AIN51,LoadCell,-0.13975174725055695,sensor_data,2025-12-10 12:56:21.309
T7,AIN0,LoadCell,-0.11767414212226868,sensor_data,2025-12-10 12:56:21.309
T7,AIN51,LoadCell,-0.13817477226257324,sensor_data,2025-12-10 12:56:21.309
T7,AIN0,LoadCell,-0.11672796308994293,sensor_data,2025-12-10 12:56:21.309
T7,AIN51,LoadCell,-0.13754399120807648,sensor_data,2025-12-10 12:56:21.309
T7,AIN0,LoadCell,-0.11641256511211395,sensor_data,2025-12-10 12:56:21.309
T7,AIN51,LoadCell,-0.13691319525241852,sensor_data,2025-12-10 12:56:21.309
T7,AIN0,LoadCell,-0.11609716713428497,sensor_data,2025-12-10 12:56:21.309
T7,AIN51,LoadCell,-0.1372285932302475,sensor_data,2025-12-10 12:56:21.309
T7,AIN0,LoadCell,-0.11704335361719131,sensor_data,2025-12-10 12:56:21.309
T7,AIN51,LoadCell,-0.13754399120807648,sensor_data,2025-12-10 12:56:21.309
T7,AIN0,LoadCell,-0.1173587515950203,sensor_data,2025-12-10 12:56:21.309
T7,AIN51,LoadCell,-0.13754399120807648,sensor_data,2025-12-10 12:56:21.309
T7,AIN0,LoadCell,-0.11767414212226868,sensor_data,2025-12-10 12:56:21.309
T7,AIN51,LoadCell,-0.13849017024040222,sensor_data,2025-12-10 12:56:21.309
T7,AIN0,LoadCell,-0.11862032860517502,sensor_data,2025-12-10 12:56:21.309
T7,AIN51,LoadCell,-0.13912096619606018,sensor_data,2025-12-10 12:56:21.309
T7,AIN0,LoadCell,-0.11862032860517502,sensor_data,2025-12-10 12:56:21.309
T7,AIN51,LoadCell,-0.1388055682182312,sensor_data,2025-12-10 12:56:21.309
T7,AIN0,LoadCell,-0.1173587515950203,sensor_data,2025-12-10 12:56:21.309
T7,AIN51,LoadCell,-0.13754399120807648,sensor_data,2025-12-10 12:56:21.309
T7,AIN0,LoadCell,-0.11483559012413025,sensor_data,2025-12-10 12:56:21.309
T7,AIN51,LoadCell,-0.1356516182422638,sensor_data,2025-12-10 12:56:21.309
T7,AIN0,LoadCell,-0.1138894110918045,sensor_data,2025-12-10 12:56:21.309
T7,AIN51,LoadCell,-0.13502083718776703,sensor_data,2025-12-10 12:56:21.309
T7,AIN0,LoadCell,-0.11546637862920761,sensor_data,2025-12-10 12:56:21.309
T7,AIN51,LoadCell,-0.13659781217575073,sensor_data,2025-12-10 12:56:21.309
T7,AIN0,LoadCell,-0.1173587515950203,sensor_data,2025-12-10 12:56:21.309
T7,AIN51,LoadCell,-0.13785938918590546,sensor_data,2025-12-10 12:56:21.309
T7,AIN0,LoadCell,-0.11862032860517502,sensor_data,2025-12-10 12:56:21.309
T7,AIN51,LoadCell,-0.1388055682182312,sensor_data,2025-12-10 12:56:21.309
T7,AIN0,LoadCell,-0.11925111711025238,sensor_data,2025-12-10 12:56:21.309
T7,AIN51,LoadCell,-0.13943634927272797,sensor_data,2025-12-10 12:56:21.309
T7,AIN0,LoadCell,-0.11956650763750076,sensor_data,2025-12-10 12:56:21.309
T7,AIN51,LoadCell,-0.13975174725055695,sensor_data,2025-12-10 12:56:21.309
T7,AIN0,LoadCell,-0.11925111711025238,sensor_data,2025-12-10 12:56:21.309
T7,AIN51,LoadCell,-0.13943634927272797,sensor_data,2025-12-10 12:56:21.309
T7,AIN0,LoadCell,-0.11862032860517502,sensor_data,2025-12-10 12:56:21.309
T7,AIN51,LoadCell,-0.13943634927272797,sensor_data,2025-12-10 12:56:21.309
T7,AIN0,LoadCell,-0.11830493062734604,sensor_data,2025-12-10 12:56:21.309
T7,AIN51,LoadCell,-0.1388055682182312,sensor_data,2025-12-10 12:56:21.309
T7,AIN0,LoadCell,-0.11862032860517502,sensor_data,2025-12-10 12:56:21.309
T7,AIN51,LoadCell,-0.13912096619606018,sensor_data,2025-12-10 12:56:21.309
T7,AIN0,LoadCell,-0.11830493062734604,sensor_data,2025-12-10 12:56:21.309
T7,AIN51,LoadCell,-0.1388055682182312,sensor_data,2025-12-10 12:56:21.309
T7,AIN0,LoadCell,-0.1173587515950203,sensor_data,2025-12-10 12:56:21.309
T7,AIN51,LoadCell,-0.13817477226257324,sensor_data,2025-12-10 12:56:21.309
T7,AIN0,LoadCell,-0.11798954010009766,sensor_data,2025-12-10 12:56:21.309
T7,AIN51,LoadCell,-0.1388055682182312,sensor_data,2025-12-10 12:56:21.309
T7,AIN0,LoadCell,-0.11767414212226868,sensor_data,2025-12-10 12:56:21.309
T7,AIN51,LoadCell,-0.13817477226257324,sensor_data,2025-12-10 12:56:21.309
T7,AIN0,LoadCell,-0.11767414212226868,sensor_data,2025-12-10 12:56:21.309
T7,AIN51,LoadCell,-0.13849017024040222,sensor_data,2025-12-10 12:56:21.309
T7,AIN0,LoadCell,-0.1239820271730423,sensor_data,2025-12-10 12:56:21.309
T7,AIN51,LoadCell,-0.14416727423667908,sensor_data,2025-12-10 12:56:21.309
T7,AIN0,LoadCell,-0.12965913116931915,sensor_data,2025-12-10 12:56:21.309
T7,AIN51,LoadCell,-0.148898184299469,sensor_data,2025-12-10 12:56:21.309
T7,AIN0,LoadCell,-0.1306053102016449,sensor_data,2025-12-10 12:56:21.309
T7,AIN51,LoadCell,-0.15015976130962372,sensor_data,2025-12-10 12:56:21.309
T7,AIN0,LoadCell,-0.13186688721179962,sensor_data,2025-12-10 12:56:21.309
T7,AIN51,LoadCell,-0.15110595524311066,sensor_data,2025-12-10 12:56:21.309
T7,AIN0,LoadCell,-0.13281308114528656,sensor_data,2025-12-10 12:56:21.309
T7,AIN51,LoadCell,-0.1520521342754364,sensor_data,2025-12-10 12:56:21.309
T7,AIN0,LoadCell,-0.13186688721179962,sensor_data,2025-12-10 12:56:21.309
T7,AIN51,LoadCell,-0.15173673629760742,sensor_data,2025-12-10 12:56:21.309
T7,AIN0,LoadCell,-0.1306053102016449,sensor_data,2025-12-10 12:56:21.309
T7,AIN51,LoadCell,-0.15015976130962372,sensor_data,2025-12-10 12:56:21.309
T7,AIN0,LoadCell,-0.12839755415916443,sensor_data,2025-12-10 12:56:21.309
T7,AIN51,LoadCell,-0.14763660728931427,sensor_data,2025-12-10 12:56:21.309
T7,AIN0,LoadCell,-0.12524360418319702,sensor_data,2025-12-10 12:56:21.309
T7,AIN51,LoadCell,-0.14448267221450806,sensor_data,2025-12-10 12:56:21.309
T7,AIN0,LoadCell,-0.12366663664579391,sensor_data,2025-12-10 12:56:21.309
T7,AIN51,LoadCell,-0.14322109520435333,sensor_data,2025-12-10 12:56:21.309
T7,AIN0,LoadCell,-0.12145887315273285,sensor_data,2025-12-10 12:56:21.309
T7,AIN51,LoadCell,-0.14164412021636963,sensor_data,2025-12-10 12:56:21.309
T7,AIN0,LoadCell,-0.12082808464765549,sensor_data,2025-12-10 12:56:21.309
T7,AIN51,LoadCell,-0.14069794118404388,sensor_data,2025-12-10 12:56:21.309
T7,AIN0,LoadCell,-0.11988190561532974,sensor_data,2025-12-10 12:56:21.309
T7,AIN51,LoadCell,-0.14006714522838593,sensor_data,2025-12-10 12:56:21.309
T7,AIN0,LoadCell,-0.11956650763750076,sensor_data,2025-12-10 12:56:21.309
T7,AIN51,LoadCell,-0.13943634927272797,sensor_data,2025-12-10 12:56:21.309
T7,AIN0,LoadCell,-0.11925111711025238,sensor_data,2025-12-10 12:56:21.309
T7,AIN51,LoadCell,-0.13943634927272797,sensor_data,2025-12-10 12:56:21.309
T7,AIN0,LoadCell,-0.11925111711025238,sensor_data,2025-12-10 12:56:21.309
T7,AIN51,LoadCell,-0.13943634927272797,sensor_data,2025-12-10 12:56:21.309
T7,AIN0,LoadCell,-0.11862032860517502,sensor_data,2025-12-10 12:56:21.309
T7,AIN51,LoadCell,-0.1388055682182312,sensor_data,2025-12-10 12:56:21.309
T7,AIN0,LoadCell,-0.1189357191324234,sensor_data,2025-12-10 12:56:21.309
T7,AIN51,LoadCell,-0.1388055682182312,sensor_data,2025-12-10 12:56:21.309
T7,AIN0,LoadCell,-0.11925111711025238,sensor_data,2025-12-10 12:56:21.309
T7,AIN51,LoadCell,-0.1388055682182312,sensor_data,2025-12-10 12:56:21.309
T7,AIN0,LoadCell,-0.11704335361719131,sensor_data,2025-12-10 12:56:21.309
T7,AIN51,LoadCell,-0.13754399120807648,sensor_data,2025-12-10 12:56:21.309
T7,AIN0,LoadCell,-0.11294322460889816,sensor_data,2025-12-10 12:56:21.309
T7,AIN51,LoadCell,-0.13439004123210907,sensor_data,2025-12-10 12:56:21.309
T7,AIN0,LoadCell,-0.11325862258672714,sensor_data,2025-12-10 12:56:21.309
T7,AIN51,LoadCell,-0.1337592601776123,sensor_data,2025-12-10 12:56:21.309
T7,AIN0,LoadCell,-0.11483559012413025,sensor_data,2025-12-10 12:56:21.309
T7,AIN51,LoadCell,-0.135336235165596,sensor_data,2025-12-10 12:56:21.309
T7,AIN0,LoadCell,-0.11641256511211395,sensor_data,2025-12-10 12:56:21.309
T7,AIN51,LoadCell,-0.13659781217575073,sensor_data,2025-12-10 12:56:21.309
T7,AIN0,LoadCell,-0.11641256511211395,sensor_data,2025-12-10 12:56:21.309
T7,AIN51,LoadCell,-0.13691319525241852,sensor_data,2025-12-10 12:56:21.309
T7,AIN0,LoadCell,-0.11609716713428497,sensor_data,2025-12-10 12:56:21.309
T7,AIN51,LoadCell,-0.13659781217575073,sensor_data,2025-12-10 12:56:21.309
T7,AIN0,LoadCell,-0.11483559012413025,sensor_data,2025-12-10 12:56:21.309
T7,AIN51,LoadCell,-0.13628241419792175,sensor_data,2025-12-10 12:56:21.309
T7,AIN0,LoadCell,-0.11483559012413025,sensor_data,2025-12-10 12:56:21.309
T7,AIN51,LoadCell,-0.1356516182422638,sensor_data,2025-12-10 12:56:21.309
T7,AIN0,LoadCell,-0.11578177660703659,sensor_data,2025-12-10 12:56:21.309
T7,AIN51,LoadCell,-0.13628241419792175,sensor_data,2025-12-10 12:56:21.309
T7,AIN0,LoadCell,-0.11609716713428497,sensor_data,2025-12-10 12:56:21.309
T7,AIN51,LoadCell,-0.13628241419792175,sensor_data,2025-12-10 12:56:21.309
T7,AIN0,LoadCell,-0.11609716713428497,sensor_data,2025-12-10 12:56:21.309
T7,AIN51,LoadCell,-0.13691319525241852,sensor_data,2025-12-10 12:56:21.309
T7,AIN0,LoadCell,-0.11641256511211395,sensor_data,2025-12-10 12:56:21.309
T7,AIN51,LoadCell,-0.13691319525241852,sensor_data,2025-12-10 12:56:21.309
T7,AIN0,LoadCell,-0.1173587515950203,sensor_data,2025-12-10 12:56:21.309
T7,AIN51,LoadCell,-0.1372285932302475,sensor_data,2025-12-10 12:56:21.309
T7,AIN0,LoadCell,-0.11767414212226868,sensor_data,2025-12-10 12:56:21.309
T7,AIN51,LoadCell,-0.13754399120807648,sensor_data,2025-12-10 12:56:21.309
T7,AIN0,LoadCell,-0.11862032860517502,sensor_data,2025-12-10 12:56:21.309
T7,AIN51,LoadCell,-0.13849017024040222,sensor_data,2025-12-10 12:56:21.309
T7,AIN0,LoadCell,-0.11798954010009766,sensor_data,2025-12-10 12:56:21.309
T7,AIN51,LoadCell,-0.1388055682182312,sensor_data,2025-12-10 12:56:21.309
T7,AIN0,LoadCell,-0.11798954010009766,sensor_data,2025-12-10 12:56:21.309
T7,AIN51,LoadCell,-0.1388055682182312,sensor_data,2025-12-10 12:56:21.309
T7,AIN0,LoadCell,-0.11641256511211395,sensor_data,2025-12-10 12:56:21.309
T7,AIN51,LoadCell,-0.13659781217575073,sensor_data,2025-12-10 12:56:21.309
T7,AIN0,LoadCell,-0.11262783408164978,sensor_data,2025-12-10 12:56:21.309
T7,AIN51,LoadCell,-0.13407465815544128,sensor_data,2025-12-10 12:56:21.309
T7,AIN0,LoadCell,-0.1123124361038208,sensor_data,2025-12-10 12:56:21.309
T7,AIN51,LoadCell,-0.1337592601776123,sensor_data,2025-12-10 12:56:21.309
T7,AIN0,LoadCell,-0.11483559012413025,sensor_data,2025-12-10 12:56:21.309
T7,AIN51,LoadCell,-0.13502083718776703,sensor_data,2025-12-10 12:56:21.309
T7,AIN0,LoadCell,-0.11641256511211395,sensor_data,2025-12-10 12:56:21.309
T7,AIN51,LoadCell,-0.13659781217575073,sensor_data,2025-12-10 12:56:21.309
T7,AIN0,LoadCell,-0.11546637862920761,sensor_data,2025-12-10 12:56:21.309
T7,AIN51,LoadCell,-0.13596701622009277,sensor_data,2025-12-10 12:56:21.309
T7,AIN0,LoadCell,-0.11483559012413025,sensor_data,2025-12-10 12:56:21.309
T7,AIN51,LoadCell,-0.1356516182422638,sensor_data,2025-12-10 12:56:21.309
T7,AIN0,LoadCell,-0.11578177660703659,sensor_data,2025-12-10 12:56:21.309
T7,AIN51,LoadCell,-0.13628241419792175,sensor_data,2025-12-10 12:56:21.309
T7,AIN0,LoadCell,-0.11578177660703659,sensor_data,2025-12-10 12:56:21.309
T7,AIN51,LoadCell,-0.13596701622009277,sensor_data,2025-12-10 12:56:21.309
T7,AIN0,LoadCell,-0.11609716713428497,sensor_data,2025-12-10 12:56:21.309
T7,AIN51,LoadCell,-0.13691319525241852,sensor_data,2025-12-10 12:56:21.309
T7,AIN0,LoadCell,-0.11672796308994293,sensor_data,2025-12-10 12:56:21.309
T7,AIN51,LoadCell,-0.13691319525241852,sensor_data,2025-12-10 12:56:21.309
T7,AIN0,LoadCell,-0.11672796308994293,sensor_data,2025-12-10 12:56:21.309
T7,AIN51,LoadCell,-0.13691319525241852,sensor_data,2025-12-10 12:56:21.309
T7,AIN0,LoadCell,-0.11672796308994293,sensor_data,2025-12-10 12:56:21.309
T7,AIN51,LoadCell,-0.13691319525241852,sensor_data,2025-12-10 12:56:21.309
T7,AIN0,LoadCell,-0.11105085909366608,sensor_data,2025-12-10 12:56:21.309
T7,AIN51,LoadCell,-0.13186688721179962,sensor_data,2025-12-10 12:56:21.309
T7,AIN0,LoadCell,-0.10537376254796982,sensor_data,2025-12-10 12:56:21.309
T7,AIN51,LoadCell,-0.12745137512683868,sensor_data,2025-12-10 12:56:21.309
T7,AIN0,LoadCell,-0.10190442204475403,sensor_data,2025-12-10 12:56:21.309
T7,AIN51,LoadCell,-0.12461282312870026,sensor_data,2025-12-10 12:56:21.309
T7,AIN0,LoadCell,-0.10190442204475403,sensor_data,2025-12-10 12:56:21.309
T7,AIN51,LoadCell,-0.12429742515087128,sensor_data,2025-12-10 12:56:21.309
T7,AIN0,LoadCell,-0.10348139703273773,sensor_data,2025-12-10 12:56:21.309
T7,AIN51,LoadCell,-0.12587440013885498,sensor_data,2025-12-10 12:56:21.309
T7,AIN0,LoadCell,-0.1041121855378151,sensor_data,2025-12-10 12:56:21.309
T7,AIN51,LoadCell,-0.12650518119335175,sensor_data,2025-12-10 12:56:21.309
T7,AIN0,LoadCell,-0.10190442204475403,sensor_data,2025-12-10 12:56:21.309
T7,AIN51,LoadCell,-0.12429742515087128,sensor_data,2025-12-10 12:56:21.309
T7,AIN0,LoadCell,-0.10379678755998611,sensor_data,2025-12-10 12:56:21.309
T7,AIN51,LoadCell,-0.12650518119335175,sensor_data,2025-12-10 12:56:21.309
T7,AIN0,LoadCell,-0.10789691656827927,sensor_data,2025-12-10 12:56:21.309
T7,AIN51,LoadCell,-0.12965913116931915,sensor_data,2025-12-10 12:56:21.309
T7,AIN0,LoadCell,-0.1107354685664177,sensor_data,2025-12-10 12:56:21.309
T7,AIN51,LoadCell,-0.13249768316745758,sensor_data,2025-12-10 12:56:21.309
T7,AIN0,LoadCell,-0.11325862258672714,sensor_data,2025-12-10 12:56:21.309
T7,AIN51,LoadCell,-0.1337592601776123,sensor_data,2025-12-10 12:56:21.309
T7,AIN0,LoadCell,-0.11357401311397552,sensor_data,2025-12-10 12:56:21.309
T7,AIN51,LoadCell,-0.13502083718776703,sensor_data,2025-12-10 12:56:21.309
T7,AIN0,LoadCell,-0.11546637862920761,sensor_data,2025-12-10 12:56:21.309
T7,AIN51,LoadCell,-0.13596701622009277,sensor_data,2025-12-10 12:56:21.309
T7,AIN0,LoadCell,-0.11609716713428497,sensor_data,2025-12-10 12:56:21.309
T7,AIN51,LoadCell,-0.13659781217575073,sensor_data,2025-12-10 12:56:21.309
T7,AIN0,LoadCell,-0.11641256511211395,sensor_data,2025-12-10 12:56:21.309
T7,AIN51,LoadCell,-0.13691319525241852,sensor_data,2025-12-10 12:56:21.309
T7,AIN0,LoadCell,-0.11641256511211395,sensor_data,2025-12-10 12:56:21.309
T7,AIN51,LoadCell,-0.13691319525241852,sensor_data,2025-12-10 12:56:21.309
T7,AIN0,LoadCell,-0.1173587515950203,sensor_data,2025-12-10 12:56:21.309
T7,AIN51,LoadCell,-0.13817477226257324,sensor_data,2025-12-10 12:56:21.309
T7,AIN0,LoadCell,-0.11830493062734604,sensor_data,2025-12-10 12:56:21.309
T7,AIN51,LoadCell,-0.13817477226257324,sensor_data,2025-12-10 12:56:21.309
T7,AIN0,LoadCell,-0.1173587515950203,sensor_data,2025-12-10 12:56:21.309
T7,AIN51,LoadCell,-0.13817477226257324,sensor_data,2025-12-10 12:56:21.309
T7,AIN0,LoadCell,-0.11767414212226868,sensor_data,2025-12-10 12:56:21.309
T7,AIN51,LoadCell,-0.13849017024040222,sensor_data,2025-12-10 12:56:21.309
T7,AIN0,LoadCell,-0.11672796308994293,sensor_data,2025-12-10 12:56:21.309
T7,AIN51,LoadCell,-0.13754399120807648,sensor_data,2025-12-10 12:56:21.309
T7,AIN0,LoadCell,-0.11609716713428497,sensor_data,2025-12-10 12:56:21.309
T7,AIN51,LoadCell,-0.13691319525241852,sensor_data,2025-12-10 12:56:21.309
T7,AIN0,LoadCell,-0.11672796308994293,sensor_data,2025-12-10 12:56:21.309
T7,AIN51,LoadCell,-0.1372285932302475,sensor_data,2025-12-10 12:56:21.309
T7,AIN0,LoadCell,-0.11483559012413025,sensor_data,2025-12-10 12:56:21.309
T7,AIN51,LoadCell,-0.13628241419792175,sensor_data,2025-12-10 12:56:21.309
T7,AIN0,LoadCell,-0.11168164759874344,sensor_data,2025-12-10 12:56:21.309
T7,AIN51,LoadCell,-0.13312846422195435,sensor_data,2025-12-10 12:56:21.309
T7,AIN0,LoadCell,-0.11136625707149506,sensor_data,2025-12-10 12:56:21.309
T7,AIN51,LoadCell,-0.13281308114528656,sensor_data,2025-12-10 12:56:21.309
T7,AIN0,LoadCell,-0.11452019959688187,sensor_data,2025-12-10 12:56:21.309
T7,AIN51,LoadCell,-0.13502083718776703,sensor_data,2025-12-10 12:56:21.309
T7,AIN0,LoadCell,-0.11609716713428497,sensor_data,2025-12-10 12:56:21.309
T7,AIN51,LoadCell,-0.13659781217575073,sensor_data,2025-12-10 12:56:21.309
T7,AIN0,LoadCell,-0.11672796308994293,sensor_data,2025-12-10 12:56:21.309
T7,AIN51,LoadCell,-0.13691319525241852,sensor_data,2025-12-10 12:56:21.309
T7,AIN0,LoadCell,-0.11704335361719131,sensor_data,2025-12-10 12:56:21.309
T7,AIN51,LoadCell,-0.13785938918590546,sensor_data,2025-12-10 12:56:21.309
T7,AIN0,LoadCell,-0.11609716713428497,sensor_data,2025-12-10 12:56:21.309
T7,AIN51,LoadCell,-0.1372285932302475,sensor_data,2025-12-10 12:56:21.309
T7,AIN0,LoadCell,-0.11578177660703659,sensor_data,2025-12-10 12:56:21.309
T7,AIN51,LoadCell,-0.13691319525241852,sensor_data,2025-12-10 12:56:21.309
T7,AIN0,LoadCell,-0.11704335361719131,sensor_data,2025-12-10 12:56:21.309
T7,AIN51,LoadCell,-0.1372285932302475,sensor_data,2025-12-10 12:56:21.309
T7,AIN0,LoadCell,-0.1173587515950203,sensor_data,2025-12-10 12:56:21.309
T7,AIN51,LoadCell,-0.13785938918590546,sensor_data,2025-12-10 12:56:21.309
T7,AIN0,LoadCell,-0.11767414212226868,sensor_data,2025-12-10 12:56:21.309
T7,AIN51,LoadCell,-0.13754399120807648,sensor_data,2025-12-10 12:56:21.309
T7,AIN0,LoadCell,-0.11704335361719131,sensor_data,2025-12-10 12:56:21.309
T7,AIN51,LoadCell,-0.13849017024040222,sensor_data,2025-12-10 12:56:21.309
T7,AIN0,LoadCell,-0.11798954010009766,sensor_data,2025-12-10 12:56:21.309
T7,AIN51,LoadCell,-0.13817477226257324,sensor_data,2025-12-10 12:56:21.309
T7,AIN0,LoadCell,-0.11798954010009766,sensor_data,2025-12-10 12:56:21.309
T7,AIN51,LoadCell,-0.13849017024040222,sensor_data,2025-12-10 12:56:21.309
T7,AIN0,LoadCell,-0.11830493062734604,sensor_data,2025-12-10 12:56:21.309
T7,AIN51,LoadCell,-0.13849017024040222,sensor_data,2025-12-10 12:56:21.309
T7,AIN0,LoadCell,-0.11704335361719131,sensor_data,2025-12-10 12:56:21.309
T7,AIN51,LoadCell,-0.13785938918590546,sensor_data,2025-12-10 12:56:21.309
T7,AIN0,LoadCell,-0.11641256511211395,sensor_data,2025-12-10 12:56:21.309
T7,AIN51,LoadCell,-0.13754399120807648,sensor_data,2025-12-10 12:56:21.309
T7,AIN0,LoadCell,-0.11483559012413025,sensor_data,2025-12-10 12:56:21.309
T7,AIN51,LoadCell,-0.1356516182422638,sensor_data,2025-12-10 12:56:21.309
T7,AIN0,LoadCell,-0.11105085909366608,sensor_data,2025-12-10 12:56:21.309
T7,AIN51,LoadCell,-0.13249768316745758,sensor_data,2025-12-10 12:56:21.309
T7,AIN0,LoadCell,-0.11168164759874344,sensor_data,2025-12-10 12:56:21.309
T7,AIN51,LoadCell,-0.13281308114528656,sensor_data,2025-12-10 12:56:21.309
T7,AIN0,LoadCell,-0.11452019959688187,sensor_data,2025-12-10 12:56:21.309
T7,AIN51,LoadCell,-0.13502083718776703,sensor_data,2025-12-10 12:56:21.309
T7,AIN0,LoadCell,-0.11641256511211395,sensor_data,2025-12-10 12:56:21.309
T7,AIN51,LoadCell,-0.13754399120807648,sensor_data,2025-12-10 12:56:21.309
T7,AIN0,LoadCell,-0.11798954010009766,sensor_data,2025-12-10 12:56:21.309
T7,AIN51,LoadCell,-0.13817477226257324,sensor_data,2025-12-10 12:56:21.309
T7,AIN0,LoadCell,-0.11862032860517502,sensor_data,2025-12-10 12:56:21.309
T7,AIN51,LoadCell,-0.1388055682182312,sensor_data,2025-12-10 12:56:21.309
T7,AIN0,LoadCell,-0.1189357191324234,sensor_data,2025-12-10 12:56:21.309
T7,AIN51,LoadCell,-0.13912096619606018,sensor_data,2025-12-10 12:56:21.309
T7,AIN0,LoadCell,-0.1189357191324234,sensor_data,2025-12-10 12:56:21.309
T7,AIN51,LoadCell,-0.13943634927272797,sensor_data,2025-12-10 12:56:21.309
T7,AIN0,LoadCell,-0.12335123866796494,sensor_data,2025-12-10 12:56:21.309
T7,AIN51,LoadCell,-0.14290569722652435,sensor_data,2025-12-10 12:56:21.309
T7,AIN0,LoadCell,-0.1287129521369934,sensor_data,2025-12-10 12:56:21.309
T7,AIN51,LoadCell,-0.14763660728931427,sensor_data,2025-12-10 12:56:21.309
T7,AIN0,LoadCell,-0.13123610615730286,sensor_data,2025-12-10 12:56:21.309
T7,AIN51,LoadCell,-0.1504751592874527,sensor_data,2025-12-10 12:56:21.309
T7,AIN0,LoadCell,-0.13186688721179962,sensor_data,2025-12-10 12:56:21.309
T7,AIN51,LoadCell,-0.1504751592874527,sensor_data,2025-12-10 12:56:21.309
T7,AIN0,LoadCell,-0.13028991222381592,sensor_data,2025-12-10 12:56:21.309
T7,AIN51,LoadCell,-0.14952898025512695,sensor_data,2025-12-10 12:56:21.309
T7,AIN0,LoadCell,-0.1287129521369934,sensor_data,2025-12-10 12:56:21.309
T7,AIN51,LoadCell,-0.14826740324497223,sensor_data,2025-12-10 12:56:21.309
T7,AIN0,LoadCell,-0.1271359771490097,sensor_data,2025-12-10 12:56:21.309
T7,AIN51,LoadCell,-0.14669042825698853,sensor_data,2025-12-10 12:56:21.309
T7,AIN0,LoadCell,-0.12492821365594864,sensor_data,2025-12-10 12:56:21.309
T7,AIN51,LoadCell,-0.1454288512468338,sensor_data,2025-12-10 12:56:21.309
T7,AIN0,LoadCell,-0.12366663664579391,sensor_data,2025-12-10 12:56:21.309
T7,AIN51,LoadCell,-0.14322109520435333,sensor_data,2025-12-10 12:56:21.309
T7,AIN0,LoadCell,-0.11925111711025238,sensor_data,2025-12-10 12:56:21.309
T7,AIN51,LoadCell,-0.1403825432062149,sensor_data,2025-12-10 12:56:21.309
T7,AIN0,LoadCell,-0.11483559012413025,sensor_data,2025-12-10 12:56:21.309
T7,AIN51,LoadCell,-0.1356516182422638,sensor_data,2025-12-10 12:56:21.309
T7,AIN0,LoadCell,-0.11609716713428497,sensor_data,2025-12-10 12:56:21.309
T7,AIN51,LoadCell,-0.13628241419792175,sensor_data,2025-12-10 12:56:21.309
T7,AIN0,LoadCell,-0.11767414212226868,sensor_data,2025-12-10 12:56:21.309
T7,AIN51,LoadCell,-0.13849017024040222,sensor_data,2025-12-10 12:56:21.309
T7,AIN0,LoadCell,-0.11862032860517502,sensor_data,2025-12-10 12:56:21.309
T7,AIN51,LoadCell,-0.1388055682182312,sensor_data,2025-12-10 12:56:21.309
T7,AIN0,LoadCell,-0.1189357191324234,sensor_data,2025-12-10 12:56:21.309
T7,AIN51,LoadCell,-0.1388055682182312,sensor_data,2025-12-10 12:56:21.309
T7,AIN0,LoadCell,-0.11830493062734604,sensor_data,2025-12-10 12:56:21.309
T7,AIN51,LoadCell,-0.1388055682182312,sensor_data,2025-12-10 12:56:21.309
T7,AIN0,LoadCell,-0.11925111711025238,sensor_data,2025-12-10 12:56:21.309
T7,AIN51,LoadCell,-0.13943634927272797,sensor_data,2025-12-10 12:56:21.309
T7,AIN0,LoadCell,-0.11925111711025238,sensor_data,2025-12-10 12:56:21.309
T7,AIN51,LoadCell,-0.13943634927272797,sensor_data,2025-12-10 12:56:21.309
T7,AIN0,LoadCell,-0.11925111711025238,sensor_data,2025-12-10 12:56:21.309
T7,AIN51,LoadCell,-0.13943634927272797,sensor_data,2025-12-10 12:56:21.309
T7,AIN0,LoadCell,-0.11830493062734604,sensor_data,2025-12-10 12:56:21.309
T7,AIN51,LoadCell,-0.1388055682182312,sensor_data,2025-12-10 12:56:21.309
T7,AIN0,LoadCell,-0.11704335361719131,sensor_data,2025-12-10 12:56:21.309
T7,AIN51,LoadCell,-0.13754399120807648,sensor_data,2025-12-10 12:56:21.309
T7,AIN0,LoadCell,-0.11578177660703659,sensor_data,2025-12-10 12:56:21.309
T7,AIN51,LoadCell,-0.13659781217575073,sensor_data,2025-12-10 12:56:21.309
T7,AIN0,LoadCell,-0.11609716713428497,sensor_data,2025-12-10 12:56:21.309
T7,AIN51,LoadCell,-0.1372285932302475,sensor_data,2025-12-10 12:56:21.309
T7,AIN0,LoadCell,-0.11672796308994293,sensor_data,2025-12-10 12:56:21.309
T7,AIN51,LoadCell,-0.1372285932302475,sensor_data,2025-12-10 12:56:21.309
T7,AIN0,LoadCell,-0.1173587515950203,sensor_data,2025-12-10 12:56:21.309
T7,AIN51,LoadCell,-0.13785938918590546,sensor_data,2025-12-10 12:56:21.309
T7,AIN0,LoadCell,-0.11641256511211395,sensor_data,2025-12-10 12:56:21.309
T7,AIN51,LoadCell,-0.13754399120807648,sensor_data,2025-12-10 12:56:21.309
T7,AIN0,LoadCell,-0.11672796308994293,sensor_data,2025-12-10 12:56:21.309
T7,AIN51,LoadCell,-0.13785938918590546,sensor_data,2025-12-10 12:56:21.309
T7,AIN0,LoadCell,-0.11483559012413025,sensor_data,2025-12-10 12:56:21.309
T7,AIN51,LoadCell,-0.1356516182422638,sensor_data,2025-12-10 12:56:21.309
T7,AIN0,LoadCell,-0.11168164759874344,sensor_data,2025-12-10 12:56:21.309
T7,AIN51,LoadCell,-0.13281308114528656,sensor_data,2025-12-10 12:56:21.309
T7,AIN0,LoadCell,-0.11199704557657242,sensor_data,2025-12-10 12:56:21.309
T7,AIN51,LoadCell,-0.13312846422195435,sensor_data,2025-12-10 12:56:21.309
T7,AIN0,LoadCell,-0.11420480161905289,sensor_data,2025-12-10 12:56:21.309
T7,AIN51,LoadCell,-0.13502083718776703,sensor_data,2025-12-10 12:56:21.309
T7,AIN0,LoadCell,-0.11578177660703659,sensor_data,2025-12-10 12:56:21.309
T7,AIN51,LoadCell,-0.13628241419792175,sensor_data,2025-12-10 12:56:21.309
T7,AIN0,LoadCell,-0.11641256511211395,sensor_data,2025-12-10 12:56:21.309
T7,AIN51,LoadCell,-0.13659781217575073,sensor_data,2025-12-10 12:56:21.309
T7,AIN0,LoadCell,-0.11704335361719131,sensor_data,2025-12-10 12:56:21.309
T7,AIN51,LoadCell,-0.13785938918590546,sensor_data,2025-12-10 12:56:21.309
T7,AIN0,LoadCell,-0.11798954010009766,sensor_data,2025-12-10 12:56:21.309
T7,AIN51,LoadCell,-0.13849017024040222,sensor_data,2025-12-10 12:56:21.309
T7,AIN0,LoadCell,-0.11925111711025238,sensor_data,2025-12-10 12:56:21.309
T7,AIN51,LoadCell,-0.13943634927272797,sensor_data,2025-12-10 12:56:21.309
T7,AIN0,LoadCell,-0.11830493062734604,sensor_data,2025-12-10 12:56:21.309
T7,AIN51,LoadCell,-0.1388055682182312,sensor_data,2025-12-10 12:56:21.309
T7,AIN0,LoadCell,-0.11798954010009766,sensor_data,2025-12-10 12:56:21.309
T7,AIN51,LoadCell,-0.1388055682182312,sensor_data,2025-12-10 12:56:21.309
T7,AIN0,LoadCell,-0.11704335361719131,sensor_data,2025-12-10 12:56:21.309
T7,AIN51,LoadCell,-0.13785938918590546,sensor_data,2025-12-10 12:56:21.309
T7,AIN0,LoadCell,-0.11641256511211395,sensor_data,2025-12-10 12:56:21.309
T7,AIN51,LoadCell,-0.13754399120807648,sensor_data,2025-12-10 12:56:21.309
T7,AIN0,LoadCell,-0.11578177660703659,sensor_data,2025-12-10 12:56:21.309
T7,AIN51,LoadCell,-0.13659781217575073,sensor_data,2025-12-10 12:56:21.309
T7,AIN0,LoadCell,-0.11515098810195923,sensor_data,2025-12-10 12:56:21.309
T7,AIN51,LoadCell,-0.135336235165596,sensor_data,2025-12-10 12:56:21.309
T7,AIN0,LoadCell,-0.11452019959688187,sensor_data,2025-12-10 12:56:21.309
T7,AIN51,LoadCell,-0.13502083718776703,sensor_data,2025-12-10 12:56:21.309
T7,AIN0,LoadCell,-0.11483559012413025,sensor_data,2025-12-10 12:56:21.309
T7,AIN51,LoadCell,-0.135336235165596,sensor_data,2025-12-10 12:56:21.309
T7,AIN0,LoadCell,-0.11546637862920761,sensor_data,2025-12-10 12:56:21.309
T7,AIN51,LoadCell,-0.13659781217575073,sensor_data,2025-12-10 12:56:21.309
T7,AIN0,LoadCell,-0.11483559012413025,sensor_data,2025-12-10 12:56:21.309
T7,AIN51,LoadCell,-0.135336235165596,sensor_data,2025-12-10 12:56:21.309
T7,AIN0,LoadCell,-0.11168164759874344,sensor_data,2025-12-10 12:56:21.309
T7,AIN51,LoadCell,-0.13249768316745758,sensor_data,2025-12-10 12:56:21.309
T7,AIN0,LoadCell,-0.11294322460889816,sensor_data,2025-12-10 12:56:21.309
T7,AIN51,LoadCell,-0.1337592601776123,sensor_data,2025-12-10 12:56:21.309
T7,AIN0,LoadCell,-0.11609716713428497,sensor_data,2025-12-10 12:56:21.309
T7,AIN51,LoadCell,-0.13691319525241852,sensor_data,2025-12-10 12:56:21.309
T7,AIN0,LoadCell,-0.11798954010009766,sensor_data,2025-12-10 12:56:21.309
T7,AIN51,LoadCell,-0.1388055682182312,sensor_data,2025-12-10 12:56:21.309
T7,AIN0,LoadCell,-0.11452019959688187,sensor_data,2025-12-10 12:56:21.309
T7,AIN51,LoadCell,-0.135336235165596,sensor_data,2025-12-10 12:56:21.309
T7,AIN0,LoadCell,-0.10978928208351135,sensor_data,2025-12-10 12:56:21.309
T7,AIN51,LoadCell,-0.13123610615730286,sensor_data,2025-12-10 12:56:21.309
T7,AIN0,LoadCell,-0.10821230709552765,sensor_data,2025-12-10 12:56:21.309
T7,AIN51,LoadCell,-0.12997452914714813,sensor_data,2025-12-10 12:56:21.309
T7,AIN0,LoadCell,-0.10789691656827927,sensor_data,2025-12-10 12:56:21.309
T7,AIN51,LoadCell,-0.12934373319149017,sensor_data,2025-12-10 12:56:21.309
T7,AIN0,LoadCell,-0.10789691656827927,sensor_data,2025-12-10 12:56:21.309
T7,AIN51,LoadCell,-0.12997452914714813,sensor_data,2025-12-10 12:56:21.309
T7,AIN0,LoadCell,-0.10915849357843399,sensor_data,2025-12-10 12:56:21.309
T7,AIN51,LoadCell,-0.1306053102016449,sensor_data,2025-12-10 12:56:21.309
T7,AIN0,LoadCell,-0.10915849357843399,sensor_data,2025-12-10 12:56:21.309
T7,AIN51,LoadCell,-0.13123610615730286,sensor_data,2025-12-10 12:56:21.309
T7,AIN0,LoadCell,-0.11042007058858871,sensor_data,2025-12-10 12:56:21.309
T7,AIN51,LoadCell,-0.13249768316745758,sensor_data,2025-12-10 12:56:21.309
T7,AIN0,LoadCell,-0.11199704557657242,sensor_data,2025-12-10 12:56:21.309
T7,AIN51,LoadCell,-0.13344386219978333,sensor_data,2025-12-10 12:56:21.309
T7,AIN0,LoadCell,-0.11357401311397552,sensor_data,2025-12-10 12:56:21.309
T7,AIN51,LoadCell,-0.13470543920993805,sensor_data,2025-12-10 12:56:21.309
T7,AIN0,LoadCell,-0.11420480161905289,sensor_data,2025-12-10 12:56:21.309
T7,AIN51,LoadCell,-0.13502083718776703,sensor_data,2025-12-10 12:56:21.309
T7,AIN0,LoadCell,-0.11483559012413025,sensor_data,2025-12-10 12:56:21.309
T7,AIN51,LoadCell,-0.135336235165596,sensor_data,2025-12-10 12:56:21.309
T7,AIN0,LoadCell,-0.11483559012413025,sensor_data,2025-12-10 12:56:21.309
T7,AIN51,LoadCell,-0.1356516182422638,sensor_data,2025-12-10 12:56:21.309
T7,AIN0,LoadCell,-0.11420480161905289,sensor_data,2025-12-10 12:56:21.309
T7,AIN51,LoadCell,-0.135336235165596,sensor_data,2025-12-10 12:56:21.309
T7,AIN0,LoadCell,-0.1123124361038208,sensor_data,2025-12-10 12:56:21.309
T7,AIN51,LoadCell,-0.13312846422195435,sensor_data,2025-12-10 12:56:21.309
T7,AIN0,LoadCell,-0.11294322460889816,sensor_data,2025-12-10 12:56:21.309
T7,AIN51,LoadCell,-0.1337592601776123,sensor_data,2025-12-10 12:56:21.309
T7,AIN0,LoadCell,-0.11578177660703659,sensor_data,2025-12-10 12:56:21.309
T7,AIN51,LoadCell,-0.13628241419792175,sensor_data,2025-12-10 12:56:21.309
T7,AIN0,LoadCell,-0.11798954010009766,sensor_data,2025-12-10 12:56:21.309
T7,AIN51,LoadCell,-0.13849017024040222,sensor_data,2025-12-10 12:56:21.309
T7,AIN0,LoadCell,-0.11956650763750076,sensor_data,2025-12-10 12:56:21.309
T7,AIN51,LoadCell,-0.14006714522838593,sensor_data,2025-12-10 12:56:21.309
T7,AIN0,LoadCell,-0.12019729614257812,sensor_data,2025-12-10 12:56:21.309
T7,AIN51,LoadCell,-0.14069794118404388,sensor_data,2025-12-10 12:56:21.309
T7,AIN0,LoadCell,-0.11988190561532974,sensor_data,2025-12-10 12:56:21.309
T7,AIN51,LoadCell,-0.1403825432062149,sensor_data,2025-12-10 12:56:21.309
T7,AIN0,LoadCell,-0.11988190561532974,sensor_data,2025-12-10 12:56:21.309
T7,AIN51,LoadCell,-0.14006714522838593,sensor_data,2025-12-10 12:56:21.309
T7,AIN0,LoadCell,-0.11925111711025238,sensor_data,2025-12-10 12:56:21.309
T7,AIN51,LoadCell,-0.14006714522838593,sensor_data,2025-12-10 12:56:21.309
T7,AIN0,LoadCell,-0.11925111711025238,sensor_data,2025-12-10 12:56:21.309
T7,AIN51,LoadCell,-0.14006714522838593,sensor_data,2025-12-10 12:56:21.309
T7,AIN0,LoadCell,-0.11862032860517502,sensor_data,2025-12-10 12:56:21.309
T7,AIN51,LoadCell,-0.1388055682182312,sensor_data,2025-12-10 12:56:21.309
T7,AIN0,LoadCell,-0.11830493062734604,sensor_data,2025-12-10 12:56:21.309
T7,AIN51,LoadCell,-0.1388055682182312,sensor_data,2025-12-10 12:56:21.309
T7,AIN0,LoadCell,-0.11798954010009766,sensor_data,2025-12-10 12:56:21.309
T7,AIN51,LoadCell,-0.13849017024040222,sensor_data,2025-12-10 12:56:21.309
T7,AIN0,LoadCell,-0.1173587515950203,sensor_data,2025-12-10 12:56:21.309
T7,AIN51,LoadCell,-0.13817477226257324,sensor_data,2025-12-10 12:56:21.309
T7,AIN0,LoadCell,-0.11767414212226868,sensor_data,2025-12-10 12:56:21.309
T7,AIN51,LoadCell,-0.1388055682182312,sensor_data,2025-12-10 12:56:21.309
T7,AIN0,LoadCell,-0.11798954010009766,sensor_data,2025-12-10 12:56:21.309
T7,AIN51,LoadCell,-0.1388055682182312,sensor_data,2025-12-10 12:56:21.309
T7,AIN0,LoadCell,-0.1173587515950203,sensor_data,2025-12-10 12:56:21.309
T7,AIN51,LoadCell,-0.13785938918590546,sensor_data,2025-12-10 12:56:21.309
T7,AIN0,LoadCell,-0.11515098810195923,sensor_data,2025-12-10 12:56:21.309
T7,AIN51,LoadCell,-0.1356516182422638,sensor_data,2025-12-10 12:56:21.309
T7,AIN0,LoadCell,-0.11199704557657242,sensor_data,2025-12-10 12:56:21.309
T7,AIN51,LoadCell,-0.13344386219978333,sensor_data,2025-12-10 12:56:21.309
T7,AIN0,LoadCell,-0.11357401311397552,sensor_data,2025-12-10 12:56:21.309
T7,AIN51,LoadCell,-0.13439004123210907,sensor_data,2025-12-10 12:56:21.309
T7,AIN0,LoadCell,-0.11672796308994293,sensor_data,2025-12-10 12:56:21.309
T7,AIN51,LoadCell,-0.13754399120807648,sensor_data,2025-12-10 12:56:21.309
T7,AIN0,LoadCell,-0.11862032860517502,sensor_data,2025-12-10 12:56:21.309
T7,AIN51,LoadCell,-0.13912096619606018,sensor_data,2025-12-10 12:56:21.309
T7,AIN0,LoadCell,-0.11988190561532974,sensor_data,2025-12-10 12:56:21.309
T7,AIN51,LoadCell,-0.14006714522838593,sensor_data,2025-12-10 12:56:21.309
T7,AIN0,LoadCell,-0.11988190561532974,sensor_data,2025-12-10 12:56:21.309
T7,AIN51,LoadCell,-0.14006714522838593,sensor_data,2025-12-10 12:56:21.309
T7,AIN0,LoadCell,-0.11988190561532974,sensor_data,2025-12-10 12:56:21.309
T7,AIN51,LoadCell,-0.14006714522838593,sensor_data,2025-12-10 12:56:21.309
T7,AIN0,LoadCell,-0.11988190561532974,sensor_data,2025-12-10 12:56:21.309
T7,AIN51,LoadCell,-0.14006714522838593,sensor_data,2025-12-10 12:56:21.309
T7,AIN0,LoadCell,-0.11956650763750076,sensor_data,2025-12-10 12:56:21.309
T7,AIN51,LoadCell,-0.13975174725055695,sensor_data,2025-12-10 12:56:21.309
T7,AIN0,LoadCell,-0.11925111711025238,sensor_data,2025-12-10 12:56:21.309
T7,AIN51,LoadCell,-0.13975174725055695,sensor_data,2025-12-10 12:56:21.309
T7,AIN0,LoadCell,-0.11862032860517502,sensor_data,2025-12-10 12:56:21.309
T7,AIN51,LoadCell,-0.13943634927272797,sensor_data,2025-12-10 12:56:21.309
T7,AIN0,LoadCell,-0.11830493062734604,sensor_data,2025-12-10 12:56:21.309
T7,AIN51,LoadCell,-0.13975174725055695,sensor_data,2025-12-10 12:56:21.309
T7,AIN0,LoadCell,-0.11830493062734604,sensor_data,2025-12-10 12:56:21.309
T7,AIN51,LoadCell,-0.1388055682182312,sensor_data,2025-12-10 12:56:21.309
T7,AIN0,LoadCell,-0.11830493062734604,sensor_data,2025-12-10 12:56:21.309
T7,AIN51,LoadCell,-0.1388055682182312,sensor_data,2025-12-10 12:56:21.309
T7,AIN0,LoadCell,-0.11830493062734604,sensor_data,2025-12-10 12:56:21.309
T7,AIN51,LoadCell,-0.1388055682182312,sensor_data,2025-12-10 12:56:21.309
T7,AIN0,LoadCell,-0.11798954010009766,sensor_data,2025-12-10 12:56:21.309
T7,AIN51,LoadCell,-0.13849017024040222,sensor_data,2025-12-10 12:56:21.309
T7,AIN0,LoadCell,-0.1173587515950203,sensor_data,2025-12-10 12:56:21.309
T7,AIN51,LoadCell,-0.13849017024040222,sensor_data,2025-12-10 12:56:21.309
T7,AIN0,LoadCell,-0.11609716713428497,sensor_data,2025-12-10 12:56:21.309
T7,AIN51,LoadCell,-0.13691319525241852,sensor_data,2025-12-10 12:56:21.309
T7,AIN0,LoadCell,-0.11767414212226868,sensor_data,2025-12-10 12:56:21.309
T7,AIN51,LoadCell,-0.1388055682182312,sensor_data,2025-12-10 12:56:21.309
T7,AIN0,LoadCell,-0.12366663664579391,sensor_data,2025-12-10 12:56:21.309
T7,AIN51,LoadCell,-0.14416727423667908,sensor_data,2025-12-10 12:56:21.309
T7,AIN0,LoadCell,-0.12808215618133545,sensor_data,2025-12-10 12:56:21.309
T7,AIN51,LoadCell,-0.14763660728931427,sensor_data,2025-12-10 12:56:21.309
T7,AIN0,LoadCell,-0.12965913116931915,sensor_data,2025-12-10 12:56:21.309
T7,AIN51,LoadCell,-0.14921358227729797,sensor_data,2025-12-10 12:56:21.309
T7,AIN0,LoadCell,-0.12965913116931915,sensor_data,2025-12-10 12:56:21.309
T7,AIN51,LoadCell,-0.148898184299469,sensor_data,2025-12-10 12:56:21.309
T7,AIN0,LoadCell,-0.12745137512683868,sensor_data,2025-12-10 12:56:21.309
T7,AIN51,LoadCell,-0.1473212093114853,sensor_data,2025-12-10 12:56:21.309
T7,AIN0,LoadCell,-0.12618979811668396,sensor_data,2025-12-10 12:56:21.309
T7,AIN51,LoadCell,-0.14574424922466278,sensor_data,2025-12-10 12:56:21.309
T7,AIN0,LoadCell,-0.12429742515087128,sensor_data,2025-12-10 12:56:21.309
T7,AIN51,LoadCell,-0.1438518762588501,sensor_data,2025-12-10 12:56:21.309
T7,AIN0,LoadCell,-0.12240505963563919,sensor_data,2025-12-10 12:56:21.309
T7,AIN51,LoadCell,-0.14259029924869537,sensor_data,2025-12-10 12:56:21.309
T7,AIN0,LoadCell,-0.12208966165781021,sensor_data,2025-12-10 12:56:21.309
T7,AIN51,LoadCell,-0.1422749012708664,sensor_data,2025-12-10 12:56:21.309
T7,AIN0,LoadCell,-0.12177427113056183,sensor_data,2025-12-10 12:56:21.309
T7,AIN51,LoadCell,-0.14132872223854065,sensor_data,2025-12-10 12:56:21.309
T7,AIN0,LoadCell,-0.12114348262548447,sensor_data,2025-12-10 12:56:21.309
T7,AIN51,LoadCell,-0.14132872223854065,sensor_data,2025-12-10 12:56:21.309
T7,AIN0,LoadCell,-0.11988190561532974,sensor_data,2025-12-10 12:56:21.309
T7,AIN51,LoadCell,-0.14069794118404388,sensor_data,2025-12-10 12:56:21.309
T7,AIN0,LoadCell,-0.1205126941204071,sensor_data,2025-12-10 12:56:21.309
T7,AIN51,LoadCell,-0.14006714522838593,sensor_data,2025-12-10 12:56:21.309
T7,AIN0,LoadCell,-0.11988190561532974,sensor_data,2025-12-10 12:56:21.309
T7,AIN51,LoadCell,-0.14006714522838593,sensor_data,2025-12-10 12:56:21.309
T7,AIN0,LoadCell,-0.11925111711025238,sensor_data,2025-12-10 12:56:21.309
T7,AIN51,LoadCell,-0.14006714522838593,sensor_data,2025-12-10 12:56:21.309
T7,AIN0,LoadCell,-0.11988190561532974,sensor_data,2025-12-10 12:56:21.309
T7,AIN51,LoadCell,-0.13975174725055695,sensor_data,2025-12-10 12:56:21.309
T7,AIN0,LoadCell,-0.11925111711025238,sensor_data,2025-12-10 12:56:21.309
T7,AIN51,LoadCell,-0.1388055682182312,sensor_data,2025-12-10 12:56:21.309
T7,AIN0,LoadCell,-0.11578177660703659,sensor_data,2025-12-10 12:56:21.309
T7,AIN51,LoadCell,-0.13628241419792175,sensor_data,2025-12-10 12:56:21.309
T7,AIN0,LoadCell,-0.11452019959688187,sensor_data,2025-12-10 12:56:21.309
T7,AIN51,LoadCell,-0.13628241419792175,sensor_data,2025-12-10 12:56:21.309
T7,AIN0,LoadCell,-0.11704335361719131,sensor_data,2025-12-10 12:56:21.309
T7,AIN51,LoadCell,-0.1372285932302475,sensor_data,2025-12-10 12:56:21.309
T7,AIN0,LoadCell,-0.11767414212226868,sensor_data,2025-12-10 12:56:21.309
T7,AIN51,LoadCell,-0.13817477226257324,sensor_data,2025-12-10 12:56:21.309
T7,AIN0,LoadCell,-0.11862032860517502,sensor_data,2025-12-10 12:56:21.309
T7,AIN51,LoadCell,-0.1388055682182312,sensor_data,2025-12-10 12:56:21.309
T7,AIN0,LoadCell,-0.11862032860517502,sensor_data,2025-12-10 12:56:21.309
T7,AIN51,LoadCell,-0.13912096619606018,sensor_data,2025-12-10 12:56:21.309
T7,AIN0,LoadCell,-0.11767414212226868,sensor_data,2025-12-10 12:56:21.309
T7,AIN51,LoadCell,-0.13817477226257324,sensor_data,2025-12-10 12:56:21.309
T7,AIN0,LoadCell,-0.1173587515950203,sensor_data,2025-12-10 12:56:21.309
T7,AIN51,LoadCell,-0.13754399120807648,sensor_data,2025-12-10 12:56:21.309
T7,AIN0,LoadCell,-0.11767414212226868,sensor_data,2025-12-10 12:56:21.309
T7,AIN51,LoadCell,-0.13817477226257324,sensor_data,2025-12-10 12:56:21.309
T7,AIN0,LoadCell,-0.11704335361719131,sensor_data,2025-12-10 12:56:21.309
T7,AIN51,LoadCell,-0.13785938918590546,sensor_data,2025-12-10 12:56:21.309
T7,AIN0,LoadCell,-0.11641256511211395,sensor_data,2025-12-10 12:56:21.309
T7,AIN51,LoadCell,-0.1372285932302475,sensor_data,2025-12-10 12:56:21.309
T7,AIN0,LoadCell,-0.11672796308994293,sensor_data,2025-12-10 12:56:21.309
T7,AIN51,LoadCell,-0.13754399120807648,sensor_data,2025-12-10 12:56:21.309
T7,AIN0,LoadCell,-0.11704335361719131,sensor_data,2025-12-10 12:56:21.309
T7,AIN51,LoadCell,-0.13817477226257324,sensor_data,2025-12-10 12:56:21.309
T7,AIN0,LoadCell,-0.1173587515950203,sensor_data,2025-12-10 12:56:21.309
T7,AIN51,LoadCell,-0.13849017024040222,sensor_data,2025-12-10 12:56:21.309
T7,AIN0,LoadCell,-0.11798954010009766,sensor_data,2025-12-10 12:56:21.309
T7,AIN51,LoadCell,-0.13817477226257324,sensor_data,2025-12-10 12:56:21.309
T7,AIN0,LoadCell,-0.11830493062734604,sensor_data,2025-12-10 12:56:21.309
T7,AIN51,LoadCell,-0.13817477226257324,sensor_data,2025-12-10 12:56:21.309
T7,AIN0,LoadCell,-0.11862032860517502,sensor_data,2025-12-10 12:56:21.309
T7,AIN51,LoadCell,-0.1388055682182312,sensor_data,2025-12-10 12:56:21.309
T7,AIN0,LoadCell,-0.1173587515950203,sensor_data,2025-12-10 12:56:21.309
T7,AIN51,LoadCell,-0.13785938918590546,sensor_data,2025-12-10 12:56:21.309
T7,AIN0,LoadCell,-0.11357401311397552,sensor_data,2025-12-10 12:56:21.309
T7,AIN51,LoadCell,-0.13502083718776703,sensor_data,2025-12-10 12:56:21.309
T7,AIN0,LoadCell,-0.11357401311397552,sensor_data,2025-12-10 12:56:21.309
T7,AIN51,LoadCell,-0.13439004123210907,sensor_data,2025-12-10 12:56:21.309
T7,AIN0,LoadCell,-0.11578177660703659,sensor_data,2025-12-10 12:56:21.309
T7,AIN51,LoadCell,-0.1356516182422638,sensor_data,2025-12-10 12:56:21.309
T7,AIN0,LoadCell,-0.1173587515950203,sensor_data,2025-12-10 12:56:21.309
T7,AIN51,LoadCell,-0.1372285932302475,sensor_data,2025-12-10 12:56:21.309
T7,AIN0,LoadCell,-0.11767414212226868,sensor_data,2025-12-10 12:56:21.309
T7,AIN51,LoadCell,-0.13785938918590546,sensor_data,2025-12-10 12:56:21.309
T7,AIN0,LoadCell,-0.11767414212226868,sensor_data,2025-12-10 12:56:21.309
T7,AIN51,LoadCell,-0.1388055682182312,sensor_data,2025-12-10 12:56:21.309
T7,AIN0,LoadCell,-0.1173587515950203,sensor_data,2025-12-10 12:56:21.309
T7,AIN51,LoadCell,-0.13817477226257324,sensor_data,2025-12-10 12:56:21.309
T7,AIN0,LoadCell,-0.11862032860517502,sensor_data,2025-12-10 12:56:21.309
T7,AIN51,LoadCell,-0.1388055682182312,sensor_data,2025-12-10 12:56:21.309
T7,AIN0,LoadCell,-0.1189357191324234,sensor_data,2025-12-10 12:56:21.309
T7,AIN51,LoadCell,-0.13912096619606018,sensor_data,2025-12-10 12:56:21.309
T7,AIN0,LoadCell,-0.1189357191324234,sensor_data,2025-12-10 12:56:21.309
T7,AIN51,LoadCell,-0.13912096619606018,sensor_data,2025-12-10 12:56:21.309
T7,AIN0,LoadCell,-0.11862032860517502,sensor_data,2025-12-10 12:56:21.309
T7,AIN51,LoadCell,-0.13912096619606018,sensor_data,2025-12-10 12:56:21.309
T7,AIN0,LoadCell,-0.11925111711025238,sensor_data,2025-12-10 12:56:21.309
T7,AIN51,LoadCell,-0.13943634927272797,sensor_data,2025-12-10 12:56:21.309
T7,AIN0,LoadCell,-0.11925111711025238,sensor_data,2025-12-10 12:56:21.309
T7,AIN51,LoadCell,-0.13975174725055695,sensor_data,2025-12-10 12:56:21.309
T7,AIN0,LoadCell,-0.11925111711025238,sensor_data,2025-12-10 12:56:21.309
T7,AIN51,LoadCell,-0.13975174725055695,sensor_data,2025-12-10 12:56:21.309
T7,AIN0,LoadCell,-0.11515098810195923,sensor_data,2025-12-10 12:56:21.309
T7,AIN51,LoadCell,-0.13628241419792175,sensor_data,2025-12-10 12:56:21.309
T7,AIN0,LoadCell,-0.11105085909366608,sensor_data,2025-12-10 12:56:21.309
T7,AIN51,LoadCell,-0.13249768316745758,sensor_data,2025-12-10 12:56:21.309
T7,AIN0,LoadCell,-0.10821230709552765,sensor_data,2025-12-10 12:56:21.309
T7,AIN51,LoadCell,-0.1306053102016449,sensor_data,2025-12-10 12:56:21.309
T7,AIN0,LoadCell,-0.1056891530752182,sensor_data,2025-12-10 12:56:21.309
T7,AIN51,LoadCell,-0.12745137512683868,sensor_data,2025-12-10 12:56:21.309
T7,AIN0,LoadCell,-0.10348139703273773,sensor_data,2025-12-10 12:56:21.309
T7,AIN51,LoadCell,-0.12587440013885498,sensor_data,2025-12-10 12:56:21.309
T7,AIN0,LoadCell,-0.1056891530752182,sensor_data,2025-12-10 12:56:21.309
T7,AIN51,LoadCell,-0.1271359771490097,sensor_data,2025-12-10 12:56:21.309
T7,AIN0,LoadCell,-0.10947389155626297,sensor_data,2025-12-10 12:56:21.309
T7,AIN51,LoadCell,-0.13092070817947388,sensor_data,2025-12-10 12:56:21.309
T7,AIN0,LoadCell,-0.1123124361038208,sensor_data,2025-12-10 12:56:21.309
T7,AIN51,LoadCell,-0.13344386219978333,sensor_data,2025-12-10 12:56:21.309
T7,AIN0,LoadCell,-0.11357401311397552,sensor_data,2025-12-10 12:56:21.309
T7,AIN51,LoadCell,-0.13470543920993805,sensor_data,2025-12-10 12:56:21.309
T7,AIN0,LoadCell,-0.11452019959688187,sensor_data,2025-12-10 12:56:21.309
T7,AIN51,LoadCell,-0.13502083718776703,sensor_data,2025-12-10 12:56:21.309
T7,AIN0,LoadCell,-0.11546637862920761,sensor_data,2025-12-10 12:56:21.309
T7,AIN51,LoadCell,-0.13628241419792175,sensor_data,2025-12-10 12:56:21.309
T7,AIN0,LoadCell,-0.11641256511211395,sensor_data,2025-12-10 12:56:21.309
T7,AIN51,LoadCell,-0.13691319525241852,sensor_data,2025-12-10 12:56:21.309
T7,AIN0,LoadCell,-0.11641256511211395,sensor_data,2025-12-10 12:56:21.309
T7,AIN51,LoadCell,-0.13754399120807648,sensor_data,2025-12-10 12:56:21.309
T7,AIN0,LoadCell,-0.11767414212226868,sensor_data,2025-12-10 12:56:21.309
T7,AIN51,LoadCell,-0.13817477226257324,sensor_data,2025-12-10 12:56:21.309
T7,AIN0,LoadCell,-0.1173587515950203,sensor_data,2025-12-10 12:56:21.309
T7,AIN51,LoadCell,-0.13785938918590546,sensor_data,2025-12-10 12:56:21.309
T7,AIN0,LoadCell,-0.11767414212226868,sensor_data,2025-12-10 12:56:21.309
T7,AIN51,LoadCell,-0.13849017024040222,sensor_data,2025-12-10 12:56:21.309
T7,AIN0,LoadCell,-0.11925111711025238,sensor_data,2025-12-10 12:56:21.309
T7,AIN51,LoadCell,-0.13943634927272797,sensor_data,2025-12-10 12:56:21.309
T7,AIN0,LoadCell,-0.1189357191324234,sensor_data,2025-12-10 12:56:21.309
T7,AIN51,LoadCell,-0.13975174725055695,sensor_data,2025-12-10 12:56:21.309
T7,AIN0,LoadCell,-0.11988190561532974,sensor_data,2025-12-10 12:56:21.309
T7,AIN51,LoadCell,-0.1403825432062149,sensor_data,2025-12-10 12:56:21.309
T7,AIN0,LoadCell,-0.1189357191324234,sensor_data,2025-12-10 12:56:21.309
T7,AIN51,LoadCell,-0.13975174725055695,sensor_data,2025-12-10 12:56:21.309
T7,AIN0,LoadCell,-0.11767414212226868,sensor_data,2025-12-10 12:56:21.309
T7,AIN51,LoadCell,-0.13849017024040222,sensor_data,2025-12-10 12:56:21.309
T7,AIN0,LoadCell,-0.11672796308994293,sensor_data,2025-12-10 12:56:21.309
T7,AIN51,LoadCell,-0.13754399120807648,sensor_data,2025-12-10 12:56:21.309
T7,AIN0,LoadCell,-0.11420480161905289,sensor_data,2025-12-10 12:56:21.309
T7,AIN51,LoadCell,-0.13502083718776703,sensor_data,2025-12-10 12:56:21.309
T7,AIN0,LoadCell,-0.11483559012413025,sensor_data,2025-12-10 12:56:21.309
T7,AIN51,LoadCell,-0.1356516182422638,sensor_data,2025-12-10 12:56:21.309
T7,AIN0,LoadCell,-0.11641256511211395,sensor_data,2025-12-10 12:56:21.309
T7,AIN51,LoadCell,-0.13754399120807648,sensor_data,2025-12-10 12:56:21.309
T7,AIN0,LoadCell,-0.1173587515950203,sensor_data,2025-12-10 12:56:21.309
T7,AIN51,LoadCell,-0.13754399120807648,sensor_data,2025-12-10 12:56:21.309
T7,AIN0,LoadCell,-0.11830493062734604,sensor_data,2025-12-10 12:56:21.309
T7,AIN51,LoadCell,-0.13849017024040222,sensor_data,2025-12-10 12:56:21.309
T7,AIN0,LoadCell,-0.11925111711025238,sensor_data,2025-12-10 12:56:21.309
T7,AIN51,LoadCell,-0.13943634927272797,sensor_data,2025-12-10 12:56:21.309
T7,AIN0,LoadCell,-0.1189357191324234,sensor_data,2025-12-10 12:56:21.309
T7,AIN51,LoadCell,-0.13943634927272797,sensor_data,2025-12-10 12:56:21.309
T7,AIN0,LoadCell,-0.11925111711025238,sensor_data,2025-12-10 12:56:21.309
T7,AIN51,LoadCell,-0.13943634927272797,sensor_data,2025-12-10 12:56:21.309
T7,AIN0,LoadCell,-0.11862032860517502,sensor_data,2025-12-10 12:56:21.309
T7,AIN51,LoadCell,-0.13943634927272797,sensor_data,2025-12-10 12:56:21.309
T7,AIN0,LoadCell,-0.11925111711025238,sensor_data,2025-12-10 12:56:21.309
T7,AIN51,LoadCell,-0.13943634927272797,sensor_data,2025-12-10 12:56:21.309
T7,AIN0,LoadCell,-0.1189357191324234,sensor_data,2025-12-10 12:56:21.309
T7,AIN51,LoadCell,-0.13943634927272797,sensor_data,2025-12-10 12:56:21.309
T7,AIN0,LoadCell,-0.11925111711025238,sensor_data,2025-12-10 12:56:21.309
T7,AIN51,LoadCell,-0.13975174725055695,sensor_data,2025-12-10 12:56:21.309
T7,AIN0,LoadCell,-0.11956650763750076,sensor_data,2025-12-10 12:56:21.309
T7,AIN51,LoadCell,-0.14006714522838593,sensor_data,2025-12-10 12:56:21.309
T7,AIN0,LoadCell,-0.11862032860517502,sensor_data,2025-12-10 12:56:21.309
T7,AIN51,LoadCell,-0.13943634927272797,sensor_data,2025-12-10 12:56:21.309
T7,AIN0,LoadCell,-0.11830493062734604,sensor_data,2025-12-10 12:56:21.309
T7,AIN51,LoadCell,-0.13817477226257324,sensor_data,2025-12-10 12:56:21.309
T7,AIN0,LoadCell,-0.11767414212226868,sensor_data,2025-12-10 12:56:21.309
T7,AIN51,LoadCell,-0.13817477226257324,sensor_data,2025-12-10 12:56:21.309
T7,AIN0,LoadCell,-0.11767414212226868,sensor_data,2025-12-10 12:56:21.309
T7,AIN51,LoadCell,-0.13817477226257324,sensor_data,2025-12-10 12:56:21.309
T7,AIN0,LoadCell,-0.11609716713428497,sensor_data,2025-12-10 12:56:21.309
T7,AIN51,LoadCell,-0.13691319525241852,sensor_data,2025-12-10 12:56:21.309
T7,AIN0,LoadCell,-0.11262783408164978,sensor_data,2025-12-10 12:56:21.309
T7,AIN51,LoadCell,-0.13439004123210907,sensor_data,2025-12-10 12:56:21.309
T7,AIN0,LoadCell,-0.11357401311397552,sensor_data,2025-12-10 12:56:21.309
T7,AIN51,LoadCell,-0.13439004123210907,sensor_data,2025-12-10 12:56:21.309
T7,AIN0,LoadCell,-0.11578177660703659,sensor_data,2025-12-10 12:56:21.309
T7,AIN51,LoadCell,-0.13691319525241852,sensor_data,2025-12-10 12:56:21.309
T7,AIN0,LoadCell,-0.11830493062734604,sensor_data,2025-12-10 12:56:21.309
T7,AIN51,LoadCell,-0.1388055682182312,sensor_data,2025-12-10 12:56:21.309
T7,AIN0,LoadCell,-0.11925111711025238,sensor_data,2025-12-10 12:56:21.309
T7,AIN51,LoadCell,-0.13975174725055695,sensor_data,2025-12-10 12:56:21.309
T7,AIN0,LoadCell,-0.11925111711025238,sensor_data,2025-12-10 12:56:21.309
T7,AIN51,LoadCell,-0.14006714522838593,sensor_data,2025-12-10 12:56:21.309
T7,AIN0,LoadCell,-0.11925111711025238,sensor_data,2025-12-10 12:56:21.309
T7,AIN51,LoadCell,-0.14006714522838593,sensor_data,2025-12-10 12:56:21.309
T7,AIN0,LoadCell,-0.11925111711025238,sensor_data,2025-12-10 12:56:21.309
T7,AIN51,LoadCell,-0.13975174725055695,sensor_data,2025-12-10 12:56:21.309
T7,AIN0,LoadCell,-0.11862032860517502,sensor_data,2025-12-10 12:56:21.309
T7,AIN51,LoadCell,-0.13943634927272797,sensor_data,2025-12-10 12:56:21.309
T7,AIN0,LoadCell,-0.11862032860517502,sensor_data,2025-12-10 12:56:21.309
T7,AIN51,LoadCell,-0.13943634927272797,sensor_data,2025-12-10 12:56:21.309
T7,AIN0,LoadCell,-0.12272045016288757,sensor_data,2025-12-10 12:56:21.309
T7,AIN51,LoadCell,-0.14259029924869537,sensor_data,2025-12-10 12:56:21.309
T7,AIN0,LoadCell,-0.12650518119335175,sensor_data,2025-12-10 12:56:21.309
T7,AIN51,LoadCell,-0.14669042825698853,sensor_data,2025-12-10 12:56:21.309
T7,AIN0,LoadCell,-0.12934373319149017,sensor_data,2025-12-10 12:56:21.309
T7,AIN51,LoadCell,-0.148898184299469,sensor_data,2025-12-10 12:56:21.309
T7,AIN0,LoadCell,-0.12934373319149017,sensor_data,2025-12-10 12:56:21.309
T7,AIN51,LoadCell,-0.148898184299469,sensor_data,2025-12-10 12:56:21.309
T7,AIN0,LoadCell,-0.1287129521369934,sensor_data,2025-12-10 12:56:21.309
T7,AIN51,LoadCell,-0.14858278632164001,sensor_data,2025-12-10 12:56:21.309
T7,AIN0,LoadCell,-0.1271359771490097,sensor_data,2025-12-10 12:56:21.309
T7,AIN51,LoadCell,-0.14669042825698853,sensor_data,2025-12-10 12:56:21.309
T7,AIN0,LoadCell,-0.12618979811668396,sensor_data,2025-12-10 12:56:21.309
T7,AIN51,LoadCell,-0.1454288512468338,sensor_data,2025-12-10 12:56:21.309
T7,AIN0,LoadCell,-0.12272045016288757,sensor_data,2025-12-10 12:56:21.309
T7,AIN51,LoadCell,-0.1422749012708664,sensor_data,2025-12-10 12:56:21.309
T7,AIN0,LoadCell,-0.11767414212226868,sensor_data,2025-12-10 12:56:21.309
T7,AIN51,LoadCell,-0.13849017024040222,sensor_data,2025-12-10 12:56:21.309
T7,AIN0,LoadCell,-0.11672796308994293,sensor_data,2025-12-10 12:56:21.309
T7,AIN51,LoadCell,-0.13785938918590546,sensor_data,2025-12-10 12:56:21.309
T7,AIN0,LoadCell,-0.11925111711025238,sensor_data,2025-12-10 12:56:21.309
T7,AIN51,LoadCell,-0.13943634927272797,sensor_data,2025-12-10 12:56:21.309
T7,AIN0,LoadCell,-0.1205126941204071,sensor_data,2025-12-10 12:56:21.309
T7,AIN51,LoadCell,-0.14069794118404388,sensor_data,2025-12-10 12:56:21.309
T7,AIN0,LoadCell,-0.12019729614257812,sensor_data,2025-12-10 12:56:21.309
T7,AIN51,LoadCell,-0.14006714522838593,sensor_data,2025-12-10 12:56:21.309
T7,AIN0,LoadCell,-0.11956650763750076,sensor_data,2025-12-10 12:56:21.309
T7,AIN51,LoadCell,-0.13943634927272797,sensor_data,2025-12-10 12:56:21.309
T7,AIN0,LoadCell,-0.1189357191324234,sensor_data,2025-12-10 12:56:21.309
T7,AIN51,LoadCell,-0.13943634927272797,sensor_data,2025-12-10 12:56:21.309
T7,AIN0,LoadCell,-0.11925111711025238,sensor_data,2025-12-10 12:56:21.309
T7,AIN51,LoadCell,-0.14006714522838593,sensor_data,2025-12-10 12:56:21.309
T7,AIN0,LoadCell,-0.11988190561532974,sensor_data,2025-12-10 12:56:21.309
T7,AIN51,LoadCell,-0.14006714522838593,sensor_data,2025-12-10 12:56:21.309
T7,AIN0,LoadCell,-0.11956650763750076,sensor_data,2025-12-10 12:56:21.309
T7,AIN51,LoadCell,-0.13943634927272797,sensor_data,2025-12-10 12:56:21.309
T7,AIN0,LoadCell,-0.11925111711025238,sensor_data,2025-12-10 12:56:21.309
T7,AIN51,LoadCell,-0.13975174725055695,sensor_data,2025-12-10 12:56:21.309
T7,AIN0,LoadCell,-0.11830493062734604,sensor_data,2025-12-10 12:56:21.309
T7,AIN51,LoadCell,-0.1388055682182312,sensor_data,2025-12-10 12:56:21.309
T7,AIN0,LoadCell,-0.11767414212226868,sensor_data,2025-12-10 12:56:21.309
T7,AIN51,LoadCell,-0.13785938918590546,sensor_data,2025-12-10 12:56:21.309
T7,AIN0,LoadCell,-0.11798954010009766,sensor_data,2025-12-10 12:56:21.309
T7,AIN51,LoadCell,-0.13817477226257324,sensor_data,2025-12-10 12:56:21.309
T7,AIN0,LoadCell,-0.11704335361719131,sensor_data,2025-12-10 12:56:21.309
T7,AIN51,LoadCell,-0.13754399120807648,sensor_data,2025-12-10 12:56:21.309
T7,AIN0,LoadCell,-0.11641256511211395,sensor_data,2025-12-10 12:56:21.309
T7,AIN51,LoadCell,-0.13754399120807648,sensor_data,2025-12-10 12:56:21.309
T7,AIN0,LoadCell,-0.11609716713428497,sensor_data,2025-12-10 12:56:21.309
T7,AIN51,LoadCell,-0.13691319525241852,sensor_data,2025-12-10 12:56:21.309
T7,AIN0,LoadCell,-0.11452019959688187,sensor_data,2025-12-10 12:56:21.309
T7,AIN51,LoadCell,-0.135336235165596,sensor_data,2025-12-10 12:56:21.309
T7,AIN0,LoadCell,-0.11136625707149506,sensor_data,2025-12-10 12:56:21.309
T7,AIN51,LoadCell,-0.13249768316745758,sensor_data,2025-12-10 12:56:21.309
T7,AIN0,LoadCell,-0.11199704557657242,sensor_data,2025-12-10 12:56:21.309
T7,AIN51,LoadCell,-0.13312846422195435,sensor_data,2025-12-10 12:56:21.309
T7,AIN0,LoadCell,-0.11515098810195923,sensor_data,2025-12-10 12:56:21.309
T7,AIN51,LoadCell,-0.1356516182422638,sensor_data,2025-12-10 12:56:21.309
T7,AIN0,LoadCell,-0.11704335361719131,sensor_data,2025-12-10 12:56:21.309
T7,AIN51,LoadCell,-0.13754399120807648,sensor_data,2025-12-10 12:56:21.309
T7,AIN0,LoadCell,-0.11798954010009766,sensor_data,2025-12-10 12:56:21.309
T7,AIN51,LoadCell,-0.1388055682182312,sensor_data,2025-12-10 12:56:21.309
T7,AIN0,LoadCell,-0.11767414212226868,sensor_data,2025-12-10 12:56:21.309
T7,AIN51,LoadCell,-0.13849017024040222,sensor_data,2025-12-10 12:56:21.309
T7,AIN0,LoadCell,-0.11798954010009766,sensor_data,2025-12-10 12:56:21.309
T7,AIN51,LoadCell,-0.13849017024040222,sensor_data,2025-12-10 12:56:21.309
T7,AIN0,LoadCell,-0.1173587515950203,sensor_data,2025-12-10 12:56:21.309
T7,AIN51,LoadCell,-0.13849017024040222,sensor_data,2025-12-10 12:56:21.309
T7,AIN0,LoadCell,-0.11798954010009766,sensor_data,2025-12-10 12:56:21.309
T7,AIN51,LoadCell,-0.13817477226257324,sensor_data,2025-12-10 12:56:21.309
T7,AIN0,LoadCell,-0.11767414212226868,sensor_data,2025-12-10 12:56:21.309
T7,AIN51,LoadCell,-0.13849017024040222,sensor_data,2025-12-10 12:56:21.309
T7,AIN0,LoadCell,-0.11830493062734604,sensor_data,2025-12-10 12:56:21.309
T7,AIN51,LoadCell,-0.13817477226257324,sensor_data,2025-12-10 12:56:21.309
T7,AIN0,LoadCell,-0.1173587515950203,sensor_data,2025-12-10 12:56:21.309
T7,AIN51,LoadCell,-0.13785938918590546,sensor_data,2025-12-10 12:56:21.309
T7,AIN0,LoadCell,-0.11767414212226868,sensor_data,2025-12-10 12:56:21.309
T7,AIN51,LoadCell,-0.13785938918590546,sensor_data,2025-12-10 12:56:21.309
T7,AIN0,LoadCell,-0.11830493062734604,sensor_data,2025-12-10 12:56:21.309
T7,AIN51,LoadCell,-0.13849017024040222,sensor_data,2025-12-10 12:56:21.309
T7,AIN0,LoadCell,-0.11862032860517502,sensor_data,2025-12-10 12:56:21.309
T7,AIN51,LoadCell,-0.1388055682182312,sensor_data,2025-12-10 12:56:21.309
T7,AIN0,LoadCell,-0.1173587515950203,sensor_data,2025-12-10 12:56:21.309
T7,AIN51,LoadCell,-0.13817477226257324,sensor_data,2025-12-10 12:56:21.309
T7,AIN0,LoadCell,-0.11704335361719131,sensor_data,2025-12-10 12:56:21.309
T7,AIN51,LoadCell,-0.13754399120807648,sensor_data,2025-12-10 12:56:21.309
T7,AIN0,LoadCell,-0.11546637862920761,sensor_data,2025-12-10 12:56:21.309
T7,AIN51,LoadCell,-0.13596701622009277,sensor_data,2025-12-10 12:56:21.309
T7,AIN0,LoadCell,-0.11294322460889816,sensor_data,2025-12-10 12:56:21.309
T7,AIN51,LoadCell,-0.13407465815544128,sensor_data,2025-12-10 12:56:21.309
T7,AIN0,LoadCell,-0.1123124361038208,sensor_data,2025-12-10 12:56:21.309
T7,AIN51,LoadCell,-0.13439004123210907,sensor_data,2025-12-10 12:56:21.309
T7,AIN0,LoadCell,-0.11546637862920761,sensor_data,2025-12-10 12:56:21.309
T7,AIN51,LoadCell,-0.13596701622009277,sensor_data,2025-12-10 12:56:21.309
T7,AIN0,LoadCell,-0.11767414212226868,sensor_data,2025-12-10 12:56:21.309
T7,AIN51,LoadCell,-0.13849017024040222,sensor_data,2025-12-10 12:56:21.309
T7,AIN0,LoadCell,-0.11798954010009766,sensor_data,2025-12-10 12:56:21.309
T7,AIN51,LoadCell,-0.13817477226257324,sensor_data,2025-12-10 12:56:21.309
T7,AIN0,LoadCell,-0.11830493062734604,sensor_data,2025-12-10 12:56:21.309
T7,AIN51,LoadCell,-0.13817477226257324,sensor_data,2025-12-10 12:56:21.309
T7,AIN0,LoadCell,-0.11420480161905289,sensor_data,2025-12-10 12:56:21.309
T7,AIN51,LoadCell,-0.13470543920993805,sensor_data,2025-12-10 12:56:21.309
T7,AIN0,LoadCell,-0.10978928208351135,sensor_data,2025-12-10 12:56:21.309
T7,AIN51,LoadCell,-0.13123610615730286,sensor_data,2025-12-10 12:56:21.309
T7,AIN0,LoadCell,-0.10789691656827927,sensor_data,2025-12-10 12:56:21.309
T7,AIN51,LoadCell,-0.12965913116931915,sensor_data,2025-12-10 12:56:21.309
T7,AIN0,LoadCell,-0.10758151859045029,sensor_data,2025-12-10 12:56:21.309
T7,AIN51,LoadCell,-0.12934373319149017,sensor_data,2025-12-10 12:56:21.309
T7,AIN0,LoadCell,-0.10884310305118561,sensor_data,2025-12-10 12:56:21.309
T7,AIN51,LoadCell,-0.13028991222381592,sensor_data,2025-12-10 12:56:21.309
T7,AIN0,LoadCell,-0.10947389155626297,sensor_data,2025-12-10 12:56:21.309
T7,AIN51,LoadCell,-0.1306053102016449,sensor_data,2025-12-10 12:56:21.309
T7,AIN0,LoadCell,-0.11042007058858871,sensor_data,2025-12-10 12:56:21.309
T7,AIN51,LoadCell,-0.13155148923397064,sensor_data,2025-12-10 12:56:21.309
T7,AIN0,LoadCell,-0.11168164759874344,sensor_data,2025-12-10 12:56:21.309
T7,AIN51,LoadCell,-0.13281308114528656,sensor_data,2025-12-10 12:56:21.309
T7,AIN0,LoadCell,-0.11262783408164978,sensor_data,2025-12-10 12:56:21.309
T7,AIN51,LoadCell,-0.1337592601776123,sensor_data,2025-12-10 12:56:21.309
T7,AIN0,LoadCell,-0.11294322460889816,sensor_data,2025-12-10 12:56:21.309
T7,AIN51,LoadCell,-0.13439004123210907,sensor_data,2025-12-10 12:56:21.309
T7,AIN0,LoadCell,-0.11420480161905289,sensor_data,2025-12-10 12:56:21.309
T7,AIN51,LoadCell,-0.13502083718776703,sensor_data,2025-12-10 12:56:21.309
T7,AIN0,LoadCell,-0.11357401311397552,sensor_data,2025-12-10 12:56:21.309
T7,AIN51,LoadCell,-0.13439004123210907,sensor_data,2025-12-10 12:56:21.309
T7,AIN0,LoadCell,-0.11105085909366608,sensor_data,2025-12-10 12:56:21.309
T7,AIN51,LoadCell,-0.1321822851896286,sensor_data,2025-12-10 12:56:21.309
T7,AIN0,LoadCell,-0.11168164759874344,sensor_data,2025-12-10 12:56:21.309
T7,AIN51,LoadCell,-0.13344386219978333,sensor_data,2025-12-10 12:56:21.309
T7,AIN0,LoadCell,-0.11483559012413025,sensor_data,2025-12-10 12:56:21.309
T7,AIN51,LoadCell,-0.13502083718776703,sensor_data,2025-12-10 12:56:21.309
T7,AIN0,LoadCell,-0.11609716713428497,sensor_data,2025-12-10 12:56:21.309
T7,AIN51,LoadCell,-0.13659781217575073,sensor_data,2025-12-10 12:56:21.309
T7,AIN0,LoadCell,-0.11798954010009766,sensor_data,2025-12-10 12:56:21.309
T7,AIN51,LoadCell,-0.13785938918590546,sensor_data,2025-12-10 12:56:21.309
T7,AIN0,LoadCell,-0.11862032860517502,sensor_data,2025-12-10 12:56:21.309
T7,AIN51,LoadCell,-0.13849017024040222,sensor_data,2025-12-10 12:56:21.309
T7,AIN0,LoadCell,-0.1189357191324234,sensor_data,2025-12-10 12:56:21.309
T7,AIN51,LoadCell,-0.1388055682182312,sensor_data,2025-12-10 12:56:21.309
T7,AIN0,LoadCell,-0.11862032860517502,sensor_data,2025-12-10 12:56:21.309
T7,AIN51,LoadCell,-0.1388055682182312,sensor_data,2025-12-10 12:56:21.309
T7,AIN0,LoadCell,-0.11830493062734604,sensor_data,2025-12-10 12:56:21.309
T7,AIN51,LoadCell,-0.13912096619606018,sensor_data,2025-12-10 12:56:21.309
T7,AIN0,LoadCell,-0.11767414212226868,sensor_data,2025-12-10 12:56:21.309
T7,AIN51,LoadCell,-0.13849017024040222,sensor_data,2025-12-10 12:56:21.309
T7,AIN0,LoadCell,-0.1173587515950203,sensor_data,2025-12-10 12:56:21.309
T7,AIN51,LoadCell,-0.13817477226257324,sensor_data,2025-12-10 12:56:21.309
T7,AIN0,LoadCell,-0.11704335361719131,sensor_data,2025-12-10 12:56:21.309
T7,AIN51,LoadCell,-0.13817477226257324,sensor_data,2025-12-10 12:56:21.309
T7,AIN0,LoadCell,-0.11704335361719131,sensor_data,2025-12-10 12:56:21.309
T7,AIN51,LoadCell,-0.13754399120807648,sensor_data,2025-12-10 12:56:21.309
T7,AIN0,LoadCell,-0.11609716713428497,sensor_data,2025-12-10 12:56:21.309
T7,AIN51,LoadCell,-0.13659781217575073,sensor_data,2025-12-10 12:56:21.309
T7,AIN0,LoadCell,-0.11578177660703659,sensor_data,2025-12-10 12:56:21.309
T7,AIN51,LoadCell,-0.13691319525241852,sensor_data,2025-12-10 12:56:21.309
T7,AIN0,LoadCell,-0.11609716713428497,sensor_data,2025-12-10 12:56:21.309
T7,AIN51,LoadCell,-0.1372285932302475,sensor_data,2025-12-10 12:56:21.309
T7,AIN0,LoadCell,-0.11609716713428497,sensor_data,2025-12-10 12:56:21.309
T7,AIN51,LoadCell,-0.1372285932302475,sensor_data,2025-12-10 12:56:21.309
T7,AIN0,LoadCell,-0.11483559012413025,sensor_data,2025-12-10 12:56:21.309
T7,AIN51,LoadCell,-0.13596701622009277,sensor_data,2025-12-10 12:56:21.309
T7,AIN0,LoadCell,-0.11199704557657242,sensor_data,2025-12-10 12:56:21.309
T7,AIN51,LoadCell,-0.13312846422195435,sensor_data,2025-12-10 12:56:21.309
T7,AIN0,LoadCell,-0.11294322460889816,sensor_data,2025-12-10 12:56:21.309
T7,AIN51,LoadCell,-0.1337592601776123,sensor_data,2025-12-10 12:56:21.309
T7,AIN0,LoadCell,-0.11609716713428497,sensor_data,2025-12-10 12:56:21.309
T7,AIN51,LoadCell,-0.13628241419792175,sensor_data,2025-12-10 12:56:21.309
T7,AIN0,LoadCell,-0.11830493062734604,sensor_data,2025-12-10 12:56:21.309
T7,AIN51,LoadCell,-0.13849017024040222,sensor_data,2025-12-10 12:56:21.309
T7,AIN0,LoadCell,-0.11988190561532974,sensor_data,2025-12-10 12:56:21.309
T7,AIN51,LoadCell,-0.1403825432062149,sensor_data,2025-12-10 12:56:21.309
T7,AIN0,LoadCell,-0.12019729614257812,sensor_data,2025-12-10 12:56:21.309
T7,AIN51,LoadCell,-0.14006714522838593,sensor_data,2025-12-10 12:56:21.309
T7,AIN0,LoadCell,-0.1205126941204071,sensor_data,2025-12-10 12:56:21.309
T7,AIN51,LoadCell,-0.14101332426071167,sensor_data,2025-12-10 12:56:21.309
T7,AIN0,LoadCell,-0.1205126941204071,sensor_data,2025-12-10 12:56:21.309
T7,AIN51,LoadCell,-0.14069794118404388,sensor_data,2025-12-10 12:56:21.309
T7,AIN0,LoadCell,-0.12082808464765549,sensor_data,2025-12-10 12:56:21.309
T7,AIN51,LoadCell,-0.14069794118404388,sensor_data,2025-12-10 12:56:21.309
T7,AIN0,LoadCell,-0.11988190561532974,sensor_data,2025-12-10 12:56:21.309
T7,AIN51,LoadCell,-0.14069794118404388,sensor_data,2025-12-10 12:56:21.309
T7,AIN0,LoadCell,-0.11862032860517502,sensor_data,2025-12-10 12:56:21.309
T7,AIN51,LoadCell,-0.13943634927272797,sensor_data,2025-12-10 12:56:21.309
T7,AIN0,LoadCell,-0.11767414212226868,sensor_data,2025-12-10 12:56:21.309
T7,AIN51,LoadCell,-0.1388055682182312,sensor_data,2025-12-10 12:56:21.309
T7,AIN0,LoadCell,-0.11704335361719131,sensor_data,2025-12-10 12:56:21.309
T7,AIN51,LoadCell,-0.13785938918590546,sensor_data,2025-12-10 12:56:21.309
T7,AIN0,LoadCell,-0.11672796308994293,sensor_data,2025-12-10 12:56:21.309
T7,AIN51,LoadCell,-0.13691319525241852,sensor_data,2025-12-10 12:56:21.309
T7,AIN0,LoadCell,-0.1173587515950203,sensor_data,2025-12-10 12:56:21.309
T7,AIN51,LoadCell,-0.13817477226257324,sensor_data,2025-12-10 12:56:21.309
T7,AIN0,LoadCell,-0.11798954010009766,sensor_data,2025-12-10 12:56:21.309
T7,AIN51,LoadCell,-0.1388055682182312,sensor_data,2025-12-10 12:56:21.309
T7,AIN0,LoadCell,-0.11704335361719131,sensor_data,2025-12-10 12:56:21.309
T7,AIN51,LoadCell,-0.13754399120807648,sensor_data,2025-12-10 12:56:21.309
T7,AIN0,LoadCell,-0.11546637862920761,sensor_data,2025-12-10 12:56:21.309
T7,AIN51,LoadCell,-0.13628241419792175,sensor_data,2025-12-10 12:56:21.309
T7,AIN0,LoadCell,-0.1123124361038208,sensor_data,2025-12-10 12:56:21.309
T7,AIN51,LoadCell,-0.13312846422195435,sensor_data,2025-12-10 12:56:21.309
T7,AIN0,LoadCell,-0.11357401311397552,sensor_data,2025-12-10 12:56:21.309
T7,AIN51,LoadCell,-0.135336235165596,sensor_data,2025-12-10 12:56:21.309
T7,AIN0,LoadCell,-0.12114348262548447,sensor_data,2025-12-10 12:56:21.309
T7,AIN51,LoadCell,-0.14132872223854065,sensor_data,2025-12-10 12:56:21.309
T7,AIN0,LoadCell,-0.12808215618133545,sensor_data,2025-12-10 12:56:21.309
T7,AIN51,LoadCell,-0.14826740324497223,sensor_data,2025-12-10 12:56:21.309
T7,AIN0,LoadCell,-0.13123610615730286,sensor_data,2025-12-10 12:56:21.309
T7,AIN51,LoadCell,-0.15079055726528168,sensor_data,2025-12-10 12:56:21.309
T7,AIN0,LoadCell,-0.1321822851896286,sensor_data,2025-12-10 12:56:21.309
T7,AIN51,LoadCell,-0.15110595524311066,sensor_data,2025-12-10 12:56:21.309
T7,AIN0,LoadCell,-0.13028991222381592,sensor_data,2025-12-10 12:56:21.309
T7,AIN51,LoadCell,-0.14952898025512695,sensor_data,2025-12-10 12:56:21.309
T7,AIN0,LoadCell,-0.12776675820350647,sensor_data,2025-12-10 12:56:21.309
T7,AIN51,LoadCell,-0.14826740324497223,sensor_data,2025-12-10 12:56:21.309
T7,AIN0,LoadCell,-0.12618979811668396,sensor_data,2025-12-10 12:56:21.309
T7,AIN51,LoadCell,-0.14637503027915955,sensor_data,2025-12-10 12:56:21.309
T7,AIN0,LoadCell,-0.12429742515087128,sensor_data,2025-12-10 12:56:21.309
T7,AIN51,LoadCell,-0.14448267221450806,sensor_data,2025-12-10 12:56:21.309
T7,AIN0,LoadCell,-0.12177427113056183,sensor_data,2025-12-10 12:56:21.309
T7,AIN51,LoadCell,-0.1419595181941986,sensor_data,2025-12-10 12:56:21.309
T7,AIN0,LoadCell,-0.12082808464765549,sensor_data,2025-12-10 12:56:21.309
T7,AIN51,LoadCell,-0.14069794118404388,sensor_data,2025-12-10 12:56:21.309
T7,AIN0,LoadCell,-0.12019729614257812,sensor_data,2025-12-10 12:56:21.309
T7,AIN51,LoadCell,-0.1403825432062149,sensor_data,2025-12-10 12:56:21.309
T7,AIN0,LoadCell,-0.12019729614257812,sensor_data,2025-12-10 12:56:21.309
T7,AIN51,LoadCell,-0.14069794118404388,sensor_data,2025-12-10 12:56:21.309
T7,AIN0,LoadCell,-0.1205126941204071,sensor_data,2025-12-10 12:56:21.309
T7,AIN51,LoadCell,-0.14069794118404388,sensor_data,2025-12-10 12:56:21.309
T7,AIN0,LoadCell,-0.11925111711025238,sensor_data,2025-12-10 12:56:21.309
T7,AIN51,LoadCell,-0.13975174725055695,sensor_data,2025-12-10 12:56:21.309
T7,AIN0,LoadCell,-0.11956650763750076,sensor_data,2025-12-10 12:56:21.309
T7,AIN51,LoadCell,-0.13975174725055695,sensor_data,2025-12-10 12:56:21.309
T7,AIN0,LoadCell,-0.11767414212226868,sensor_data,2025-12-10 12:56:21.309
T7,AIN51,LoadCell,-0.13754399120807648,sensor_data,2025-12-10 12:56:21.309
T7,AIN0,LoadCell,-0.11483559012413025,sensor_data,2025-12-10 12:56:21.309
T7,AIN51,LoadCell,-0.1356516182422638,sensor_data,2025-12-10 12:56:21.309
T7,AIN0,LoadCell,-0.11452019959688187,sensor_data,2025-12-10 12:56:21.309
T7,AIN51,LoadCell,-0.13628241419792175,sensor_data,2025-12-10 12:56:21.309
T7,AIN0,LoadCell,-0.11798954010009766,sensor_data,2025-12-10 12:56:21.309
T7,AIN51,LoadCell,-0.13849017024040222,sensor_data,2025-12-10 12:56:21.309
T7,AIN0,LoadCell,-0.11862032860517502,sensor_data,2025-12-10 12:56:21.309
T7,AIN51,LoadCell,-0.13943634927272797,sensor_data,2025-12-10 12:56:21.309
T7,AIN0,LoadCell,-0.11956650763750076,sensor_data,2025-12-10 12:56:21.309
T7,AIN51,LoadCell,-0.13975174725055695,sensor_data,2025-12-10 12:56:21.309
T7,AIN0,LoadCell,-0.12019729614257812,sensor_data,2025-12-10 12:56:21.309
T7,AIN51,LoadCell,-0.14069794118404388,sensor_data,2025-12-10 12:56:21.309
T7,AIN0,LoadCell,-0.12019729614257812,sensor_data,2025-12-10 12:56:21.309
T7,AIN51,LoadCell,-0.1403825432062149,sensor_data,2025-12-10 12:56:21.309
T7,AIN0,LoadCell,-0.11988190561532974,sensor_data,2025-12-10 12:56:21.309
T7,AIN51,LoadCell,-0.14006714522838593,sensor_data,2025-12-10 12:56:21.309
T7,AIN0,LoadCell,-0.11956650763750076,sensor_data,2025-12-10 12:56:21.309
T7,AIN51,LoadCell,-0.13975174725055695,sensor_data,2025-12-10 12:56:21.309
T7,AIN0,LoadCell,-0.11862032860517502,sensor_data,2025-12-10 12:56:21.309
T7,AIN51,LoadCell,-0.13912096619606018,sensor_data,2025-12-10 12:56:21.309
T7,AIN0,LoadCell,-0.11704335361719131,sensor_data,2025-12-10 12:56:21.309
T7,AIN51,LoadCell,-0.13785938918590546,sensor_data,2025-12-10 12:56:21.309
T7,AIN0,LoadCell,-0.1173587515950203,sensor_data,2025-12-10 12:56:21.309
T7,AIN51,LoadCell,-0.13817477226257324,sensor_data,2025-12-10 12:56:21.309
T7,AIN0,LoadCell,-0.11767414212226868,sensor_data,2025-12-10 12:56:21.309
T7,AIN51,LoadCell,-0.13754399120807648,sensor_data,2025-12-10 12:56:21.309
T7,AIN0,LoadCell,-0.11767414212226868,sensor_data,2025-12-10 12:56:21.309
T7,AIN51,LoadCell,-0.13785938918590546,sensor_data,2025-12-10 12:56:21.309
T7,AIN0,LoadCell,-0.1173587515950203,sensor_data,2025-12-10 12:56:21.309
T7,AIN51,LoadCell,-0.13785938918590546,sensor_data,2025-12-10 12:56:21.309
T7,AIN0,LoadCell,-0.11767414212226868,sensor_data,2025-12-10 12:56:21.309
T7,AIN51,LoadCell,-0.13849017024040222,sensor_data,2025-12-10 12:56:21.309
T7,AIN0,LoadCell,-0.11830493062734604,sensor_data,2025-12-10 12:56:21.309
T7,AIN51,LoadCell,-0.13817477226257324,sensor_data,2025-12-10 12:56:21.309
T7,AIN0,LoadCell,-0.11609716713428497,sensor_data,2025-12-10 12:56:21.309
T7,AIN51,LoadCell,-0.13628241419792175,sensor_data,2025-12-10 12:56:21.309
T7,AIN0,LoadCell,-0.11325862258672714,sensor_data,2025-12-10 12:56:21.309
T7,AIN51,LoadCell,-0.13439004123210907,sensor_data,2025-12-10 12:56:21.309
T7,AIN0,LoadCell,-0.11420480161905289,sensor_data,2025-12-10 12:56:21.309
T7,AIN51,LoadCell,-0.13502083718776703,sensor_data,2025-12-10 12:56:21.309
T7,AIN0,LoadCell,-0.11609716713428497,sensor_data,2025-12-10 12:56:21.309
T7,AIN51,LoadCell,-0.13659781217575073,sensor_data,2025-12-10 12:56:21.309
T7,AIN0,LoadCell,-0.1173587515950203,sensor_data,2025-12-10 12:56:21.309
T7,AIN51,LoadCell,-0.13817477226257324,sensor_data,2025-12-10 12:56:21.309
T7,AIN0,LoadCell,-0.1189357191324234,sensor_data,2025-12-10 12:56:21.309
T7,AIN51,LoadCell,-0.13912096619606018,sensor_data,2025-12-10 12:56:21.309
T7,AIN0,LoadCell,-0.11956650763750076,sensor_data,2025-12-10 12:56:21.309
T7,AIN51,LoadCell,-0.13943634927272797,sensor_data,2025-12-10 12:56:21.309
T7,AIN0,LoadCell,-0.11925111711025238,sensor_data,2025-12-10 12:56:21.309
T7,AIN51,LoadCell,-0.1388055682182312,sensor_data,2025-12-10 12:56:21.309
T7,AIN0,LoadCell,-0.1173587515950203,sensor_data,2025-12-10 12:56:21.309
T7,AIN51,LoadCell,-0.13754399120807648,sensor_data,2025-12-10 12:56:21.309
T7,AIN0,LoadCell,-0.1173587515950203,sensor_data,2025-12-10 12:56:21.309
T7,AIN51,LoadCell,-0.13754399120807648,sensor_data,2025-12-10 12:56:21.309
T7,AIN0,LoadCell,-0.11704335361719131,sensor_data,2025-12-10 12:56:21.309
T7,AIN51,LoadCell,-0.13785938918590546,sensor_data,2025-12-10 12:56:21.309
T7,AIN0,LoadCell,-0.1173587515950203,sensor_data,2025-12-10 12:56:21.309
T7,AIN51,LoadCell,-0.13785938918590546,sensor_data,2025-12-10 12:56:21.309
T7,AIN0,LoadCell,-0.1173587515950203,sensor_data,2025-12-10 12:56:21.309
T7,AIN51,LoadCell,-0.13817477226257324,sensor_data,2025-12-10 12:56:21.309
T7,AIN0,LoadCell,-0.11767414212226868,sensor_data,2025-12-10 12:56:21.309
T7,AIN51,LoadCell,-0.13817477226257324,sensor_data,2025-12-10 12:56:21.309
T7,AIN0,LoadCell,-0.11767414212226868,sensor_data,2025-12-10 12:56:21.309
T7,AIN51,LoadCell,-0.13817477226257324,sensor_data,2025-12-10 12:56:21.309
T7,AIN0,LoadCell,-0.11798954010009766,sensor_data,2025-12-10 12:56:21.309
T7,AIN51,LoadCell,-0.13817477226257324,sensor_data,2025-12-10 12:56:21.309
T7,AIN0,LoadCell,-0.11862032860517502,sensor_data,2025-12-10 12:56:21.309
T7,AIN51,LoadCell,-0.1388055682182312,sensor_data,2025-12-10 12:56:21.309
T7,AIN0,LoadCell,-0.11420480161905289,sensor_data,2025-12-10 12:56:21.309
T7,AIN51,LoadCell,-0.13470543920993805,sensor_data,2025-12-10 12:56:21.309
T7,AIN0,LoadCell,-0.10852770507335663,sensor_data,2025-12-10 12:56:21.309
T7,AIN51,LoadCell,-0.12965913116931915,sensor_data,2025-12-10 12:56:21.309
T7,AIN0,LoadCell,-0.10348139703273773,sensor_data,2025-12-10 12:56:21.309
T7,AIN51,LoadCell,-0.125559002161026,sensor_data,2025-12-10 12:56:21.309
T7,AIN0,LoadCell,-0.10379678755998611,sensor_data,2025-12-10 12:56:21.309
T7,AIN51,LoadCell,-0.12618979811668396,sensor_data,2025-12-10 12:56:21.309
T7,AIN0,LoadCell,-0.10758151859045029,sensor_data,2025-12-10 12:56:21.309
T7,AIN51,LoadCell,-0.1290283352136612,sensor_data,2025-12-10 12:56:21.309
T7,AIN0,LoadCell,-0.11042007058858871,sensor_data,2025-12-10 12:56:21.309
T7,AIN51,LoadCell,-0.13186688721179962,sensor_data,2025-12-10 12:56:21.309
T7,AIN0,LoadCell,-0.1123124361038208,sensor_data,2025-12-10 12:56:21.309
T7,AIN51,LoadCell,-0.1337592601776123,sensor_data,2025-12-10 12:56:21.309
T7,AIN0,LoadCell,-0.11357401311397552,sensor_data,2025-12-10 12:56:21.309
T7,AIN51,LoadCell,-0.13439004123210907,sensor_data,2025-12-10 12:56:21.309
T7,AIN0,LoadCell,-0.1138894110918045,sensor_data,2025-12-10 12:56:21.309
T7,AIN51,LoadCell,-0.135336235165596,sensor_data,2025-12-10 12:56:21.309
T7,AIN0,LoadCell,-0.11452019959688187,sensor_data,2025-12-10 12:56:21.309
T7,AIN51,LoadCell,-0.1356516182422638,sensor_data,2025-12-10 12:56:21.309
T7,AIN0,LoadCell,-0.11515098810195923,sensor_data,2025-12-10 12:56:21.309
T7,AIN51,LoadCell,-0.13628241419792175,sensor_data,2025-12-10 12:56:21.309
T7,AIN0,LoadCell,-0.11546637862920761,sensor_data,2025-12-10 12:56:21.309
T7,AIN51,LoadCell,-0.13596701622009277,sensor_data,2025-12-10 12:56:21.309
T7,AIN0,LoadCell,-0.11578177660703659,sensor_data,2025-12-10 12:56:21.309
T7,AIN51,LoadCell,-0.13691319525241852,sensor_data,2025-12-10 12:56:21.309
T7,AIN0,LoadCell,-0.11641256511211395,sensor_data,2025-12-10 12:56:21.309
T7,AIN51,LoadCell,-0.13691319525241852,sensor_data,2025-12-10 12:56:21.309
T7,AIN0,LoadCell,-0.11704335361719131,sensor_data,2025-12-10 12:56:21.309
T7,AIN51,LoadCell,-0.13754399120807648,sensor_data,2025-12-10 12:56:21.309
T7,AIN0,LoadCell,-0.11704335361719131,sensor_data,2025-12-10 12:56:21.309
T7,AIN51,LoadCell,-0.13754399120807648,sensor_data,2025-12-10 12:56:21.309
T7,AIN0,LoadCell,-0.11704335361719131,sensor_data,2025-12-10 12:56:21.309
T7,AIN51,LoadCell,-0.1372285932302475,sensor_data,2025-12-10 12:56:21.309
T7,AIN0,LoadCell,-0.11704335361719131,sensor_data,2025-12-10 12:56:21.309
T7,AIN51,LoadCell,-0.13785938918590546,sensor_data,2025-12-10 12:56:21.309
T7,AIN0,LoadCell,-0.11672796308994293,sensor_data,2025-12-10 12:56:21.309
T7,AIN51,LoadCell,-0.13754399120807648,sensor_data,2025-12-10 12:56:21.309
T7,AIN0,LoadCell,-0.11546637862920761,sensor_data,2025-12-10 12:56:21.309
T7,AIN51,LoadCell,-0.1356516182422638,sensor_data,2025-12-10 12:56:21.309
T7,AIN0,LoadCell,-0.11136625707149506,sensor_data,2025-12-10 12:56:21.309
T7,AIN51,LoadCell,-0.1337592601776123,sensor_data,2025-12-10 12:56:21.309
T7,AIN0,LoadCell,-0.11294322460889816,sensor_data,2025-12-10 12:56:21.309
T7,AIN51,LoadCell,-0.13407465815544128,sensor_data,2025-12-10 12:56:21.309
T7,AIN0,LoadCell,-0.11546637862920761,sensor_data,2025-12-10 12:56:21.309
T7,AIN51,LoadCell,-0.13596701622009277,sensor_data,2025-12-10 12:56:21.309
T7,AIN0,LoadCell,-0.11767414212226868,sensor_data,2025-12-10 12:56:21.309
T7,AIN51,LoadCell,-0.13817477226257324,sensor_data,2025-12-10 12:56:21.309
T7,AIN0,LoadCell,-0.11830493062734604,sensor_data,2025-12-10 12:56:21.309
T7,AIN51,LoadCell,-0.13849017024040222,sensor_data,2025-12-10 12:56:21.309
T7,AIN0,LoadCell,-0.11925111711025238,sensor_data,2025-12-10 12:56:21.309
T7,AIN51,LoadCell,-0.13943634927272797,sensor_data,2025-12-10 12:56:21.309
T7,AIN0,LoadCell,-0.11988190561532974,sensor_data,2025-12-10 12:56:21.309
T7,AIN51,LoadCell,-0.14006714522838593,sensor_data,2025-12-10 12:56:21.309
T7,AIN0,LoadCell,-0.11956650763750076,sensor_data,2025-12-10 12:56:21.309
T7,AIN51,LoadCell,-0.14006714522838593,sensor_data,2025-12-10 12:56:21.309
T7,AIN0,LoadCell,-0.1189357191324234,sensor_data,2025-12-10 12:56:21.309
T7,AIN51,LoadCell,-0.13975174725055695,sensor_data,2025-12-10 12:56:21.309
T7,AIN0,LoadCell,-0.11956650763750076,sensor_data,2025-12-10 12:56:21.309
T7,AIN51,LoadCell,-0.14006714522838593,sensor_data,2025-12-10 12:56:21.309
T7,AIN0,LoadCell,-0.1189357191324234,sensor_data,2025-12-10 12:56:21.309
T7,AIN51,LoadCell,-0.13943634927272797,sensor_data,2025-12-10 12:56:21.309
T7,AIN0,LoadCell,-0.11862032860517502,sensor_data,2025-12-10 12:56:21.309
T7,AIN51,LoadCell,-0.1388055682182312,sensor_data,2025-12-10 12:56:21.309
T7,AIN0,LoadCell,-0.1189357191324234,sensor_data,2025-12-10 12:56:21.309
T7,AIN51,LoadCell,-0.1388055682182312,sensor_data,2025-12-10 12:56:21.309
T7,AIN0,LoadCell,-0.11925111711025238,sensor_data,2025-12-10 12:56:21.309
T7,AIN51,LoadCell,-0.13943634927272797,sensor_data,2025-12-10 12:56:21.309
T7,AIN0,LoadCell,-0.11925111711025238,sensor_data,2025-12-10 12:56:21.309
T7,AIN51,LoadCell,-0.14006714522838593,sensor_data,2025-12-10 12:56:21.309
T7,AIN0,LoadCell,-0.11988190561532974,sensor_data,2025-12-10 12:56:21.309
T7,AIN51,LoadCell,-0.13975174725055695,sensor_data,2025-12-10 12:56:21.309
T7,AIN0,LoadCell,-0.11988190561532974,sensor_data,2025-12-10 12:56:21.309
T7,AIN51,LoadCell,-0.14006714522838593,sensor_data,2025-12-10 12:56:21.309
T7,AIN0,LoadCell,-0.11862032860517502,sensor_data,2025-12-10 12:56:21.309
T7,AIN51,LoadCell,-0.1388055682182312,sensor_data,2025-12-10 12:56:21.309
T7,AIN0,LoadCell,-0.11515098810195923,sensor_data,2025-12-10 12:56:21.309
T7,AIN51,LoadCell,-0.13659781217575073,sensor_data,2025-12-10 12:56:21.309
T7,AIN0,LoadCell,-0.11546637862920761,sensor_data,2025-12-10 12:56:21.309
T7,AIN51,LoadCell,-0.13659781217575073,sensor_data,2025-12-10 12:56:21.309
T7,AIN0,LoadCell,-0.1173587515950203,sensor_data,2025-12-10 12:56:21.309
T7,AIN51,LoadCell,-0.13849017024040222,sensor_data,2025-12-10 12:56:21.309
T7,AIN0,LoadCell,-0.11798954010009766,sensor_data,2025-12-10 12:56:21.309
T7,AIN51,LoadCell,-0.1388055682182312,sensor_data,2025-12-10 12:56:21.309
T7,AIN0,LoadCell,-0.1189357191324234,sensor_data,2025-12-10 12:56:21.309
T7,AIN51,LoadCell,-0.13912096619606018,sensor_data,2025-12-10 12:56:21.309
T7,AIN0,LoadCell,-0.11830493062734604,sensor_data,2025-12-10 12:56:21.309
T7,AIN51,LoadCell,-0.13943634927272797,sensor_data,2025-12-10 12:56:21.309
T7,AIN0,LoadCell,-0.1189357191324234,sensor_data,2025-12-10 12:56:21.309
T7,AIN51,LoadCell,-0.13912096619606018,sensor_data,2025-12-10 12:56:21.309
T7,AIN0,LoadCell,-0.11798954010009766,sensor_data,2025-12-10 12:56:21.309
T7,AIN51,LoadCell,-0.1388055682182312,sensor_data,2025-12-10 12:56:21.309
T7,AIN0,LoadCell,-0.11862032860517502,sensor_data,2025-12-10 12:56:21.309
T7,AIN51,LoadCell,-0.13943634927272797,sensor_data,2025-12-10 12:56:21.309
T7,AIN0,LoadCell,-0.11956650763750076,sensor_data,2025-12-10 12:56:21.309
T7,AIN51,LoadCell,-0.13912096619606018,sensor_data,2025-12-10 12:56:21.309
T7,AIN0,LoadCell,-0.11862032860517502,sensor_data,2025-12-10 12:56:21.309
T7,AIN51,LoadCell,-0.1388055682182312,sensor_data,2025-12-10 12:56:21.309
T7,AIN0,LoadCell,-0.1189357191324234,sensor_data,2025-12-10 12:56:21.309
T7,AIN51,LoadCell,-0.13943634927272797,sensor_data,2025-12-10 12:56:21.309
T7,AIN0,LoadCell,-0.12335123866796494,sensor_data,2025-12-10 12:56:21.325
T7,AIN51,LoadCell,-0.14322109520435333,sensor_data,2025-12-10 12:56:21.325
T7,AIN0,LoadCell,-0.12839755415916443,sensor_data,2025-12-10 12:56:21.325
T7,AIN51,LoadCell,-0.14763660728931427,sensor_data,2025-12-10 12:56:21.325
T7,AIN0,LoadCell,-0.13123610615730286,sensor_data,2025-12-10 12:56:21.325
T7,AIN51,LoadCell,-0.14984437823295593,sensor_data,2025-12-10 12:56:21.325
T7,AIN0,LoadCell,-0.13092070817947388,sensor_data,2025-12-10 12:56:21.325
T7,AIN51,LoadCell,-0.15015976130962372,sensor_data,2025-12-10 12:56:21.325
T7,AIN0,LoadCell,-0.13028991222381592,sensor_data,2025-12-10 12:56:21.325
T7,AIN51,LoadCell,-0.14921358227729797,sensor_data,2025-12-10 12:56:21.325
T7,AIN0,LoadCell,-0.12682057917118073,sensor_data,2025-12-10 12:56:21.325
T7,AIN51,LoadCell,-0.14637503027915955,sensor_data,2025-12-10 12:56:21.325
T7,AIN0,LoadCell,-0.12208966165781021,sensor_data,2025-12-10 12:56:21.325
T7,AIN51,LoadCell,-0.1422749012708664,sensor_data,2025-12-10 12:56:21.325
T7,AIN0,LoadCell,-0.1205126941204071,sensor_data,2025-12-10 12:56:21.325
T7,AIN51,LoadCell,-0.14132872223854065,sensor_data,2025-12-10 12:56:21.325
T7,AIN0,LoadCell,-0.12145887315273285,sensor_data,2025-12-10 12:56:21.325
T7,AIN51,LoadCell,-0.14164412021636963,sensor_data,2025-12-10 12:56:21.325
T7,AIN0,LoadCell,-0.12177427113056183,sensor_data,2025-12-10 12:56:21.325
T7,AIN51,LoadCell,-0.1419595181941986,sensor_data,2025-12-10 12:56:21.325
T7,AIN0,LoadCell,-0.12177427113056183,sensor_data,2025-12-10 12:56:21.325
T7,AIN51,LoadCell,-0.1419595181941986,sensor_data,2025-12-10 12:56:21.325
T7,AIN0,LoadCell,-0.12177427113056183,sensor_data,2025-12-10 12:56:21.325
T7,AIN51,LoadCell,-0.14164412021636963,sensor_data,2025-12-10 12:56:21.325
T7,AIN0,LoadCell,-0.1205126941204071,sensor_data,2025-12-10 12:56:21.325
T7,AIN51,LoadCell,-0.14069794118404388,sensor_data,2025-12-10 12:56:21.325
T7,AIN0,LoadCell,-0.12019729614257812,sensor_data,2025-12-10 12:56:21.325
T7,AIN51,LoadCell,-0.1403825432062149,sensor_data,2025-12-10 12:56:21.325
T7,AIN0,LoadCell,-0.11956650763750076,sensor_data,2025-12-10 12:56:21.325
T7,AIN51,LoadCell,-0.14006714522838593,sensor_data,2025-12-10 12:56:21.325
T7,AIN0,LoadCell,-0.11988190561532974,sensor_data,2025-12-10 12:56:21.325
T7,AIN51,LoadCell,-0.14006714522838593,sensor_data,2025-12-10 12:56:21.325
T7,AIN0,LoadCell,-0.12019729614257812,sensor_data,2025-12-10 12:56:21.325
T7,AIN51,LoadCell,-0.13943634927272797,sensor_data,2025-12-10 12:56:21.325
T7,AIN0,LoadCell,-0.11988190561532974,sensor_data,2025-12-10 12:56:21.325
T7,AIN51,LoadCell,-0.14006714522838593,sensor_data,2025-12-10 12:56:21.325
T7,AIN0,LoadCell,-0.11956650763750076,sensor_data,2025-12-10 12:56:21.325
T7,AIN51,LoadCell,-0.13975174725055695,sensor_data,2025-12-10 12:56:21.325
T7,AIN0,LoadCell,-0.11925111711025238,sensor_data,2025-12-10 12:56:21.325
T7,AIN51,LoadCell,-0.13943634927272797,sensor_data,2025-12-10 12:56:21.325
T7,AIN0,LoadCell,-0.11862032860517502,sensor_data,2025-12-10 12:56:21.325
T7,AIN51,LoadCell,-0.1388055682182312,sensor_data,2025-12-10 12:56:21.325
T7,AIN0,LoadCell,-0.11862032860517502,sensor_data,2025-12-10 12:56:21.325
T7,AIN51,LoadCell,-0.13849017024040222,sensor_data,2025-12-10 12:56:21.325
T7,AIN0,LoadCell,-0.11798954010009766,sensor_data,2025-12-10 12:56:21.325
T7,AIN51,LoadCell,-0.13849017024040222,sensor_data,2025-12-10 12:56:21.325
T7,AIN0,LoadCell,-0.11578177660703659,sensor_data,2025-12-10 12:56:21.325
T7,AIN51,LoadCell,-0.13628241419792175,sensor_data,2025-12-10 12:56:21.325
T7,AIN0,LoadCell,-0.1123124361038208,sensor_data,2025-12-10 12:56:21.325
T7,AIN51,LoadCell,-0.13344386219978333,sensor_data,2025-12-10 12:56:21.325
T7,AIN0,LoadCell,-0.1123124361038208,sensor_data,2025-12-10 12:56:21.325
T7,AIN51,LoadCell,-0.13312846422195435,sensor_data,2025-12-10 12:56:21.325
T7,AIN0,LoadCell,-0.11420480161905289,sensor_data,2025-12-10 12:56:21.325
T7,AIN51,LoadCell,-0.13502083718776703,sensor_data,2025-12-10 12:56:21.325
T7,AIN0,LoadCell,-0.11578177660703659,sensor_data,2025-12-10 12:56:21.325
T7,AIN51,LoadCell,-0.13628241419792175,sensor_data,2025-12-10 12:56:21.325
T7,AIN0,LoadCell,-0.11609716713428497,sensor_data,2025-12-10 12:56:21.325
T7,AIN51,LoadCell,-0.13691319525241852,sensor_data,2025-12-10 12:56:21.325
T7,AIN0,LoadCell,-0.11609716713428497,sensor_data,2025-12-10 12:56:21.325
T7,AIN51,LoadCell,-0.13659781217575073,sensor_data,2025-12-10 12:56:21.325
T7,AIN0,LoadCell,-0.11641256511211395,sensor_data,2025-12-10 12:56:21.325
T7,AIN51,LoadCell,-0.1372285932302475,sensor_data,2025-12-10 12:56:21.325
T7,AIN0,LoadCell,-0.1173587515950203,sensor_data,2025-12-10 12:56:21.325
T7,AIN51,LoadCell,-0.13785938918590546,sensor_data,2025-12-10 12:56:21.325
T7,AIN0,LoadCell,-0.11798954010009766,sensor_data,2025-12-10 12:56:21.325
T7,AIN51,LoadCell,-0.13785938918590546,sensor_data,2025-12-10 12:56:21.325
T7,AIN0,LoadCell,-0.11767414212226868,sensor_data,2025-12-10 12:56:21.325
T7,AIN51,LoadCell,-0.13817477226257324,sensor_data,2025-12-10 12:56:21.325
T7,AIN0,LoadCell,-0.11798954010009766,sensor_data,2025-12-10 12:56:21.325
T7,AIN51,LoadCell,-0.1388055682182312,sensor_data,2025-12-10 12:56:21.325
T7,AIN0,LoadCell,-0.11862032860517502,sensor_data,2025-12-10 12:56:21.325
T7,AIN51,LoadCell,-0.1388055682182312,sensor_data,2025-12-10 12:56:21.325
T7,AIN0,LoadCell,-0.1173587515950203,sensor_data,2025-12-10 12:56:21.325
T7,AIN51,LoadCell,-0.13849017024040222,sensor_data,2025-12-10 12:56:21.325
T7,AIN0,LoadCell,-0.11798954010009766,sensor_data,2025-12-10 12:56:21.325
T7,AIN51,LoadCell,-0.13785938918590546,sensor_data,2025-12-10 12:56:21.325
T7,AIN0,LoadCell,-0.11798954010009766,sensor_data,2025-12-10 12:56:21.325
T7,AIN51,LoadCell,-0.13849017024040222,sensor_data,2025-12-10 12:56:21.325
T7,AIN0,LoadCell,-0.11672796308994293,sensor_data,2025-12-10 12:56:21.325
T7,AIN51,LoadCell,-0.1372285932302475,sensor_data,2025-12-10 12:56:21.325
T7,AIN0,LoadCell,-0.11672796308994293,sensor_data,2025-12-10 12:56:21.325
T7,AIN51,LoadCell,-0.13754399120807648,sensor_data,2025-12-10 12:56:21.325
T7,AIN0,LoadCell,-0.11357401311397552,sensor_data,2025-12-10 12:56:21.325
T7,AIN51,LoadCell,-0.13470543920993805,sensor_data,2025-12-10 12:56:21.325
T7,AIN0,LoadCell,-0.10978928208351135,sensor_data,2025-12-10 12:56:21.325
T7,AIN51,LoadCell,-0.13155148923397064,sensor_data,2025-12-10 12:56:21.325
T7,AIN0,LoadCell,-0.11105085909366608,sensor_data,2025-12-10 12:56:21.325
T7,AIN51,LoadCell,-0.13155148923397064,sensor_data,2025-12-10 12:56:21.325
T7,AIN0,LoadCell,-0.11357401311397552,sensor_data,2025-12-10 12:56:21.325
T7,AIN51,LoadCell,-0.1337592601776123,sensor_data,2025-12-10 12:56:21.325
T7,AIN0,LoadCell,-0.11452019959688187,sensor_data,2025-12-10 12:56:21.325
T7,AIN51,LoadCell,-0.13502083718776703,sensor_data,2025-12-10 12:56:21.325
T7,AIN0,LoadCell,-0.11546637862920761,sensor_data,2025-12-10 12:56:21.325
T7,AIN51,LoadCell,-0.13628241419792175,sensor_data,2025-12-10 12:56:21.325
T7,AIN0,LoadCell,-0.11641256511211395,sensor_data,2025-12-10 12:56:21.325
T7,AIN51,LoadCell,-0.1372285932302475,sensor_data,2025-12-10 12:56:21.325
T7,AIN0,LoadCell,-0.1173587515950203,sensor_data,2025-12-10 12:56:21.325
T7,AIN51,LoadCell,-0.13754399120807648,sensor_data,2025-12-10 12:56:21.325
T7,AIN0,LoadCell,-0.11798954010009766,sensor_data,2025-12-10 12:56:21.325
T7,AIN51,LoadCell,-0.13785938918590546,sensor_data,2025-12-10 12:56:21.325
T7,AIN0,LoadCell,-0.11420480161905289,sensor_data,2025-12-10 12:56:21.325
T7,AIN51,LoadCell,-0.135336235165596,sensor_data,2025-12-10 12:56:21.325
T7,AIN0,LoadCell,-0.10978928208351135,sensor_data,2025-12-10 12:56:21.325
T7,AIN51,LoadCell,-0.13186688721179962,sensor_data,2025-12-10 12:56:21.325
T7,AIN0,LoadCell,-0.10821230709552765,sensor_data,2025-12-10 12:56:21.325
T7,AIN51,LoadCell,-0.12965913116931915,sensor_data,2025-12-10 12:56:21.325
T7,AIN0,LoadCell,-0.10821230709552765,sensor_data,2025-12-10 12:56:21.325
T7,AIN51,LoadCell,-0.12997452914714813,sensor_data,2025-12-10 12:56:21.325
T7,AIN0,LoadCell,-0.10852770507335663,sensor_data,2025-12-10 12:56:21.325
T7,AIN51,LoadCell,-0.12997452914714813,sensor_data,2025-12-10 12:56:21.325
T7,AIN0,LoadCell,-0.10947389155626297,sensor_data,2025-12-10 12:56:21.325
T7,AIN51,LoadCell,-0.1306053102016449,sensor_data,2025-12-10 12:56:21.325
T7,AIN0,LoadCell,-0.11105085909366608,sensor_data,2025-12-10 12:56:21.325
T7,AIN51,LoadCell,-0.13249768316745758,sensor_data,2025-12-10 12:56:21.325
T7,AIN0,LoadCell,-0.1123124361038208,sensor_data,2025-12-10 12:56:21.325
T7,AIN51,LoadCell,-0.1337592601776123,sensor_data,2025-12-10 12:56:21.325
T7,AIN0,LoadCell,-0.11294322460889816,sensor_data,2025-12-10 12:56:21.325
T7,AIN51,LoadCell,-0.13407465815544128,sensor_data,2025-12-10 12:56:21.325
T7,AIN0,LoadCell,-0.11168164759874344,sensor_data,2025-12-10 12:56:21.325
T7,AIN51,LoadCell,-0.13312846422195435,sensor_data,2025-12-10 12:56:21.325
T7,AIN0,LoadCell,-0.10978928208351135,sensor_data,2025-12-10 12:56:21.325
T7,AIN51,LoadCell,-0.13092070817947388,sensor_data,2025-12-10 12:56:21.325
T7,AIN0,LoadCell,-0.11105085909366608,sensor_data,2025-12-10 12:56:21.325
T7,AIN51,LoadCell,-0.1321822851896286,sensor_data,2025-12-10 12:56:21.325
T7,AIN0,LoadCell,-0.11357401311397552,sensor_data,2025-12-10 12:56:21.325
T7,AIN51,LoadCell,-0.13470543920993805,sensor_data,2025-12-10 12:56:21.325
T7,AIN0,LoadCell,-0.11609716713428497,sensor_data,2025-12-10 12:56:21.325
T7,AIN51,LoadCell,-0.13691319525241852,sensor_data,2025-12-10 12:56:21.325
T7,AIN0,LoadCell,-0.1173587515950203,sensor_data,2025-12-10 12:56:21.325
T7,AIN51,LoadCell,-0.13817477226257324,sensor_data,2025-12-10 12:56:21.325
T7,AIN0,LoadCell,-0.11798954010009766,sensor_data,2025-12-10 12:56:21.325
T7,AIN51,LoadCell,-0.13849017024040222,sensor_data,2025-12-10 12:56:21.325
T7,AIN0,LoadCell,-0.11862032860517502,sensor_data,2025-12-10 12:56:21.325
T7,AIN51,LoadCell,-0.13912096619606018,sensor_data,2025-12-10 12:56:21.325
T7,AIN0,LoadCell,-0.11925111711025238,sensor_data,2025-12-10 12:56:21.325
T7,AIN51,LoadCell,-0.14006714522838593,sensor_data,2025-12-10 12:56:21.325
T7,AIN0,LoadCell,-0.11956650763750076,sensor_data,2025-12-10 12:56:21.325
T7,AIN51,LoadCell,-0.14006714522838593,sensor_data,2025-12-10 12:56:21.325
T7,AIN0,LoadCell,-0.11862032860517502,sensor_data,2025-12-10 12:56:21.325
T7,AIN51,LoadCell,-0.13943634927272797,sensor_data,2025-12-10 12:56:21.325
T7,AIN0,LoadCell,-0.11767414212226868,sensor_data,2025-12-10 12:56:21.325
T7,AIN51,LoadCell,-0.1388055682182312,sensor_data,2025-12-10 12:56:21.325
T7,AIN0,LoadCell,-0.11862032860517502,sensor_data,2025-12-10 12:56:21.325
T7,AIN51,LoadCell,-0.1388055682182312,sensor_data,2025-12-10 12:56:21.325
T7,AIN0,LoadCell,-0.11830493062734604,sensor_data,2025-12-10 12:56:21.325
T7,AIN51,LoadCell,-0.13849017024040222,sensor_data,2025-12-10 12:56:21.325
T7,AIN0,LoadCell,-0.11830493062734604,sensor_data,2025-12-10 12:56:21.325
T7,AIN51,LoadCell,-0.1388055682182312,sensor_data,2025-12-10 12:56:21.325
T7,AIN0,LoadCell,-0.1173587515950203,sensor_data,2025-12-10 12:56:21.325
T7,AIN51,LoadCell,-0.13785938918590546,sensor_data,2025-12-10 12:56:21.325
T7,AIN0,LoadCell,-0.11641256511211395,sensor_data,2025-12-10 12:56:21.325
T7,AIN51,LoadCell,-0.13754399120807648,sensor_data,2025-12-10 12:56:21.325
T7,AIN0,LoadCell,-0.11641256511211395,sensor_data,2025-12-10 12:56:21.325
T7,AIN51,LoadCell,-0.13691319525241852,sensor_data,2025-12-10 12:56:21.325
T7,AIN0,LoadCell,-0.11452019959688187,sensor_data,2025-12-10 12:56:21.325
T7,AIN51,LoadCell,-0.135336235165596,sensor_data,2025-12-10 12:56:21.325
T7,AIN0,LoadCell,-0.11168164759874344,sensor_data,2025-12-10 12:56:21.325
T7,AIN51,LoadCell,-0.13344386219978333,sensor_data,2025-12-10 12:56:21.325
T7,AIN0,LoadCell,-0.11294322460889816,sensor_data,2025-12-10 12:56:21.325
T7,AIN51,LoadCell,-0.1337592601776123,sensor_data,2025-12-10 12:56:21.325
T7,AIN0,LoadCell,-0.11515098810195923,sensor_data,2025-12-10 12:56:21.325
T7,AIN51,LoadCell,-0.1356516182422638,sensor_data,2025-12-10 12:56:21.325
T7,AIN0,LoadCell,-0.1173587515950203,sensor_data,2025-12-10 12:56:21.325
T7,AIN51,LoadCell,-0.13754399120807648,sensor_data,2025-12-10 12:56:21.325
T7,AIN0,LoadCell,-0.11862032860517502,sensor_data,2025-12-10 12:56:21.325
T7,AIN51,LoadCell,-0.1388055682182312,sensor_data,2025-12-10 12:56:21.325
T7,AIN0,LoadCell,-0.11925111711025238,sensor_data,2025-12-10 12:56:21.325
T7,AIN51,LoadCell,-0.13943634927272797,sensor_data,2025-12-10 12:56:21.325
T7,AIN0,LoadCell,-0.11925111711025238,sensor_data,2025-12-10 12:56:21.325
T7,AIN51,LoadCell,-0.14006714522838593,sensor_data,2025-12-10 12:56:21.325
T7,AIN0,LoadCell,-0.11956650763750076,sensor_data,2025-12-10 12:56:21.325
T7,AIN51,LoadCell,-0.13943634927272797,sensor_data,2025-12-10 12:56:21.325
T7,AIN0,LoadCell,-0.1189357191324234,sensor_data,2025-12-10 12:56:21.325
T7,AIN51,LoadCell,-0.13975174725055695,sensor_data,2025-12-10 12:56:21.325
T7,AIN0,LoadCell,-0.11767414212226868,sensor_data,2025-12-10 12:56:21.325
T7,AIN51,LoadCell,-0.1388055682182312,sensor_data,2025-12-10 12:56:21.325
T7,AIN0,LoadCell,-0.11767414212226868,sensor_data,2025-12-10 12:56:21.325
T7,AIN51,LoadCell,-0.13817477226257324,sensor_data,2025-12-10 12:56:21.325
T7,AIN0,LoadCell,-0.11704335361719131,sensor_data,2025-12-10 12:56:21.325
T7,AIN51,LoadCell,-0.13785938918590546,sensor_data,2025-12-10 12:56:21.325
T7,AIN0,LoadCell,-0.11767414212226868,sensor_data,2025-12-10 12:56:21.325
T7,AIN51,LoadCell,-0.13817477226257324,sensor_data,2025-12-10 12:56:21.325
T7,AIN0,LoadCell,-0.11672796308994293,sensor_data,2025-12-10 12:56:21.325
T7,AIN51,LoadCell,-0.1372285932302475,sensor_data,2025-12-10 12:56:21.325
T7,AIN0,LoadCell,-0.11609716713428497,sensor_data,2025-12-10 12:56:21.325
T7,AIN51,LoadCell,-0.13659781217575073,sensor_data,2025-12-10 12:56:21.325
T7,AIN0,LoadCell,-0.11609716713428497,sensor_data,2025-12-10 12:56:21.325
T7,AIN51,LoadCell,-0.13691319525241852,sensor_data,2025-12-10 12:56:21.325
T7,AIN0,LoadCell,-0.11641256511211395,sensor_data,2025-12-10 12:56:21.325
T7,AIN51,LoadCell,-0.1372285932302475,sensor_data,2025-12-10 12:56:21.325
T7,AIN0,LoadCell,-0.11483559012413025,sensor_data,2025-12-10 12:56:21.325
T7,AIN51,LoadCell,-0.13596701622009277,sensor_data,2025-12-10 12:56:21.325
T7,AIN0,LoadCell,-0.1123124361038208,sensor_data,2025-12-10 12:56:21.325
T7,AIN51,LoadCell,-0.13312846422195435,sensor_data,2025-12-10 12:56:21.325
T7,AIN0,LoadCell,-0.11294322460889816,sensor_data,2025-12-10 12:56:21.325
T7,AIN51,LoadCell,-0.1337592601776123,sensor_data,2025-12-10 12:56:21.325
T7,AIN0,LoadCell,-0.11452019959688187,sensor_data,2025-12-10 12:56:21.325
T7,AIN51,LoadCell,-0.13502083718776703,sensor_data,2025-12-10 12:56:21.325
T7,AIN0,LoadCell,-0.11578177660703659,sensor_data,2025-12-10 12:56:21.325
T7,AIN51,LoadCell,-0.13659781217575073,sensor_data,2025-12-10 12:56:21.325
T7,AIN0,LoadCell,-0.1205126941204071,sensor_data,2025-12-10 12:56:21.325
T7,AIN51,LoadCell,-0.14132872223854065,sensor_data,2025-12-10 12:56:21.325
T7,AIN0,LoadCell,-0.12618979811668396,sensor_data,2025-12-10 12:56:21.325
T7,AIN51,LoadCell,-0.14605963230133057,sensor_data,2025-12-10 12:56:21.325
T7,AIN0,LoadCell,-0.12776675820350647,sensor_data,2025-12-10 12:56:21.325
T7,AIN51,LoadCell,-0.14763660728931427,sensor_data,2025-12-10 12:56:21.325
T7,AIN0,LoadCell,-0.1287129521369934,sensor_data,2025-12-10 12:56:21.325
T7,AIN51,LoadCell,-0.14826740324497223,sensor_data,2025-12-10 12:56:21.325
T7,AIN0,LoadCell,-0.12808215618133545,sensor_data,2025-12-10 12:56:21.325
T7,AIN51,LoadCell,-0.14763660728931427,sensor_data,2025-12-10 12:56:21.325
T7,AIN0,LoadCell,-0.12682057917118073,sensor_data,2025-12-10 12:56:21.325
T7,AIN51,LoadCell,-0.14637503027915955,sensor_data,2025-12-10 12:56:21.325
T7,AIN0,LoadCell,-0.12492821365594864,sensor_data,2025-12-10 12:56:21.325
T7,AIN51,LoadCell,-0.14511345326900482,sensor_data,2025-12-10 12:56:21.325
T7,AIN0,LoadCell,-0.12366663664579391,sensor_data,2025-12-10 12:56:21.325
T7,AIN51,LoadCell,-0.14353647828102112,sensor_data,2025-12-10 12:56:21.325
T7,AIN0,LoadCell,-0.12177427113056183,sensor_data,2025-12-10 12:56:21.325
T7,AIN51,LoadCell,-0.1422749012708664,sensor_data,2025-12-10 12:56:21.325
T7,AIN0,LoadCell,-0.12082808464765549,sensor_data,2025-12-10 12:56:21.325
T7,AIN51,LoadCell,-0.14132872223854065,sensor_data,2025-12-10 12:56:21.325
T7,AIN0,LoadCell,-0.12114348262548447,sensor_data,2025-12-10 12:56:21.325
T7,AIN51,LoadCell,-0.14101332426071167,sensor_data,2025-12-10 12:56:21.325
T7,AIN0,LoadCell,-0.11925111711025238,sensor_data,2025-12-10 12:56:21.325
T7,AIN51,LoadCell,-0.13943634927272797,sensor_data,2025-12-10 12:56:21.325
T7,AIN0,LoadCell,-0.11767414212226868,sensor_data,2025-12-10 12:56:21.325
T7,AIN51,LoadCell,-0.13785938918590546,sensor_data,2025-12-10 12:56:21.325
T7,AIN0,LoadCell,-0.11546637862920761,sensor_data,2025-12-10 12:56:21.325
T7,AIN51,LoadCell,-0.1356516182422638,sensor_data,2025-12-10 12:56:21.325
T7,AIN0,LoadCell,-0.1123124361038208,sensor_data,2025-12-10 12:56:21.325
T7,AIN51,LoadCell,-0.13407465815544128,sensor_data,2025-12-10 12:56:21.325
T7,AIN0,LoadCell,-0.11357401311397552,sensor_data,2025-12-10 12:56:21.325
T7,AIN51,LoadCell,-0.13439004123210907,sensor_data,2025-12-10 12:56:21.325
T7,AIN0,LoadCell,-0.1173587515950203,sensor_data,2025-12-10 12:56:21.325
T7,AIN51,LoadCell,-0.13754399120807648,sensor_data,2025-12-10 12:56:21.325
T7,AIN0,LoadCell,-0.11925111711025238,sensor_data,2025-12-10 12:56:21.325
T7,AIN51,LoadCell,-0.13943634927272797,sensor_data,2025-12-10 12:56:21.325
T7,AIN0,LoadCell,-0.12082808464765549,sensor_data,2025-12-10 12:56:21.325
T7,AIN51,LoadCell,-0.1403825432062149,sensor_data,2025-12-10 12:56:21.325
T7,AIN0,LoadCell,-0.12019729614257812,sensor_data,2025-12-10 12:56:21.325
T7,AIN51,LoadCell,-0.14006714522838593,sensor_data,2025-12-10 12:56:21.325
T7,AIN0,LoadCell,-0.11925111711025238,sensor_data,2025-12-10 12:56:21.325
T7,AIN51,LoadCell,-0.13975174725055695,sensor_data,2025-12-10 12:56:21.325
T7,AIN0,LoadCell,-0.1189357191324234,sensor_data,2025-12-10 12:56:21.325
T7,AIN51,LoadCell,-0.13943634927272797,sensor_data,2025-12-10 12:56:21.325
T7,AIN0,LoadCell,-0.1189357191324234,sensor_data,2025-12-10 12:56:21.325
T7,AIN51,LoadCell,-0.1388055682182312,sensor_data,2025-12-10 12:56:21.325
T7,AIN0,LoadCell,-0.11862032860517502,sensor_data,2025-12-10 12:56:21.325
T7,AIN51,LoadCell,-0.1388055682182312,sensor_data,2025-12-10 12:56:21.325
T7,AIN0,LoadCell,-0.11767414212226868,sensor_data,2025-12-10 12:56:21.325
T7,AIN51,LoadCell,-0.13849017024040222,sensor_data,2025-12-10 12:56:21.325
T7,AIN0,LoadCell,-0.11672796308994293,sensor_data,2025-12-10 12:56:21.325
T7,AIN51,LoadCell,-0.13754399120807648,sensor_data,2025-12-10 12:56:21.325
T7,AIN0,LoadCell,-0.11641256511211395,sensor_data,2025-12-10 12:56:21.325
T7,AIN51,LoadCell,-0.13691319525241852,sensor_data,2025-12-10 12:56:21.325
T7,AIN0,LoadCell,-0.11641256511211395,sensor_data,2025-12-10 12:56:21.325
T7,AIN51,LoadCell,-0.13691319525241852,sensor_data,2025-12-10 12:56:21.325
T7,AIN0,LoadCell,-0.11609716713428497,sensor_data,2025-12-10 12:56:21.325
T7,AIN51,LoadCell,-0.13691319525241852,sensor_data,2025-12-10 12:56:21.325
T7,AIN0,LoadCell,-0.11641256511211395,sensor_data,2025-12-10 12:56:21.325
T7,AIN51,LoadCell,-0.13659781217575073,sensor_data,2025-12-10 12:56:21.325
T7,AIN0,LoadCell,-0.11672796308994293,sensor_data,2025-12-10 12:56:21.325
T7,AIN51,LoadCell,-0.13691319525241852,sensor_data,2025-12-10 12:56:21.325
T7,AIN0,LoadCell,-0.11483559012413025,sensor_data,2025-12-10 12:56:21.325
T7,AIN51,LoadCell,-0.1356516182422638,sensor_data,2025-12-10 12:56:21.325
T7,AIN0,LoadCell,-0.1123124361038208,sensor_data,2025-12-10 12:56:21.325
T7,AIN51,LoadCell,-0.13312846422195435,sensor_data,2025-12-10 12:56:21.325
T7,AIN0,LoadCell,-0.11294322460889816,sensor_data,2025-12-10 12:56:21.325
T7,AIN51,LoadCell,-0.1337592601776123,sensor_data,2025-12-10 12:56:21.325
T7,AIN0,LoadCell,-0.11641256511211395,sensor_data,2025-12-10 12:56:21.325
T7,AIN51,LoadCell,-0.13691319525241852,sensor_data,2025-12-10 12:56:21.325
T7,AIN0,LoadCell,-0.1173587515950203,sensor_data,2025-12-10 12:56:21.325
T7,AIN51,LoadCell,-0.13785938918590546,sensor_data,2025-12-10 12:56:21.325
T7,AIN0,LoadCell,-0.11641256511211395,sensor_data,2025-12-10 12:56:21.325
T7,AIN51,LoadCell,-0.1372285932302475,sensor_data,2025-12-10 12:56:21.325
T7,AIN0,LoadCell,-0.1173587515950203,sensor_data,2025-12-10 12:56:21.325
T7,AIN51,LoadCell,-0.1372285932302475,sensor_data,2025-12-10 12:56:21.325
T7,AIN0,LoadCell,-0.11704335361719131,sensor_data,2025-12-10 12:56:21.325
T7,AIN51,LoadCell,-0.13754399120807648,sensor_data,2025-12-10 12:56:21.325
T7,AIN0,LoadCell,-0.11704335361719131,sensor_data,2025-12-10 12:56:21.325
T7,AIN51,LoadCell,-0.13754399120807648,sensor_data,2025-12-10 12:56:21.325
T7,AIN0,LoadCell,-0.11672796308994293,sensor_data,2025-12-10 12:56:21.325
T7,AIN51,LoadCell,-0.13754399120807648,sensor_data,2025-12-10 12:56:21.325
T7,AIN0,LoadCell,-0.11609716713428497,sensor_data,2025-12-10 12:56:21.325
T7,AIN51,LoadCell,-0.13659781217575073,sensor_data,2025-12-10 12:56:21.325
T7,AIN0,LoadCell,-0.11546637862920761,sensor_data,2025-12-10 12:56:21.325
T7,AIN51,LoadCell,-0.13628241419792175,sensor_data,2025-12-10 12:56:21.325
T7,AIN0,LoadCell,-0.11578177660703659,sensor_data,2025-12-10 12:56:21.325
T7,AIN51,LoadCell,-0.13596701622009277,sensor_data,2025-12-10 12:56:21.325
T7,AIN0,LoadCell,-0.11609716713428497,sensor_data,2025-12-10 12:56:21.325
T7,AIN51,LoadCell,-0.13596701622009277,sensor_data,2025-12-10 12:56:21.325
T7,AIN0,LoadCell,-0.11578177660703659,sensor_data,2025-12-10 12:56:21.325
T7,AIN51,LoadCell,-0.13691319525241852,sensor_data,2025-12-10 12:56:21.325
T7,AIN0,LoadCell,-0.11609716713428497,sensor_data,2025-12-10 12:56:21.325
T7,AIN51,LoadCell,-0.13628241419792175,sensor_data,2025-12-10 12:56:21.325
T7,AIN0,LoadCell,-0.11546637862920761,sensor_data,2025-12-10 12:56:21.325
T7,AIN51,LoadCell,-0.13659781217575073,sensor_data,2025-12-10 12:56:21.325
T7,AIN0,LoadCell,-0.11578177660703659,sensor_data,2025-12-10 12:56:21.325
T7,AIN51,LoadCell,-0.13596701622009277,sensor_data,2025-12-10 12:56:21.325
T7,AIN0,LoadCell,-0.11452019959688187,sensor_data,2025-12-10 12:56:21.325
T7,AIN51,LoadCell,-0.13502083718776703,sensor_data,2025-12-10 12:56:21.325
T7,AIN0,LoadCell,-0.10758151859045029,sensor_data,2025-12-10 12:56:21.325
T7,AIN51,LoadCell,-0.12934373319149017,sensor_data,2025-12-10 12:56:21.325
T7,AIN0,LoadCell,-0.1041121855378151,sensor_data,2025-12-10 12:56:21.325
T7,AIN51,LoadCell,-0.12618979811668396,sensor_data,2025-12-10 12:56:21.325
T7,AIN0,LoadCell,-0.10442757606506348,sensor_data,2025-12-10 12:56:21.325
T7,AIN51,LoadCell,-0.1271359771490097,sensor_data,2025-12-10 12:56:21.325
T7,AIN0,LoadCell,-0.1072661280632019,sensor_data,2025-12-10 12:56:21.325
T7,AIN51,LoadCell,-0.1287129521369934,sensor_data,2025-12-10 12:56:21.325
T7,AIN0,LoadCell,-0.10758151859045029,sensor_data,2025-12-10 12:56:21.325
T7,AIN51,LoadCell,-0.12934373319149017,sensor_data,2025-12-10 12:56:21.325
T7,AIN0,LoadCell,-0.10947389155626297,sensor_data,2025-12-10 12:56:21.325
T7,AIN51,LoadCell,-0.13092070817947388,sensor_data,2025-12-10 12:56:21.325
T7,AIN0,LoadCell,-0.11105085909366608,sensor_data,2025-12-10 12:56:21.325
T7,AIN51,LoadCell,-0.13249768316745758,sensor_data,2025-12-10 12:56:21.325
T7,AIN0,LoadCell,-0.11199704557657242,sensor_data,2025-12-10 12:56:21.325
T7,AIN51,LoadCell,-0.13312846422195435,sensor_data,2025-12-10 12:56:21.325
T7,AIN0,LoadCell,-0.11199704557657242,sensor_data,2025-12-10 12:56:21.325
T7,AIN51,LoadCell,-0.13344386219978333,sensor_data,2025-12-10 12:56:21.325
T7,AIN0,LoadCell,-0.1123124361038208,sensor_data,2025-12-10 12:56:21.325
T7,AIN51,LoadCell,-0.13312846422195435,sensor_data,2025-12-10 12:56:21.325
T7,AIN0,LoadCell,-0.11357401311397552,sensor_data,2025-12-10 12:56:21.325
T7,AIN51,LoadCell,-0.13470543920993805,sensor_data,2025-12-10 12:56:21.325
T7,AIN0,LoadCell,-0.11483559012413025,sensor_data,2025-12-10 12:56:21.325
T7,AIN51,LoadCell,-0.13470543920993805,sensor_data,2025-12-10 12:56:21.325
T7,AIN0,LoadCell,-0.11546637862920761,sensor_data,2025-12-10 12:56:21.325
T7,AIN51,LoadCell,-0.13628241419792175,sensor_data,2025-12-10 12:56:21.325
T7,AIN0,LoadCell,-0.11515098810195923,sensor_data,2025-12-10 12:56:21.325
T7,AIN51,LoadCell,-0.13628241419792175,sensor_data,2025-12-10 12:56:21.325
T7,AIN0,LoadCell,-0.11609716713428497,sensor_data,2025-12-10 12:56:21.325
T7,AIN51,LoadCell,-0.13691319525241852,sensor_data,2025-12-10 12:56:21.325
T7,AIN0,LoadCell,-0.11578177660703659,sensor_data,2025-12-10 12:56:21.325
T7,AIN51,LoadCell,-0.13691319525241852,sensor_data,2025-12-10 12:56:21.325
T7,AIN0,LoadCell,-0.11672796308994293,sensor_data,2025-12-10 12:56:21.325
T7,AIN51,LoadCell,-0.13785938918590546,sensor_data,2025-12-10 12:56:21.325
T7,AIN0,LoadCell,-0.11672796308994293,sensor_data,2025-12-10 12:56:21.325
T7,AIN51,LoadCell,-0.13691319525241852,sensor_data,2025-12-10 12:56:21.325
T7,AIN0,LoadCell,-0.11262783408164978,sensor_data,2025-12-10 12:56:21.325
T7,AIN51,LoadCell,-0.13439004123210907,sensor_data,2025-12-10 12:56:21.325
T7,AIN0,LoadCell,-0.1123124361038208,sensor_data,2025-12-10 12:56:21.325
T7,AIN51,LoadCell,-0.13407465815544128,sensor_data,2025-12-10 12:56:21.325
T7,AIN0,LoadCell,-0.11546637862920761,sensor_data,2025-12-10 12:56:21.325
T7,AIN51,LoadCell,-0.13628241419792175,sensor_data,2025-12-10 12:56:21.325
T7,AIN0,LoadCell,-0.11767414212226868,sensor_data,2025-12-10 12:56:21.325
T7,AIN51,LoadCell,-0.13817477226257324,sensor_data,2025-12-10 12:56:21.325
T7,AIN0,LoadCell,-0.11830493062734604,sensor_data,2025-12-10 12:56:21.325
T7,AIN51,LoadCell,-0.1388055682182312,sensor_data,2025-12-10 12:56:21.325
T7,AIN0,LoadCell,-0.11862032860517502,sensor_data,2025-12-10 12:56:21.325
T7,AIN51,LoadCell,-0.13943634927272797,sensor_data,2025-12-10 12:56:21.325
T7,AIN0,LoadCell,-0.11830493062734604,sensor_data,2025-12-10 12:56:21.325
T7,AIN51,LoadCell,-0.1388055682182312,sensor_data,2025-12-10 12:56:21.325
T7,AIN0,LoadCell,-0.11798954010009766,sensor_data,2025-12-10 12:56:21.325
T7,AIN51,LoadCell,-0.13849017024040222,sensor_data,2025-12-10 12:56:21.325
T7,AIN0,LoadCell,-0.1173587515950203,sensor_data,2025-12-10 12:56:21.325
T7,AIN51,LoadCell,-0.13817477226257324,sensor_data,2025-12-10 12:56:21.325
T7,AIN0,LoadCell,-0.11798954010009766,sensor_data,2025-12-10 12:56:21.325
T7,AIN51,LoadCell,-0.13817477226257324,sensor_data,2025-12-10 12:56:21.325
T7,AIN0,LoadCell,-0.11767414212226868,sensor_data,2025-12-10 12:56:21.325
T7,AIN51,LoadCell,-0.13754399120807648,sensor_data,2025-12-10 12:56:21.325
T7,AIN0,LoadCell,-0.11767414212226868,sensor_data,2025-12-10 12:56:21.325
T7,AIN51,LoadCell,-0.13817477226257324,sensor_data,2025-12-10 12:56:21.325
T7,AIN0,LoadCell,-0.11830493062734604,sensor_data,2025-12-10 12:56:21.325
T7,AIN51,LoadCell,-0.1388055682182312,sensor_data,2025-12-10 12:56:21.325
T7,AIN0,LoadCell,-0.11798954010009766,sensor_data,2025-12-10 12:56:21.325
T7,AIN51,LoadCell,-0.13785938918590546,sensor_data,2025-12-10 12:56:21.325
T7,AIN0,LoadCell,-0.11767414212226868,sensor_data,2025-12-10 12:56:21.325
T7,AIN51,LoadCell,-0.13785938918590546,sensor_data,2025-12-10 12:56:21.325
T7,AIN0,LoadCell,-0.11798954010009766,sensor_data,2025-12-10 12:56:21.325
T7,AIN51,LoadCell,-0.13849017024040222,sensor_data,2025-12-10 12:56:21.325
T7,AIN0,LoadCell,-0.11798954010009766,sensor_data,2025-12-10 12:56:21.325
T7,AIN51,LoadCell,-0.13849017024040222,sensor_data,2025-12-10 12:56:21.325
T7,AIN0,LoadCell,-0.11641256511211395,sensor_data,2025-12-10 12:56:21.325
T7,AIN51,LoadCell,-0.1372285932302475,sensor_data,2025-12-10 12:56:21.325
T7,AIN0,LoadCell,-0.1138894110918045,sensor_data,2025-12-10 12:56:21.325
T7,AIN51,LoadCell,-0.13502083718776703,sensor_data,2025-12-10 12:56:21.325
T7,AIN0,LoadCell,-0.11420480161905289,sensor_data,2025-12-10 12:56:21.325
T7,AIN51,LoadCell,-0.1356516182422638,sensor_data,2025-12-10 12:56:21.325
T7,AIN0,LoadCell,-0.1173587515950203,sensor_data,2025-12-10 12:56:21.325
T7,AIN51,LoadCell,-0.13754399120807648,sensor_data,2025-12-10 12:56:21.325
T7,AIN0,LoadCell,-0.11925111711025238,sensor_data,2025-12-10 12:56:21.325
T7,AIN51,LoadCell,-0.13943634927272797,sensor_data,2025-12-10 12:56:21.325
T7,AIN0,LoadCell,-0.11925111711025238,sensor_data,2025-12-10 12:56:21.325
T7,AIN51,LoadCell,-0.1403825432062149,sensor_data,2025-12-10 12:56:21.325
T7,AIN0,LoadCell,-0.11862032860517502,sensor_data,2025-12-10 12:56:21.325
T7,AIN51,LoadCell,-0.13975174725055695,sensor_data,2025-12-10 12:56:21.325
T7,AIN0,LoadCell,-0.11830493062734604,sensor_data,2025-12-10 12:56:21.325
T7,AIN51,LoadCell,-0.13943634927272797,sensor_data,2025-12-10 12:56:21.325
T7,AIN0,LoadCell,-0.11830493062734604,sensor_data,2025-12-10 12:56:21.325
T7,AIN51,LoadCell,-0.13912096619606018,sensor_data,2025-12-10 12:56:21.325
T7,AIN0,LoadCell,-0.11925111711025238,sensor_data,2025-12-10 12:56:21.325
T7,AIN51,LoadCell,-0.13943634927272797,sensor_data,2025-12-10 12:56:21.325
T7,AIN0,LoadCell,-0.1189357191324234,sensor_data,2025-12-10 12:56:21.325
T7,AIN51,LoadCell,-0.13943634927272797,sensor_data,2025-12-10 12:56:21.325
T7,AIN0,LoadCell,-0.1189357191324234,sensor_data,2025-12-10 12:56:21.325
T7,AIN51,LoadCell,-0.1388055682182312,sensor_data,2025-12-10 12:56:21.325
T7,AIN0,LoadCell,-0.1173587515950203,sensor_data,2025-12-10 12:56:21.325
T7,AIN51,LoadCell,-0.13849017024040222,sensor_data,2025-12-10 12:56:21.325
T7,AIN0,LoadCell,-0.11704335361719131,sensor_data,2025-12-10 12:56:21.325
T7,AIN51,LoadCell,-0.13754399120807648,sensor_data,2025-12-10 12:56:21.325
T7,AIN0,LoadCell,-0.11798954010009766,sensor_data,2025-12-10 12:56:21.325
T7,AIN51,LoadCell,-0.13785938918590546,sensor_data,2025-12-10 12:56:21.325
T7,AIN0,LoadCell,-0.12272045016288757,sensor_data,2025-12-10 12:56:21.325
T7,AIN51,LoadCell,-0.14290569722652435,sensor_data,2025-12-10 12:56:21.325
T7,AIN0,LoadCell,-0.12808215618133545,sensor_data,2025-12-10 12:56:21.325
T7,AIN51,LoadCell,-0.14763660728931427,sensor_data,2025-12-10 12:56:21.325
T7,AIN0,LoadCell,-0.13028991222381592,sensor_data,2025-12-10 12:56:21.325
T7,AIN51,LoadCell,-0.14952898025512695,sensor_data,2025-12-10 12:56:21.325
T7,AIN0,LoadCell,-0.12965913116931915,sensor_data,2025-12-10 12:56:21.325
T7,AIN51,LoadCell,-0.148898184299469,sensor_data,2025-12-10 12:56:21.325
T7,AIN0,LoadCell,-0.12492821365594864,sensor_data,2025-12-10 12:56:21.325
T7,AIN51,LoadCell,-0.14511345326900482,sensor_data,2025-12-10 12:56:21.325
T7,AIN0,LoadCell,-0.12366663664579391,sensor_data,2025-12-10 12:56:21.325
T7,AIN51,LoadCell,-0.1438518762588501,sensor_data,2025-12-10 12:56:21.325
T7,AIN0,LoadCell,-0.12461282312870026,sensor_data,2025-12-10 12:56:21.325
T7,AIN51,LoadCell,-0.14479805529117584,sensor_data,2025-12-10 12:56:21.325
T7,AIN0,LoadCell,-0.12492821365594864,sensor_data,2025-12-10 12:56:21.325
T7,AIN51,LoadCell,-0.14416727423667908,sensor_data,2025-12-10 12:56:21.325
T7,AIN0,LoadCell,-0.12366663664579391,sensor_data,2025-12-10 12:56:21.325
T7,AIN51,LoadCell,-0.14353647828102112,sensor_data,2025-12-10 12:56:21.325
T7,AIN0,LoadCell,-0.12303584814071655,sensor_data,2025-12-10 12:56:21.325
T7,AIN51,LoadCell,-0.1422749012708664,sensor_data,2025-12-10 12:56:21.325
T7,AIN0,LoadCell,-0.12145887315273285,sensor_data,2025-12-10 12:56:21.325
T7,AIN51,LoadCell,-0.1419595181941986,sensor_data,2025-12-10 12:56:21.325
T7,AIN0,LoadCell,-0.11988190561532974,sensor_data,2025-12-10 12:56:21.325
T7,AIN51,LoadCell,-0.14006714522838593,sensor_data,2025-12-10 12:56:21.325
T7,AIN0,LoadCell,-0.11956650763750076,sensor_data,2025-12-10 12:56:21.325
T7,AIN51,LoadCell,-0.13943634927272797,sensor_data,2025-12-10 12:56:21.325
T7,AIN0,LoadCell,-0.11925111711025238,sensor_data,2025-12-10 12:56:21.325
T7,AIN51,LoadCell,-0.13943634927272797,sensor_data,2025-12-10 12:56:21.325
T7,AIN0,LoadCell,-0.11862032860517502,sensor_data,2025-12-10 12:56:21.325
T7,AIN51,LoadCell,-0.13912096619606018,sensor_data,2025-12-10 12:56:21.325
T7,AIN0,LoadCell,-0.1189357191324234,sensor_data,2025-12-10 12:56:21.325
T7,AIN51,LoadCell,-0.13912096619606018,sensor_data,2025-12-10 12:56:21.325
T7,AIN0,LoadCell,-0.1189357191324234,sensor_data,2025-12-10 12:56:21.325
T7,AIN51,LoadCell,-0.13912096619606018,sensor_data,2025-12-10 12:56:21.325
T7,AIN0,LoadCell,-0.11925111711025238,sensor_data,2025-12-10 12:56:21.325
T7,AIN51,LoadCell,-0.13975174725055695,sensor_data,2025-12-10 12:56:21.325
T7,AIN0,LoadCell,-0.11862032860517502,sensor_data,2025-12-10 12:56:21.325
T7,AIN51,LoadCell,-0.13975174725055695,sensor_data,2025-12-10 12:56:21.325
T7,AIN0,LoadCell,-0.11830493062734604,sensor_data,2025-12-10 12:56:21.325
T7,AIN51,LoadCell,-0.1388055682182312,sensor_data,2025-12-10 12:56:21.325
T7,AIN0,LoadCell,-0.11767414212226868,sensor_data,2025-12-10 12:56:21.325
T7,AIN51,LoadCell,-0.13785938918590546,sensor_data,2025-12-10 12:56:21.325
T7,AIN0,LoadCell,-0.11641256511211395,sensor_data,2025-12-10 12:56:21.325
T7,AIN51,LoadCell,-0.13659781217575073,sensor_data,2025-12-10 12:56:21.325
T7,AIN0,LoadCell,-0.11262783408164978,sensor_data,2025-12-10 12:56:21.325
T7,AIN51,LoadCell,-0.1337592601776123,sensor_data,2025-12-10 12:56:21.325
T7,AIN0,LoadCell,-0.11294322460889816,sensor_data,2025-12-10 12:56:21.325
T7,AIN51,LoadCell,-0.1337592601776123,sensor_data,2025-12-10 12:56:21.325
T7,AIN0,LoadCell,-0.11452019959688187,sensor_data,2025-12-10 12:56:21.325
T7,AIN51,LoadCell,-0.1356516182422638,sensor_data,2025-12-10 12:56:21.325
T7,AIN0,LoadCell,-0.11515098810195923,sensor_data,2025-12-10 12:56:21.325
T7,AIN51,LoadCell,-0.1356516182422638,sensor_data,2025-12-10 12:56:21.325
T7,AIN0,LoadCell,-0.11546637862920761,sensor_data,2025-12-10 12:56:21.325
T7,AIN51,LoadCell,-0.13596701622009277,sensor_data,2025-12-10 12:56:21.325
T7,AIN0,LoadCell,-0.11578177660703659,sensor_data,2025-12-10 12:56:21.325
T7,AIN51,LoadCell,-0.13628241419792175,sensor_data,2025-12-10 12:56:21.325
T7,AIN0,LoadCell,-0.11641256511211395,sensor_data,2025-12-10 12:56:21.325
T7,AIN51,LoadCell,-0.13691319525241852,sensor_data,2025-12-10 12:56:21.325
T7,AIN0,LoadCell,-0.11641256511211395,sensor_data,2025-12-10 12:56:21.325
T7,AIN51,LoadCell,-0.1372285932302475,sensor_data,2025-12-10 12:56:21.325
T7,AIN0,LoadCell,-0.11609716713428497,sensor_data,2025-12-10 12:56:21.325
T7,AIN51,LoadCell,-0.13691319525241852,sensor_data,2025-12-10 12:56:21.325
T7,AIN0,LoadCell,-0.11578177660703659,sensor_data,2025-12-10 12:56:21.325
T7,AIN51,LoadCell,-0.13659781217575073,sensor_data,2025-12-10 12:56:21.325
T7,AIN0,LoadCell,-0.11672796308994293,sensor_data,2025-12-10 12:56:21.325
T7,AIN51,LoadCell,-0.1372285932302475,sensor_data,2025-12-10 12:56:21.325
T7,AIN0,LoadCell,-0.1173587515950203,sensor_data,2025-12-10 12:56:21.325
T7,AIN51,LoadCell,-0.13754399120807648,sensor_data,2025-12-10 12:56:21.325
T7,AIN0,LoadCell,-0.1173587515950203,sensor_data,2025-12-10 12:56:21.325
T7,AIN51,LoadCell,-0.13785938918590546,sensor_data,2025-12-10 12:56:21.325
T7,AIN0,LoadCell,-0.1173587515950203,sensor_data,2025-12-10 12:56:21.325
T7,AIN51,LoadCell,-0.13817477226257324,sensor_data,2025-12-10 12:56:21.325
T7,AIN0,LoadCell,-0.11767414212226868,sensor_data,2025-12-10 12:56:21.325
T7,AIN51,LoadCell,-0.13849017024040222,sensor_data,2025-12-10 12:56:21.325
T7,AIN0,LoadCell,-0.11798954010009766,sensor_data,2025-12-10 12:56:21.325
T7,AIN51,LoadCell,-0.13817477226257324,sensor_data,2025-12-10 12:56:21.325
T7,AIN0,LoadCell,-0.1173587515950203,sensor_data,2025-12-10 12:56:21.325
T7,AIN51,LoadCell,-0.13817477226257324,sensor_data,2025-12-10 12:56:21.325
T7,AIN0,LoadCell,-0.11515098810195923,sensor_data,2025-12-10 12:56:21.325
T7,AIN51,LoadCell,-0.13596701622009277,sensor_data,2025-12-10 12:56:21.325
T7,AIN0,LoadCell,-0.11168164759874344,sensor_data,2025-12-10 12:56:21.325
T7,AIN51,LoadCell,-0.13281308114528656,sensor_data,2025-12-10 12:56:21.325
T7,AIN0,LoadCell,-0.11199704557657242,sensor_data,2025-12-10 12:56:21.325
T7,AIN51,LoadCell,-0.13312846422195435,sensor_data,2025-12-10 12:56:21.325
T7,AIN0,LoadCell,-0.11452019959688187,sensor_data,2025-12-10 12:56:21.325
T7,AIN51,LoadCell,-0.13470543920993805,sensor_data,2025-12-10 12:56:21.325
T7,AIN0,LoadCell,-0.11578177660703659,sensor_data,2025-12-10 12:56:21.325
T7,AIN51,LoadCell,-0.13659781217575073,sensor_data,2025-12-10 12:56:21.325
T7,AIN0,LoadCell,-0.11641256511211395,sensor_data,2025-12-10 12:56:21.325
T7,AIN51,LoadCell,-0.1372285932302475,sensor_data,2025-12-10 12:56:21.325
T7,AIN0,LoadCell,-0.11704335361719131,sensor_data,2025-12-10 12:56:21.325
T7,AIN51,LoadCell,-0.13754399120807648,sensor_data,2025-12-10 12:56:21.325
T7,AIN0,LoadCell,-0.11704335361719131,sensor_data,2025-12-10 12:56:21.325
T7,AIN51,LoadCell,-0.1372285932302475,sensor_data,2025-12-10 12:56:21.325
T7,AIN0,LoadCell,-0.1173587515950203,sensor_data,2025-12-10 12:56:21.325
T7,AIN51,LoadCell,-0.13785938918590546,sensor_data,2025-12-10 12:56:21.325
T7,AIN0,LoadCell,-0.1173587515950203,sensor_data,2025-12-10 12:56:21.325
T7,AIN51,LoadCell,-0.13754399120807648,sensor_data,2025-12-10 12:56:21.325
T7,AIN0,LoadCell,-0.11798954010009766,sensor_data,2025-12-10 12:56:21.325
T7,AIN51,LoadCell,-0.13849017024040222,sensor_data,2025-12-10 12:56:21.325
T7,AIN0,LoadCell,-0.11262783408164978,sensor_data,2025-12-10 12:56:21.325
T7,AIN51,LoadCell,-0.13407465815544128,sensor_data,2025-12-10 12:56:21.325
T7,AIN0,LoadCell,-0.10789691656827927,sensor_data,2025-12-10 12:56:21.325
T7,AIN51,LoadCell,-0.12965913116931915,sensor_data,2025-12-10 12:56:21.325
T7,AIN0,LoadCell,-0.10631994158029556,sensor_data,2025-12-10 12:56:21.325
T7,AIN51,LoadCell,-0.12839755415916443,sensor_data,2025-12-10 12:56:21.325
T7,AIN0,LoadCell,-0.10600455105304718,sensor_data,2025-12-10 12:56:21.325
T7,AIN51,LoadCell,-0.12808215618133545,sensor_data,2025-12-10 12:56:21.325
T7,AIN0,LoadCell,-0.10663533955812454,sensor_data,2025-12-10 12:56:21.325
T7,AIN51,LoadCell,-0.12839755415916443,sensor_data,2025-12-10 12:56:21.325
T7,AIN0,LoadCell,-0.10852770507335663,sensor_data,2025-12-10 12:56:21.325
T7,AIN51,LoadCell,-0.12934373319149017,sensor_data,2025-12-10 12:56:21.325
T7,AIN0,LoadCell,-0.10947389155626297,sensor_data,2025-12-10 12:56:21.325
T7,AIN51,LoadCell,-0.13092070817947388,sensor_data,2025-12-10 12:56:21.325
T7,AIN0,LoadCell,-0.10915849357843399,sensor_data,2025-12-10 12:56:21.325
T7,AIN51,LoadCell,-0.1306053102016449,sensor_data,2025-12-10 12:56:21.325
T7,AIN0,LoadCell,-0.1072661280632019,sensor_data,2025-12-10 12:56:21.325
T7,AIN51,LoadCell,-0.1290283352136612,sensor_data,2025-12-10 12:56:21.325
T7,AIN0,LoadCell,-0.10852770507335663,sensor_data,2025-12-10 12:56:21.325
T7,AIN51,LoadCell,-0.12997452914714813,sensor_data,2025-12-10 12:56:21.325
T7,AIN0,LoadCell,-0.11168164759874344,sensor_data,2025-12-10 12:56:21.325
T7,AIN51,LoadCell,-0.1321822851896286,sensor_data,2025-12-10 12:56:21.325
T7,AIN0,LoadCell,-0.11420480161905289,sensor_data,2025-12-10 12:56:21.325
T7,AIN51,LoadCell,-0.13439004123210907,sensor_data,2025-12-10 12:56:21.325
T7,AIN0,LoadCell,-0.11546637862920761,sensor_data,2025-12-10 12:56:21.325
T7,AIN51,LoadCell,-0.13596701622009277,sensor_data,2025-12-10 12:56:21.325
T7,AIN0,LoadCell,-0.11641256511211395,sensor_data,2025-12-10 12:56:21.325
T7,AIN51,LoadCell,-0.13754399120807648,sensor_data,2025-12-10 12:56:21.325
T7,AIN0,LoadCell,-0.11672796308994293,sensor_data,2025-12-10 12:56:21.325
T7,AIN51,LoadCell,-0.13754399120807648,sensor_data,2025-12-10 12:56:21.325
T7,AIN0,LoadCell,-0.1173587515950203,sensor_data,2025-12-10 12:56:21.325
T7,AIN51,LoadCell,-0.13785938918590546,sensor_data,2025-12-10 12:56:21.325
T7,AIN0,LoadCell,-0.11862032860517502,sensor_data,2025-12-10 12:56:21.325
T7,AIN51,LoadCell,-0.13912096619606018,sensor_data,2025-12-10 12:56:21.325
T7,AIN0,LoadCell,-0.11862032860517502,sensor_data,2025-12-10 12:56:21.325
T7,AIN51,LoadCell,-0.13912096619606018,sensor_data,2025-12-10 12:56:21.325
T7,AIN0,LoadCell,-0.11862032860517502,sensor_data,2025-12-10 12:56:21.325
T7,AIN51,LoadCell,-0.1388055682182312,sensor_data,2025-12-10 12:56:21.325
T7,AIN0,LoadCell,-0.11830493062734604,sensor_data,2025-12-10 12:56:21.325
T7,AIN51,LoadCell,-0.1388055682182312,sensor_data,2025-12-10 12:56:21.325
T7,AIN0,LoadCell,-0.11767414212226868,sensor_data,2025-12-10 12:56:21.325
T7,AIN51,LoadCell,-0.1388055682182312,sensor_data,2025-12-10 12:56:21.325
T7,AIN0,LoadCell,-0.1173587515950203,sensor_data,2025-12-10 12:56:21.325
T7,AIN51,LoadCell,-0.13817477226257324,sensor_data,2025-12-10 12:56:21.325
T7,AIN0,LoadCell,-0.11704335361719131,sensor_data,2025-12-10 12:56:21.325
T7,AIN51,LoadCell,-0.13754399120807648,sensor_data,2025-12-10 12:56:21.325
T7,AIN0,LoadCell,-0.1173587515950203,sensor_data,2025-12-10 12:56:21.325
T7,AIN51,LoadCell,-0.13785938918590546,sensor_data,2025-12-10 12:56:21.325
T7,AIN0,LoadCell,-0.11672796308994293,sensor_data,2025-12-10 12:56:21.325
T7,AIN51,LoadCell,-0.13691319525241852,sensor_data,2025-12-10 12:56:21.325
T7,AIN0,LoadCell,-0.11483559012413025,sensor_data,2025-12-10 12:56:21.325
T7,AIN51,LoadCell,-0.1356516182422638,sensor_data,2025-12-10 12:56:21.325
T7,AIN0,LoadCell,-0.11136625707149506,sensor_data,2025-12-10 12:56:21.325
T7,AIN51,LoadCell,-0.13249768316745758,sensor_data,2025-12-10 12:56:21.325
T7,AIN0,LoadCell,-0.1123124361038208,sensor_data,2025-12-10 12:56:21.325
T7,AIN51,LoadCell,-0.1337592601776123,sensor_data,2025-12-10 12:56:21.325
T7,AIN0,LoadCell,-0.11483559012413025,sensor_data,2025-12-10 12:56:21.325
T7,AIN51,LoadCell,-0.13596701622009277,sensor_data,2025-12-10 12:56:21.325
T7,AIN0,LoadCell,-0.11672796308994293,sensor_data,2025-12-10 12:56:21.325
T7,AIN51,LoadCell,-0.13754399120807648,sensor_data,2025-12-10 12:56:21.325
T7,AIN0,LoadCell,-0.11767414212226868,sensor_data,2025-12-10 12:56:21.325
T7,AIN51,LoadCell,-0.13849017024040222,sensor_data,2025-12-10 12:56:21.325
T7,AIN0,LoadCell,-0.11767414212226868,sensor_data,2025-12-10 12:56:21.325
T7,AIN51,LoadCell,-0.13817477226257324,sensor_data,2025-12-10 12:56:21.325
T7,AIN0,LoadCell,-0.11862032860517502,sensor_data,2025-12-10 12:56:21.325
T7,AIN51,LoadCell,-0.1388055682182312,sensor_data,2025-12-10 12:56:21.325
T7,AIN0,LoadCell,-0.11862032860517502,sensor_data,2025-12-10 12:56:21.325
T7,AIN51,LoadCell,-0.13943634927272797,sensor_data,2025-12-10 12:56:21.325
T7,AIN0,LoadCell,-0.11830493062734604,sensor_data,2025-12-10 12:56:21.325
T7,AIN51,LoadCell,-0.13943634927272797,sensor_data,2025-12-10 12:56:21.325
T7,AIN0,LoadCell,-0.11862032860517502,sensor_data,2025-12-10 12:56:21.325
T7,AIN51,LoadCell,-0.13943634927272797,sensor_data,2025-12-10 12:56:21.325
T7,AIN0,LoadCell,-0.11830493062734604,sensor_data,2025-12-10 12:56:21.325
T7,AIN51,LoadCell,-0.13912096619606018,sensor_data,2025-12-10 12:56:21.325
T7,AIN0,LoadCell,-0.11767414212226868,sensor_data,2025-12-10 12:56:21.325
T7,AIN51,LoadCell,-0.1388055682182312,sensor_data,2025-12-10 12:56:21.325
T7,AIN0,LoadCell,-0.11767414212226868,sensor_data,2025-12-10 12:56:21.325
T7,AIN51,LoadCell,-0.13849017024040222,sensor_data,2025-12-10 12:56:21.325
T7,AIN0,LoadCell,-0.1173587515950203,sensor_data,2025-12-10 12:56:21.325
T7,AIN51,LoadCell,-0.13817477226257324,sensor_data,2025-12-10 12:56:21.325
T7,AIN0,LoadCell,-0.11641256511211395,sensor_data,2025-12-10 12:56:21.325
T7,AIN51,LoadCell,-0.13754399120807648,sensor_data,2025-12-10 12:56:21.325
T7,AIN0,LoadCell,-0.11609716713428497,sensor_data,2025-12-10 12:56:21.325
T7,AIN51,LoadCell,-0.13628241419792175,sensor_data,2025-12-10 12:56:21.325
T7,AIN0,LoadCell,-0.11578177660703659,sensor_data,2025-12-10 12:56:21.325
T7,AIN51,LoadCell,-0.13659781217575073,sensor_data,2025-12-10 12:56:21.325
T7,AIN0,LoadCell,-0.11420480161905289,sensor_data,2025-12-10 12:56:21.325
T7,AIN51,LoadCell,-0.13502083718776703,sensor_data,2025-12-10 12:56:21.325
T7,AIN0,LoadCell,-0.11199704557657242,sensor_data,2025-12-10 12:56:21.325
T7,AIN51,LoadCell,-0.13281308114528656,sensor_data,2025-12-10 12:56:21.325
T7,AIN0,LoadCell,-0.11262783408164978,sensor_data,2025-12-10 12:56:21.325
T7,AIN51,LoadCell,-0.1337592601776123,sensor_data,2025-12-10 12:56:21.325
T7,AIN0,LoadCell,-0.11483559012413025,sensor_data,2025-12-10 12:56:21.325
T7,AIN51,LoadCell,-0.1356516182422638,sensor_data,2025-12-10 12:56:21.325
T7,AIN0,LoadCell,-0.11578177660703659,sensor_data,2025-12-10 12:56:21.325
T7,AIN51,LoadCell,-0.13691319525241852,sensor_data,2025-12-10 12:56:21.325
T7,AIN0,LoadCell,-0.11704335361719131,sensor_data,2025-12-10 12:56:21.325
T7,AIN51,LoadCell,-0.1372285932302475,sensor_data,2025-12-10 12:56:21.325
T7,AIN0,LoadCell,-0.11704335361719131,sensor_data,2025-12-10 12:56:21.325
T7,AIN51,LoadCell,-0.13785938918590546,sensor_data,2025-12-10 12:56:21.325
T7,AIN0,LoadCell,-0.12272045016288757,sensor_data,2025-12-10 12:56:21.325
T7,AIN51,LoadCell,-0.14259029924869537,sensor_data,2025-12-10 12:56:21.325
T7,AIN0,LoadCell,-0.12839755415916443,sensor_data,2025-12-10 12:56:21.325
T7,AIN51,LoadCell,-0.1473212093114853,sensor_data,2025-12-10 12:56:21.325
T7,AIN0,LoadCell,-0.1287129521369934,sensor_data,2025-12-10 12:56:21.325
T7,AIN51,LoadCell,-0.14858278632164001,sensor_data,2025-12-10 12:56:21.325
T7,AIN0,LoadCell,-0.12934373319149017,sensor_data,2025-12-10 12:56:21.325
T7,AIN51,LoadCell,-0.148898184299469,sensor_data,2025-12-10 12:56:21.325
T7,AIN0,LoadCell,-0.12745137512683868,sensor_data,2025-12-10 12:56:21.325
T7,AIN51,LoadCell,-0.14763660728931427,sensor_data,2025-12-10 12:56:21.325
T7,AIN0,LoadCell,-0.12618979811668396,sensor_data,2025-12-10 12:56:21.325
T7,AIN51,LoadCell,-0.14637503027915955,sensor_data,2025-12-10 12:56:21.325
T7,AIN0,LoadCell,-0.12492821365594864,sensor_data,2025-12-10 12:56:21.325
T7,AIN51,LoadCell,-0.14448267221450806,sensor_data,2025-12-10 12:56:21.325
T7,AIN0,LoadCell,-0.12240505963563919,sensor_data,2025-12-10 12:56:21.325
T7,AIN51,LoadCell,-0.14259029924869537,sensor_data,2025-12-10 12:56:21.325
T7,AIN0,LoadCell,-0.12114348262548447,sensor_data,2025-12-10 12:56:21.325
T7,AIN51,LoadCell,-0.14101332426071167,sensor_data,2025-12-10 12:56:21.325
T7,AIN0,LoadCell,-0.11956650763750076,sensor_data,2025-12-10 12:56:21.325
T7,AIN51,LoadCell,-0.13943634927272797,sensor_data,2025-12-10 12:56:21.325
T7,AIN0,LoadCell,-0.11956650763750076,sensor_data,2025-12-10 12:56:21.325
T7,AIN51,LoadCell,-0.13943634927272797,sensor_data,2025-12-10 12:56:21.325
T7,AIN0,LoadCell,-0.11641256511211395,sensor_data,2025-12-10 12:56:21.325
T7,AIN51,LoadCell,-0.1372285932302475,sensor_data,2025-12-10 12:56:21.325
T7,AIN0,LoadCell,-0.1123124361038208,sensor_data,2025-12-10 12:56:21.325
T7,AIN51,LoadCell,-0.13312846422195435,sensor_data,2025-12-10 12:56:21.325
T7,AIN0,LoadCell,-0.11199704557657242,sensor_data,2025-12-10 12:56:21.325
T7,AIN51,LoadCell,-0.13344386219978333,sensor_data,2025-12-10 12:56:21.325
T7,AIN0,LoadCell,-0.11483559012413025,sensor_data,2025-12-10 12:56:21.325
T7,AIN51,LoadCell,-0.13502083718776703,sensor_data,2025-12-10 12:56:21.325
T7,AIN0,LoadCell,-0.11704335361719131,sensor_data,2025-12-10 12:56:21.325
T7,AIN51,LoadCell,-0.13754399120807648,sensor_data,2025-12-10 12:56:21.325
T7,AIN0,LoadCell,-0.11830493062734604,sensor_data,2025-12-10 12:56:21.325
T7,AIN51,LoadCell,-0.1388055682182312,sensor_data,2025-12-10 12:56:21.325
T7,AIN0,LoadCell,-0.11925111711025238,sensor_data,2025-12-10 12:56:21.325
T7,AIN51,LoadCell,-0.13943634927272797,sensor_data,2025-12-10 12:56:21.325
T7,AIN0,LoadCell,-0.11956650763750076,sensor_data,2025-12-10 12:56:21.325
T7,AIN51,LoadCell,-0.13943634927272797,sensor_data,2025-12-10 12:56:21.325
T7,AIN0,LoadCell,-0.1189357191324234,sensor_data,2025-12-10 12:56:21.325
T7,AIN51,LoadCell,-0.13943634927272797,sensor_data,2025-12-10 12:56:21.325
T7,AIN0,LoadCell,-0.11830493062734604,sensor_data,2025-12-10 12:56:21.325
T7,AIN51,LoadCell,-0.1388055682182312,sensor_data,2025-12-10 12:56:21.325
T7,AIN0,LoadCell,-0.11767414212226868,sensor_data,2025-12-10 12:56:21.325
T7,AIN51,LoadCell,-0.13785938918590546,sensor_data,2025-12-10 12:56:21.325
T7,AIN0,LoadCell,-0.11704335361719131,sensor_data,2025-12-10 12:56:21.325
T7,AIN51,LoadCell,-0.13754399120807648,sensor_data,2025-12-10 12:56:21.325
T7,AIN0,LoadCell,-0.11767414212226868,sensor_data,2025-12-10 12:56:21.325
T7,AIN51,LoadCell,-0.13785938918590546,sensor_data,2025-12-10 12:56:21.325
T7,AIN0,LoadCell,-0.11641256511211395,sensor_data,2025-12-10 12:56:21.325
T7,AIN51,LoadCell,-0.13754399120807648,sensor_data,2025-12-10 12:56:21.325
T7,AIN0,LoadCell,-0.11578177660703659,sensor_data,2025-12-10 12:56:21.325
T7,AIN51,LoadCell,-0.13628241419792175,sensor_data,2025-12-10 12:56:21.325
T7,AIN0,LoadCell,-0.11515098810195923,sensor_data,2025-12-10 12:56:21.325
T7,AIN51,LoadCell,-0.13628241419792175,sensor_data,2025-12-10 12:56:21.325
T7,AIN0,LoadCell,-0.11546637862920761,sensor_data,2025-12-10 12:56:21.325
T7,AIN51,LoadCell,-0.13659781217575073,sensor_data,2025-12-10 12:56:21.325
T7,AIN0,LoadCell,-0.11609716713428497,sensor_data,2025-12-10 12:56:21.325
T7,AIN51,LoadCell,-0.13659781217575073,sensor_data,2025-12-10 12:56:21.325
T7,AIN0,LoadCell,-0.11420480161905289,sensor_data,2025-12-10 12:56:21.325
T7,AIN51,LoadCell,-0.13502083718776703,sensor_data,2025-12-10 12:56:21.325
T7,AIN0,LoadCell,-0.11199704557657242,sensor_data,2025-12-10 12:56:21.325
T7,AIN51,LoadCell,-0.13344386219978333,sensor_data,2025-12-10 12:56:21.325
T7,AIN0,LoadCell,-0.1123124361038208,sensor_data,2025-12-10 12:56:21.325
T7,AIN51,LoadCell,-0.13344386219978333,sensor_data,2025-12-10 12:56:21.325
T7,AIN0,LoadCell,-0.11483559012413025,sensor_data,2025-12-10 12:56:21.325
T7,AIN51,LoadCell,-0.13502083718776703,sensor_data,2025-12-10 12:56:21.325
T7,AIN0,LoadCell,-0.11609716713428497,sensor_data,2025-12-10 12:56:21.325
T7,AIN51,LoadCell,-0.13628241419792175,sensor_data,2025-12-10 12:56:21.325
T7,AIN0,LoadCell,-0.11704335361719131,sensor_data,2025-12-10 12:56:21.325
T7,AIN51,LoadCell,-0.13754399120807648,sensor_data,2025-12-10 12:56:21.325
T7,AIN0,LoadCell,-0.1173587515950203,sensor_data,2025-12-10 12:56:21.325
T7,AIN51,LoadCell,-0.13785938918590546,sensor_data,2025-12-10 12:56:21.325
T7,AIN0,LoadCell,-0.1173587515950203,sensor_data,2025-12-10 12:56:21.325
T7,AIN51,LoadCell,-0.13817477226257324,sensor_data,2025-12-10 12:56:21.325
T7,AIN0,LoadCell,-0.1173587515950203,sensor_data,2025-12-10 12:56:21.325
T7,AIN51,LoadCell,-0.13817477226257324,sensor_data,2025-12-10 12:56:21.325
T7,AIN0,LoadCell,-0.11672796308994293,sensor_data,2025-12-10 12:56:21.325
T7,AIN51,LoadCell,-0.1372285932302475,sensor_data,2025-12-10 12:56:21.325
T7,AIN0,LoadCell,-0.11704335361719131,sensor_data,2025-12-10 12:56:21.325
T7,AIN51,LoadCell,-0.13754399120807648,sensor_data,2025-12-10 12:56:21.325
T7,AIN0,LoadCell,-0.11672796308994293,sensor_data,2025-12-10 12:56:21.325
T7,AIN51,LoadCell,-0.1372285932302475,sensor_data,2025-12-10 12:56:21.325
T7,AIN0,LoadCell,-0.11546637862920761,sensor_data,2025-12-10 12:56:21.325
T7,AIN51,LoadCell,-0.13659781217575073,sensor_data,2025-12-10 12:56:21.325
T7,AIN0,LoadCell,-0.11515098810195923,sensor_data,2025-12-10 12:56:21.325
T7,AIN51,LoadCell,-0.1356516182422638,sensor_data,2025-12-10 12:56:21.325
T7,AIN0,LoadCell,-0.11483559012413025,sensor_data,2025-12-10 12:56:21.325
T7,AIN51,LoadCell,-0.13596701622009277,sensor_data,2025-12-10 12:56:21.325
T7,AIN0,LoadCell,-0.11546637862920761,sensor_data,2025-12-10 12:56:21.325
T7,AIN51,LoadCell,-0.13596701622009277,sensor_data,2025-12-10 12:56:21.325
T7,AIN0,LoadCell,-0.11546637862920761,sensor_data,2025-12-10 12:56:21.325
T7,AIN51,LoadCell,-0.13628241419792175,sensor_data,2025-12-10 12:56:21.325
T7,AIN0,LoadCell,-0.11641256511211395,sensor_data,2025-12-10 12:56:21.325
T7,AIN51,LoadCell,-0.13628241419792175,sensor_data,2025-12-10 12:56:21.325
T7,AIN0,LoadCell,-0.11420480161905289,sensor_data,2025-12-10 12:56:21.325
T7,AIN51,LoadCell,-0.13502083718776703,sensor_data,2025-12-10 12:56:21.325
T7,AIN0,LoadCell,-0.11168164759874344,sensor_data,2025-12-10 12:56:21.325
T7,AIN51,LoadCell,-0.13249768316745758,sensor_data,2025-12-10 12:56:21.325
T7,AIN0,LoadCell,-0.11325862258672714,sensor_data,2025-12-10 12:56:21.325
T7,AIN51,LoadCell,-0.13344386219978333,sensor_data,2025-12-10 12:56:21.325
T7,AIN0,LoadCell,-0.11136625707149506,sensor_data,2025-12-10 12:56:21.325
T7,AIN51,LoadCell,-0.13281308114528656,sensor_data,2025-12-10 12:56:21.325
T7,AIN0,LoadCell,-0.10852770507335663,sensor_data,2025-12-10 12:56:21.325
T7,AIN51,LoadCell,-0.12997452914714813,sensor_data,2025-12-10 12:56:21.325
T7,AIN0,LoadCell,-0.1072661280632019,sensor_data,2025-12-10 12:56:21.325
T7,AIN51,LoadCell,-0.12965913116931915,sensor_data,2025-12-10 12:56:21.325
T7,AIN0,LoadCell,-0.1072661280632019,sensor_data,2025-12-10 12:56:21.325
T7,AIN51,LoadCell,-0.1290283352136612,sensor_data,2025-12-10 12:56:21.325
T7,AIN0,LoadCell,-0.10821230709552765,sensor_data,2025-12-10 12:56:21.325
T7,AIN51,LoadCell,-0.12997452914714813,sensor_data,2025-12-10 12:56:21.325
T7,AIN0,LoadCell,-0.10915849357843399,sensor_data,2025-12-10 12:56:21.325
T7,AIN51,LoadCell,-0.12997452914714813,sensor_data,2025-12-10 12:56:21.325
T7,AIN0,LoadCell,-0.11010468006134033,sensor_data,2025-12-10 12:56:21.325
T7,AIN51,LoadCell,-0.13186688721179962,sensor_data,2025-12-10 12:56:21.325
T7,AIN0,LoadCell,-0.11105085909366608,sensor_data,2025-12-10 12:56:21.325
T7,AIN51,LoadCell,-0.1321822851896286,sensor_data,2025-12-10 12:56:21.325
T7,AIN0,LoadCell,-0.11168164759874344,sensor_data,2025-12-10 12:56:21.325
T7,AIN51,LoadCell,-0.13281308114528656,sensor_data,2025-12-10 12:56:21.325
T7,AIN0,LoadCell,-0.1123124361038208,sensor_data,2025-12-10 12:56:21.325
T7,AIN51,LoadCell,-0.13344386219978333,sensor_data,2025-12-10 12:56:21.325
T7,AIN0,LoadCell,-0.11325862258672714,sensor_data,2025-12-10 12:56:21.325
T7,AIN51,LoadCell,-0.1337592601776123,sensor_data,2025-12-10 12:56:21.325
T7,AIN0,LoadCell,-0.11420480161905289,sensor_data,2025-12-10 12:56:21.325
T7,AIN51,LoadCell,-0.13439004123210907,sensor_data,2025-12-10 12:56:21.325
T7,AIN0,LoadCell,-0.11420480161905289,sensor_data,2025-12-10 12:56:21.325
T7,AIN51,LoadCell,-0.13502083718776703,sensor_data,2025-12-10 12:56:21.325
T7,AIN0,LoadCell,-0.11483559012413025,sensor_data,2025-12-10 12:56:21.325
T7,AIN51,LoadCell,-0.13596701622009277,sensor_data,2025-12-10 12:56:21.325
T7,AIN0,LoadCell,-0.11452019959688187,sensor_data,2025-12-10 12:56:21.325
T7,AIN51,LoadCell,-0.1356516182422638,sensor_data,2025-12-10 12:56:21.325
T7,AIN0,LoadCell,-0.11357401311397552,sensor_data,2025-12-10 12:56:21.325
T7,AIN51,LoadCell,-0.13439004123210907,sensor_data,2025-12-10 12:56:21.325
T7,AIN0,LoadCell,-0.11136625707149506,sensor_data,2025-12-10 12:56:21.325
T7,AIN51,LoadCell,-0.13312846422195435,sensor_data,2025-12-10 12:56:21.325
T7,AIN0,LoadCell,-0.1123124361038208,sensor_data,2025-12-10 12:56:21.325
T7,AIN51,LoadCell,-0.1337592601776123,sensor_data,2025-12-10 12:56:21.325
T7,AIN0,LoadCell,-0.11515098810195923,sensor_data,2025-12-10 12:56:21.325
T7,AIN51,LoadCell,-0.1356516182422638,sensor_data,2025-12-10 12:56:21.325
T7,AIN0,LoadCell,-0.11672796308994293,sensor_data,2025-12-10 12:56:21.325
T7,AIN51,LoadCell,-0.13691319525241852,sensor_data,2025-12-10 12:56:21.325
T7,AIN0,LoadCell,-0.11704335361719131,sensor_data,2025-12-10 12:56:21.325
T7,AIN51,LoadCell,-0.1372285932302475,sensor_data,2025-12-10 12:56:21.325
T7,AIN0,LoadCell,-0.11704335361719131,sensor_data,2025-12-10 12:56:21.325
T7,AIN51,LoadCell,-0.13849017024040222,sensor_data,2025-12-10 12:56:21.325
T7,AIN0,LoadCell,-0.11672796308994293,sensor_data,2025-12-10 12:56:21.325
T7,AIN51,LoadCell,-0.13754399120807648,sensor_data,2025-12-10 12:56:21.325
T7,AIN0,LoadCell,-0.11672796308994293,sensor_data,2025-12-10 12:56:21.325
T7,AIN51,LoadCell,-0.13785938918590546,sensor_data,2025-12-10 12:56:21.325
T7,AIN0,LoadCell,-0.11641256511211395,sensor_data,2025-12-10 12:56:21.325
T7,AIN51,LoadCell,-0.13785938918590546,sensor_data,2025-12-10 12:56:21.325
T7,AIN0,LoadCell,-0.11641256511211395,sensor_data,2025-12-10 12:56:21.325
T7,AIN51,LoadCell,-0.13659781217575073,sensor_data,2025-12-10 12:56:21.325
T7,AIN0,LoadCell,-0.11515098810195923,sensor_data,2025-12-10 12:56:21.325
T7,AIN51,LoadCell,-0.13628241419792175,sensor_data,2025-12-10 12:56:21.325
T7,AIN0,LoadCell,-0.11609716713428497,sensor_data,2025-12-10 12:56:21.325
T7,AIN51,LoadCell,-0.13628241419792175,sensor_data,2025-12-10 12:56:21.325
T7,AIN0,LoadCell,-0.11578177660703659,sensor_data,2025-12-10 12:56:21.325
T7,AIN51,LoadCell,-0.13659781217575073,sensor_data,2025-12-10 12:56:21.325
T7,AIN0,LoadCell,-0.11609716713428497,sensor_data,2025-12-10 12:56:21.325
T7,AIN51,LoadCell,-0.13628241419792175,sensor_data,2025-12-10 12:56:21.325
T7,AIN0,LoadCell,-0.11546637862920761,sensor_data,2025-12-10 12:56:21.325
T7,AIN51,LoadCell,-0.13628241419792175,sensor_data,2025-12-10 12:56:21.325
T7,AIN0,LoadCell,-0.11609716713428497,sensor_data,2025-12-10 12:56:21.325
T7,AIN51,LoadCell,-0.13659781217575073,sensor_data,2025-12-10 12:56:21.325
T7,AIN0,LoadCell,-0.11546637862920761,sensor_data,2025-12-10 12:56:21.325
T7,AIN51,LoadCell,-0.13628241419792175,sensor_data,2025-12-10 12:56:21.325
T7,AIN0,LoadCell,-0.11452019959688187,sensor_data,2025-12-10 12:56:21.325
T7,AIN51,LoadCell,-0.135336235165596,sensor_data,2025-12-10 12:56:21.325
T7,AIN0,LoadCell,-0.11168164759874344,sensor_data,2025-12-10 12:56:21.325
T7,AIN51,LoadCell,-0.13344386219978333,sensor_data,2025-12-10 12:56:21.325
T7,AIN0,LoadCell,-0.1123124361038208,sensor_data,2025-12-10 12:56:21.325
T7,AIN51,LoadCell,-0.1337592601776123,sensor_data,2025-12-10 12:56:21.325
T7,AIN0,LoadCell,-0.11452019959688187,sensor_data,2025-12-10 12:56:21.325
T7,AIN51,LoadCell,-0.13596701622009277,sensor_data,2025-12-10 12:56:21.325
T7,AIN0,LoadCell,-0.11609716713428497,sensor_data,2025-12-10 12:56:21.325
T7,AIN51,LoadCell,-0.13691319525241852,sensor_data,2025-12-10 12:56:21.325
T7,AIN0,LoadCell,-0.11704335361719131,sensor_data,2025-12-10 12:56:21.325
T7,AIN51,LoadCell,-0.1372285932302475,sensor_data,2025-12-10 12:56:21.325
T7,AIN0,LoadCell,-0.11767414212226868,sensor_data,2025-12-10 12:56:21.325
T7,AIN51,LoadCell,-0.13754399120807648,sensor_data,2025-12-10 12:56:21.325
T7,AIN0,LoadCell,-0.11672796308994293,sensor_data,2025-12-10 12:56:21.325
T7,AIN51,LoadCell,-0.13785938918590546,sensor_data,2025-12-10 12:56:21.325
T7,AIN0,LoadCell,-0.11609716713428497,sensor_data,2025-12-10 12:56:21.325
T7,AIN51,LoadCell,-0.13691319525241852,sensor_data,2025-12-10 12:56:21.325
T7,AIN0,LoadCell,-0.11641256511211395,sensor_data,2025-12-10 12:56:21.325
T7,AIN51,LoadCell,-0.13691319525241852,sensor_data,2025-12-10 12:56:21.325
T7,AIN0,LoadCell,-0.11609716713428497,sensor_data,2025-12-10 12:56:21.325
T7,AIN51,LoadCell,-0.13691319525241852,sensor_data,2025-12-10 12:56:21.325
T7,AIN0,LoadCell,-0.11609716713428497,sensor_data,2025-12-10 12:56:21.325
T7,AIN51,LoadCell,-0.13691319525241852,sensor_data,2025-12-10 12:56:21.325
T7,AIN0,LoadCell,-0.11609716713428497,sensor_data,2025-12-10 12:56:21.325
T7,AIN51,LoadCell,-0.13691319525241852,sensor_data,2025-12-10 12:56:21.325
T7,AIN0,LoadCell,-0.11609716713428497,sensor_data,2025-12-10 12:56:21.325
T7,AIN51,LoadCell,-0.13691319525241852,sensor_data,2025-12-10 12:56:21.325
T7,AIN0,LoadCell,-0.11704335361719131,sensor_data,2025-12-10 12:56:21.325
T7,AIN51,LoadCell,-0.13754399120807648,sensor_data,2025-12-10 12:56:21.325
T7,AIN0,LoadCell,-0.11767414212226868,sensor_data,2025-12-10 12:56:21.325
T7,AIN51,LoadCell,-0.13817477226257324,sensor_data,2025-12-10 12:56:21.325
T7,AIN0,LoadCell,-0.11830493062734604,sensor_data,2025-12-10 12:56:21.325
T7,AIN51,LoadCell,-0.1388055682182312,sensor_data,2025-12-10 12:56:21.325
T7,AIN0,LoadCell,-0.12303584814071655,sensor_data,2025-12-10 12:56:21.325
T7,AIN51,LoadCell,-0.14290569722652435,sensor_data,2025-12-10 12:56:21.325
T7,AIN0,LoadCell,-0.12618979811668396,sensor_data,2025-12-10 12:56:21.325
T7,AIN51,LoadCell,-0.1454288512468338,sensor_data,2025-12-10 12:56:21.325
T7,AIN0,LoadCell,-0.12524360418319702,sensor_data,2025-12-10 12:56:21.325
T7,AIN51,LoadCell,-0.14448267221450806,sensor_data,2025-12-10 12:56:21.325
T7,AIN0,LoadCell,-0.12587440013885498,sensor_data,2025-12-10 12:56:21.325
T7,AIN51,LoadCell,-0.1454288512468338,sensor_data,2025-12-10 12:56:21.325
T7,AIN0,LoadCell,-0.1271359771490097,sensor_data,2025-12-10 12:56:21.325
T7,AIN51,LoadCell,-0.14637503027915955,sensor_data,2025-12-10 12:56:21.325
T7,AIN0,LoadCell,-0.12650518119335175,sensor_data,2025-12-10 12:56:21.325
T7,AIN51,LoadCell,-0.14637503027915955,sensor_data,2025-12-10 12:56:21.325
T7,AIN0,LoadCell,-0.125559002161026,sensor_data,2025-12-10 12:56:21.325
T7,AIN51,LoadCell,-0.14574424922466278,sensor_data,2025-12-10 12:56:21.325
T7,AIN0,LoadCell,-0.12366663664579391,sensor_data,2025-12-10 12:56:21.325
T7,AIN51,LoadCell,-0.14353647828102112,sensor_data,2025-12-10 12:56:21.325
T7,AIN0,LoadCell,-0.12177427113056183,sensor_data,2025-12-10 12:56:21.325
T7,AIN51,LoadCell,-0.1419595181941986,sensor_data,2025-12-10 12:56:21.325
T7,AIN0,LoadCell,-0.1205126941204071,sensor_data,2025-12-10 12:56:21.325
T7,AIN51,LoadCell,-0.14132872223854065,sensor_data,2025-12-10 12:56:21.325
T7,AIN0,LoadCell,-0.11956650763750076,sensor_data,2025-12-10 12:56:21.325
T7,AIN51,LoadCell,-0.14006714522838593,sensor_data,2025-12-10 12:56:21.325
T7,AIN0,LoadCell,-0.11830493062734604,sensor_data,2025-12-10 12:56:21.325
T7,AIN51,LoadCell,-0.1388055682182312,sensor_data,2025-12-10 12:56:21.325
T7,AIN0,LoadCell,-0.11798954010009766,sensor_data,2025-12-10 12:56:21.325
T7,AIN51,LoadCell,-0.13817477226257324,sensor_data,2025-12-10 12:56:21.325
T7,AIN0,LoadCell,-0.11767414212226868,sensor_data,2025-12-10 12:56:21.325
T7,AIN51,LoadCell,-0.13849017024040222,sensor_data,2025-12-10 12:56:21.325
T7,AIN0,LoadCell,-0.11798954010009766,sensor_data,2025-12-10 12:56:21.325
T7,AIN51,LoadCell,-0.1388055682182312,sensor_data,2025-12-10 12:56:21.325
T7,AIN0,LoadCell,-0.11798954010009766,sensor_data,2025-12-10 12:56:21.325
T7,AIN51,LoadCell,-0.13849017024040222,sensor_data,2025-12-10 12:56:21.325
T7,AIN0,LoadCell,-0.11830493062734604,sensor_data,2025-12-10 12:56:21.325
T7,AIN51,LoadCell,-0.13817477226257324,sensor_data,2025-12-10 12:56:21.325
T7,AIN0,LoadCell,-0.11862032860517502,sensor_data,2025-12-10 12:56:21.325
T7,AIN51,LoadCell,-0.13943634927272797,sensor_data,2025-12-10 12:56:21.325
T7,AIN0,LoadCell,-0.11925111711025238,sensor_data,2025-12-10 12:56:21.325
T7,AIN51,LoadCell,-0.1388055682182312,sensor_data,2025-12-10 12:56:21.325
T7,AIN0,LoadCell,-0.11578177660703659,sensor_data,2025-12-10 12:56:21.325
T7,AIN51,LoadCell,-0.13691319525241852,sensor_data,2025-12-10 12:56:21.325
T7,AIN0,LoadCell,-0.11199704557657242,sensor_data,2025-12-10 12:56:21.325
T7,AIN51,LoadCell,-0.13344386219978333,sensor_data,2025-12-10 12:56:21.325
T7,AIN0,LoadCell,-0.1123124361038208,sensor_data,2025-12-10 12:56:21.325
T7,AIN51,LoadCell,-0.13344386219978333,sensor_data,2025-12-10 12:56:21.325
T7,AIN0,LoadCell,-0.11483559012413025,sensor_data,2025-12-10 12:56:21.325
T7,AIN51,LoadCell,-0.13596701622009277,sensor_data,2025-12-10 12:56:21.325
T7,AIN0,LoadCell,-0.11672796308994293,sensor_data,2025-12-10 12:56:21.325
T7,AIN51,LoadCell,-0.13691319525241852,sensor_data,2025-12-10 12:56:21.325
T7,AIN0,LoadCell,-0.11704335361719131,sensor_data,2025-12-10 12:56:21.325
T7,AIN51,LoadCell,-0.1372285932302475,sensor_data,2025-12-10 12:56:21.325
T7,AIN0,LoadCell,-0.11641256511211395,sensor_data,2025-12-10 12:56:21.325
T7,AIN51,LoadCell,-0.13754399120807648,sensor_data,2025-12-10 12:56:21.325
T7,AIN0,LoadCell,-0.11672796308994293,sensor_data,2025-12-10 12:56:21.325
T7,AIN51,LoadCell,-0.13691319525241852,sensor_data,2025-12-10 12:56:21.325
T7,AIN0,LoadCell,-0.11672796308994293,sensor_data,2025-12-10 12:56:21.325
T7,AIN51,LoadCell,-0.13754399120807648,sensor_data,2025-12-10 12:56:21.325
T7,AIN0,LoadCell,-0.11672796308994293,sensor_data,2025-12-10 12:56:21.325
T7,AIN51,LoadCell,-0.1372285932302475,sensor_data,2025-12-10 12:56:21.325
T7,AIN0,LoadCell,-0.11704335361719131,sensor_data,2025-12-10 12:56:21.325
T7,AIN51,LoadCell,-0.1372285932302475,sensor_data,2025-12-10 12:56:21.325
T7,AIN0,LoadCell,-0.11672796308994293,sensor_data,2025-12-10 12:56:21.325
T7,AIN51,LoadCell,-0.13754399120807648,sensor_data,2025-12-10 12:56:21.325
T7,AIN0,LoadCell,-0.11672796308994293,sensor_data,2025-12-10 12:56:21.325
T7,AIN51,LoadCell,-0.1372285932302475,sensor_data,2025-12-10 12:56:21.325
T7,AIN0,LoadCell,-0.11672796308994293,sensor_data,2025-12-10 12:56:21.325
T7,AIN51,LoadCell,-0.1372285932302475,sensor_data,2025-12-10 12:56:21.325
T7,AIN0,LoadCell,-0.1173587515950203,sensor_data,2025-12-10 12:56:21.325
T7,AIN51,LoadCell,-0.13817477226257324,sensor_data,2025-12-10 12:56:21.325
T7,AIN0,LoadCell,-0.11767414212226868,sensor_data,2025-12-10 12:56:21.325
T7,AIN51,LoadCell,-0.13817477226257324,sensor_data,2025-12-10 12:56:21.325
T7,AIN0,LoadCell,-0.1173587515950203,sensor_data,2025-12-10 12:56:21.325
T7,AIN51,LoadCell,-0.13817477226257324,sensor_data,2025-12-10 12:56:21.325
T7,AIN0,LoadCell,-0.1173587515950203,sensor_data,2025-12-10 12:56:21.325
T7,AIN51,LoadCell,-0.13754399120807648,sensor_data,2025-12-10 12:56:21.325
T7,AIN0,LoadCell,-0.11515098810195923,sensor_data,2025-12-10 12:56:21.325
T7,AIN51,LoadCell,-0.1356516182422638,sensor_data,2025-12-10 12:56:21.325
T7,AIN0,LoadCell,-0.11199704557657242,sensor_data,2025-12-10 12:56:21.325
T7,AIN51,LoadCell,-0.1337592601776123,sensor_data,2025-12-10 12:56:21.325
T7,AIN0,LoadCell,-0.1123124361038208,sensor_data,2025-12-10 12:56:21.325
T7,AIN51,LoadCell,-0.13281308114528656,sensor_data,2025-12-10 12:56:21.325
T7,AIN0,LoadCell,-0.1138894110918045,sensor_data,2025-12-10 12:56:21.325
T7,AIN51,LoadCell,-0.13502083718776703,sensor_data,2025-12-10 12:56:21.325
T7,AIN0,LoadCell,-0.11515098810195923,sensor_data,2025-12-10 12:56:21.338
T7,AIN51,LoadCell,-0.13596701622009277,sensor_data,2025-12-10 12:56:21.338
T7,AIN0,LoadCell,-0.11609716713428497,sensor_data,2025-12-10 12:56:21.338
T7,AIN51,LoadCell,-0.13659781217575073,sensor_data,2025-12-10 12:56:21.338
T7,AIN0,LoadCell,-0.11641256511211395,sensor_data,2025-12-10 12:56:21.338
T7,AIN51,LoadCell,-0.13691319525241852,sensor_data,2025-12-10 12:56:21.338
T7,AIN0,LoadCell,-0.11704335361719131,sensor_data,2025-12-10 12:56:21.338
T7,AIN51,LoadCell,-0.1372285932302475,sensor_data,2025-12-10 12:56:21.338
T7,AIN0,LoadCell,-0.1173587515950203,sensor_data,2025-12-10 12:56:21.338
T7,AIN51,LoadCell,-0.1372285932302475,sensor_data,2025-12-10 12:56:21.338
T7,AIN0,LoadCell,-0.1173587515950203,sensor_data,2025-12-10 12:56:21.338
T7,AIN51,LoadCell,-0.1372285932302475,sensor_data,2025-12-10 12:56:21.338
T7,AIN0,LoadCell,-0.11672796308994293,sensor_data,2025-12-10 12:56:21.338
T7,AIN51,LoadCell,-0.1372285932302475,sensor_data,2025-12-10 12:56:21.338
T7,AIN0,LoadCell,-0.11641256511211395,sensor_data,2025-12-10 12:56:21.338
T7,AIN51,LoadCell,-0.13659781217575073,sensor_data,2025-12-10 12:56:21.338
T7,AIN0,LoadCell,-0.11641256511211395,sensor_data,2025-12-10 12:56:21.338
T7,AIN51,LoadCell,-0.13691319525241852,sensor_data,2025-12-10 12:56:21.338
T7,AIN0,LoadCell,-0.11262783408164978,sensor_data,2025-12-10 12:56:21.338
T7,AIN51,LoadCell,-0.13439004123210907,sensor_data,2025-12-10 12:56:21.338
T7,AIN0,LoadCell,-0.10821230709552765,sensor_data,2025-12-10 12:56:21.338
T7,AIN51,LoadCell,-0.12965913116931915,sensor_data,2025-12-10 12:56:21.338
T7,AIN0,LoadCell,-0.10695073008537292,sensor_data,2025-12-10 12:56:21.338
T7,AIN51,LoadCell,-0.12839755415916443,sensor_data,2025-12-10 12:56:21.338
T7,AIN0,LoadCell,-0.10663533955812454,sensor_data,2025-12-10 12:56:21.338
T7,AIN51,LoadCell,-0.12839755415916443,sensor_data,2025-12-10 12:56:21.338
T7,AIN0,LoadCell,-0.10821230709552765,sensor_data,2025-12-10 12:56:21.338
T7,AIN51,LoadCell,-0.12934373319149017,sensor_data,2025-12-10 12:56:21.338
T7,AIN0,LoadCell,-0.1072661280632019,sensor_data,2025-12-10 12:56:21.338
T7,AIN51,LoadCell,-0.1290283352136612,sensor_data,2025-12-10 12:56:21.338
T7,AIN0,LoadCell,-0.10537376254796982,sensor_data,2025-12-10 12:56:21.338
T7,AIN51,LoadCell,-0.12839755415916443,sensor_data,2025-12-10 12:56:21.338
T7,AIN0,LoadCell,-0.1072661280632019,sensor_data,2025-12-10 12:56:21.338
T7,AIN51,LoadCell,-0.1287129521369934,sensor_data,2025-12-10 12:56:21.338
T7,AIN0,LoadCell,-0.1107354685664177,sensor_data,2025-12-10 12:56:21.338
T7,AIN51,LoadCell,-0.13186688721179962,sensor_data,2025-12-10 12:56:21.338
T7,AIN0,LoadCell,-0.11357401311397552,sensor_data,2025-12-10 12:56:21.338
T7,AIN51,LoadCell,-0.13407465815544128,sensor_data,2025-12-10 12:56:21.338
T7,AIN0,LoadCell,-0.11546637862920761,sensor_data,2025-12-10 12:56:21.338
T7,AIN51,LoadCell,-0.1356516182422638,sensor_data,2025-12-10 12:56:21.338
T7,AIN0,LoadCell,-0.11609716713428497,sensor_data,2025-12-10 12:56:21.338
T7,AIN51,LoadCell,-0.13659781217575073,sensor_data,2025-12-10 12:56:21.338
T7,AIN0,LoadCell,-0.1173587515950203,sensor_data,2025-12-10 12:56:21.338
T7,AIN51,LoadCell,-0.13754399120807648,sensor_data,2025-12-10 12:56:21.338
T7,AIN0,LoadCell,-0.11672796308994293,sensor_data,2025-12-10 12:56:21.338
T7,AIN51,LoadCell,-0.13754399120807648,sensor_data,2025-12-10 12:56:21.338
T7,AIN0,LoadCell,-0.11798954010009766,sensor_data,2025-12-10 12:56:21.338
T7,AIN51,LoadCell,-0.13785938918590546,sensor_data,2025-12-10 12:56:21.338
T7,AIN0,LoadCell,-0.11830493062734604,sensor_data,2025-12-10 12:56:21.338
T7,AIN51,LoadCell,-0.13817477226257324,sensor_data,2025-12-10 12:56:21.338
T7,AIN0,LoadCell,-0.11830493062734604,sensor_data,2025-12-10 12:56:21.338
T7,AIN51,LoadCell,-0.13849017024040222,sensor_data,2025-12-10 12:56:21.338
T7,AIN0,LoadCell,-0.11767414212226868,sensor_data,2025-12-10 12:56:21.338
T7,AIN51,LoadCell,-0.1388055682182312,sensor_data,2025-12-10 12:56:21.338
T7,AIN0,LoadCell,-0.11862032860517502,sensor_data,2025-12-10 12:56:21.338
T7,AIN51,LoadCell,-0.13912096619606018,sensor_data,2025-12-10 12:56:21.338
T7,AIN0,LoadCell,-0.11862032860517502,sensor_data,2025-12-10 12:56:21.338
T7,AIN51,LoadCell,-0.13943634927272797,sensor_data,2025-12-10 12:56:21.338
T7,AIN0,LoadCell,-0.11830493062734604,sensor_data,2025-12-10 12:56:22.257
T7,AIN51,LoadCell,-0.1388055682182312,sensor_data,2025-12-10 12:56:22.257
T7,AIN0,LoadCell,-0.11862032860517502,sensor_data,2025-12-10 12:56:22.257
T7,AIN51,LoadCell,-0.13912096619606018,sensor_data,2025-12-10 12:56:22.257
T7,AIN0,LoadCell,-0.11830493062734604,sensor_data,2025-12-10 12:56:22.257
T7,AIN51,LoadCell,-0.1388055682182312,sensor_data,2025-12-10 12:56:22.257
T7,AIN0,LoadCell,-0.11609716713428497,sensor_data,2025-12-10 12:56:22.257
T7,AIN51,LoadCell,-0.1372285932302475,sensor_data,2025-12-10 12:56:22.257
T7,AIN0,LoadCell,-0.11262783408164978,sensor_data,2025-12-10 12:56:22.258
T7,AIN51,LoadCell,-0.13407465815544128,sensor_data,2025-12-10 12:56:22.258
T7,AIN0,LoadCell,-0.11199704557657242,sensor_data,2025-12-10 12:56:22.258
T7,AIN51,LoadCell,-0.13312846422195435,sensor_data,2025-12-10 12:56:22.258
T7,AIN0,LoadCell,-0.11420480161905289,sensor_data,2025-12-10 12:56:22.258
T7,AIN51,LoadCell,-0.13470543920993805,sensor_data,2025-12-10 12:56:22.258
T7,AIN0,LoadCell,-0.11578177660703659,sensor_data,2025-12-10 12:56:22.258
T7,AIN51,LoadCell,-0.13628241419792175,sensor_data,2025-12-10 12:56:22.258
T7,AIN0,LoadCell,-0.11672796308994293,sensor_data,2025-12-10 12:56:22.258
T7,AIN51,LoadCell,-0.13754399120807648,sensor_data,2025-12-10 12:56:22.258
T7,AIN0,LoadCell,-0.11830493062734604,sensor_data,2025-12-10 12:56:22.258
T7,AIN51,LoadCell,-0.1388055682182312,sensor_data,2025-12-10 12:56:22.258
T7,AIN0,LoadCell,-0.11862032860517502,sensor_data,2025-12-10 12:56:22.258
T7,AIN51,LoadCell,-0.1388055682182312,sensor_data,2025-12-10 12:56:22.258
T7,AIN0,LoadCell,-0.11830493062734604,sensor_data,2025-12-10 12:56:22.258
T7,AIN51,LoadCell,-0.13817477226257324,sensor_data,2025-12-10 12:56:22.258
T7,AIN0,LoadCell,-0.11830493062734604,sensor_data,2025-12-10 12:56:22.258
T7,AIN51,LoadCell,-0.1388055682182312,sensor_data,2025-12-10 12:56:22.258
T7,AIN0,LoadCell,-0.11862032860517502,sensor_data,2025-12-10 12:56:22.258
T7,AIN51,LoadCell,-0.13912096619606018,sensor_data,2025-12-10 12:56:22.258
T7,AIN0,LoadCell,-0.11925111711025238,sensor_data,2025-12-10 12:56:22.258
T7,AIN51,LoadCell,-0.13943634927272797,sensor_data,2025-12-10 12:56:22.258
T7,AIN0,LoadCell,-0.11862032860517502,sensor_data,2025-12-10 12:56:22.258
T7,AIN51,LoadCell,-0.13912096619606018,sensor_data,2025-12-10 12:56:22.258
T7,AIN0,LoadCell,-0.11862032860517502,sensor_data,2025-12-10 12:56:22.258
T7,AIN51,LoadCell,-0.1388055682182312,sensor_data,2025-12-10 12:56:22.258
T7,AIN0,LoadCell,-0.1189357191324234,sensor_data,2025-12-10 12:56:22.258
T7,AIN51,LoadCell,-0.13943634927272797,sensor_data,2025-12-10 12:56:22.258
T7,AIN0,LoadCell,-0.11862032860517502,sensor_data,2025-12-10 12:56:22.258
T7,AIN51,LoadCell,-0.1388055682182312,sensor_data,2025-12-10 12:56:22.258
T7,AIN0,LoadCell,-0.11767414212226868,sensor_data,2025-12-10 12:56:22.258
T7,AIN51,LoadCell,-0.13785938918590546,sensor_data,2025-12-10 12:56:22.258
T7,AIN0,LoadCell,-0.11767414212226868,sensor_data,2025-12-10 12:56:22.258
T7,AIN51,LoadCell,-0.13817477226257324,sensor_data,2025-12-10 12:56:22.258
T7,AIN0,LoadCell,-0.11515098810195923,sensor_data,2025-12-10 12:56:22.258
T7,AIN51,LoadCell,-0.13596701622009277,sensor_data,2025-12-10 12:56:22.258
T7,AIN0,LoadCell,-0.11199704557657242,sensor_data,2025-12-10 12:56:22.258
T7,AIN51,LoadCell,-0.13344386219978333,sensor_data,2025-12-10 12:56:22.258
T7,AIN0,LoadCell,-0.11357401311397552,sensor_data,2025-12-10 12:56:22.258
T7,AIN51,LoadCell,-0.13439004123210907,sensor_data,2025-12-10 12:56:22.258
T7,AIN0,LoadCell,-0.11578177660703659,sensor_data,2025-12-10 12:56:22.258
T7,AIN51,LoadCell,-0.13628241419792175,sensor_data,2025-12-10 12:56:22.258
T7,AIN0,LoadCell,-0.1173587515950203,sensor_data,2025-12-10 12:56:22.258
T7,AIN51,LoadCell,-0.13817477226257324,sensor_data,2025-12-10 12:56:22.258
T7,AIN0,LoadCell,-0.11830493062734604,sensor_data,2025-12-10 12:56:22.258
T7,AIN51,LoadCell,-0.1388055682182312,sensor_data,2025-12-10 12:56:22.258
T7,AIN0,LoadCell,-0.1189357191324234,sensor_data,2025-12-10 12:56:22.258
T7,AIN51,LoadCell,-0.13912096619606018,sensor_data,2025-12-10 12:56:22.258
T7,AIN0,LoadCell,-0.1189357191324234,sensor_data,2025-12-10 12:56:22.258
T7,AIN51,LoadCell,-0.13943634927272797,sensor_data,2025-12-10 12:56:22.258
T7,AIN0,LoadCell,-0.11862032860517502,sensor_data,2025-12-10 12:56:22.258
T7,AIN51,LoadCell,-0.13912096619606018,sensor_data,2025-12-10 12:56:22.258
T7,AIN0,LoadCell,-0.12272045016288757,sensor_data,2025-12-10 12:56:22.258
T7,AIN51,LoadCell,-0.14259029924869537,sensor_data,2025-12-10 12:56:22.258
T7,AIN0,LoadCell,-0.12745137512683868,sensor_data,2025-12-10 12:56:22.258
T7,AIN51,LoadCell,-0.1473212093114853,sensor_data,2025-12-10 12:56:22.258
T7,AIN0,LoadCell,-0.12934373319149017,sensor_data,2025-12-10 12:56:22.258
T7,AIN51,LoadCell,-0.148898184299469,sensor_data,2025-12-10 12:56:22.258
T7,AIN0,LoadCell,-0.12997452914714813,sensor_data,2025-12-10 12:56:22.258
T7,AIN51,LoadCell,-0.14984437823295593,sensor_data,2025-12-10 12:56:22.258
T7,AIN0,LoadCell,-0.12839755415916443,sensor_data,2025-12-10 12:56:22.258
T7,AIN51,LoadCell,-0.14826740324497223,sensor_data,2025-12-10 12:56:22.258
T7,AIN0,LoadCell,-0.12745137512683868,sensor_data,2025-12-10 12:56:22.258
T7,AIN51,LoadCell,-0.1470058262348175,sensor_data,2025-12-10 12:56:22.258
T7,AIN0,LoadCell,-0.12587440013885498,sensor_data,2025-12-10 12:56:22.258
T7,AIN51,LoadCell,-0.14605963230133057,sensor_data,2025-12-10 12:56:22.258
T7,AIN0,LoadCell,-0.1239820271730423,sensor_data,2025-12-10 12:56:22.258
T7,AIN51,LoadCell,-0.14416727423667908,sensor_data,2025-12-10 12:56:22.258
T7,AIN0,LoadCell,-0.12240505963563919,sensor_data,2025-12-10 12:56:22.258
T7,AIN51,LoadCell,-0.14290569722652435,sensor_data,2025-12-10 12:56:22.258
T7,AIN0,LoadCell,-0.11956650763750076,sensor_data,2025-12-10 12:56:22.258
T7,AIN51,LoadCell,-0.13975174725055695,sensor_data,2025-12-10 12:56:22.258
T7,AIN0,LoadCell,-0.11483559012413025,sensor_data,2025-12-10 12:56:22.258
T7,AIN51,LoadCell,-0.1356516182422638,sensor_data,2025-12-10 12:56:22.258
T7,AIN0,LoadCell,-0.11515098810195923,sensor_data,2025-12-10 12:56:22.258
T7,AIN51,LoadCell,-0.1356516182422638,sensor_data,2025-12-10 12:56:22.258
T7,AIN0,LoadCell,-0.11672796308994293,sensor_data,2025-12-10 12:56:22.258
T7,AIN51,LoadCell,-0.13754399120807648,sensor_data,2025-12-10 12:56:22.258
T7,AIN0,LoadCell,-0.1189357191324234,sensor_data,2025-12-10 12:56:22.258
T7,AIN51,LoadCell,-0.13943634927272797,sensor_data,2025-12-10 12:56:22.258
T7,AIN0,LoadCell,-0.1205126941204071,sensor_data,2025-12-10 12:56:22.258
T7,AIN51,LoadCell,-0.14006714522838593,sensor_data,2025-12-10 12:56:22.258
T7,AIN0,LoadCell,-0.11988190561532974,sensor_data,2025-12-10 12:56:22.258
T7,AIN51,LoadCell,-0.14006714522838593,sensor_data,2025-12-10 12:56:22.258
T7,AIN0,LoadCell,-0.12082808464765549,sensor_data,2025-12-10 12:56:22.258
T7,AIN51,LoadCell,-0.14069794118404388,sensor_data,2025-12-10 12:56:22.258
T7,AIN0,LoadCell,-0.1205126941204071,sensor_data,2025-12-10 12:56:22.258
T7,AIN51,LoadCell,-0.1403825432062149,sensor_data,2025-12-10 12:56:22.258
T7,AIN0,LoadCell,-0.1205126941204071,sensor_data,2025-12-10 12:56:22.258
T7,AIN51,LoadCell,-0.14006714522838593,sensor_data,2025-12-10 12:56:22.258
T7,AIN0,LoadCell,-0.11925111711025238,sensor_data,2025-12-10 12:56:22.258
T7,AIN51,LoadCell,-0.13912096619606018,sensor_data,2025-12-10 12:56:22.258
T7,AIN0,LoadCell,-0.11862032860517502,sensor_data,2025-12-10 12:56:22.258
T7,AIN51,LoadCell,-0.1388055682182312,sensor_data,2025-12-10 12:56:22.258
T7,AIN0,LoadCell,-0.11767414212226868,sensor_data,2025-12-10 12:56:22.258
T7,AIN51,LoadCell,-0.13817477226257324,sensor_data,2025-12-10 12:56:22.258
T7,AIN0,LoadCell,-0.1173587515950203,sensor_data,2025-12-10 12:56:22.258
T7,AIN51,LoadCell,-0.13754399120807648,sensor_data,2025-12-10 12:56:22.258
T7,AIN0,LoadCell,-0.11704335361719131,sensor_data,2025-12-10 12:56:22.258
T7,AIN51,LoadCell,-0.13785938918590546,sensor_data,2025-12-10 12:56:22.258
T7,AIN0,LoadCell,-0.11578177660703659,sensor_data,2025-12-10 12:56:22.258
T7,AIN51,LoadCell,-0.13659781217575073,sensor_data,2025-12-10 12:56:22.258
T7,AIN0,LoadCell,-0.11609716713428497,sensor_data,2025-12-10 12:56:22.258
T7,AIN51,LoadCell,-0.13691319525241852,sensor_data,2025-12-10 12:56:22.258
T7,AIN0,LoadCell,-0.11483559012413025,sensor_data,2025-12-10 12:56:22.258
T7,AIN51,LoadCell,-0.13596701622009277,sensor_data,2025-12-10 12:56:22.258
T7,AIN0,LoadCell,-0.11420480161905289,sensor_data,2025-12-10 12:56:22.258
T7,AIN51,LoadCell,-0.13439004123210907,sensor_data,2025-12-10 12:56:22.258
T7,AIN0,LoadCell,-0.11105085909366608,sensor_data,2025-12-10 12:56:22.258
T7,AIN51,LoadCell,-0.13249768316745758,sensor_data,2025-12-10 12:56:22.258
T7,AIN0,LoadCell,-0.11199704557657242,sensor_data,2025-12-10 12:56:22.258
T7,AIN51,LoadCell,-0.13281308114528656,sensor_data,2025-12-10 12:56:22.258
T7,AIN0,LoadCell,-0.1138894110918045,sensor_data,2025-12-10 12:56:22.258
T7,AIN51,LoadCell,-0.13502083718776703,sensor_data,2025-12-10 12:56:22.258
T7,AIN0,LoadCell,-0.11609716713428497,sensor_data,2025-12-10 12:56:22.258
T7,AIN51,LoadCell,-0.13659781217575073,sensor_data,2025-12-10 12:56:22.258
T7,AIN0,LoadCell,-0.11672796308994293,sensor_data,2025-12-10 12:56:22.258
T7,AIN51,LoadCell,-0.1372285932302475,sensor_data,2025-12-10 12:56:22.258
T7,AIN0,LoadCell,-0.11862032860517502,sensor_data,2025-12-10 12:56:22.258
T7,AIN51,LoadCell,-0.13817477226257324,sensor_data,2025-12-10 12:56:22.258
T7,AIN0,LoadCell,-0.11830493062734604,sensor_data,2025-12-10 12:56:22.258
T7,AIN51,LoadCell,-0.13912096619606018,sensor_data,2025-12-10 12:56:22.258
T7,AIN0,LoadCell,-0.11798954010009766,sensor_data,2025-12-10 12:56:22.258
T7,AIN51,LoadCell,-0.13817477226257324,sensor_data,2025-12-10 12:56:22.258
T7,AIN0,LoadCell,-0.11767414212226868,sensor_data,2025-12-10 12:56:22.258
T7,AIN51,LoadCell,-0.13849017024040222,sensor_data,2025-12-10 12:56:22.258
T7,AIN0,LoadCell,-0.11862032860517502,sensor_data,2025-12-10 12:56:22.258
T7,AIN51,LoadCell,-0.1388055682182312,sensor_data,2025-12-10 12:56:22.258
T7,AIN0,LoadCell,-0.11798954010009766,sensor_data,2025-12-10 12:56:22.258
T7,AIN51,LoadCell,-0.13785938918590546,sensor_data,2025-12-10 12:56:22.258
T7,AIN0,LoadCell,-0.11704335361719131,sensor_data,2025-12-10 12:56:22.258
T7,AIN51,LoadCell,-0.13817477226257324,sensor_data,2025-12-10 12:56:22.258
T7,AIN0,LoadCell,-0.11704335361719131,sensor_data,2025-12-10 12:56:22.258
T7,AIN51,LoadCell,-0.13785938918590546,sensor_data,2025-12-10 12:56:22.258
T7,AIN0,LoadCell,-0.11609716713428497,sensor_data,2025-12-10 12:56:22.258
T7,AIN51,LoadCell,-0.1372285932302475,sensor_data,2025-12-10 12:56:22.258
T7,AIN0,LoadCell,-0.11609716713428497,sensor_data,2025-12-10 12:56:22.258
T7,AIN51,LoadCell,-0.13628241419792175,sensor_data,2025-12-10 12:56:22.258
T7,AIN0,LoadCell,-0.11641256511211395,sensor_data,2025-12-10 12:56:22.258
T7,AIN51,LoadCell,-0.13691319525241852,sensor_data,2025-12-10 12:56:22.258
T7,AIN0,LoadCell,-0.11672796308994293,sensor_data,2025-12-10 12:56:22.258
T7,AIN51,LoadCell,-0.1372285932302475,sensor_data,2025-12-10 12:56:22.258
T7,AIN0,LoadCell,-0.11452019959688187,sensor_data,2025-12-10 12:56:22.258
T7,AIN51,LoadCell,-0.135336235165596,sensor_data,2025-12-10 12:56:22.258
T7,AIN0,LoadCell,-0.11168164759874344,sensor_data,2025-12-10 12:56:22.258
T7,AIN51,LoadCell,-0.13312846422195435,sensor_data,2025-12-10 12:56:22.258
T7,AIN0,LoadCell,-0.1123124361038208,sensor_data,2025-12-10 12:56:22.258
T7,AIN51,LoadCell,-0.13312846422195435,sensor_data,2025-12-10 12:56:22.258
T7,AIN0,LoadCell,-0.11546637862920761,sensor_data,2025-12-10 12:56:22.258
T7,AIN51,LoadCell,-0.13596701622009277,sensor_data,2025-12-10 12:56:22.258
T7,AIN0,LoadCell,-0.1173587515950203,sensor_data,2025-12-10 12:56:22.258
T7,AIN51,LoadCell,-0.13817477226257324,sensor_data,2025-12-10 12:56:22.258
T7,AIN0,LoadCell,-0.11515098810195923,sensor_data,2025-12-10 12:56:22.258
T7,AIN51,LoadCell,-0.135336235165596,sensor_data,2025-12-10 12:56:22.258
T7,AIN0,LoadCell,-0.1107354685664177,sensor_data,2025-12-10 12:56:22.258
T7,AIN51,LoadCell,-0.13249768316745758,sensor_data,2025-12-10 12:56:22.258
T7,AIN0,LoadCell,-0.10884310305118561,sensor_data,2025-12-10 12:56:22.258
T7,AIN51,LoadCell,-0.1306053102016449,sensor_data,2025-12-10 12:56:22.258
T7,AIN0,LoadCell,-0.10852770507335663,sensor_data,2025-12-10 12:56:22.258
T7,AIN51,LoadCell,-0.12997452914714813,sensor_data,2025-12-10 12:56:22.258
T7,AIN0,LoadCell,-0.10915849357843399,sensor_data,2025-12-10 12:56:22.258
T7,AIN51,LoadCell,-0.12997452914714813,sensor_data,2025-12-10 12:56:22.258
T7,AIN0,LoadCell,-0.11010468006134033,sensor_data,2025-12-10 12:56:22.258
T7,AIN51,LoadCell,-0.13123610615730286,sensor_data,2025-12-10 12:56:22.258
T7,AIN0,LoadCell,-0.11136625707149506,sensor_data,2025-12-10 12:56:22.258
T7,AIN51,LoadCell,-0.13249768316745758,sensor_data,2025-12-10 12:56:22.258
T7,AIN0,LoadCell,-0.11136625707149506,sensor_data,2025-12-10 12:56:22.258
T7,AIN51,LoadCell,-0.13281308114528656,sensor_data,2025-12-10 12:56:22.258
T7,AIN0,LoadCell,-0.11168164759874344,sensor_data,2025-12-10 12:56:22.258
T7,AIN51,LoadCell,-0.13344386219978333,sensor_data,2025-12-10 12:56:22.258
T7,AIN0,LoadCell,-0.11294322460889816,sensor_data,2025-12-10 12:56:22.258
T7,AIN51,LoadCell,-0.13439004123210907,sensor_data,2025-12-10 12:56:22.258
T7,AIN0,LoadCell,-0.11357401311397552,sensor_data,2025-12-10 12:56:22.258
T7,AIN51,LoadCell,-0.13470543920993805,sensor_data,2025-12-10 12:56:22.258
T7,AIN0,LoadCell,-0.11452019959688187,sensor_data,2025-12-10 12:56:22.258
T7,AIN51,LoadCell,-0.1356516182422638,sensor_data,2025-12-10 12:56:22.258
T7,AIN0,LoadCell,-0.11515098810195923,sensor_data,2025-12-10 12:56:22.258
T7,AIN51,LoadCell,-0.13628241419792175,sensor_data,2025-12-10 12:56:22.258
T7,AIN0,LoadCell,-0.1138894110918045,sensor_data,2025-12-10 12:56:22.258
T7,AIN51,LoadCell,-0.13502083718776703,sensor_data,2025-12-10 12:56:22.258
T7,AIN0,LoadCell,-0.11136625707149506,sensor_data,2025-12-10 12:56:22.258
T7,AIN51,LoadCell,-0.1337592601776123,sensor_data,2025-12-10 12:56:22.258
T7,AIN0,LoadCell,-0.11325862258672714,sensor_data,2025-12-10 12:56:22.258
T7,AIN51,LoadCell,-0.13470543920993805,sensor_data,2025-12-10 12:56:22.258
T7,AIN0,LoadCell,-0.11609716713428497,sensor_data,2025-12-10 12:56:22.258
T7,AIN51,LoadCell,-0.13596701622009277,sensor_data,2025-12-10 12:56:22.258
T7,AIN0,LoadCell,-0.11798954010009766,sensor_data,2025-12-10 12:56:22.258
T7,AIN51,LoadCell,-0.13849017024040222,sensor_data,2025-12-10 12:56:22.258
T7,AIN0,LoadCell,-0.11862032860517502,sensor_data,2025-12-10 12:56:22.258
T7,AIN51,LoadCell,-0.13943634927272797,sensor_data,2025-12-10 12:56:22.258
T7,AIN0,LoadCell,-0.1189357191324234,sensor_data,2025-12-10 12:56:22.258
T7,AIN51,LoadCell,-0.13943634927272797,sensor_data,2025-12-10 12:56:22.258
T7,AIN0,LoadCell,-0.11862032860517502,sensor_data,2025-12-10 12:56:22.258
T7,AIN51,LoadCell,-0.13943634927272797,sensor_data,2025-12-10 12:56:22.258
T7,AIN0,LoadCell,-0.11862032860517502,sensor_data,2025-12-10 12:56:22.258
T7,AIN51,LoadCell,-0.1388055682182312,sensor_data,2025-12-10 12:56:22.258
T7,AIN0,LoadCell,-0.11830493062734604,sensor_data,2025-12-10 12:56:22.258
T7,AIN51,LoadCell,-0.1388055682182312,sensor_data,2025-12-10 12:56:22.258
T7,AIN0,LoadCell,-0.11767414212226868,sensor_data,2025-12-10 12:56:22.258
T7,AIN51,LoadCell,-0.13817477226257324,sensor_data,2025-12-10 12:56:22.258
T7,AIN0,LoadCell,-0.11641256511211395,sensor_data,2025-12-10 12:56:22.258
T7,AIN51,LoadCell,-0.13754399120807648,sensor_data,2025-12-10 12:56:22.258
T7,AIN0,LoadCell,-0.11672796308994293,sensor_data,2025-12-10 12:56:22.258
T7,AIN51,LoadCell,-0.13754399120807648,sensor_data,2025-12-10 12:56:22.258
T7,AIN0,LoadCell,-0.11609716713428497,sensor_data,2025-12-10 12:56:22.258
T7,AIN51,LoadCell,-0.13691319525241852,sensor_data,2025-12-10 12:56:22.258
T7,AIN0,LoadCell,-0.11609716713428497,sensor_data,2025-12-10 12:56:22.258
T7,AIN51,LoadCell,-0.13691319525241852,sensor_data,2025-12-10 12:56:22.258
T7,AIN0,LoadCell,-0.11641256511211395,sensor_data,2025-12-10 12:56:22.258
T7,AIN51,LoadCell,-0.13754399120807648,sensor_data,2025-12-10 12:56:22.258
T7,AIN0,LoadCell,-0.1173587515950203,sensor_data,2025-12-10 12:56:22.258
T7,AIN51,LoadCell,-0.13754399120807648,sensor_data,2025-12-10 12:56:22.258
T7,AIN0,LoadCell,-0.11672796308994293,sensor_data,2025-12-10 12:56:22.258
T7,AIN51,LoadCell,-0.13754399120807648,sensor_data,2025-12-10 12:56:22.258
T7,AIN0,LoadCell,-0.11515098810195923,sensor_data,2025-12-10 12:56:22.258
T7,AIN51,LoadCell,-0.13596701622009277,sensor_data,2025-12-10 12:56:22.258
T7,AIN0,LoadCell,-0.11262783408164978,sensor_data,2025-12-10 12:56:22.258
T7,AIN51,LoadCell,-0.1337592601776123,sensor_data,2025-12-10 12:56:22.258
T7,AIN0,LoadCell,-0.11357401311397552,sensor_data,2025-12-10 12:56:22.258
T7,AIN51,LoadCell,-0.13502083718776703,sensor_data,2025-12-10 12:56:22.258
T7,AIN0,LoadCell,-0.11609716713428497,sensor_data,2025-12-10 12:56:22.258
T7,AIN51,LoadCell,-0.1372285932302475,sensor_data,2025-12-10 12:56:22.258
T7,AIN0,LoadCell,-0.11862032860517502,sensor_data,2025-12-10 12:56:22.258
T7,AIN51,LoadCell,-0.1388055682182312,sensor_data,2025-12-10 12:56:22.258
T7,AIN0,LoadCell,-0.11830493062734604,sensor_data,2025-12-10 12:56:22.258
T7,AIN51,LoadCell,-0.1388055682182312,sensor_data,2025-12-10 12:56:22.258
T7,AIN0,LoadCell,-0.1189357191324234,sensor_data,2025-12-10 12:56:22.258
T7,AIN51,LoadCell,-0.1388055682182312,sensor_data,2025-12-10 12:56:22.258
T7,AIN0,LoadCell,-0.11830493062734604,sensor_data,2025-12-10 12:56:22.258
T7,AIN51,LoadCell,-0.1388055682182312,sensor_data,2025-12-10 12:56:22.258
T7,AIN0,LoadCell,-0.1173587515950203,sensor_data,2025-12-10 12:56:22.258
T7,AIN51,LoadCell,-0.13817477226257324,sensor_data,2025-12-10 12:56:22.258
T7,AIN0,LoadCell,-0.11767414212226868,sensor_data,2025-12-10 12:56:22.258
T7,AIN51,LoadCell,-0.13817477226257324,sensor_data,2025-12-10 12:56:22.258
T7,AIN0,LoadCell,-0.11609716713428497,sensor_data,2025-12-10 12:56:22.258
T7,AIN51,LoadCell,-0.1372285932302475,sensor_data,2025-12-10 12:56:22.258
T7,AIN0,LoadCell,-0.11609716713428497,sensor_data,2025-12-10 12:56:22.258
T7,AIN51,LoadCell,-0.13691319525241852,sensor_data,2025-12-10 12:56:22.258
T7,AIN0,LoadCell,-0.11641256511211395,sensor_data,2025-12-10 12:56:22.258
T7,AIN51,LoadCell,-0.13785938918590546,sensor_data,2025-12-10 12:56:22.258
T7,AIN0,LoadCell,-0.11641256511211395,sensor_data,2025-12-10 12:56:22.258
T7,AIN51,LoadCell,-0.1372285932302475,sensor_data,2025-12-10 12:56:22.258
T7,AIN0,LoadCell,-0.11672796308994293,sensor_data,2025-12-10 12:56:22.258
T7,AIN51,LoadCell,-0.13691319525241852,sensor_data,2025-12-10 12:56:22.258
T7,AIN0,LoadCell,-0.11609716713428497,sensor_data,2025-12-10 12:56:22.258
T7,AIN51,LoadCell,-0.13691319525241852,sensor_data,2025-12-10 12:56:22.258
T7,AIN0,LoadCell,-0.11609716713428497,sensor_data,2025-12-10 12:56:22.258
T7,AIN51,LoadCell,-0.13691319525241852,sensor_data,2025-12-10 12:56:22.258
T7,AIN0,LoadCell,-0.11578177660703659,sensor_data,2025-12-10 12:56:22.258
T7,AIN51,LoadCell,-0.13659781217575073,sensor_data,2025-12-10 12:56:22.258
T7,AIN0,LoadCell,-0.11515098810195923,sensor_data,2025-12-10 12:56:22.258
T7,AIN51,LoadCell,-0.1356516182422638,sensor_data,2025-12-10 12:56:22.258
T7,AIN0,LoadCell,-0.11672796308994293,sensor_data,2025-12-10 12:56:22.258
T7,AIN51,LoadCell,-0.13754399120807648,sensor_data,2025-12-10 12:56:22.258
T7,AIN0,LoadCell,-0.12240505963563919,sensor_data,2025-12-10 12:56:22.258
T7,AIN51,LoadCell,-0.1422749012708664,sensor_data,2025-12-10 12:56:22.258
T7,AIN0,LoadCell,-0.12745137512683868,sensor_data,2025-12-10 12:56:22.258
T7,AIN51,LoadCell,-0.1470058262348175,sensor_data,2025-12-10 12:56:22.258
T7,AIN0,LoadCell,-0.12934373319149017,sensor_data,2025-12-10 12:56:22.258
T7,AIN51,LoadCell,-0.14858278632164001,sensor_data,2025-12-10 12:56:22.258
T7,AIN0,LoadCell,-0.1290283352136612,sensor_data,2025-12-10 12:56:22.258
T7,AIN51,LoadCell,-0.14826740324497223,sensor_data,2025-12-10 12:56:22.258
T7,AIN0,LoadCell,-0.12808215618133545,sensor_data,2025-12-10 12:56:22.258
T7,AIN51,LoadCell,-0.1473212093114853,sensor_data,2025-12-10 12:56:22.258
T7,AIN0,LoadCell,-0.12587440013885498,sensor_data,2025-12-10 12:56:22.258
T7,AIN51,LoadCell,-0.14574424922466278,sensor_data,2025-12-10 12:56:22.258
T7,AIN0,LoadCell,-0.12492821365594864,sensor_data,2025-12-10 12:56:22.258
T7,AIN51,LoadCell,-0.14448267221450806,sensor_data,2025-12-10 12:56:22.258
T7,AIN0,LoadCell,-0.12303584814071655,sensor_data,2025-12-10 12:56:22.258
T7,AIN51,LoadCell,-0.14290569722652435,sensor_data,2025-12-10 12:56:22.258
T7,AIN0,LoadCell,-0.12208966165781021,sensor_data,2025-12-10 12:56:22.258
T7,AIN51,LoadCell,-0.1419595181941986,sensor_data,2025-12-10 12:56:22.258
T7,AIN0,LoadCell,-0.12019729614257812,sensor_data,2025-12-10 12:56:22.258
T7,AIN51,LoadCell,-0.14006714522838593,sensor_data,2025-12-10 12:56:22.258
T7,AIN0,LoadCell,-0.11830493062734604,sensor_data,2025-12-10 12:56:22.258
T7,AIN51,LoadCell,-0.13943634927272797,sensor_data,2025-12-10 12:56:22.258
T7,AIN0,LoadCell,-0.11862032860517502,sensor_data,2025-12-10 12:56:22.258
T7,AIN51,LoadCell,-0.13912096619606018,sensor_data,2025-12-10 12:56:22.258
T7,AIN0,LoadCell,-0.1189357191324234,sensor_data,2025-12-10 12:56:22.258
T7,AIN51,LoadCell,-0.1388055682182312,sensor_data,2025-12-10 12:56:22.258
T7,AIN0,LoadCell,-0.11862032860517502,sensor_data,2025-12-10 12:56:22.258
T7,AIN51,LoadCell,-0.13943634927272797,sensor_data,2025-12-10 12:56:22.258
T7,AIN0,LoadCell,-0.11862032860517502,sensor_data,2025-12-10 12:56:22.258
T7,AIN51,LoadCell,-0.13912096619606018,sensor_data,2025-12-10 12:56:22.258
T7,AIN0,LoadCell,-0.1189357191324234,sensor_data,2025-12-10 12:56:22.258
T7,AIN51,LoadCell,-0.13943634927272797,sensor_data,2025-12-10 12:56:22.258
T7,AIN0,LoadCell,-0.11767414212226868,sensor_data,2025-12-10 12:56:22.258
T7,AIN51,LoadCell,-0.13754399120807648,sensor_data,2025-12-10 12:56:22.258
T7,AIN0,LoadCell,-0.11420480161905289,sensor_data,2025-12-10 12:56:22.258
T7,AIN51,LoadCell,-0.13439004123210907,sensor_data,2025-12-10 12:56:22.258
T7,AIN0,LoadCell,-0.11420480161905289,sensor_data,2025-12-10 12:56:22.258
T7,AIN51,LoadCell,-0.13502083718776703,sensor_data,2025-12-10 12:56:22.258
T7,AIN0,LoadCell,-0.11672796308994293,sensor_data,2025-12-10 12:56:22.258
T7,AIN51,LoadCell,-0.13691319525241852,sensor_data,2025-12-10 12:56:22.258
T7,AIN0,LoadCell,-0.11798954010009766,sensor_data,2025-12-10 12:56:22.258
T7,AIN51,LoadCell,-0.13785938918590546,sensor_data,2025-12-10 12:56:22.258
T7,AIN0,LoadCell,-0.11767414212226868,sensor_data,2025-12-10 12:56:22.258
T7,AIN51,LoadCell,-0.13817477226257324,sensor_data,2025-12-10 12:56:22.258
T7,AIN0,LoadCell,-0.11830493062734604,sensor_data,2025-12-10 12:56:22.258
T7,AIN51,LoadCell,-0.1388055682182312,sensor_data,2025-12-10 12:56:22.258
T7,AIN0,LoadCell,-0.11767414212226868,sensor_data,2025-12-10 12:56:22.258
T7,AIN51,LoadCell,-0.13817477226257324,sensor_data,2025-12-10 12:56:22.258
T7,AIN0,LoadCell,-0.11672796308994293,sensor_data,2025-12-10 12:56:22.258
T7,AIN51,LoadCell,-0.13691319525241852,sensor_data,2025-12-10 12:56:22.258
T7,AIN0,LoadCell,-0.11672796308994293,sensor_data,2025-12-10 12:56:22.258
T7,AIN51,LoadCell,-0.13691319525241852,sensor_data,2025-12-10 12:56:22.258
T7,AIN0,LoadCell,-0.11672796308994293,sensor_data,2025-12-10 12:56:22.258
T7,AIN51,LoadCell,-0.1372285932302475,sensor_data,2025-12-10 12:56:22.258
T7,AIN0,LoadCell,-0.1173587515950203,sensor_data,2025-12-10 12:56:22.258
T7,AIN51,LoadCell,-0.13785938918590546,sensor_data,2025-12-10 12:56:22.258
T7,AIN0,LoadCell,-0.1173587515950203,sensor_data,2025-12-10 12:56:22.258
T7,AIN51,LoadCell,-0.13754399120807648,sensor_data,2025-12-10 12:56:22.258
T7,AIN0,LoadCell,-0.11704335361719131,sensor_data,2025-12-10 12:56:22.258
T7,AIN51,LoadCell,-0.13785938918590546,sensor_data,2025-12-10 12:56:22.258
T7,AIN0,LoadCell,-0.11704335361719131,sensor_data,2025-12-10 12:56:22.258
T7,AIN51,LoadCell,-0.13754399120807648,sensor_data,2025-12-10 12:56:22.258
T7,AIN0,LoadCell,-0.11767414212226868,sensor_data,2025-12-10 12:56:22.258
T7,AIN51,LoadCell,-0.13817477226257324,sensor_data,2025-12-10 12:56:22.258
T7,AIN0,LoadCell,-0.11830493062734604,sensor_data,2025-12-10 12:56:22.258
T7,AIN51,LoadCell,-0.13817477226257324,sensor_data,2025-12-10 12:56:22.258
T7,AIN0,LoadCell,-0.11830493062734604,sensor_data,2025-12-10 12:56:22.258
T7,AIN51,LoadCell,-0.13817477226257324,sensor_data,2025-12-10 12:56:22.258
T7,AIN0,LoadCell,-0.11641256511211395,sensor_data,2025-12-10 12:56:22.258
T7,AIN51,LoadCell,-0.13691319525241852,sensor_data,2025-12-10 12:56:22.258
T7,AIN0,LoadCell,-0.11294322460889816,sensor_data,2025-12-10 12:56:22.258
T7,AIN51,LoadCell,-0.13407465815544128,sensor_data,2025-12-10 12:56:22.258
T7,AIN0,LoadCell,-0.11357401311397552,sensor_data,2025-12-10 12:56:22.258
T7,AIN51,LoadCell,-0.13439004123210907,sensor_data,2025-12-10 12:56:22.258
T7,AIN0,LoadCell,-0.11515098810195923,sensor_data,2025-12-10 12:56:22.258
T7,AIN51,LoadCell,-0.13596701622009277,sensor_data,2025-12-10 12:56:22.258
T7,AIN0,LoadCell,-0.11609716713428497,sensor_data,2025-12-10 12:56:22.258
T7,AIN51,LoadCell,-0.13691319525241852,sensor_data,2025-12-10 12:56:22.258
T7,AIN0,LoadCell,-0.11704335361719131,sensor_data,2025-12-10 12:56:22.258
T7,AIN51,LoadCell,-0.13754399120807648,sensor_data,2025-12-10 12:56:22.258
T7,AIN0,LoadCell,-0.1173587515950203,sensor_data,2025-12-10 12:56:22.258
T7,AIN51,LoadCell,-0.13754399120807648,sensor_data,2025-12-10 12:56:22.258
T7,AIN0,LoadCell,-0.11672796308994293,sensor_data,2025-12-10 12:56:22.258
T7,AIN51,LoadCell,-0.1372285932302475,sensor_data,2025-12-10 12:56:22.258
T7,AIN0,LoadCell,-0.11672796308994293,sensor_data,2025-12-10 12:56:22.258
T7,AIN51,LoadCell,-0.13754399120807648,sensor_data,2025-12-10 12:56:22.258
T7,AIN0,LoadCell,-0.11704335361719131,sensor_data,2025-12-10 12:56:22.258
T7,AIN51,LoadCell,-0.13754399120807648,sensor_data,2025-12-10 12:56:22.258
T7,AIN0,LoadCell,-0.11704335361719131,sensor_data,2025-12-10 12:56:22.258
T7,AIN51,LoadCell,-0.13785938918590546,sensor_data,2025-12-10 12:56:22.258
T7,AIN0,LoadCell,-0.1173587515950203,sensor_data,2025-12-10 12:56:22.258
T7,AIN51,LoadCell,-0.13754399120807648,sensor_data,2025-12-10 12:56:22.258
T7,AIN0,LoadCell,-0.11704335361719131,sensor_data,2025-12-10 12:56:22.258
T7,AIN51,LoadCell,-0.13849017024040222,sensor_data,2025-12-10 12:56:22.258
T7,AIN0,LoadCell,-0.11830493062734604,sensor_data,2025-12-10 12:56:22.258
T7,AIN51,LoadCell,-0.13817477226257324,sensor_data,2025-12-10 12:56:22.258
T7,AIN0,LoadCell,-0.1173587515950203,sensor_data,2025-12-10 12:56:22.258
T7,AIN51,LoadCell,-0.13817477226257324,sensor_data,2025-12-10 12:56:22.258
T7,AIN0,LoadCell,-0.11357401311397552,sensor_data,2025-12-10 12:56:22.258
T7,AIN51,LoadCell,-0.13470543920993805,sensor_data,2025-12-10 12:56:22.258
T7,AIN0,LoadCell,-0.10947389155626297,sensor_data,2025-12-10 12:56:22.258
T7,AIN51,LoadCell,-0.1306053102016449,sensor_data,2025-12-10 12:56:22.258
T7,AIN0,LoadCell,-0.1072661280632019,sensor_data,2025-12-10 12:56:22.258
T7,AIN51,LoadCell,-0.12934373319149017,sensor_data,2025-12-10 12:56:22.258
T7,AIN0,LoadCell,-0.10474297404289246,sensor_data,2025-12-10 12:56:22.258
T7,AIN51,LoadCell,-0.12682057917118073,sensor_data,2025-12-10 12:56:22.258
T7,AIN0,LoadCell,-0.10348139703273773,sensor_data,2025-12-10 12:56:22.258
T7,AIN51,LoadCell,-0.125559002161026,sensor_data,2025-12-10 12:56:22.258
T7,AIN0,LoadCell,-0.1056891530752182,sensor_data,2025-12-10 12:56:22.258
T7,AIN51,LoadCell,-0.12682057917118073,sensor_data,2025-12-10 12:56:22.258
T7,AIN0,LoadCell,-0.10947389155626297,sensor_data,2025-12-10 12:56:22.258
T7,AIN51,LoadCell,-0.1306053102016449,sensor_data,2025-12-10 12:56:22.258
T7,AIN0,LoadCell,-0.11199704557657242,sensor_data,2025-12-10 12:56:22.258
T7,AIN51,LoadCell,-0.13281308114528656,sensor_data,2025-12-10 12:56:22.258
T7,AIN0,LoadCell,-0.11294322460889816,sensor_data,2025-12-10 12:56:22.258
T7,AIN51,LoadCell,-0.13470543920993805,sensor_data,2025-12-10 12:56:22.258
T7,AIN0,LoadCell,-0.11452019959688187,sensor_data,2025-12-10 12:56:22.258
T7,AIN51,LoadCell,-0.13502083718776703,sensor_data,2025-12-10 12:56:22.258
T7,AIN0,LoadCell,-0.11546637862920761,sensor_data,2025-12-10 12:56:22.258
T7,AIN51,LoadCell,-0.13628241419792175,sensor_data,2025-12-10 12:56:22.258
T7,AIN0,LoadCell,-0.11672796308994293,sensor_data,2025-12-10 12:56:22.258
T7,AIN51,LoadCell,-0.1372285932302475,sensor_data,2025-12-10 12:56:22.258
T7,AIN0,LoadCell,-0.11672796308994293,sensor_data,2025-12-10 12:56:22.258
T7,AIN51,LoadCell,-0.1372285932302475,sensor_data,2025-12-10 12:56:22.258
T7,AIN0,LoadCell,-0.11672796308994293,sensor_data,2025-12-10 12:56:22.258
T7,AIN51,LoadCell,-0.13754399120807648,sensor_data,2025-12-10 12:56:22.258
T7,AIN0,LoadCell,-0.11672796308994293,sensor_data,2025-12-10 12:56:22.258
T7,AIN51,LoadCell,-0.13754399120807648,sensor_data,2025-12-10 12:56:22.258
T7,AIN0,LoadCell,-0.1173587515950203,sensor_data,2025-12-10 12:56:22.258
T7,AIN51,LoadCell,-0.13754399120807648,sensor_data,2025-12-10 12:56:22.258
T7,AIN0,LoadCell,-0.11641256511211395,sensor_data,2025-12-10 12:56:22.258
T7,AIN51,LoadCell,-0.13691319525241852,sensor_data,2025-12-10 12:56:22.258
T7,AIN0,LoadCell,-0.11672796308994293,sensor_data,2025-12-10 12:56:22.258
T7,AIN51,LoadCell,-0.13691319525241852,sensor_data,2025-12-10 12:56:22.258
T7,AIN0,LoadCell,-0.11609716713428497,sensor_data,2025-12-10 12:56:22.258
T7,AIN51,LoadCell,-0.1372285932302475,sensor_data,2025-12-10 12:56:22.258
T7,AIN0,LoadCell,-0.11641256511211395,sensor_data,2025-12-10 12:56:22.258
T7,AIN51,LoadCell,-0.13754399120807648,sensor_data,2025-12-10 12:56:22.258
T7,AIN0,LoadCell,-0.11672796308994293,sensor_data,2025-12-10 12:56:22.258
T7,AIN51,LoadCell,-0.13691319525241852,sensor_data,2025-12-10 12:56:22.258
T7,AIN0,LoadCell,-0.11483559012413025,sensor_data,2025-12-10 12:56:22.258
T7,AIN51,LoadCell,-0.1356516182422638,sensor_data,2025-12-10 12:56:22.258
T7,AIN0,LoadCell,-0.11199704557657242,sensor_data,2025-12-10 12:56:22.258
T7,AIN51,LoadCell,-0.13344386219978333,sensor_data,2025-12-10 12:56:22.258
T7,AIN0,LoadCell,-0.11294322460889816,sensor_data,2025-12-10 12:56:22.258
T7,AIN51,LoadCell,-0.1337592601776123,sensor_data,2025-12-10 12:56:22.258
T7,AIN0,LoadCell,-0.11452019959688187,sensor_data,2025-12-10 12:56:22.258
T7,AIN51,LoadCell,-0.13596701622009277,sensor_data,2025-12-10 12:56:22.258
T7,AIN0,LoadCell,-0.11641256511211395,sensor_data,2025-12-10 12:56:22.258
T7,AIN51,LoadCell,-0.13754399120807648,sensor_data,2025-12-10 12:56:22.258
T7,AIN0,LoadCell,-0.1173587515950203,sensor_data,2025-12-10 12:56:22.258
T7,AIN51,LoadCell,-0.13817477226257324,sensor_data,2025-12-10 12:56:22.258
T7,AIN0,LoadCell,-0.11830493062734604,sensor_data,2025-12-10 12:56:22.258
T7,AIN51,LoadCell,-0.13849017024040222,sensor_data,2025-12-10 12:56:22.258
T7,AIN0,LoadCell,-0.11862032860517502,sensor_data,2025-12-10 12:56:22.258
T7,AIN51,LoadCell,-0.1388055682182312,sensor_data,2025-12-10 12:56:22.258
T7,AIN0,LoadCell,-0.11862032860517502,sensor_data,2025-12-10 12:56:22.258
T7,AIN51,LoadCell,-0.13943634927272797,sensor_data,2025-12-10 12:56:22.258
T7,AIN0,LoadCell,-0.11862032860517502,sensor_data,2025-12-10 12:56:22.258
T7,AIN51,LoadCell,-0.13849017024040222,sensor_data,2025-12-10 12:56:22.258
T7,AIN0,LoadCell,-0.11767414212226868,sensor_data,2025-12-10 12:56:22.258
T7,AIN51,LoadCell,-0.13817477226257324,sensor_data,2025-12-10 12:56:22.258
T7,AIN0,LoadCell,-0.11767414212226868,sensor_data,2025-12-10 12:56:22.258
T7,AIN51,LoadCell,-0.13817477226257324,sensor_data,2025-12-10 12:56:22.258
T7,AIN0,LoadCell,-0.11704335361719131,sensor_data,2025-12-10 12:56:22.258
T7,AIN51,LoadCell,-0.1372285932302475,sensor_data,2025-12-10 12:56:22.258
T7,AIN0,LoadCell,-0.11704335361719131,sensor_data,2025-12-10 12:56:22.258
T7,AIN51,LoadCell,-0.13754399120807648,sensor_data,2025-12-10 12:56:22.258
T7,AIN0,LoadCell,-0.11672796308994293,sensor_data,2025-12-10 12:56:22.258
T7,AIN51,LoadCell,-0.13754399120807648,sensor_data,2025-12-10 12:56:22.258
T7,AIN0,LoadCell,-0.11672796308994293,sensor_data,2025-12-10 12:56:22.258
T7,AIN51,LoadCell,-0.13817477226257324,sensor_data,2025-12-10 12:56:22.258
T7,AIN0,LoadCell,-0.11767414212226868,sensor_data,2025-12-10 12:56:22.258
T7,AIN51,LoadCell,-0.13754399120807648,sensor_data,2025-12-10 12:56:22.258
T7,AIN0,LoadCell,-0.1173587515950203,sensor_data,2025-12-10 12:56:22.258
T7,AIN51,LoadCell,-0.13817477226257324,sensor_data,2025-12-10 12:56:22.258
T7,AIN0,LoadCell,-0.11578177660703659,sensor_data,2025-12-10 12:56:22.258
T7,AIN51,LoadCell,-0.13659781217575073,sensor_data,2025-12-10 12:56:22.258
T7,AIN0,LoadCell,-0.1123124361038208,sensor_data,2025-12-10 12:56:22.258
T7,AIN51,LoadCell,-0.1337592601776123,sensor_data,2025-12-10 12:56:22.258
T7,AIN0,LoadCell,-0.1123124361038208,sensor_data,2025-12-10 12:56:22.258
T7,AIN51,LoadCell,-0.13344386219978333,sensor_data,2025-12-10 12:56:22.258
T7,AIN0,LoadCell,-0.11483559012413025,sensor_data,2025-12-10 12:56:22.258
T7,AIN51,LoadCell,-0.1356516182422638,sensor_data,2025-12-10 12:56:22.258
T7,AIN0,LoadCell,-0.11672796308994293,sensor_data,2025-12-10 12:56:22.258
T7,AIN51,LoadCell,-0.13691319525241852,sensor_data,2025-12-10 12:56:22.258
T7,AIN0,LoadCell,-0.11798954010009766,sensor_data,2025-12-10 12:56:22.258
T7,AIN51,LoadCell,-0.13817477226257324,sensor_data,2025-12-10 12:56:22.258
T7,AIN0,LoadCell,-0.1173587515950203,sensor_data,2025-12-10 12:56:22.258
T7,AIN51,LoadCell,-0.13817477226257324,sensor_data,2025-12-10 12:56:22.258
T7,AIN0,LoadCell,-0.1173587515950203,sensor_data,2025-12-10 12:56:22.258
T7,AIN51,LoadCell,-0.13754399120807648,sensor_data,2025-12-10 12:56:22.258
T7,AIN0,LoadCell,-0.11767414212226868,sensor_data,2025-12-10 12:56:22.258
T7,AIN51,LoadCell,-0.13817477226257324,sensor_data,2025-12-10 12:56:22.258
T7,AIN0,LoadCell,-0.1173587515950203,sensor_data,2025-12-10 12:56:22.258
T7,AIN51,LoadCell,-0.1372285932302475,sensor_data,2025-12-10 12:56:22.258
T7,AIN0,LoadCell,-0.1173587515950203,sensor_data,2025-12-10 12:56:22.258
T7,AIN51,LoadCell,-0.13754399120807648,sensor_data,2025-12-10 12:56:22.258
T7,AIN0,LoadCell,-0.12177427113056183,sensor_data,2025-12-10 12:56:22.258
T7,AIN51,LoadCell,-0.1422749012708664,sensor_data,2025-12-10 12:56:22.258
T7,AIN0,LoadCell,-0.12618979811668396,sensor_data,2025-12-10 12:56:22.258
T7,AIN51,LoadCell,-0.14637503027915955,sensor_data,2025-12-10 12:56:22.258
T7,AIN0,LoadCell,-0.1287129521369934,sensor_data,2025-12-10 12:56:22.258
T7,AIN51,LoadCell,-0.14858278632164001,sensor_data,2025-12-10 12:56:22.258
T7,AIN0,LoadCell,-0.1290283352136612,sensor_data,2025-12-10 12:56:22.258
T7,AIN51,LoadCell,-0.148898184299469,sensor_data,2025-12-10 12:56:22.258
T7,AIN0,LoadCell,-0.12745137512683868,sensor_data,2025-12-10 12:56:22.258
T7,AIN51,LoadCell,-0.1473212093114853,sensor_data,2025-12-10 12:56:22.258
T7,AIN0,LoadCell,-0.12618979811668396,sensor_data,2025-12-10 12:56:22.258
T7,AIN51,LoadCell,-0.14605963230133057,sensor_data,2025-12-10 12:56:22.258
T7,AIN0,LoadCell,-0.12461282312870026,sensor_data,2025-12-10 12:56:22.258
T7,AIN51,LoadCell,-0.14448267221450806,sensor_data,2025-12-10 12:56:22.258
T7,AIN0,LoadCell,-0.12177427113056183,sensor_data,2025-12-10 12:56:22.258
T7,AIN51,LoadCell,-0.1419595181941986,sensor_data,2025-12-10 12:56:22.258
T7,AIN0,LoadCell,-0.1173587515950203,sensor_data,2025-12-10 12:56:22.258
T7,AIN51,LoadCell,-0.13817477226257324,sensor_data,2025-12-10 12:56:22.258
T7,AIN0,LoadCell,-0.11641256511211395,sensor_data,2025-12-10 12:56:22.258
T7,AIN51,LoadCell,-0.13754399120807648,sensor_data,2025-12-10 12:56:22.258
T7,AIN0,LoadCell,-0.1173587515950203,sensor_data,2025-12-10 12:56:22.258
T7,AIN51,LoadCell,-0.13817477226257324,sensor_data,2025-12-10 12:56:22.258
T7,AIN0,LoadCell,-0.11830493062734604,sensor_data,2025-12-10 12:56:22.258
T7,AIN51,LoadCell,-0.13817477226257324,sensor_data,2025-12-10 12:56:22.258
T7,AIN0,LoadCell,-0.1189357191324234,sensor_data,2025-12-10 12:56:22.258
T7,AIN51,LoadCell,-0.13943634927272797,sensor_data,2025-12-10 12:56:22.258
T7,AIN0,LoadCell,-0.11925111711025238,sensor_data,2025-12-10 12:56:22.258
T7,AIN51,LoadCell,-0.13943634927272797,sensor_data,2025-12-10 12:56:22.258
T7,AIN0,LoadCell,-0.1189357191324234,sensor_data,2025-12-10 12:56:22.258
T7,AIN51,LoadCell,-0.13912096619606018,sensor_data,2025-12-10 12:56:22.258
T7,AIN0,LoadCell,-0.11862032860517502,sensor_data,2025-12-10 12:56:22.258
T7,AIN51,LoadCell,-0.13943634927272797,sensor_data,2025-12-10 12:56:22.258
T7,AIN0,LoadCell,-0.11925111711025238,sensor_data,2025-12-10 12:56:22.258
T7,AIN51,LoadCell,-0.13975174725055695,sensor_data,2025-12-10 12:56:22.258
T7,AIN0,LoadCell,-0.11956650763750076,sensor_data,2025-12-10 12:56:22.258
T7,AIN51,LoadCell,-0.14006714522838593,sensor_data,2025-12-10 12:56:22.258
T7,AIN0,LoadCell,-0.1189357191324234,sensor_data,2025-12-10 12:56:22.258
T7,AIN51,LoadCell,-0.13943634927272797,sensor_data,2025-12-10 12:56:22.258
T7,AIN0,LoadCell,-0.11925111711025238,sensor_data,2025-12-10 12:56:22.258
T7,AIN51,LoadCell,-0.13943634927272797,sensor_data,2025-12-10 12:56:22.258
T7,AIN0,LoadCell,-0.11798954010009766,sensor_data,2025-12-10 12:56:22.258
T7,AIN51,LoadCell,-0.1388055682182312,sensor_data,2025-12-10 12:56:22.258
T7,AIN0,LoadCell,-0.11767414212226868,sensor_data,2025-12-10 12:56:22.258
T7,AIN51,LoadCell,-0.13849017024040222,sensor_data,2025-12-10 12:56:22.258
T7,AIN0,LoadCell,-0.1173587515950203,sensor_data,2025-12-10 12:56:22.258
T7,AIN51,LoadCell,-0.13817477226257324,sensor_data,2025-12-10 12:56:22.258
T7,AIN0,LoadCell,-0.11672796308994293,sensor_data,2025-12-10 12:56:22.258
T7,AIN51,LoadCell,-0.13785938918590546,sensor_data,2025-12-10 12:56:22.258
T7,AIN0,LoadCell,-0.11546637862920761,sensor_data,2025-12-10 12:56:22.258
T7,AIN51,LoadCell,-0.13628241419792175,sensor_data,2025-12-10 12:56:22.258
T7,AIN0,LoadCell,-0.11357401311397552,sensor_data,2025-12-10 12:56:22.258
T7,AIN51,LoadCell,-0.13439004123210907,sensor_data,2025-12-10 12:56:22.258
T7,AIN0,LoadCell,-0.11105085909366608,sensor_data,2025-12-10 12:56:22.258
T7,AIN51,LoadCell,-0.1321822851896286,sensor_data,2025-12-10 12:56:22.258
T7,AIN0,LoadCell,-0.11168164759874344,sensor_data,2025-12-10 12:56:22.258
T7,AIN51,LoadCell,-0.13281308114528656,sensor_data,2025-12-10 12:56:22.258
T7,AIN0,LoadCell,-0.11452019959688187,sensor_data,2025-12-10 12:56:22.258
T7,AIN51,LoadCell,-0.13470543920993805,sensor_data,2025-12-10 12:56:22.258
T7,AIN0,LoadCell,-0.11609716713428497,sensor_data,2025-12-10 12:56:22.258
T7,AIN51,LoadCell,-0.13659781217575073,sensor_data,2025-12-10 12:56:22.258
T7,AIN0,LoadCell,-0.11704335361719131,sensor_data,2025-12-10 12:56:22.258
T7,AIN51,LoadCell,-0.13817477226257324,sensor_data,2025-12-10 12:56:22.258
T7,AIN0,LoadCell,-0.1173587515950203,sensor_data,2025-12-10 12:56:22.258
T7,AIN51,LoadCell,-0.13785938918590546,sensor_data,2025-12-10 12:56:22.258
T7,AIN0,LoadCell,-0.11798954010009766,sensor_data,2025-12-10 12:56:22.258
T7,AIN51,LoadCell,-0.13817477226257324,sensor_data,2025-12-10 12:56:22.258
T7,AIN0,LoadCell,-0.11862032860517502,sensor_data,2025-12-10 12:56:22.258
T7,AIN51,LoadCell,-0.1388055682182312,sensor_data,2025-12-10 12:56:22.258
T7,AIN0,LoadCell,-0.11862032860517502,sensor_data,2025-12-10 12:56:22.258
T7,AIN51,LoadCell,-0.1388055682182312,sensor_data,2025-12-10 12:56:22.258
T7,AIN0,LoadCell,-0.11862032860517502,sensor_data,2025-12-10 12:56:22.258
T7,AIN51,LoadCell,-0.1388055682182312,sensor_data,2025-12-10 12:56:22.258
T7,AIN0,LoadCell,-0.11862032860517502,sensor_data,2025-12-10 12:56:22.258
T7,AIN51,LoadCell,-0.1388055682182312,sensor_data,2025-12-10 12:56:22.258
T7,AIN0,LoadCell,-0.11830493062734604,sensor_data,2025-12-10 12:56:22.258
T7,AIN51,LoadCell,-0.13849017024040222,sensor_data,2025-12-10 12:56:22.258
T7,AIN0,LoadCell,-0.11641256511211395,sensor_data,2025-12-10 12:56:22.258
T7,AIN51,LoadCell,-0.1372285932302475,sensor_data,2025-12-10 12:56:22.258
T7,AIN0,LoadCell,-0.11609716713428497,sensor_data,2025-12-10 12:56:22.258
T7,AIN51,LoadCell,-0.13691319525241852,sensor_data,2025-12-10 12:56:22.258
T7,AIN0,LoadCell,-0.11609716713428497,sensor_data,2025-12-10 12:56:22.258
T7,AIN51,LoadCell,-0.13691319525241852,sensor_data,2025-12-10 12:56:22.258
T7,AIN0,LoadCell,-0.11483559012413025,sensor_data,2025-12-10 12:56:22.258
T7,AIN51,LoadCell,-0.1356516182422638,sensor_data,2025-12-10 12:56:22.258
T7,AIN0,LoadCell,-0.11483559012413025,sensor_data,2025-12-10 12:56:22.258
T7,AIN51,LoadCell,-0.1356516182422638,sensor_data,2025-12-10 12:56:22.258
T7,AIN0,LoadCell,-0.11357401311397552,sensor_data,2025-12-10 12:56:22.258
T7,AIN51,LoadCell,-0.1337592601776123,sensor_data,2025-12-10 12:56:22.258
T7,AIN0,LoadCell,-0.1107354685664177,sensor_data,2025-12-10 12:56:22.258
T7,AIN51,LoadCell,-0.13249768316745758,sensor_data,2025-12-10 12:56:22.258
T7,AIN0,LoadCell,-0.11136625707149506,sensor_data,2025-12-10 12:56:22.258
T7,AIN51,LoadCell,-0.13186688721179962,sensor_data,2025-12-10 12:56:22.258
T7,AIN0,LoadCell,-0.11325862258672714,sensor_data,2025-12-10 12:56:22.258
T7,AIN51,LoadCell,-0.1337592601776123,sensor_data,2025-12-10 12:56:22.258
T7,AIN0,LoadCell,-0.11483559012413025,sensor_data,2025-12-10 12:56:22.258
T7,AIN51,LoadCell,-0.1356516182422638,sensor_data,2025-12-10 12:56:22.258
T7,AIN0,LoadCell,-0.11609716713428497,sensor_data,2025-12-10 12:56:22.258
T7,AIN51,LoadCell,-0.13691319525241852,sensor_data,2025-12-10 12:56:22.258
T7,AIN0,LoadCell,-0.1173587515950203,sensor_data,2025-12-10 12:56:22.258
T7,AIN51,LoadCell,-0.13817477226257324,sensor_data,2025-12-10 12:56:22.258
T7,AIN0,LoadCell,-0.11483559012413025,sensor_data,2025-12-10 12:56:22.258
T7,AIN51,LoadCell,-0.135336235165596,sensor_data,2025-12-10 12:56:22.258
T7,AIN0,LoadCell,-0.10978928208351135,sensor_data,2025-12-10 12:56:22.258
T7,AIN51,LoadCell,-0.13123610615730286,sensor_data,2025-12-10 12:56:22.258
T7,AIN0,LoadCell,-0.1072661280632019,sensor_data,2025-12-10 12:56:22.258
T7,AIN51,LoadCell,-0.1287129521369934,sensor_data,2025-12-10 12:56:22.258
T7,AIN0,LoadCell,-0.10600455105304718,sensor_data,2025-12-10 12:56:22.258
T7,AIN51,LoadCell,-0.12776675820350647,sensor_data,2025-12-10 12:56:22.258
T7,AIN0,LoadCell,-0.10600455105304718,sensor_data,2025-12-10 12:56:22.258
T7,AIN51,LoadCell,-0.12808215618133545,sensor_data,2025-12-10 12:56:22.258
T7,AIN0,LoadCell,-0.1072661280632019,sensor_data,2025-12-10 12:56:22.258
T7,AIN51,LoadCell,-0.1287129521369934,sensor_data,2025-12-10 12:56:22.258
T7,AIN0,LoadCell,-0.10852770507335663,sensor_data,2025-12-10 12:56:22.258
T7,AIN51,LoadCell,-0.12965913116931915,sensor_data,2025-12-10 12:56:22.258
T7,AIN0,LoadCell,-0.10947389155626297,sensor_data,2025-12-10 12:56:22.258
T7,AIN51,LoadCell,-0.1306053102016449,sensor_data,2025-12-10 12:56:22.258
T7,AIN0,LoadCell,-0.10978928208351135,sensor_data,2025-12-10 12:56:22.258
T7,AIN51,LoadCell,-0.13155148923397064,sensor_data,2025-12-10 12:56:22.258
T7,AIN0,LoadCell,-0.11042007058858871,sensor_data,2025-12-10 12:56:22.258
T7,AIN51,LoadCell,-0.1321822851896286,sensor_data,2025-12-10 12:56:22.258
T7,AIN0,LoadCell,-0.11168164759874344,sensor_data,2025-12-10 12:56:22.258
T7,AIN51,LoadCell,-0.1337592601776123,sensor_data,2025-12-10 12:56:22.258
T7,AIN0,LoadCell,-0.11168164759874344,sensor_data,2025-12-10 12:56:22.258
T7,AIN51,LoadCell,-0.13249768316745758,sensor_data,2025-12-10 12:56:22.258
T7,AIN0,LoadCell,-0.10947389155626297,sensor_data,2025-12-10 12:56:22.258
T7,AIN51,LoadCell,-0.13123610615730286,sensor_data,2025-12-10 12:56:22.258
T7,AIN0,LoadCell,-0.1107354685664177,sensor_data,2025-12-10 12:56:22.258
T7,AIN51,LoadCell,-0.1321822851896286,sensor_data,2025-12-10 12:56:22.258
T7,AIN0,LoadCell,-0.11452019959688187,sensor_data,2025-12-10 12:56:22.258
T7,AIN51,LoadCell,-0.135336235165596,sensor_data,2025-12-10 12:56:22.258
T7,AIN0,LoadCell,-0.11672796308994293,sensor_data,2025-12-10 12:56:22.258
T7,AIN51,LoadCell,-0.13691319525241852,sensor_data,2025-12-10 12:56:22.258
T7,AIN0,LoadCell,-0.11830493062734604,sensor_data,2025-12-10 12:56:22.258
T7,AIN51,LoadCell,-0.1388055682182312,sensor_data,2025-12-10 12:56:22.258
T7,AIN0,LoadCell,-0.11862032860517502,sensor_data,2025-12-10 12:56:22.258
T7,AIN51,LoadCell,-0.1388055682182312,sensor_data,2025-12-10 12:56:22.258
T7,AIN0,LoadCell,-0.11830493062734604,sensor_data,2025-12-10 12:56:22.258
T7,AIN51,LoadCell,-0.1388055682182312,sensor_data,2025-12-10 12:56:22.258
T7,AIN0,LoadCell,-0.1189357191324234,sensor_data,2025-12-10 12:56:22.258
T7,AIN51,LoadCell,-0.13943634927272797,sensor_data,2025-12-10 12:56:22.258
T7,AIN0,LoadCell,-0.1189357191324234,sensor_data,2025-12-10 12:56:22.258
T7,AIN51,LoadCell,-0.13912096619606018,sensor_data,2025-12-10 12:56:22.258
T7,AIN0,LoadCell,-0.11862032860517502,sensor_data,2025-12-10 12:56:22.258
T7,AIN51,LoadCell,-0.13943634927272797,sensor_data,2025-12-10 12:56:22.258
T7,AIN0,LoadCell,-0.11798954010009766,sensor_data,2025-12-10 12:56:22.258
T7,AIN51,LoadCell,-0.13849017024040222,sensor_data,2025-12-10 12:56:22.258
T7,AIN0,LoadCell,-0.11767414212226868,sensor_data,2025-12-10 12:56:22.258
T7,AIN51,LoadCell,-0.13849017024040222,sensor_data,2025-12-10 12:56:22.258
T7,AIN0,LoadCell,-0.11767414212226868,sensor_data,2025-12-10 12:56:22.258
T7,AIN51,LoadCell,-0.13754399120807648,sensor_data,2025-12-10 12:56:22.258
T7,AIN0,LoadCell,-0.11672796308994293,sensor_data,2025-12-10 12:56:22.258
T7,AIN51,LoadCell,-0.13754399120807648,sensor_data,2025-12-10 12:56:22.258
T7,AIN0,LoadCell,-0.11704335361719131,sensor_data,2025-12-10 12:56:22.258
T7,AIN51,LoadCell,-0.13754399120807648,sensor_data,2025-12-10 12:56:22.258
T7,AIN0,LoadCell,-0.1173587515950203,sensor_data,2025-12-10 12:56:22.258
T7,AIN51,LoadCell,-0.13817477226257324,sensor_data,2025-12-10 12:56:22.258
T7,AIN0,LoadCell,-0.1173587515950203,sensor_data,2025-12-10 12:56:22.258
T7,AIN51,LoadCell,-0.13817477226257324,sensor_data,2025-12-10 12:56:22.258
T7,AIN0,LoadCell,-0.11609716713428497,sensor_data,2025-12-10 12:56:22.258
T7,AIN51,LoadCell,-0.13691319525241852,sensor_data,2025-12-10 12:56:22.258
T7,AIN0,LoadCell,-0.11262783408164978,sensor_data,2025-12-10 12:56:22.258
T7,AIN51,LoadCell,-0.13407465815544128,sensor_data,2025-12-10 12:56:22.258
T7,AIN0,LoadCell,-0.1123124361038208,sensor_data,2025-12-10 12:56:22.258
T7,AIN51,LoadCell,-0.13407465815544128,sensor_data,2025-12-10 12:56:22.258
T7,AIN0,LoadCell,-0.11609716713428497,sensor_data,2025-12-10 12:56:22.258
T7,AIN51,LoadCell,-0.13628241419792175,sensor_data,2025-12-10 12:56:22.258
T7,AIN0,LoadCell,-0.11862032860517502,sensor_data,2025-12-10 12:56:22.258
T7,AIN51,LoadCell,-0.1388055682182312,sensor_data,2025-12-10 12:56:22.258
T7,AIN0,LoadCell,-0.11988190561532974,sensor_data,2025-12-10 12:56:22.258
T7,AIN51,LoadCell,-0.14006714522838593,sensor_data,2025-12-10 12:56:22.258
T7,AIN0,LoadCell,-0.11988190561532974,sensor_data,2025-12-10 12:56:22.258
T7,AIN51,LoadCell,-0.14069794118404388,sensor_data,2025-12-10 12:56:22.258
T7,AIN0,LoadCell,-0.11956650763750076,sensor_data,2025-12-10 12:56:22.258
T7,AIN51,LoadCell,-0.14006714522838593,sensor_data,2025-12-10 12:56:22.258
T7,AIN0,LoadCell,-0.1189357191324234,sensor_data,2025-12-10 12:56:22.258
T7,AIN51,LoadCell,-0.13943634927272797,sensor_data,2025-12-10 12:56:22.258
T7,AIN0,LoadCell,-0.11798954010009766,sensor_data,2025-12-10 12:56:22.258
T7,AIN51,LoadCell,-0.13849017024040222,sensor_data,2025-12-10 12:56:22.258
T7,AIN0,LoadCell,-0.1173587515950203,sensor_data,2025-12-10 12:56:22.258
T7,AIN51,LoadCell,-0.13785938918590546,sensor_data,2025-12-10 12:56:22.258
T7,AIN0,LoadCell,-0.1173587515950203,sensor_data,2025-12-10 12:56:22.258
T7,AIN51,LoadCell,-0.13785938918590546,sensor_data,2025-12-10 12:56:22.258
T7,AIN0,LoadCell,-0.11672796308994293,sensor_data,2025-12-10 12:56:22.258
T7,AIN51,LoadCell,-0.13754399120807648,sensor_data,2025-12-10 12:56:22.258
T7,AIN0,LoadCell,-0.11641256511211395,sensor_data,2025-12-10 12:56:22.258
T7,AIN51,LoadCell,-0.1372285932302475,sensor_data,2025-12-10 12:56:22.258
T7,AIN0,LoadCell,-0.11767414212226868,sensor_data,2025-12-10 12:56:22.258
T7,AIN51,LoadCell,-0.13754399120807648,sensor_data,2025-12-10 12:56:22.258
T7,AIN0,LoadCell,-0.11798954010009766,sensor_data,2025-12-10 12:56:22.258
T7,AIN51,LoadCell,-0.13817477226257324,sensor_data,2025-12-10 12:56:22.258
T7,AIN0,LoadCell,-0.11578177660703659,sensor_data,2025-12-10 12:56:22.258
T7,AIN51,LoadCell,-0.13754399120807648,sensor_data,2025-12-10 12:56:22.258
T7,AIN0,LoadCell,-0.11609716713428497,sensor_data,2025-12-10 12:56:22.258
T7,AIN51,LoadCell,-0.1372285932302475,sensor_data,2025-12-10 12:56:22.258
T7,AIN0,LoadCell,-0.11483559012413025,sensor_data,2025-12-10 12:56:22.258
T7,AIN51,LoadCell,-0.13628241419792175,sensor_data,2025-12-10 12:56:22.258
T7,AIN0,LoadCell,-0.11262783408164978,sensor_data,2025-12-10 12:56:22.258
T7,AIN51,LoadCell,-0.13344386219978333,sensor_data,2025-12-10 12:56:22.258
T7,AIN0,LoadCell,-0.11452019959688187,sensor_data,2025-12-10 12:56:22.258
T7,AIN51,LoadCell,-0.135336235165596,sensor_data,2025-12-10 12:56:22.258
T7,AIN0,LoadCell,-0.12177427113056183,sensor_data,2025-12-10 12:56:22.258
T7,AIN51,LoadCell,-0.1419595181941986,sensor_data,2025-12-10 12:56:22.258
T7,AIN0,LoadCell,-0.1290283352136612,sensor_data,2025-12-10 12:56:22.258
T7,AIN51,LoadCell,-0.14826740324497223,sensor_data,2025-12-10 12:56:22.258
T7,AIN0,LoadCell,-0.13155148923397064,sensor_data,2025-12-10 12:56:22.258
T7,AIN51,LoadCell,-0.15015976130962372,sensor_data,2025-12-10 12:56:22.258
T7,AIN0,LoadCell,-0.13155148923397064,sensor_data,2025-12-10 12:56:22.258
T7,AIN51,LoadCell,-0.15079055726528168,sensor_data,2025-12-10 12:56:22.258
T7,AIN0,LoadCell,-0.13092070817947388,sensor_data,2025-12-10 12:56:22.258
T7,AIN51,LoadCell,-0.14984437823295593,sensor_data,2025-12-10 12:56:22.258
T7,AIN0,LoadCell,-0.12776675820350647,sensor_data,2025-12-10 12:56:22.258
T7,AIN51,LoadCell,-0.14795200526714325,sensor_data,2025-12-10 12:56:22.258
T7,AIN0,LoadCell,-0.12650518119335175,sensor_data,2025-12-10 12:56:22.258
T7,AIN51,LoadCell,-0.14574424922466278,sensor_data,2025-12-10 12:56:22.258
T7,AIN0,LoadCell,-0.12429742515087128,sensor_data,2025-12-10 12:56:22.258
T7,AIN51,LoadCell,-0.1438518762588501,sensor_data,2025-12-10 12:56:22.258
T7,AIN0,LoadCell,-0.12240505963563919,sensor_data,2025-12-10 12:56:22.258
T7,AIN51,LoadCell,-0.1422749012708664,sensor_data,2025-12-10 12:56:22.258
T7,AIN0,LoadCell,-0.11988190561532974,sensor_data,2025-12-10 12:56:22.258
T7,AIN51,LoadCell,-0.14101332426071167,sensor_data,2025-12-10 12:56:22.258
T7,AIN0,LoadCell,-0.11925111711025238,sensor_data,2025-12-10 12:56:22.258
T7,AIN51,LoadCell,-0.13943634927272797,sensor_data,2025-12-10 12:56:22.258
T7,AIN0,LoadCell,-0.11925111711025238,sensor_data,2025-12-10 12:56:22.258
T7,AIN51,LoadCell,-0.13943634927272797,sensor_data,2025-12-10 12:56:22.258
T7,AIN0,LoadCell,-0.11925111711025238,sensor_data,2025-12-10 12:56:22.268
T7,AIN51,LoadCell,-0.13943634927272797,sensor_data,2025-12-10 12:56:22.268
T7,AIN0,LoadCell,-0.11925111711025238,sensor_data,2025-12-10 12:56:22.268
T7,AIN51,LoadCell,-0.13975174725055695,sensor_data,2025-12-10 12:56:22.268
T7,AIN0,LoadCell,-0.11862032860517502,sensor_data,2025-12-10 12:56:22.268
T7,AIN51,LoadCell,-0.13943634927272797,sensor_data,2025-12-10 12:56:22.268
T7,AIN0,LoadCell,-0.11704335361719131,sensor_data,2025-12-10 12:56:22.268
T7,AIN51,LoadCell,-0.13785938918590546,sensor_data,2025-12-10 12:56:22.268
T7,AIN0,LoadCell,-0.11420480161905289,sensor_data,2025-12-10 12:56:22.268
T7,AIN51,LoadCell,-0.13502083718776703,sensor_data,2025-12-10 12:56:22.268
T7,AIN0,LoadCell,-0.11452019959688187,sensor_data,2025-12-10 12:56:22.268
T7,AIN51,LoadCell,-0.135336235165596,sensor_data,2025-12-10 12:56:22.268
T7,AIN0,LoadCell,-0.11672796308994293,sensor_data,2025-12-10 12:56:22.268
T7,AIN51,LoadCell,-0.1372285932302475,sensor_data,2025-12-10 12:56:22.268
T7,AIN0,LoadCell,-0.11862032860517502,sensor_data,2025-12-10 12:56:22.268
T7,AIN51,LoadCell,-0.1388055682182312,sensor_data,2025-12-10 12:56:22.268
T7,AIN0,LoadCell,-0.11862032860517502,sensor_data,2025-12-10 12:56:22.268
T7,AIN51,LoadCell,-0.1388055682182312,sensor_data,2025-12-10 12:56:22.268
T7,AIN0,LoadCell,-0.11830493062734604,sensor_data,2025-12-10 12:56:22.268
T7,AIN51,LoadCell,-0.13849017024040222,sensor_data,2025-12-10 12:56:22.268
T7,AIN0,LoadCell,-0.11956650763750076,sensor_data,2025-12-10 12:56:22.268
T7,AIN51,LoadCell,-0.13943634927272797,sensor_data,2025-12-10 12:56:22.268
T7,AIN0,LoadCell,-0.1189357191324234,sensor_data,2025-12-10 12:56:22.268
T7,AIN51,LoadCell,-0.13975174725055695,sensor_data,2025-12-10 12:56:22.268
T7,AIN0,LoadCell,-0.11830493062734604,sensor_data,2025-12-10 12:56:22.268
T7,AIN51,LoadCell,-0.13849017024040222,sensor_data,2025-12-10 12:56:22.268
T7,AIN0,LoadCell,-0.11704335361719131,sensor_data,2025-12-10 12:56:22.268
T7,AIN51,LoadCell,-0.13817477226257324,sensor_data,2025-12-10 12:56:22.268
T7,AIN0,LoadCell,-0.1173587515950203,sensor_data,2025-12-10 12:56:22.268
T7,AIN51,LoadCell,-0.13817477226257324,sensor_data,2025-12-10 12:56:22.268
T7,AIN0,LoadCell,-0.11798954010009766,sensor_data,2025-12-10 12:56:22.268
T7,AIN51,LoadCell,-0.1388055682182312,sensor_data,2025-12-10 12:56:22.268
T7,AIN0,LoadCell,-0.1173587515950203,sensor_data,2025-12-10 12:56:22.268
T7,AIN51,LoadCell,-0.13785938918590546,sensor_data,2025-12-10 12:56:22.268
T7,AIN0,LoadCell,-0.11767414212226868,sensor_data,2025-12-10 12:56:22.268
T7,AIN51,LoadCell,-0.13817477226257324,sensor_data,2025-12-10 12:56:22.268
T7,AIN0,LoadCell,-0.11798954010009766,sensor_data,2025-12-10 12:56:22.268
T7,AIN51,LoadCell,-0.13849017024040222,sensor_data,2025-12-10 12:56:22.268
T7,AIN0,LoadCell,-0.11704335361719131,sensor_data,2025-12-10 12:56:22.268
T7,AIN51,LoadCell,-0.13785938918590546,sensor_data,2025-12-10 12:56:22.268
T7,AIN0,LoadCell,-0.11767414212226868,sensor_data,2025-12-10 12:56:22.268
T7,AIN51,LoadCell,-0.13754399120807648,sensor_data,2025-12-10 12:56:22.268
T7,AIN0,LoadCell,-0.11515098810195923,sensor_data,2025-12-10 12:56:22.268
T7,AIN51,LoadCell,-0.1356516182422638,sensor_data,2025-12-10 12:56:22.268
T7,AIN0,LoadCell,-0.1123124361038208,sensor_data,2025-12-10 12:56:22.268
T7,AIN51,LoadCell,-0.13344386219978333,sensor_data,2025-12-10 12:56:22.268
T7,AIN0,LoadCell,-0.1138894110918045,sensor_data,2025-12-10 12:56:22.268
T7,AIN51,LoadCell,-0.13502083718776703,sensor_data,2025-12-10 12:56:22.268
T7,AIN0,LoadCell,-0.11609716713428497,sensor_data,2025-12-10 12:56:22.268
T7,AIN51,LoadCell,-0.13754399120807648,sensor_data,2025-12-10 12:56:22.268
T7,AIN0,LoadCell,-0.11862032860517502,sensor_data,2025-12-10 12:56:22.268
T7,AIN51,LoadCell,-0.13912096619606018,sensor_data,2025-12-10 12:56:22.268
T7,AIN0,LoadCell,-0.11830493062734604,sensor_data,2025-12-10 12:56:22.268
T7,AIN51,LoadCell,-0.1388055682182312,sensor_data,2025-12-10 12:56:22.268
T7,AIN0,LoadCell,-0.11830493062734604,sensor_data,2025-12-10 12:56:22.268
T7,AIN51,LoadCell,-0.13817477226257324,sensor_data,2025-12-10 12:56:22.268
T7,AIN0,LoadCell,-0.11798954010009766,sensor_data,2025-12-10 12:56:22.268
T7,AIN51,LoadCell,-0.13817477226257324,sensor_data,2025-12-10 12:56:22.268
T7,AIN0,LoadCell,-0.1173587515950203,sensor_data,2025-12-10 12:56:22.268
T7,AIN51,LoadCell,-0.13754399120807648,sensor_data,2025-12-10 12:56:22.268
T7,AIN0,LoadCell,-0.11672796308994293,sensor_data,2025-12-10 12:56:22.268
T7,AIN51,LoadCell,-0.1372285932302475,sensor_data,2025-12-10 12:56:22.268
T7,AIN0,LoadCell,-0.11641256511211395,sensor_data,2025-12-10 12:56:22.268
T7,AIN51,LoadCell,-0.13691319525241852,sensor_data,2025-12-10 12:56:22.268
T7,AIN0,LoadCell,-0.11578177660703659,sensor_data,2025-12-10 12:56:22.268
T7,AIN51,LoadCell,-0.13628241419792175,sensor_data,2025-12-10 12:56:22.268
T7,AIN0,LoadCell,-0.11609716713428497,sensor_data,2025-12-10 12:56:22.268
T7,AIN51,LoadCell,-0.13659781217575073,sensor_data,2025-12-10 12:56:22.268
T7,AIN0,LoadCell,-0.11609716713428497,sensor_data,2025-12-10 12:56:22.268
T7,AIN51,LoadCell,-0.13691319525241852,sensor_data,2025-12-10 12:56:22.268
T7,AIN0,LoadCell,-0.11672796308994293,sensor_data,2025-12-10 12:56:22.268
T7,AIN51,LoadCell,-0.13659781217575073,sensor_data,2025-12-10 12:56:22.268
T7,AIN0,LoadCell,-0.11672796308994293,sensor_data,2025-12-10 12:56:22.268
T7,AIN51,LoadCell,-0.13691319525241852,sensor_data,2025-12-10 12:56:22.268
T7,AIN0,LoadCell,-0.11704335361719131,sensor_data,2025-12-10 12:56:22.268
T7,AIN51,LoadCell,-0.13785938918590546,sensor_data,2025-12-10 12:56:22.268
T7,AIN0,LoadCell,-0.11325862258672714,sensor_data,2025-12-10 12:56:22.268
T7,AIN51,LoadCell,-0.1337592601776123,sensor_data,2025-12-10 12:56:22.268
T7,AIN0,LoadCell,-0.10663533955812454,sensor_data,2025-12-10 12:56:22.268
T7,AIN51,LoadCell,-0.12839755415916443,sensor_data,2025-12-10 12:56:22.268
T7,AIN0,LoadCell,-0.10095824301242828,sensor_data,2025-12-10 12:56:22.268
T7,AIN51,LoadCell,-0.12366663664579391,sensor_data,2025-12-10 12:56:22.268
T7,AIN0,LoadCell,-0.10158903151750565,sensor_data,2025-12-10 12:56:22.268
T7,AIN51,LoadCell,-0.12429742515087128,sensor_data,2025-12-10 12:56:22.268
T7,AIN0,LoadCell,-0.10505836457014084,sensor_data,2025-12-10 12:56:22.268
T7,AIN51,LoadCell,-0.12682057917118073,sensor_data,2025-12-10 12:56:22.268
T7,AIN0,LoadCell,-0.10821230709552765,sensor_data,2025-12-10 12:56:22.268
T7,AIN51,LoadCell,-0.12997452914714813,sensor_data,2025-12-10 12:56:22.268
T7,AIN0,LoadCell,-0.11105085909366608,sensor_data,2025-12-10 12:56:22.268
T7,AIN51,LoadCell,-0.1321822851896286,sensor_data,2025-12-10 12:56:22.268
T7,AIN0,LoadCell,-0.11168164759874344,sensor_data,2025-12-10 12:56:22.268
T7,AIN51,LoadCell,-0.13344386219978333,sensor_data,2025-12-10 12:56:22.268
T7,AIN0,LoadCell,-0.11294322460889816,sensor_data,2025-12-10 12:56:22.268
T7,AIN51,LoadCell,-0.1337592601776123,sensor_data,2025-12-10 12:56:22.268
T7,AIN0,LoadCell,-0.11420480161905289,sensor_data,2025-12-10 12:56:22.268
T7,AIN51,LoadCell,-0.13470543920993805,sensor_data,2025-12-10 12:56:22.268
T7,AIN0,LoadCell,-0.11483559012413025,sensor_data,2025-12-10 12:56:22.268
T7,AIN51,LoadCell,-0.1356516182422638,sensor_data,2025-12-10 12:56:22.268
T7,AIN0,LoadCell,-0.11578177660703659,sensor_data,2025-12-10 12:56:22.268
T7,AIN51,LoadCell,-0.13628241419792175,sensor_data,2025-12-10 12:56:22.268
T7,AIN0,LoadCell,-0.11609716713428497,sensor_data,2025-12-10 12:56:22.268
T7,AIN51,LoadCell,-0.13628241419792175,sensor_data,2025-12-10 12:56:22.268
T7,AIN0,LoadCell,-0.11609716713428497,sensor_data,2025-12-10 12:56:22.268
T7,AIN51,LoadCell,-0.13659781217575073,sensor_data,2025-12-10 12:56:22.268
T7,AIN0,LoadCell,-0.11641256511211395,sensor_data,2025-12-10 12:56:22.268
T7,AIN51,LoadCell,-0.13691319525241852,sensor_data,2025-12-10 12:56:22.268
T7,AIN0,LoadCell,-0.11672796308994293,sensor_data,2025-12-10 12:56:22.268
T7,AIN51,LoadCell,-0.13754399120807648,sensor_data,2025-12-10 12:56:22.268
T7,AIN0,LoadCell,-0.1173587515950203,sensor_data,2025-12-10 12:56:22.268
T7,AIN51,LoadCell,-0.13785938918590546,sensor_data,2025-12-10 12:56:22.268
T7,AIN0,LoadCell,-0.1173587515950203,sensor_data,2025-12-10 12:56:22.268
T7,AIN51,LoadCell,-0.13817477226257324,sensor_data,2025-12-10 12:56:22.268
T7,AIN0,LoadCell,-0.11830493062734604,sensor_data,2025-12-10 12:56:22.268
T7,AIN51,LoadCell,-0.13785938918590546,sensor_data,2025-12-10 12:56:22.268
T7,AIN0,LoadCell,-0.11609716713428497,sensor_data,2025-12-10 12:56:22.268
T7,AIN51,LoadCell,-0.13691319525241852,sensor_data,2025-12-10 12:56:22.268
T7,AIN0,LoadCell,-0.11420480161905289,sensor_data,2025-12-10 12:56:22.268
T7,AIN51,LoadCell,-0.13502083718776703,sensor_data,2025-12-10 12:56:22.268
T7,AIN0,LoadCell,-0.11546637862920761,sensor_data,2025-12-10 12:56:22.268
T7,AIN51,LoadCell,-0.13596701622009277,sensor_data,2025-12-10 12:56:22.268
T7,AIN0,LoadCell,-0.11704335361719131,sensor_data,2025-12-10 12:56:22.268
T7,AIN51,LoadCell,-0.13754399120807648,sensor_data,2025-12-10 12:56:22.268
T7,AIN0,LoadCell,-0.11830493062734604,sensor_data,2025-12-10 12:56:22.268
T7,AIN51,LoadCell,-0.13817477226257324,sensor_data,2025-12-10 12:56:22.268
T7,AIN0,LoadCell,-0.11798954010009766,sensor_data,2025-12-10 12:56:22.268
T7,AIN51,LoadCell,-0.1388055682182312,sensor_data,2025-12-10 12:56:22.268
T7,AIN0,LoadCell,-0.11798954010009766,sensor_data,2025-12-10 12:56:22.268
T7,AIN51,LoadCell,-0.1388055682182312,sensor_data,2025-12-10 12:56:22.268
T7,AIN0,LoadCell,-0.11798954010009766,sensor_data,2025-12-10 12:56:22.268
T7,AIN51,LoadCell,-0.1388055682182312,sensor_data,2025-12-10 12:56:22.268
T7,AIN0,LoadCell,-0.11798954010009766,sensor_data,2025-12-10 12:56:22.268
T7,AIN51,LoadCell,-0.1388055682182312,sensor_data,2025-12-10 12:56:22.268
T7,AIN0,LoadCell,-0.11862032860517502,sensor_data,2025-12-10 12:56:22.268
T7,AIN51,LoadCell,-0.1388055682182312,sensor_data,2025-12-10 12:56:22.268
T7,AIN0,LoadCell,-0.11862032860517502,sensor_data,2025-12-10 12:56:22.268
T7,AIN51,LoadCell,-0.1388055682182312,sensor_data,2025-12-10 12:56:22.268
T7,AIN0,LoadCell,-0.11862032860517502,sensor_data,2025-12-10 12:56:22.268
T7,AIN51,LoadCell,-0.13943634927272797,sensor_data,2025-12-10 12:56:22.268
T7,AIN0,LoadCell,-0.1173587515950203,sensor_data,2025-12-10 12:56:22.268
T7,AIN51,LoadCell,-0.13817477226257324,sensor_data,2025-12-10 12:56:22.268
T7,AIN0,LoadCell,-0.11672796308994293,sensor_data,2025-12-10 12:56:22.268
T7,AIN51,LoadCell,-0.13754399120807648,sensor_data,2025-12-10 12:56:22.268
T7,AIN0,LoadCell,-0.11798954010009766,sensor_data,2025-12-10 12:56:22.268
T7,AIN51,LoadCell,-0.13849017024040222,sensor_data,2025-12-10 12:56:22.268
T7,AIN0,LoadCell,-0.11830493062734604,sensor_data,2025-12-10 12:56:22.268
T7,AIN51,LoadCell,-0.1388055682182312,sensor_data,2025-12-10 12:56:22.268
T7,AIN0,LoadCell,-0.11862032860517502,sensor_data,2025-12-10 12:56:22.268
T7,AIN51,LoadCell,-0.13912096619606018,sensor_data,2025-12-10 12:56:22.268
T7,AIN0,LoadCell,-0.11830493062734604,sensor_data,2025-12-10 12:56:22.268
T7,AIN51,LoadCell,-0.1388055682182312,sensor_data,2025-12-10 12:56:22.268
T7,AIN0,LoadCell,-0.11641256511211395,sensor_data,2025-12-10 12:56:22.268
T7,AIN51,LoadCell,-0.13691319525241852,sensor_data,2025-12-10 12:56:22.268
T7,AIN0,LoadCell,-0.1138894110918045,sensor_data,2025-12-10 12:56:22.268
T7,AIN51,LoadCell,-0.13470543920993805,sensor_data,2025-12-10 12:56:22.268
T7,AIN0,LoadCell,-0.11420480161905289,sensor_data,2025-12-10 12:56:22.268
T7,AIN51,LoadCell,-0.13502083718776703,sensor_data,2025-12-10 12:56:22.268
T7,AIN0,LoadCell,-0.11609716713428497,sensor_data,2025-12-10 12:56:22.268
T7,AIN51,LoadCell,-0.13659781217575073,sensor_data,2025-12-10 12:56:22.268
T7,AIN0,LoadCell,-0.1173587515950203,sensor_data,2025-12-10 12:56:22.268
T7,AIN51,LoadCell,-0.13754399120807648,sensor_data,2025-12-10 12:56:22.268
T7,AIN0,LoadCell,-0.11641256511211395,sensor_data,2025-12-10 12:56:22.268
T7,AIN51,LoadCell,-0.13691319525241852,sensor_data,2025-12-10 12:56:22.268
T7,AIN0,LoadCell,-0.11641256511211395,sensor_data,2025-12-10 12:56:22.268
T7,AIN51,LoadCell,-0.13691319525241852,sensor_data,2025-12-10 12:56:22.268
T7,AIN0,LoadCell,-0.11641256511211395,sensor_data,2025-12-10 12:56:22.268
T7,AIN51,LoadCell,-0.1372285932302475,sensor_data,2025-12-10 12:56:22.268
T7,AIN0,LoadCell,-0.11672796308994293,sensor_data,2025-12-10 12:56:22.268
T7,AIN51,LoadCell,-0.13754399120807648,sensor_data,2025-12-10 12:56:22.268
T7,AIN0,LoadCell,-0.1173587515950203,sensor_data,2025-12-10 12:56:22.268
T7,AIN51,LoadCell,-0.13785938918590546,sensor_data,2025-12-10 12:56:22.268
T7,AIN0,LoadCell,-0.11767414212226868,sensor_data,2025-12-10 12:56:22.268
T7,AIN51,LoadCell,-0.1388055682182312,sensor_data,2025-12-10 12:56:22.268
T7,AIN0,LoadCell,-0.11798954010009766,sensor_data,2025-12-10 12:56:22.268
T7,AIN51,LoadCell,-0.13849017024040222,sensor_data,2025-12-10 12:56:22.268
T7,AIN0,LoadCell,-0.11798954010009766,sensor_data,2025-12-10 12:56:22.268
T7,AIN51,LoadCell,-0.1388055682182312,sensor_data,2025-12-10 12:56:22.268
T7,AIN0,LoadCell,-0.12272045016288757,sensor_data,2025-12-10 12:56:22.268
T7,AIN51,LoadCell,-0.14259029924869537,sensor_data,2025-12-10 12:56:22.268
T7,AIN0,LoadCell,-0.1271359771490097,sensor_data,2025-12-10 12:56:22.268
T7,AIN51,LoadCell,-0.14637503027915955,sensor_data,2025-12-10 12:56:22.268
T7,AIN0,LoadCell,-0.12839755415916443,sensor_data,2025-12-10 12:56:22.268
T7,AIN51,LoadCell,-0.14763660728931427,sensor_data,2025-12-10 12:56:22.268
T7,AIN0,LoadCell,-0.12839755415916443,sensor_data,2025-12-10 12:56:22.268
T7,AIN51,LoadCell,-0.14763660728931427,sensor_data,2025-12-10 12:56:22.268
T7,AIN0,LoadCell,-0.12745137512683868,sensor_data,2025-12-10 12:56:22.268
T7,AIN51,LoadCell,-0.1473212093114853,sensor_data,2025-12-10 12:56:22.268
T7,AIN0,LoadCell,-0.1239820271730423,sensor_data,2025-12-10 12:56:22.268
T7,AIN51,LoadCell,-0.14448267221450806,sensor_data,2025-12-10 12:56:22.268
T7,AIN0,LoadCell,-0.11988190561532974,sensor_data,2025-12-10 12:56:22.268
T7,AIN51,LoadCell,-0.14069794118404388,sensor_data,2025-12-10 12:56:22.268
T7,AIN0,LoadCell,-0.11925111711025238,sensor_data,2025-12-10 12:56:22.268
T7,AIN51,LoadCell,-0.13943634927272797,sensor_data,2025-12-10 12:56:22.268
T7,AIN0,LoadCell,-0.1205126941204071,sensor_data,2025-12-10 12:56:22.268
T7,AIN51,LoadCell,-0.14069794118404388,sensor_data,2025-12-10 12:56:22.268
T7,AIN0,LoadCell,-0.1205126941204071,sensor_data,2025-12-10 12:56:22.268
T7,AIN51,LoadCell,-0.14069794118404388,sensor_data,2025-12-10 12:56:22.268
T7,AIN0,LoadCell,-0.12019729614257812,sensor_data,2025-12-10 12:56:22.268
T7,AIN51,LoadCell,-0.1403825432062149,sensor_data,2025-12-10 12:56:22.268
T7,AIN0,LoadCell,-0.11956650763750076,sensor_data,2025-12-10 12:56:22.268
T7,AIN51,LoadCell,-0.14006714522838593,sensor_data,2025-12-10 12:56:22.268
T7,AIN0,LoadCell,-0.1189357191324234,sensor_data,2025-12-10 12:56:22.268
T7,AIN51,LoadCell,-0.13943634927272797,sensor_data,2025-12-10 12:56:22.268
T7,AIN0,LoadCell,-0.11925111711025238,sensor_data,2025-12-10 12:56:22.268
T7,AIN51,LoadCell,-0.13943634927272797,sensor_data,2025-12-10 12:56:22.268
T7,AIN0,LoadCell,-0.11925111711025238,sensor_data,2025-12-10 12:56:22.268
T7,AIN51,LoadCell,-0.13943634927272797,sensor_data,2025-12-10 12:56:22.268
T7,AIN0,LoadCell,-0.11925111711025238,sensor_data,2025-12-10 12:56:22.268
T7,AIN51,LoadCell,-0.13943634927272797,sensor_data,2025-12-10 12:56:22.268
T7,AIN0,LoadCell,-0.11925111711025238,sensor_data,2025-12-10 12:56:22.268
T7,AIN51,LoadCell,-0.13943634927272797,sensor_data,2025-12-10 12:56:22.268
T7,AIN0,LoadCell,-0.11925111711025238,sensor_data,2025-12-10 12:56:22.268
T7,AIN51,LoadCell,-0.13943634927272797,sensor_data,2025-12-10 12:56:22.268
T7,AIN0,LoadCell,-0.11988190561532974,sensor_data,2025-12-10 12:56:22.268
T7,AIN51,LoadCell,-0.14006714522838593,sensor_data,2025-12-10 12:56:22.268
T7,AIN0,LoadCell,-0.1189357191324234,sensor_data,2025-12-10 12:56:22.268
T7,AIN51,LoadCell,-0.13943634927272797,sensor_data,2025-12-10 12:56:22.268
T7,AIN0,LoadCell,-0.11956650763750076,sensor_data,2025-12-10 12:56:22.268
T7,AIN51,LoadCell,-0.13912096619606018,sensor_data,2025-12-10 12:56:22.268
T7,AIN0,LoadCell,-0.11862032860517502,sensor_data,2025-12-10 12:56:22.268
T7,AIN51,LoadCell,-0.13943634927272797,sensor_data,2025-12-10 12:56:22.268
T7,AIN0,LoadCell,-0.11862032860517502,sensor_data,2025-12-10 12:56:22.268
T7,AIN51,LoadCell,-0.1388055682182312,sensor_data,2025-12-10 12:56:22.268
T7,AIN0,LoadCell,-0.11609716713428497,sensor_data,2025-12-10 12:56:22.268
T7,AIN51,LoadCell,-0.13628241419792175,sensor_data,2025-12-10 12:56:22.268
T7,AIN0,LoadCell,-0.1123124361038208,sensor_data,2025-12-10 12:56:22.268
T7,AIN51,LoadCell,-0.13312846422195435,sensor_data,2025-12-10 12:56:22.268
T7,AIN0,LoadCell,-0.11199704557657242,sensor_data,2025-12-10 12:56:22.268
T7,AIN51,LoadCell,-0.13312846422195435,sensor_data,2025-12-10 12:56:22.268
T7,AIN0,LoadCell,-0.11452019959688187,sensor_data,2025-12-10 12:56:22.268
T7,AIN51,LoadCell,-0.135336235165596,sensor_data,2025-12-10 12:56:22.268
T7,AIN0,LoadCell,-0.11641256511211395,sensor_data,2025-12-10 12:56:22.268
T7,AIN51,LoadCell,-0.13691319525241852,sensor_data,2025-12-10 12:56:22.268
T7,AIN0,LoadCell,-0.11830493062734604,sensor_data,2025-12-10 12:56:22.268
T7,AIN51,LoadCell,-0.13817477226257324,sensor_data,2025-12-10 12:56:22.268
T7,AIN0,LoadCell,-0.1173587515950203,sensor_data,2025-12-10 12:56:22.268
T7,AIN51,LoadCell,-0.13754399120807648,sensor_data,2025-12-10 12:56:22.268
T7,AIN0,LoadCell,-0.11798954010009766,sensor_data,2025-12-10 12:56:22.268
T7,AIN51,LoadCell,-0.13817477226257324,sensor_data,2025-12-10 12:56:22.268
T7,AIN0,LoadCell,-0.11862032860517502,sensor_data,2025-12-10 12:56:22.268
T7,AIN51,LoadCell,-0.1388055682182312,sensor_data,2025-12-10 12:56:22.268
T7,AIN0,LoadCell,-0.11925111711025238,sensor_data,2025-12-10 12:56:22.268
T7,AIN51,LoadCell,-0.1388055682182312,sensor_data,2025-12-10 12:56:22.268
T7,AIN0,LoadCell,-0.11798954010009766,sensor_data,2025-12-10 12:56:22.268
T7,AIN51,LoadCell,-0.13849017024040222,sensor_data,2025-12-10 12:56:22.268
T7,AIN0,LoadCell,-0.11830493062734604,sensor_data,2025-12-10 12:56:22.268
T7,AIN51,LoadCell,-0.1388055682182312,sensor_data,2025-12-10 12:56:22.268
T7,AIN0,LoadCell,-0.11862032860517502,sensor_data,2025-12-10 12:56:22.268
T7,AIN51,LoadCell,-0.13943634927272797,sensor_data,2025-12-10 12:56:22.268
T7,AIN0,LoadCell,-0.11862032860517502,sensor_data,2025-12-10 12:56:22.268
T7,AIN51,LoadCell,-0.1388055682182312,sensor_data,2025-12-10 12:56:22.268
T7,AIN0,LoadCell,-0.1173587515950203,sensor_data,2025-12-10 12:56:22.268
T7,AIN51,LoadCell,-0.13754399120807648,sensor_data,2025-12-10 12:56:22.268
T7,AIN0,LoadCell,-0.11609716713428497,sensor_data,2025-12-10 12:56:22.268
T7,AIN51,LoadCell,-0.13659781217575073,sensor_data,2025-12-10 12:56:22.268
T7,AIN0,LoadCell,-0.11515098810195923,sensor_data,2025-12-10 12:56:22.268
T7,AIN51,LoadCell,-0.1356516182422638,sensor_data,2025-12-10 12:56:22.268
T7,AIN0,LoadCell,-0.11578177660703659,sensor_data,2025-12-10 12:56:22.268
T7,AIN51,LoadCell,-0.13691319525241852,sensor_data,2025-12-10 12:56:22.268
T7,AIN0,LoadCell,-0.11357401311397552,sensor_data,2025-12-10 12:56:22.268
T7,AIN51,LoadCell,-0.13502083718776703,sensor_data,2025-12-10 12:56:22.268
T7,AIN0,LoadCell,-0.11136625707149506,sensor_data,2025-12-10 12:56:22.268
T7,AIN51,LoadCell,-0.13249768316745758,sensor_data,2025-12-10 12:56:22.268
T7,AIN0,LoadCell,-0.11262783408164978,sensor_data,2025-12-10 12:56:22.268
T7,AIN51,LoadCell,-0.1337592601776123,sensor_data,2025-12-10 12:56:22.268
T7,AIN0,LoadCell,-0.11641256511211395,sensor_data,2025-12-10 12:56:22.268
T7,AIN51,LoadCell,-0.13659781217575073,sensor_data,2025-12-10 12:56:22.268
T7,AIN0,LoadCell,-0.11798954010009766,sensor_data,2025-12-10 12:56:22.268
T7,AIN51,LoadCell,-0.1388055682182312,sensor_data,2025-12-10 12:56:22.268
T7,AIN0,LoadCell,-0.11830493062734604,sensor_data,2025-12-10 12:56:22.268
T7,AIN51,LoadCell,-0.13912096619606018,sensor_data,2025-12-10 12:56:22.268
T7,AIN0,LoadCell,-0.11862032860517502,sensor_data,2025-12-10 12:56:22.268
T7,AIN51,LoadCell,-0.1388055682182312,sensor_data,2025-12-10 12:56:22.268
T7,AIN0,LoadCell,-0.11830493062734604,sensor_data,2025-12-10 12:56:22.268
T7,AIN51,LoadCell,-0.1388055682182312,sensor_data,2025-12-10 12:56:22.268
T7,AIN0,LoadCell,-0.1173587515950203,sensor_data,2025-12-10 12:56:22.268
T7,AIN51,LoadCell,-0.13817477226257324,sensor_data,2025-12-10 12:56:22.268
T7,AIN0,LoadCell,-0.1138894110918045,sensor_data,2025-12-10 12:56:22.268
T7,AIN51,LoadCell,-0.13439004123210907,sensor_data,2025-12-10 12:56:22.268
T7,AIN0,LoadCell,-0.10852770507335663,sensor_data,2025-12-10 12:56:22.268
T7,AIN51,LoadCell,-0.13092070817947388,sensor_data,2025-12-10 12:56:22.268
T7,AIN0,LoadCell,-0.10695073008537292,sensor_data,2025-12-10 12:56:22.268
T7,AIN51,LoadCell,-0.1290283352136612,sensor_data,2025-12-10 12:56:22.268
T7,AIN0,LoadCell,-0.10695073008537292,sensor_data,2025-12-10 12:56:22.268
T7,AIN51,LoadCell,-0.1287129521369934,sensor_data,2025-12-10 12:56:22.268
T7,AIN0,LoadCell,-0.10821230709552765,sensor_data,2025-12-10 12:56:22.268
T7,AIN51,LoadCell,-0.12997452914714813,sensor_data,2025-12-10 12:56:22.268
T7,AIN0,LoadCell,-0.11010468006134033,sensor_data,2025-12-10 12:56:22.268
T7,AIN51,LoadCell,-0.13155148923397064,sensor_data,2025-12-10 12:56:22.268
T7,AIN0,LoadCell,-0.11199704557657242,sensor_data,2025-12-10 12:56:22.268
T7,AIN51,LoadCell,-0.13281308114528656,sensor_data,2025-12-10 12:56:22.268
T7,AIN0,LoadCell,-0.11168164759874344,sensor_data,2025-12-10 12:56:22.268
T7,AIN51,LoadCell,-0.1337592601776123,sensor_data,2025-12-10 12:56:22.268
T7,AIN0,LoadCell,-0.11168164759874344,sensor_data,2025-12-10 12:56:22.268
T7,AIN51,LoadCell,-0.13281308114528656,sensor_data,2025-12-10 12:56:22.268
T7,AIN0,LoadCell,-0.11010468006134033,sensor_data,2025-12-10 12:56:22.268
T7,AIN51,LoadCell,-0.13155148923397064,sensor_data,2025-12-10 12:56:22.268
T7,AIN0,LoadCell,-0.10821230709552765,sensor_data,2025-12-10 12:56:22.268
T7,AIN51,LoadCell,-0.12934373319149017,sensor_data,2025-12-10 12:56:22.268
T7,AIN0,LoadCell,-0.10978928208351135,sensor_data,2025-12-10 12:56:22.268
T7,AIN51,LoadCell,-0.13123610615730286,sensor_data,2025-12-10 12:56:22.268
T7,AIN0,LoadCell,-0.11325862258672714,sensor_data,2025-12-10 12:56:22.268
T7,AIN51,LoadCell,-0.1337592601776123,sensor_data,2025-12-10 12:56:22.268
T7,AIN0,LoadCell,-0.11483559012413025,sensor_data,2025-12-10 12:56:22.268
T7,AIN51,LoadCell,-0.1356516182422638,sensor_data,2025-12-10 12:56:22.268
T7,AIN0,LoadCell,-0.1173587515950203,sensor_data,2025-12-10 12:56:22.268
T7,AIN51,LoadCell,-0.13691319525241852,sensor_data,2025-12-10 12:56:22.268
T7,AIN0,LoadCell,-0.11798954010009766,sensor_data,2025-12-10 12:56:22.268
T7,AIN51,LoadCell,-0.13849017024040222,sensor_data,2025-12-10 12:56:22.268
T7,AIN0,LoadCell,-0.1189357191324234,sensor_data,2025-12-10 12:56:22.268
T7,AIN51,LoadCell,-0.13943634927272797,sensor_data,2025-12-10 12:56:22.268
T7,AIN0,LoadCell,-0.11988190561532974,sensor_data,2025-12-10 12:56:22.268
T7,AIN51,LoadCell,-0.14006714522838593,sensor_data,2025-12-10 12:56:22.268
T7,AIN0,LoadCell,-0.11988190561532974,sensor_data,2025-12-10 12:56:22.268
T7,AIN51,LoadCell,-0.14006714522838593,sensor_data,2025-12-10 12:56:22.268
T7,AIN0,LoadCell,-0.11956650763750076,sensor_data,2025-12-10 12:56:22.268
T7,AIN51,LoadCell,-0.14069794118404388,sensor_data,2025-12-10 12:56:22.268
T7,AIN0,LoadCell,-0.11956650763750076,sensor_data,2025-12-10 12:56:22.268
T7,AIN51,LoadCell,-0.14006714522838593,sensor_data,2025-12-10 12:56:22.268
T7,AIN0,LoadCell,-0.11862032860517502,sensor_data,2025-12-10 12:56:22.268
T7,AIN51,LoadCell,-0.13912096619606018,sensor_data,2025-12-10 12:56:22.268
T7,AIN0,LoadCell,-0.11830493062734604,sensor_data,2025-12-10 12:56:22.268
T7,AIN51,LoadCell,-0.1388055682182312,sensor_data,2025-12-10 12:56:22.268
T7,AIN0,LoadCell,-0.11830493062734604,sensor_data,2025-12-10 12:56:22.268
T7,AIN51,LoadCell,-0.13849017024040222,sensor_data,2025-12-10 12:56:22.268
T7,AIN0,LoadCell,-0.1173587515950203,sensor_data,2025-12-10 12:56:22.268
T7,AIN51,LoadCell,-0.13785938918590546,sensor_data,2025-12-10 12:56:22.268
T7,AIN0,LoadCell,-0.11672796308994293,sensor_data,2025-12-10 12:56:22.268
T7,AIN51,LoadCell,-0.1372285932302475,sensor_data,2025-12-10 12:56:22.268
T7,AIN0,LoadCell,-0.11609716713428497,sensor_data,2025-12-10 12:56:22.268
T7,AIN51,LoadCell,-0.13628241419792175,sensor_data,2025-12-10 12:56:22.268
T7,AIN0,LoadCell,-0.1138894110918045,sensor_data,2025-12-10 12:56:22.268
T7,AIN51,LoadCell,-0.13502083718776703,sensor_data,2025-12-10 12:56:22.268
T7,AIN0,LoadCell,-0.11168164759874344,sensor_data,2025-12-10 12:56:22.268
T7,AIN51,LoadCell,-0.13312846422195435,sensor_data,2025-12-10 12:56:22.268
T7,AIN0,LoadCell,-0.11325862258672714,sensor_data,2025-12-10 12:56:22.268
T7,AIN51,LoadCell,-0.1337592601776123,sensor_data,2025-12-10 12:56:22.268
T7,AIN0,LoadCell,-0.11578177660703659,sensor_data,2025-12-10 12:56:22.268
T7,AIN51,LoadCell,-0.13659781217575073,sensor_data,2025-12-10 12:56:22.268
T7,AIN0,LoadCell,-0.11672796308994293,sensor_data,2025-12-10 12:56:22.268
T7,AIN51,LoadCell,-0.13754399120807648,sensor_data,2025-12-10 12:56:22.268
T7,AIN0,LoadCell,-0.11798954010009766,sensor_data,2025-12-10 12:56:22.268
T7,AIN51,LoadCell,-0.13817477226257324,sensor_data,2025-12-10 12:56:22.268
T7,AIN0,LoadCell,-0.11925111711025238,sensor_data,2025-12-10 12:56:22.268
T7,AIN51,LoadCell,-0.1388055682182312,sensor_data,2025-12-10 12:56:22.268
T7,AIN0,LoadCell,-0.11956650763750076,sensor_data,2025-12-10 12:56:22.268
T7,AIN51,LoadCell,-0.14006714522838593,sensor_data,2025-12-10 12:56:22.268
T7,AIN0,LoadCell,-0.11925111711025238,sensor_data,2025-12-10 12:56:22.268
T7,AIN51,LoadCell,-0.13975174725055695,sensor_data,2025-12-10 12:56:22.268
T7,AIN0,LoadCell,-0.11862032860517502,sensor_data,2025-12-10 12:56:22.268
T7,AIN51,LoadCell,-0.1388055682182312,sensor_data,2025-12-10 12:56:22.268
T7,AIN0,LoadCell,-0.1173587515950203,sensor_data,2025-12-10 12:56:22.268
T7,AIN51,LoadCell,-0.13785938918590546,sensor_data,2025-12-10 12:56:22.268
T7,AIN0,LoadCell,-0.11609716713428497,sensor_data,2025-12-10 12:56:22.268
T7,AIN51,LoadCell,-0.13691319525241852,sensor_data,2025-12-10 12:56:22.268
T7,AIN0,LoadCell,-0.11641256511211395,sensor_data,2025-12-10 12:56:22.268
T7,AIN51,LoadCell,-0.13691319525241852,sensor_data,2025-12-10 12:56:22.268
T7,AIN0,LoadCell,-0.11609716713428497,sensor_data,2025-12-10 12:56:22.268
T7,AIN51,LoadCell,-0.13691319525241852,sensor_data,2025-12-10 12:56:22.268
T7,AIN0,LoadCell,-0.11672796308994293,sensor_data,2025-12-10 12:56:22.268
T7,AIN51,LoadCell,-0.13659781217575073,sensor_data,2025-12-10 12:56:22.268
T7,AIN0,LoadCell,-0.11641256511211395,sensor_data,2025-12-10 12:56:22.268
T7,AIN51,LoadCell,-0.13691319525241852,sensor_data,2025-12-10 12:56:22.268
T7,AIN0,LoadCell,-0.11767414212226868,sensor_data,2025-12-10 12:56:22.268
T7,AIN51,LoadCell,-0.13754399120807648,sensor_data,2025-12-10 12:56:22.268
T7,AIN0,LoadCell,-0.11798954010009766,sensor_data,2025-12-10 12:56:22.268
T7,AIN51,LoadCell,-0.13817477226257324,sensor_data,2025-12-10 12:56:22.268
T7,AIN0,LoadCell,-0.11483559012413025,sensor_data,2025-12-10 12:56:22.268
T7,AIN51,LoadCell,-0.13628241419792175,sensor_data,2025-12-10 12:56:22.268
T7,AIN0,LoadCell,-0.11136625707149506,sensor_data,2025-12-10 12:56:22.268
T7,AIN51,LoadCell,-0.13312846422195435,sensor_data,2025-12-10 12:56:22.268
T7,AIN0,LoadCell,-0.11199704557657242,sensor_data,2025-12-10 12:56:22.268
T7,AIN51,LoadCell,-0.13344386219978333,sensor_data,2025-12-10 12:56:22.268
T7,AIN0,LoadCell,-0.11483559012413025,sensor_data,2025-12-10 12:56:22.268
T7,AIN51,LoadCell,-0.1356516182422638,sensor_data,2025-12-10 12:56:22.268
T7,AIN0,LoadCell,-0.1173587515950203,sensor_data,2025-12-10 12:56:22.268
T7,AIN51,LoadCell,-0.13754399120807648,sensor_data,2025-12-10 12:56:22.268
T7,AIN0,LoadCell,-0.12303584814071655,sensor_data,2025-12-10 12:56:22.268
T7,AIN51,LoadCell,-0.14353647828102112,sensor_data,2025-12-10 12:56:22.268
T7,AIN0,LoadCell,-0.1290283352136612,sensor_data,2025-12-10 12:56:22.268
T7,AIN51,LoadCell,-0.14763660728931427,sensor_data,2025-12-10 12:56:22.268
T7,AIN0,LoadCell,-0.13123610615730286,sensor_data,2025-12-10 12:56:22.268
T7,AIN51,LoadCell,-0.15015976130962372,sensor_data,2025-12-10 12:56:22.268
T7,AIN0,LoadCell,-0.1306053102016449,sensor_data,2025-12-10 12:56:22.268
T7,AIN51,LoadCell,-0.15015976130962372,sensor_data,2025-12-10 12:56:22.268
T7,AIN0,LoadCell,-0.12934373319149017,sensor_data,2025-12-10 12:56:22.268
T7,AIN51,LoadCell,-0.148898184299469,sensor_data,2025-12-10 12:56:22.268
T7,AIN0,LoadCell,-0.12776675820350647,sensor_data,2025-12-10 12:56:22.268
T7,AIN51,LoadCell,-0.1473212093114853,sensor_data,2025-12-10 12:56:22.268
T7,AIN0,LoadCell,-0.12682057917118073,sensor_data,2025-12-10 12:56:22.268
T7,AIN51,LoadCell,-0.14605963230133057,sensor_data,2025-12-10 12:56:22.268
T7,AIN0,LoadCell,-0.12524360418319702,sensor_data,2025-12-10 12:56:22.268
T7,AIN51,LoadCell,-0.14511345326900482,sensor_data,2025-12-10 12:56:22.268
T7,AIN0,LoadCell,-0.12303584814071655,sensor_data,2025-12-10 12:56:22.268
T7,AIN51,LoadCell,-0.14290569722652435,sensor_data,2025-12-10 12:56:22.268
T7,AIN0,LoadCell,-0.12145887315273285,sensor_data,2025-12-10 12:56:22.268
T7,AIN51,LoadCell,-0.14132872223854065,sensor_data,2025-12-10 12:56:22.268
T7,AIN0,LoadCell,-0.1205126941204071,sensor_data,2025-12-10 12:56:22.268
T7,AIN51,LoadCell,-0.14069794118404388,sensor_data,2025-12-10 12:56:22.268
T7,AIN0,LoadCell,-0.11988190561532974,sensor_data,2025-12-10 12:56:22.268
T7,AIN51,LoadCell,-0.13975174725055695,sensor_data,2025-12-10 12:56:22.268
T7,AIN0,LoadCell,-0.1189357191324234,sensor_data,2025-12-10 12:56:22.268
T7,AIN51,LoadCell,-0.13912096619606018,sensor_data,2025-12-10 12:56:22.268
T7,AIN0,LoadCell,-0.11704335361719131,sensor_data,2025-12-10 12:56:22.268
T7,AIN51,LoadCell,-0.13754399120807648,sensor_data,2025-12-10 12:56:22.268
T7,AIN0,LoadCell,-0.1138894110918045,sensor_data,2025-12-10 12:56:22.268
T7,AIN51,LoadCell,-0.13470543920993805,sensor_data,2025-12-10 12:56:22.268
T7,AIN0,LoadCell,-0.11420480161905289,sensor_data,2025-12-10 12:56:22.268
T7,AIN51,LoadCell,-0.13439004123210907,sensor_data,2025-12-10 12:56:22.268
T7,AIN0,LoadCell,-0.11672796308994293,sensor_data,2025-12-10 12:56:22.268
T7,AIN51,LoadCell,-0.1372285932302475,sensor_data,2025-12-10 12:56:22.268
T7,AIN0,LoadCell,-0.11862032860517502,sensor_data,2025-12-10 12:56:22.268
T7,AIN51,LoadCell,-0.1388055682182312,sensor_data,2025-12-10 12:56:22.268
T7,AIN0,LoadCell,-0.11925111711025238,sensor_data,2025-12-10 12:56:22.268
T7,AIN51,LoadCell,-0.13975174725055695,sensor_data,2025-12-10 12:56:22.268
T7,AIN0,LoadCell,-0.11988190561532974,sensor_data,2025-12-10 12:56:22.268
T7,AIN51,LoadCell,-0.14006714522838593,sensor_data,2025-12-10 12:56:22.268
T7,AIN0,LoadCell,-0.11988190561532974,sensor_data,2025-12-10 12:56:22.268
T7,AIN51,LoadCell,-0.14069794118404388,sensor_data,2025-12-10 12:56:22.268
T7,AIN0,LoadCell,-0.11988190561532974,sensor_data,2025-12-10 12:56:22.268
T7,AIN51,LoadCell,-0.1403825432062149,sensor_data,2025-12-10 12:56:22.268
T7,AIN0,LoadCell,-0.11925111711025238,sensor_data,2025-12-10 12:56:22.268
T7,AIN51,LoadCell,-0.13975174725055695,sensor_data,2025-12-10 12:56:22.268
T7,AIN0,LoadCell,-0.1173587515950203,sensor_data,2025-12-10 12:56:22.268
T7,AIN51,LoadCell,-0.13785938918590546,sensor_data,2025-12-10 12:56:22.268
T7,AIN0,LoadCell,-0.11609716713428497,sensor_data,2025-12-10 12:56:22.268
T7,AIN51,LoadCell,-0.13691319525241852,sensor_data,2025-12-10 12:56:22.268
T7,AIN0,LoadCell,-0.11546637862920761,sensor_data,2025-12-10 12:56:22.268
T7,AIN51,LoadCell,-0.13628241419792175,sensor_data,2025-12-10 12:56:22.268
T7,AIN0,LoadCell,-0.11609716713428497,sensor_data,2025-12-10 12:56:22.268
T7,AIN51,LoadCell,-0.13659781217575073,sensor_data,2025-12-10 12:56:22.268
T7,AIN0,LoadCell,-0.11672796308994293,sensor_data,2025-12-10 12:56:22.268
T7,AIN51,LoadCell,-0.1372285932302475,sensor_data,2025-12-10 12:56:22.268
T7,AIN0,LoadCell,-0.11830493062734604,sensor_data,2025-12-10 12:56:22.268
T7,AIN51,LoadCell,-0.1388055682182312,sensor_data,2025-12-10 12:56:22.268
T7,AIN0,LoadCell,-0.11862032860517502,sensor_data,2025-12-10 12:56:22.268
T7,AIN51,LoadCell,-0.1388055682182312,sensor_data,2025-12-10 12:56:22.268
T7,AIN0,LoadCell,-0.11798954010009766,sensor_data,2025-12-10 12:56:22.268
T7,AIN51,LoadCell,-0.1388055682182312,sensor_data,2025-12-10 12:56:22.268
T7,AIN0,LoadCell,-0.1173587515950203,sensor_data,2025-12-10 12:56:22.268
T7,AIN51,LoadCell,-0.13754399120807648,sensor_data,2025-12-10 12:56:22.268
T7,AIN0,LoadCell,-0.11357401311397552,sensor_data,2025-12-10 12:56:22.268
T7,AIN51,LoadCell,-0.13439004123210907,sensor_data,2025-12-10 12:56:22.268
T7,AIN0,LoadCell,-0.11357401311397552,sensor_data,2025-12-10 12:56:22.268
T7,AIN51,LoadCell,-0.13439004123210907,sensor_data,2025-12-10 12:56:22.268
T7,AIN0,LoadCell,-0.11609716713428497,sensor_data,2025-12-10 12:56:22.268
T7,AIN51,LoadCell,-0.13659781217575073,sensor_data,2025-12-10 12:56:22.268
T7,AIN0,LoadCell,-0.11767414212226868,sensor_data,2025-12-10 12:56:22.268
T7,AIN51,LoadCell,-0.13849017024040222,sensor_data,2025-12-10 12:56:22.268
T7,AIN0,LoadCell,-0.11798954010009766,sensor_data,2025-12-10 12:56:22.268
T7,AIN51,LoadCell,-0.1388055682182312,sensor_data,2025-12-10 12:56:22.268
T7,AIN0,LoadCell,-0.11798954010009766,sensor_data,2025-12-10 12:56:22.268
T7,AIN51,LoadCell,-0.13849017024040222,sensor_data,2025-12-10 12:56:22.268
T7,AIN0,LoadCell,-0.11798954010009766,sensor_data,2025-12-10 12:56:22.268
T7,AIN51,LoadCell,-0.1388055682182312,sensor_data,2025-12-10 12:56:22.268
T7,AIN0,LoadCell,-0.11862032860517502,sensor_data,2025-12-10 12:56:22.268
T7,AIN51,LoadCell,-0.1388055682182312,sensor_data,2025-12-10 12:56:22.268
T7,AIN0,LoadCell,-0.1173587515950203,sensor_data,2025-12-10 12:56:22.268
T7,AIN51,LoadCell,-0.1388055682182312,sensor_data,2025-12-10 12:56:22.268
T7,AIN0,LoadCell,-0.1173587515950203,sensor_data,2025-12-10 12:56:22.268
T7,AIN51,LoadCell,-0.13785938918590546,sensor_data,2025-12-10 12:56:22.268
T7,AIN0,LoadCell,-0.11672796308994293,sensor_data,2025-12-10 12:56:22.268
T7,AIN51,LoadCell,-0.13691319525241852,sensor_data,2025-12-10 12:56:22.268
T7,AIN0,LoadCell,-0.11609716713428497,sensor_data,2025-12-10 12:56:22.268
T7,AIN51,LoadCell,-0.13628241419792175,sensor_data,2025-12-10 12:56:22.268
T7,AIN0,LoadCell,-0.11578177660703659,sensor_data,2025-12-10 12:56:22.268
T7,AIN51,LoadCell,-0.13659781217575073,sensor_data,2025-12-10 12:56:22.268
T7,AIN0,LoadCell,-0.11641256511211395,sensor_data,2025-12-10 12:56:22.268
T7,AIN51,LoadCell,-0.13691319525241852,sensor_data,2025-12-10 12:56:22.268
T7,AIN0,LoadCell,-0.11578177660703659,sensor_data,2025-12-10 12:56:22.268
T7,AIN51,LoadCell,-0.13659781217575073,sensor_data,2025-12-10 12:56:22.268
T7,AIN0,LoadCell,-0.11578177660703659,sensor_data,2025-12-10 12:56:22.268
T7,AIN51,LoadCell,-0.13659781217575073,sensor_data,2025-12-10 12:56:22.268
T7,AIN0,LoadCell,-0.11641256511211395,sensor_data,2025-12-10 12:56:22.268
T7,AIN51,LoadCell,-0.13754399120807648,sensor_data,2025-12-10 12:56:22.268
T7,AIN0,LoadCell,-0.11672796308994293,sensor_data,2025-12-10 12:56:22.268
T7,AIN51,LoadCell,-0.13691319525241852,sensor_data,2025-12-10 12:56:22.268
T7,AIN0,LoadCell,-0.10978928208351135,sensor_data,2025-12-10 12:56:22.268
T7,AIN51,LoadCell,-0.13123610615730286,sensor_data,2025-12-10 12:56:22.268
T7,AIN0,LoadCell,-0.1056891530752182,sensor_data,2025-12-10 12:56:22.268
T7,AIN51,LoadCell,-0.12839755415916443,sensor_data,2025-12-10 12:56:22.268
T7,AIN0,LoadCell,-0.10663533955812454,sensor_data,2025-12-10 12:56:22.268
T7,AIN51,LoadCell,-0.12808215618133545,sensor_data,2025-12-10 12:56:22.268
T7,AIN0,LoadCell,-0.10789691656827927,sensor_data,2025-12-10 12:56:22.268
T7,AIN51,LoadCell,-0.12934373319149017,sensor_data,2025-12-10 12:56:22.268
T7,AIN0,LoadCell,-0.10947389155626297,sensor_data,2025-12-10 12:56:22.268
T7,AIN51,LoadCell,-0.13092070817947388,sensor_data,2025-12-10 12:56:22.268
T7,AIN0,LoadCell,-0.11105085909366608,sensor_data,2025-12-10 12:56:22.268
T7,AIN51,LoadCell,-0.13186688721179962,sensor_data,2025-12-10 12:56:22.268
T7,AIN0,LoadCell,-0.11168164759874344,sensor_data,2025-12-10 12:56:22.268
T7,AIN51,LoadCell,-0.1337592601776123,sensor_data,2025-12-10 12:56:22.268
T7,AIN0,LoadCell,-0.11325862258672714,sensor_data,2025-12-10 12:56:22.268
T7,AIN51,LoadCell,-0.13407465815544128,sensor_data,2025-12-10 12:56:22.268
T7,AIN0,LoadCell,-0.11325862258672714,sensor_data,2025-12-10 12:56:22.268
T7,AIN51,LoadCell,-0.13407465815544128,sensor_data,2025-12-10 12:56:22.268
T7,AIN0,LoadCell,-0.11420480161905289,sensor_data,2025-12-10 12:56:22.268
T7,AIN51,LoadCell,-0.13502083718776703,sensor_data,2025-12-10 12:56:22.268
T7,AIN0,LoadCell,-0.11420480161905289,sensor_data,2025-12-10 12:56:22.268
T7,AIN51,LoadCell,-0.13502083718776703,sensor_data,2025-12-10 12:56:22.268
T7,AIN0,LoadCell,-0.11483559012413025,sensor_data,2025-12-10 12:56:22.268
T7,AIN51,LoadCell,-0.13596701622009277,sensor_data,2025-12-10 12:56:22.268
T7,AIN0,LoadCell,-0.11483559012413025,sensor_data,2025-12-10 12:56:22.268
T7,AIN51,LoadCell,-0.13596701622009277,sensor_data,2025-12-10 12:56:22.268
T7,AIN0,LoadCell,-0.11609716713428497,sensor_data,2025-12-10 12:56:22.268
T7,AIN51,LoadCell,-0.13659781217575073,sensor_data,2025-12-10 12:56:22.268
T7,AIN0,LoadCell,-0.11704335361719131,sensor_data,2025-12-10 12:56:22.268
T7,AIN51,LoadCell,-0.1372285932302475,sensor_data,2025-12-10 12:56:22.268
T7,AIN0,LoadCell,-0.11672796308994293,sensor_data,2025-12-10 12:56:22.268
T7,AIN51,LoadCell,-0.1372285932302475,sensor_data,2025-12-10 12:56:22.268
T7,AIN0,LoadCell,-0.11767414212226868,sensor_data,2025-12-10 12:56:22.268
T7,AIN51,LoadCell,-0.13785938918590546,sensor_data,2025-12-10 12:56:22.268
T7,AIN0,LoadCell,-0.11641256511211395,sensor_data,2025-12-10 12:56:22.268
T7,AIN51,LoadCell,-0.13691319525241852,sensor_data,2025-12-10 12:56:22.268
T7,AIN0,LoadCell,-0.11325862258672714,sensor_data,2025-12-10 12:56:22.268
T7,AIN51,LoadCell,-0.13502083718776703,sensor_data,2025-12-10 12:56:22.268
T7,AIN0,LoadCell,-0.11420480161905289,sensor_data,2025-12-10 12:56:22.268
T7,AIN51,LoadCell,-0.1356516182422638,sensor_data,2025-12-10 12:56:22.268
T7,AIN0,LoadCell,-0.11609716713428497,sensor_data,2025-12-10 12:56:22.268
T7,AIN51,LoadCell,-0.13691319525241852,sensor_data,2025-12-10 12:56:22.268
T7,AIN0,LoadCell,-0.11862032860517502,sensor_data,2025-12-10 12:56:22.268
T7,AIN51,LoadCell,-0.1388055682182312,sensor_data,2025-12-10 12:56:22.268
T7,AIN0,LoadCell,-0.11862032860517502,sensor_data,2025-12-10 12:56:22.268
T7,AIN51,LoadCell,-0.1388055682182312,sensor_data,2025-12-10 12:56:22.268
T7,AIN0,LoadCell,-0.11798954010009766,sensor_data,2025-12-10 12:56:22.268
T7,AIN51,LoadCell,-0.13912096619606018,sensor_data,2025-12-10 12:56:22.268
T7,AIN0,LoadCell,-0.11798954010009766,sensor_data,2025-12-10 12:56:22.268
T7,AIN51,LoadCell,-0.13849017024040222,sensor_data,2025-12-10 12:56:22.268
T7,AIN0,LoadCell,-0.11767414212226868,sensor_data,2025-12-10 12:56:22.268
T7,AIN51,LoadCell,-0.1388055682182312,sensor_data,2025-12-10 12:56:22.268
T7,AIN0,LoadCell,-0.11767414212226868,sensor_data,2025-12-10 12:56:22.268
T7,AIN51,LoadCell,-0.1388055682182312,sensor_data,2025-12-10 12:56:22.268
T7,AIN0,LoadCell,-0.11862032860517502,sensor_data,2025-12-10 12:56:22.268
T7,AIN51,LoadCell,-0.13943634927272797,sensor_data,2025-12-10 12:56:22.268
T7,AIN0,LoadCell,-0.11830493062734604,sensor_data,2025-12-10 12:56:22.268
T7,AIN51,LoadCell,-0.1388055682182312,sensor_data,2025-12-10 12:56:22.268
T7,AIN0,LoadCell,-0.11767414212226868,sensor_data,2025-12-10 12:56:22.268
T7,AIN51,LoadCell,-0.1388055682182312,sensor_data,2025-12-10 12:56:22.268
T7,AIN0,LoadCell,-0.11704335361719131,sensor_data,2025-12-10 12:56:22.268
T7,AIN51,LoadCell,-0.13817477226257324,sensor_data,2025-12-10 12:56:22.268
T7,AIN0,LoadCell,-0.11672796308994293,sensor_data,2025-12-10 12:56:22.268
T7,AIN51,LoadCell,-0.13754399120807648,sensor_data,2025-12-10 12:56:22.268
T7,AIN0,LoadCell,-0.11704335361719131,sensor_data,2025-12-10 12:56:22.268
T7,AIN51,LoadCell,-0.13754399120807648,sensor_data,2025-12-10 12:56:22.268
T7,AIN0,LoadCell,-0.11767414212226868,sensor_data,2025-12-10 12:56:22.268
T7,AIN51,LoadCell,-0.13817477226257324,sensor_data,2025-12-10 12:56:22.268
T7,AIN0,LoadCell,-0.11830493062734604,sensor_data,2025-12-10 12:56:22.268
T7,AIN51,LoadCell,-0.1388055682182312,sensor_data,2025-12-10 12:56:22.268
T7,AIN0,LoadCell,-0.11704335361719131,sensor_data,2025-12-10 12:56:22.268
T7,AIN51,LoadCell,-0.13754399120807648,sensor_data,2025-12-10 12:56:22.268
T7,AIN0,LoadCell,-0.11357401311397552,sensor_data,2025-12-10 12:56:22.268
T7,AIN51,LoadCell,-0.13502083718776703,sensor_data,2025-12-10 12:56:22.268
T7,AIN0,LoadCell,-0.11483559012413025,sensor_data,2025-12-10 12:56:22.268
T7,AIN51,LoadCell,-0.135336235165596,sensor_data,2025-12-10 12:56:22.268
T7,AIN0,LoadCell,-0.11704335361719131,sensor_data,2025-12-10 12:56:22.268
T7,AIN51,LoadCell,-0.13817477226257324,sensor_data,2025-12-10 12:56:22.268
T7,AIN0,LoadCell,-0.11925111711025238,sensor_data,2025-12-10 12:56:22.268
T7,AIN51,LoadCell,-0.13975174725055695,sensor_data,2025-12-10 12:56:22.268
T7,AIN0,LoadCell,-0.11925111711025238,sensor_data,2025-12-10 12:56:22.268
T7,AIN51,LoadCell,-0.13975174725055695,sensor_data,2025-12-10 12:56:22.268
T7,AIN0,LoadCell,-0.11798954010009766,sensor_data,2025-12-10 12:56:22.268
T7,AIN51,LoadCell,-0.1388055682182312,sensor_data,2025-12-10 12:56:22.268
T7,AIN0,LoadCell,-0.11798954010009766,sensor_data,2025-12-10 12:56:22.268
T7,AIN51,LoadCell,-0.13943634927272797,sensor_data,2025-12-10 12:56:22.268
T7,AIN0,LoadCell,-0.11798954010009766,sensor_data,2025-12-10 12:56:22.268
T7,AIN51,LoadCell,-0.13817477226257324,sensor_data,2025-12-10 12:56:22.268
T7,AIN0,LoadCell,-0.11704335361719131,sensor_data,2025-12-10 12:56:22.268
T7,AIN51,LoadCell,-0.13754399120807648,sensor_data,2025-12-10 12:56:22.268
T7,AIN0,LoadCell,-0.11704335361719131,sensor_data,2025-12-10 12:56:22.268
T7,AIN51,LoadCell,-0.13754399120807648,sensor_data,2025-12-10 12:56:22.268
T7,AIN0,LoadCell,-0.11672796308994293,sensor_data,2025-12-10 12:56:22.268
T7,AIN51,LoadCell,-0.13785938918590546,sensor_data,2025-12-10 12:56:22.268
T7,AIN0,LoadCell,-0.11767414212226868,sensor_data,2025-12-10 12:56:22.268
T7,AIN51,LoadCell,-0.13785938918590546,sensor_data,2025-12-10 12:56:22.268
T7,AIN0,LoadCell,-0.11862032860517502,sensor_data,2025-12-10 12:56:22.268
T7,AIN51,LoadCell,-0.13943634927272797,sensor_data,2025-12-10 12:56:22.268
T7,AIN0,LoadCell,-0.11956650763750076,sensor_data,2025-12-10 12:56:22.268
T7,AIN51,LoadCell,-0.13943634927272797,sensor_data,2025-12-10 12:56:22.268
T7,AIN0,LoadCell,-0.12366663664579391,sensor_data,2025-12-10 12:56:22.268
T7,AIN51,LoadCell,-0.14322109520435333,sensor_data,2025-12-10 12:56:22.268
T7,AIN0,LoadCell,-0.12745137512683868,sensor_data,2025-12-10 12:56:22.268
T7,AIN51,LoadCell,-0.1470058262348175,sensor_data,2025-12-10 12:56:22.268
T7,AIN0,LoadCell,-0.12745137512683868,sensor_data,2025-12-10 12:56:22.268
T7,AIN51,LoadCell,-0.1473212093114853,sensor_data,2025-12-10 12:56:22.268
T7,AIN0,LoadCell,-0.12618979811668396,sensor_data,2025-12-10 12:56:22.268
T7,AIN51,LoadCell,-0.14574424922466278,sensor_data,2025-12-10 12:56:22.268
T7,AIN0,LoadCell,-0.12240505963563919,sensor_data,2025-12-10 12:56:22.268
T7,AIN51,LoadCell,-0.14259029924869537,sensor_data,2025-12-10 12:56:22.268
T7,AIN0,LoadCell,-0.12240505963563919,sensor_data,2025-12-10 12:56:22.268
T7,AIN51,LoadCell,-0.14259029924869537,sensor_data,2025-12-10 12:56:22.268
T7,AIN0,LoadCell,-0.12366663664579391,sensor_data,2025-12-10 12:56:22.268
T7,AIN51,LoadCell,-0.14416727423667908,sensor_data,2025-12-10 12:56:22.268
T7,AIN0,LoadCell,-0.12366663664579391,sensor_data,2025-12-10 12:56:22.268
T7,AIN51,LoadCell,-0.14416727423667908,sensor_data,2025-12-10 12:56:22.268
T7,AIN0,LoadCell,-0.12366663664579391,sensor_data,2025-12-10 12:56:22.268
T7,AIN51,LoadCell,-0.14353647828102112,sensor_data,2025-12-10 12:56:22.268
T7,AIN0,LoadCell,-0.12177427113056183,sensor_data,2025-12-10 12:56:22.268
T7,AIN51,LoadCell,-0.1422749012708664,sensor_data,2025-12-10 12:56:22.268
T7,AIN0,LoadCell,-0.12114348262548447,sensor_data,2025-12-10 12:56:22.268
T7,AIN51,LoadCell,-0.14132872223854065,sensor_data,2025-12-10 12:56:22.268
T7,AIN0,LoadCell,-0.12177427113056183,sensor_data,2025-12-10 12:56:22.268
T7,AIN51,LoadCell,-0.14101332426071167,sensor_data,2025-12-10 12:56:22.268
T7,AIN0,LoadCell,-0.12177427113056183,sensor_data,2025-12-10 12:56:22.268
T7,AIN51,LoadCell,-0.1419595181941986,sensor_data,2025-12-10 12:56:22.268
T7,AIN0,LoadCell,-0.12114348262548447,sensor_data,2025-12-10 12:56:22.268
T7,AIN51,LoadCell,-0.14132872223854065,sensor_data,2025-12-10 12:56:22.268
T7,AIN0,LoadCell,-0.12082808464765549,sensor_data,2025-12-10 12:56:22.268
T7,AIN51,LoadCell,-0.14132872223854065,sensor_data,2025-12-10 12:56:22.268
T7,AIN0,LoadCell,-0.12019729614257812,sensor_data,2025-12-10 12:56:22.268
T7,AIN51,LoadCell,-0.1403825432062149,sensor_data,2025-12-10 12:56:22.268
T7,AIN0,LoadCell,-0.11988190561532974,sensor_data,2025-12-10 12:56:22.268
T7,AIN51,LoadCell,-0.13975174725055695,sensor_data,2025-12-10 12:56:22.268
T7,AIN0,LoadCell,-0.11925111711025238,sensor_data,2025-12-10 12:56:22.268
T7,AIN51,LoadCell,-0.13975174725055695,sensor_data,2025-12-10 12:56:22.268
T7,AIN0,LoadCell,-0.11830493062734604,sensor_data,2025-12-10 12:56:22.268
T7,AIN51,LoadCell,-0.13785938918590546,sensor_data,2025-12-10 12:56:22.268
T7,AIN0,LoadCell,-0.1173587515950203,sensor_data,2025-12-10 12:56:22.268
T7,AIN51,LoadCell,-0.13785938918590546,sensor_data,2025-12-10 12:56:22.268
T7,AIN0,LoadCell,-0.11672796308994293,sensor_data,2025-12-10 12:56:22.268
T7,AIN51,LoadCell,-0.13691319525241852,sensor_data,2025-12-10 12:56:22.268
T7,AIN0,LoadCell,-0.11483559012413025,sensor_data,2025-12-10 12:56:22.268
T7,AIN51,LoadCell,-0.1356516182422638,sensor_data,2025-12-10 12:56:22.268
T7,AIN0,LoadCell,-0.1123124361038208,sensor_data,2025-12-10 12:56:22.268
T7,AIN51,LoadCell,-0.13281308114528656,sensor_data,2025-12-10 12:56:22.268
T7,AIN0,LoadCell,-0.11199704557657242,sensor_data,2025-12-10 12:56:22.268
T7,AIN51,LoadCell,-0.13344386219978333,sensor_data,2025-12-10 12:56:22.268
T7,AIN0,LoadCell,-0.11420480161905289,sensor_data,2025-12-10 12:56:22.268
T7,AIN51,LoadCell,-0.13502083718776703,sensor_data,2025-12-10 12:56:22.268
T7,AIN0,LoadCell,-0.11609716713428497,sensor_data,2025-12-10 12:56:22.268
T7,AIN51,LoadCell,-0.13659781217575073,sensor_data,2025-12-10 12:56:22.268
T7,AIN0,LoadCell,-0.11641256511211395,sensor_data,2025-12-10 12:56:22.268
T7,AIN51,LoadCell,-0.1372285932302475,sensor_data,2025-12-10 12:56:22.268
T7,AIN0,LoadCell,-0.1173587515950203,sensor_data,2025-12-10 12:56:22.268
T7,AIN51,LoadCell,-0.13754399120807648,sensor_data,2025-12-10 12:56:22.268
T7,AIN0,LoadCell,-0.11641256511211395,sensor_data,2025-12-10 12:56:22.268
T7,AIN51,LoadCell,-0.1372285932302475,sensor_data,2025-12-10 12:56:22.268
T7,AIN0,LoadCell,-0.11641256511211395,sensor_data,2025-12-10 12:56:22.268
T7,AIN51,LoadCell,-0.1372285932302475,sensor_data,2025-12-10 12:56:22.268
T7,AIN0,LoadCell,-0.11609716713428497,sensor_data,2025-12-10 12:56:22.268
T7,AIN51,LoadCell,-0.13691319525241852,sensor_data,2025-12-10 12:56:22.268
T7,AIN0,LoadCell,-0.11578177660703659,sensor_data,2025-12-10 12:56:22.268
T7,AIN51,LoadCell,-0.13659781217575073,sensor_data,2025-12-10 12:56:22.268
T7,AIN0,LoadCell,-0.11641256511211395,sensor_data,2025-12-10 12:56:22.268
T7,AIN51,LoadCell,-0.13691319525241852,sensor_data,2025-12-10 12:56:22.268
T7,AIN0,LoadCell,-0.11609716713428497,sensor_data,2025-12-10 12:56:22.268
T7,AIN51,LoadCell,-0.13659781217575073,sensor_data,2025-12-10 12:56:22.268
T7,AIN0,LoadCell,-0.11672796308994293,sensor_data,2025-12-10 12:56:22.268
T7,AIN51,LoadCell,-0.1372285932302475,sensor_data,2025-12-10 12:56:22.268
T7,AIN0,LoadCell,-0.11767414212226868,sensor_data,2025-12-10 12:56:22.268
T7,AIN51,LoadCell,-0.13754399120807648,sensor_data,2025-12-10 12:56:22.268
T7,AIN0,LoadCell,-0.11672796308994293,sensor_data,2025-12-10 12:56:22.268
T7,AIN51,LoadCell,-0.13785938918590546,sensor_data,2025-12-10 12:56:22.268
T7,AIN0,LoadCell,-0.11609716713428497,sensor_data,2025-12-10 12:56:22.268
T7,AIN51,LoadCell,-0.13628241419792175,sensor_data,2025-12-10 12:56:22.268
T7,AIN0,LoadCell,-0.11609716713428497,sensor_data,2025-12-10 12:56:22.268
T7,AIN51,LoadCell,-0.13659781217575073,sensor_data,2025-12-10 12:56:22.268
T7,AIN0,LoadCell,-0.11483559012413025,sensor_data,2025-12-10 12:56:22.268
T7,AIN51,LoadCell,-0.1356516182422638,sensor_data,2025-12-10 12:56:22.268
T7,AIN0,LoadCell,-0.11168164759874344,sensor_data,2025-12-10 12:56:22.268
T7,AIN51,LoadCell,-0.13281308114528656,sensor_data,2025-12-10 12:56:22.268
T7,AIN0,LoadCell,-0.1123124361038208,sensor_data,2025-12-10 12:56:22.268
T7,AIN51,LoadCell,-0.13312846422195435,sensor_data,2025-12-10 12:56:22.268
T7,AIN0,LoadCell,-0.11357401311397552,sensor_data,2025-12-10 12:56:22.268
T7,AIN51,LoadCell,-0.13502083718776703,sensor_data,2025-12-10 12:56:22.268
T7,AIN0,LoadCell,-0.11578177660703659,sensor_data,2025-12-10 12:56:22.278
T7,AIN51,LoadCell,-0.13628241419792175,sensor_data,2025-12-10 12:56:22.278
T7,AIN0,LoadCell,-0.11672796308994293,sensor_data,2025-12-10 12:56:22.278
T7,AIN51,LoadCell,-0.1372285932302475,sensor_data,2025-12-10 12:56:22.278
T7,AIN0,LoadCell,-0.11641256511211395,sensor_data,2025-12-10 12:56:22.278
T7,AIN51,LoadCell,-0.13691319525241852,sensor_data,2025-12-10 12:56:22.278
T7,AIN0,LoadCell,-0.1173587515950203,sensor_data,2025-12-10 12:56:22.278
T7,AIN51,LoadCell,-0.1372285932302475,sensor_data,2025-12-10 12:56:22.278
T7,AIN0,LoadCell,-0.1173587515950203,sensor_data,2025-12-10 12:56:22.278
T7,AIN51,LoadCell,-0.13785938918590546,sensor_data,2025-12-10 12:56:22.278
T7,AIN0,LoadCell,-0.11767414212226868,sensor_data,2025-12-10 12:56:22.278
T7,AIN51,LoadCell,-0.13785938918590546,sensor_data,2025-12-10 12:56:22.278
T7,AIN0,LoadCell,-0.11798954010009766,sensor_data,2025-12-10 12:56:22.278
T7,AIN51,LoadCell,-0.13817477226257324,sensor_data,2025-12-10 12:56:22.278
T7,AIN0,LoadCell,-0.11294322460889816,sensor_data,2025-12-10 12:56:22.278
T7,AIN51,LoadCell,-0.13439004123210907,sensor_data,2025-12-10 12:56:22.278
T7,AIN0,LoadCell,-0.10884310305118561,sensor_data,2025-12-10 12:56:22.278
T7,AIN51,LoadCell,-0.1306053102016449,sensor_data,2025-12-10 12:56:22.278
T7,AIN0,LoadCell,-0.10663533955812454,sensor_data,2025-12-10 12:56:22.278
T7,AIN51,LoadCell,-0.12808215618133545,sensor_data,2025-12-10 12:56:22.278
T7,AIN0,LoadCell,-0.10631994158029556,sensor_data,2025-12-10 12:56:22.278
T7,AIN51,LoadCell,-0.1287129521369934,sensor_data,2025-12-10 12:56:22.278
T7,AIN0,LoadCell,-0.10789691656827927,sensor_data,2025-12-10 12:56:22.278
T7,AIN51,LoadCell,-0.1290283352136612,sensor_data,2025-12-10 12:56:22.278
T7,AIN0,LoadCell,-0.10821230709552765,sensor_data,2025-12-10 12:56:22.278
T7,AIN51,LoadCell,-0.12997452914714813,sensor_data,2025-12-10 12:56:22.278
T7,AIN0,LoadCell,-0.11010468006134033,sensor_data,2025-12-10 12:56:22.278
T7,AIN51,LoadCell,-0.13123610615730286,sensor_data,2025-12-10 12:56:22.278
T7,AIN0,LoadCell,-0.10852770507335663,sensor_data,2025-12-10 12:56:22.278
T7,AIN51,LoadCell,-0.12997452914714813,sensor_data,2025-12-10 12:56:22.278
T7,AIN0,LoadCell,-0.10695073008537292,sensor_data,2025-12-10 12:56:22.278
T7,AIN51,LoadCell,-0.12839755415916443,sensor_data,2025-12-10 12:56:22.278
T7,AIN0,LoadCell,-0.10852770507335663,sensor_data,2025-12-10 12:56:22.278
T7,AIN51,LoadCell,-0.12965913116931915,sensor_data,2025-12-10 12:56:22.278
T7,AIN0,LoadCell,-0.11168164759874344,sensor_data,2025-12-10 12:56:22.278
T7,AIN51,LoadCell,-0.13312846422195435,sensor_data,2025-12-10 12:56:22.278
T7,AIN0,LoadCell,-0.11452019959688187,sensor_data,2025-12-10 12:56:22.278
T7,AIN51,LoadCell,-0.135336235165596,sensor_data,2025-12-10 12:56:22.278
T7,AIN0,LoadCell,-0.11578177660703659,sensor_data,2025-12-10 12:56:22.278
T7,AIN51,LoadCell,-0.1356516182422638,sensor_data,2025-12-10 12:56:22.278
T7,AIN0,LoadCell,-0.11672796308994293,sensor_data,2025-12-10 12:56:22.278
T7,AIN51,LoadCell,-0.13691319525241852,sensor_data,2025-12-10 12:56:22.278
T7,AIN0,LoadCell,-0.1173587515950203,sensor_data,2025-12-10 12:56:22.278
T7,AIN51,LoadCell,-0.13691319525241852,sensor_data,2025-12-10 12:56:22.278
T7,AIN0,LoadCell,-0.11609716713428497,sensor_data,2025-12-10 12:56:22.278
T7,AIN51,LoadCell,-0.1372285932302475,sensor_data,2025-12-10 12:56:22.278
T7,AIN0,LoadCell,-0.11578177660703659,sensor_data,2025-12-10 12:56:22.278
T7,AIN51,LoadCell,-0.13628241419792175,sensor_data,2025-12-10 12:56:22.278
T7,AIN0,LoadCell,-0.11609716713428497,sensor_data,2025-12-10 12:56:22.278
T7,AIN51,LoadCell,-0.13628241419792175,sensor_data,2025-12-10 12:56:22.278
T7,AIN0,LoadCell,-0.11609716713428497,sensor_data,2025-12-10 12:56:22.278
T7,AIN51,LoadCell,-0.1372285932302475,sensor_data,2025-12-10 12:56:22.278
T7,AIN0,LoadCell,-0.11672796308994293,sensor_data,2025-12-10 12:56:22.278
T7,AIN51,LoadCell,-0.13691319525241852,sensor_data,2025-12-10 12:56:22.278
T7,AIN0,LoadCell,-0.11609716713428497,sensor_data,2025-12-10 12:56:22.278
T7,AIN51,LoadCell,-0.13691319525241852,sensor_data,2025-12-10 12:56:22.278
T7,AIN0,LoadCell,-0.11672796308994293,sensor_data,2025-12-10 12:56:22.278
T7,AIN51,LoadCell,-0.13785938918590546,sensor_data,2025-12-10 12:56:22.278
T7,AIN0,LoadCell,-0.11672796308994293,sensor_data,2025-12-10 12:56:22.278
T7,AIN51,LoadCell,-0.13754399120807648,sensor_data,2025-12-10 12:56:22.278
T7,AIN0,LoadCell,-0.11672796308994293,sensor_data,2025-12-10 12:56:22.278
T7,AIN51,LoadCell,-0.1372285932302475,sensor_data,2025-12-10 12:56:22.278
T7,AIN0,LoadCell,-0.11672796308994293,sensor_data,2025-12-10 12:56:22.278
T7,AIN51,LoadCell,-0.1372285932302475,sensor_data,2025-12-10 12:56:22.278
T7,AIN0,LoadCell,-0.1138894110918045,sensor_data,2025-12-10 12:56:22.278
T7,AIN51,LoadCell,-0.13502083718776703,sensor_data,2025-12-10 12:56:22.278
T7,AIN0,LoadCell,-0.11042007058858871,sensor_data,2025-12-10 12:56:22.278
T7,AIN51,LoadCell,-0.1321822851896286,sensor_data,2025-12-10 12:56:22.278
T7,AIN0,LoadCell,-0.11136625707149506,sensor_data,2025-12-10 12:56:22.278
T7,AIN51,LoadCell,-0.13249768316745758,sensor_data,2025-12-10 12:56:22.278
T7,AIN0,LoadCell,-0.11483559012413025,sensor_data,2025-12-10 12:56:22.278
T7,AIN51,LoadCell,-0.13596701622009277,sensor_data,2025-12-10 12:56:22.278
T7,AIN0,LoadCell,-0.11609716713428497,sensor_data,2025-12-10 12:56:22.278
T7,AIN51,LoadCell,-0.13659781217575073,sensor_data,2025-12-10 12:56:22.278
T7,AIN0,LoadCell,-0.11704335361719131,sensor_data,2025-12-10 12:56:22.278
T7,AIN51,LoadCell,-0.13691319525241852,sensor_data,2025-12-10 12:56:22.278
T7,AIN0,LoadCell,-0.1173587515950203,sensor_data,2025-12-10 12:56:22.278
T7,AIN51,LoadCell,-0.13785938918590546,sensor_data,2025-12-10 12:56:22.278
T7,AIN0,LoadCell,-0.11862032860517502,sensor_data,2025-12-10 12:56:22.278
T7,AIN51,LoadCell,-0.1388055682182312,sensor_data,2025-12-10 12:56:22.278
T7,AIN0,LoadCell,-0.11988190561532974,sensor_data,2025-12-10 12:56:22.278
T7,AIN51,LoadCell,-0.13975174725055695,sensor_data,2025-12-10 12:56:22.278
T7,AIN0,LoadCell,-0.11988190561532974,sensor_data,2025-12-10 12:56:22.278
T7,AIN51,LoadCell,-0.14006714522838593,sensor_data,2025-12-10 12:56:22.278
T7,AIN0,LoadCell,-0.11925111711025238,sensor_data,2025-12-10 12:56:22.278
T7,AIN51,LoadCell,-0.13943634927272797,sensor_data,2025-12-10 12:56:22.278
T7,AIN0,LoadCell,-0.11862032860517502,sensor_data,2025-12-10 12:56:22.278
T7,AIN51,LoadCell,-0.1388055682182312,sensor_data,2025-12-10 12:56:22.278
T7,AIN0,LoadCell,-0.11767414212226868,sensor_data,2025-12-10 12:56:22.278
T7,AIN51,LoadCell,-0.13849017024040222,sensor_data,2025-12-10 12:56:22.278
T7,AIN0,LoadCell,-0.1173587515950203,sensor_data,2025-12-10 12:56:22.278
T7,AIN51,LoadCell,-0.13817477226257324,sensor_data,2025-12-10 12:56:22.278
T7,AIN0,LoadCell,-0.1173587515950203,sensor_data,2025-12-10 12:56:22.278
T7,AIN51,LoadCell,-0.13754399120807648,sensor_data,2025-12-10 12:56:22.278
T7,AIN0,LoadCell,-0.11704335361719131,sensor_data,2025-12-10 12:56:22.278
T7,AIN51,LoadCell,-0.1372285932302475,sensor_data,2025-12-10 12:56:22.278
T7,AIN0,LoadCell,-0.11641256511211395,sensor_data,2025-12-10 12:56:22.278
T7,AIN51,LoadCell,-0.1372285932302475,sensor_data,2025-12-10 12:56:22.278
T7,AIN0,LoadCell,-0.11641256511211395,sensor_data,2025-12-10 12:56:22.278
T7,AIN51,LoadCell,-0.1372285932302475,sensor_data,2025-12-10 12:56:22.278
T7,AIN0,LoadCell,-0.11452019959688187,sensor_data,2025-12-10 12:56:22.278
T7,AIN51,LoadCell,-0.135336235165596,sensor_data,2025-12-10 12:56:22.278
T7,AIN0,LoadCell,-0.11105085909366608,sensor_data,2025-12-10 12:56:22.278
T7,AIN51,LoadCell,-0.13249768316745758,sensor_data,2025-12-10 12:56:22.278
T7,AIN0,LoadCell,-0.11294322460889816,sensor_data,2025-12-10 12:56:22.278
T7,AIN51,LoadCell,-0.1337592601776123,sensor_data,2025-12-10 12:56:22.278
T7,AIN0,LoadCell,-0.11578177660703659,sensor_data,2025-12-10 12:56:22.278
T7,AIN51,LoadCell,-0.13659781217575073,sensor_data,2025-12-10 12:56:22.278
T7,AIN0,LoadCell,-0.11830493062734604,sensor_data,2025-12-10 12:56:22.278
T7,AIN51,LoadCell,-0.13849017024040222,sensor_data,2025-12-10 12:56:22.278
T7,AIN0,LoadCell,-0.1189357191324234,sensor_data,2025-12-10 12:56:22.278
T7,AIN51,LoadCell,-0.13943634927272797,sensor_data,2025-12-10 12:56:22.278
T7,AIN0,LoadCell,-0.11956650763750076,sensor_data,2025-12-10 12:56:22.278
T7,AIN51,LoadCell,-0.13975174725055695,sensor_data,2025-12-10 12:56:22.278
T7,AIN0,LoadCell,-0.1239820271730423,sensor_data,2025-12-10 12:56:22.278
T7,AIN51,LoadCell,-0.1438518762588501,sensor_data,2025-12-10 12:56:22.278
T7,AIN0,LoadCell,-0.12934373319149017,sensor_data,2025-12-10 12:56:22.278
T7,AIN51,LoadCell,-0.148898184299469,sensor_data,2025-12-10 12:56:22.278
T7,AIN0,LoadCell,-0.13155148923397064,sensor_data,2025-12-10 12:56:22.278
T7,AIN51,LoadCell,-0.15015976130962372,sensor_data,2025-12-10 12:56:22.278
T7,AIN0,LoadCell,-0.13155148923397064,sensor_data,2025-12-10 12:56:22.278
T7,AIN51,LoadCell,-0.15079055726528168,sensor_data,2025-12-10 12:56:22.278
T7,AIN0,LoadCell,-0.12997452914714813,sensor_data,2025-12-10 12:56:22.278
T7,AIN51,LoadCell,-0.14921358227729797,sensor_data,2025-12-10 12:56:22.278
T7,AIN0,LoadCell,-0.12745137512683868,sensor_data,2025-12-10 12:56:22.278
T7,AIN51,LoadCell,-0.1470058262348175,sensor_data,2025-12-10 12:56:22.278
T7,AIN0,LoadCell,-0.125559002161026,sensor_data,2025-12-10 12:56:22.278
T7,AIN51,LoadCell,-0.14574424922466278,sensor_data,2025-12-10 12:56:22.278
T7,AIN0,LoadCell,-0.12461282312870026,sensor_data,2025-12-10 12:56:22.278
T7,AIN51,LoadCell,-0.14479805529117584,sensor_data,2025-12-10 12:56:22.278
T7,AIN0,LoadCell,-0.12240505963563919,sensor_data,2025-12-10 12:56:22.278
T7,AIN51,LoadCell,-0.1422749012708664,sensor_data,2025-12-10 12:56:22.278
T7,AIN0,LoadCell,-0.12082808464765549,sensor_data,2025-12-10 12:56:22.278
T7,AIN51,LoadCell,-0.14164412021636963,sensor_data,2025-12-10 12:56:22.278
T7,AIN0,LoadCell,-0.12019729614257812,sensor_data,2025-12-10 12:56:22.278
T7,AIN51,LoadCell,-0.14069794118404388,sensor_data,2025-12-10 12:56:22.278
T7,AIN0,LoadCell,-0.1189357191324234,sensor_data,2025-12-10 12:56:22.278
T7,AIN51,LoadCell,-0.13849017024040222,sensor_data,2025-12-10 12:56:22.278
T7,AIN0,LoadCell,-0.11515098810195923,sensor_data,2025-12-10 12:56:22.278
T7,AIN51,LoadCell,-0.13659781217575073,sensor_data,2025-12-10 12:56:22.278
T7,AIN0,LoadCell,-0.11546637862920761,sensor_data,2025-12-10 12:56:22.278
T7,AIN51,LoadCell,-0.13628241419792175,sensor_data,2025-12-10 12:56:22.278
T7,AIN0,LoadCell,-0.11704335361719131,sensor_data,2025-12-10 12:56:22.278
T7,AIN51,LoadCell,-0.13754399120807648,sensor_data,2025-12-10 12:56:22.278
T7,AIN0,LoadCell,-0.11767414212226868,sensor_data,2025-12-10 12:56:22.278
T7,AIN51,LoadCell,-0.13817477226257324,sensor_data,2025-12-10 12:56:22.278
T7,AIN0,LoadCell,-0.1189357191324234,sensor_data,2025-12-10 12:56:22.278
T7,AIN51,LoadCell,-0.13943634927272797,sensor_data,2025-12-10 12:56:22.278
T7,AIN0,LoadCell,-0.11956650763750076,sensor_data,2025-12-10 12:56:22.278
T7,AIN51,LoadCell,-0.14006714522838593,sensor_data,2025-12-10 12:56:22.278
T7,AIN0,LoadCell,-0.11988190561532974,sensor_data,2025-12-10 12:56:22.278
T7,AIN51,LoadCell,-0.14006714522838593,sensor_data,2025-12-10 12:56:22.278
T7,AIN0,LoadCell,-0.12019729614257812,sensor_data,2025-12-10 12:56:22.278
T7,AIN51,LoadCell,-0.14069794118404388,sensor_data,2025-12-10 12:56:22.278
T7,AIN0,LoadCell,-0.12019729614257812,sensor_data,2025-12-10 12:56:22.278
T7,AIN51,LoadCell,-0.14006714522838593,sensor_data,2025-12-10 12:56:22.278
T7,AIN0,LoadCell,-0.11988190561532974,sensor_data,2025-12-10 12:56:22.278
T7,AIN51,LoadCell,-0.14006714522838593,sensor_data,2025-12-10 12:56:22.278
T7,AIN0,LoadCell,-0.11925111711025238,sensor_data,2025-12-10 12:56:22.278
T7,AIN51,LoadCell,-0.13912096619606018,sensor_data,2025-12-10 12:56:22.278
T7,AIN0,LoadCell,-0.11704335361719131,sensor_data,2025-12-10 12:56:22.278
T7,AIN51,LoadCell,-0.13754399120807648,sensor_data,2025-12-10 12:56:22.278
T7,AIN0,LoadCell,-0.11546637862920761,sensor_data,2025-12-10 12:56:22.278
T7,AIN51,LoadCell,-0.13628241419792175,sensor_data,2025-12-10 12:56:22.278
T7,AIN0,LoadCell,-0.11546637862920761,sensor_data,2025-12-10 12:56:22.278
T7,AIN51,LoadCell,-0.13628241419792175,sensor_data,2025-12-10 12:56:22.278
T7,AIN0,LoadCell,-0.11546637862920761,sensor_data,2025-12-10 12:56:22.278
T7,AIN51,LoadCell,-0.13628241419792175,sensor_data,2025-12-10 12:56:22.278
T7,AIN0,LoadCell,-0.11578177660703659,sensor_data,2025-12-10 12:56:22.278
T7,AIN51,LoadCell,-0.13659781217575073,sensor_data,2025-12-10 12:56:22.278
T7,AIN0,LoadCell,-0.11641256511211395,sensor_data,2025-12-10 12:56:22.278
T7,AIN51,LoadCell,-0.13691319525241852,sensor_data,2025-12-10 12:56:22.278
T7,AIN0,LoadCell,-0.11483559012413025,sensor_data,2025-12-10 12:56:22.278
T7,AIN51,LoadCell,-0.135336235165596,sensor_data,2025-12-10 12:56:22.278
T7,AIN0,LoadCell,-0.1123124361038208,sensor_data,2025-12-10 12:56:22.278
T7,AIN51,LoadCell,-0.13344386219978333,sensor_data,2025-12-10 12:56:22.278
T7,AIN0,LoadCell,-0.11357401311397552,sensor_data,2025-12-10 12:56:22.278
T7,AIN51,LoadCell,-0.13439004123210907,sensor_data,2025-12-10 12:56:22.278
T7,AIN0,LoadCell,-0.11515098810195923,sensor_data,2025-12-10 12:56:22.278
T7,AIN51,LoadCell,-0.13628241419792175,sensor_data,2025-12-10 12:56:22.278
T7,AIN0,LoadCell,-0.1173587515950203,sensor_data,2025-12-10 12:56:22.278
T7,AIN51,LoadCell,-0.13754399120807648,sensor_data,2025-12-10 12:56:22.278
T7,AIN0,LoadCell,-0.11830493062734604,sensor_data,2025-12-10 12:56:22.278
T7,AIN51,LoadCell,-0.1388055682182312,sensor_data,2025-12-10 12:56:22.278
T7,AIN0,LoadCell,-0.1189357191324234,sensor_data,2025-12-10 12:56:22.278
T7,AIN51,LoadCell,-0.13912096619606018,sensor_data,2025-12-10 12:56:22.278
T7,AIN0,LoadCell,-0.11862032860517502,sensor_data,2025-12-10 12:56:22.278
T7,AIN51,LoadCell,-0.13943634927272797,sensor_data,2025-12-10 12:56:22.278
T7,AIN0,LoadCell,-0.11862032860517502,sensor_data,2025-12-10 12:56:22.278
T7,AIN51,LoadCell,-0.1388055682182312,sensor_data,2025-12-10 12:56:22.278
T7,AIN0,LoadCell,-0.11798954010009766,sensor_data,2025-12-10 12:56:22.278
T7,AIN51,LoadCell,-0.1388055682182312,sensor_data,2025-12-10 12:56:22.278
T7,AIN0,LoadCell,-0.11767414212226868,sensor_data,2025-12-10 12:56:22.278
T7,AIN51,LoadCell,-0.1388055682182312,sensor_data,2025-12-10 12:56:22.278
T7,AIN0,LoadCell,-0.11767414212226868,sensor_data,2025-12-10 12:56:22.278
T7,AIN51,LoadCell,-0.13817477226257324,sensor_data,2025-12-10 12:56:22.278
T7,AIN0,LoadCell,-0.1173587515950203,sensor_data,2025-12-10 12:56:22.278
T7,AIN51,LoadCell,-0.13785938918590546,sensor_data,2025-12-10 12:56:22.278
T7,AIN0,LoadCell,-0.11767414212226868,sensor_data,2025-12-10 12:56:22.278
T7,AIN51,LoadCell,-0.13785938918590546,sensor_data,2025-12-10 12:56:22.278
T7,AIN0,LoadCell,-0.11767414212226868,sensor_data,2025-12-10 12:56:22.278
T7,AIN51,LoadCell,-0.13817477226257324,sensor_data,2025-12-10 12:56:22.278
T7,AIN0,LoadCell,-0.11830493062734604,sensor_data,2025-12-10 12:56:22.278
T7,AIN51,LoadCell,-0.13849017024040222,sensor_data,2025-12-10 12:56:22.278
T7,AIN0,LoadCell,-0.11798954010009766,sensor_data,2025-12-10 12:56:22.278
T7,AIN51,LoadCell,-0.13817477226257324,sensor_data,2025-12-10 12:56:22.278
T7,AIN0,LoadCell,-0.11830493062734604,sensor_data,2025-12-10 12:56:22.278
T7,AIN51,LoadCell,-0.1388055682182312,sensor_data,2025-12-10 12:56:22.278
T7,AIN0,LoadCell,-0.11578177660703659,sensor_data,2025-12-10 12:56:22.278
T7,AIN51,LoadCell,-0.13659781217575073,sensor_data,2025-12-10 12:56:22.278
T7,AIN0,LoadCell,-0.11294322460889816,sensor_data,2025-12-10 12:56:22.278
T7,AIN51,LoadCell,-0.13439004123210907,sensor_data,2025-12-10 12:56:22.278
T7,AIN0,LoadCell,-0.11420480161905289,sensor_data,2025-12-10 12:56:22.278
T7,AIN51,LoadCell,-0.13502083718776703,sensor_data,2025-12-10 12:56:22.278
T7,AIN0,LoadCell,-0.11294322460889816,sensor_data,2025-12-10 12:56:22.278
T7,AIN51,LoadCell,-0.13344386219978333,sensor_data,2025-12-10 12:56:22.278
T7,AIN0,LoadCell,-0.10852770507335663,sensor_data,2025-12-10 12:56:22.278
T7,AIN51,LoadCell,-0.12997452914714813,sensor_data,2025-12-10 12:56:22.278
T7,AIN0,LoadCell,-0.1072661280632019,sensor_data,2025-12-10 12:56:22.278
T7,AIN51,LoadCell,-0.12934373319149017,sensor_data,2025-12-10 12:56:22.278
T7,AIN0,LoadCell,-0.10663533955812454,sensor_data,2025-12-10 12:56:22.278
T7,AIN51,LoadCell,-0.12839755415916443,sensor_data,2025-12-10 12:56:22.278
T7,AIN0,LoadCell,-0.10821230709552765,sensor_data,2025-12-10 12:56:22.278
T7,AIN51,LoadCell,-0.12965913116931915,sensor_data,2025-12-10 12:56:22.278
T7,AIN0,LoadCell,-0.11042007058858871,sensor_data,2025-12-10 12:56:22.278
T7,AIN51,LoadCell,-0.13186688721179962,sensor_data,2025-12-10 12:56:22.278
T7,AIN0,LoadCell,-0.11199704557657242,sensor_data,2025-12-10 12:56:22.278
T7,AIN51,LoadCell,-0.1337592601776123,sensor_data,2025-12-10 12:56:22.278
T7,AIN0,LoadCell,-0.11325862258672714,sensor_data,2025-12-10 12:56:22.278
T7,AIN51,LoadCell,-0.13407465815544128,sensor_data,2025-12-10 12:56:22.278
T7,AIN0,LoadCell,-0.11357401311397552,sensor_data,2025-12-10 12:56:22.278
T7,AIN51,LoadCell,-0.13439004123210907,sensor_data,2025-12-10 12:56:22.278
T7,AIN0,LoadCell,-0.11420480161905289,sensor_data,2025-12-10 12:56:22.278
T7,AIN51,LoadCell,-0.13502083718776703,sensor_data,2025-12-10 12:56:22.278
T7,AIN0,LoadCell,-0.11546637862920761,sensor_data,2025-12-10 12:56:22.278
T7,AIN51,LoadCell,-0.13628241419792175,sensor_data,2025-12-10 12:56:22.278
T7,AIN0,LoadCell,-0.11546637862920761,sensor_data,2025-12-10 12:56:22.278
T7,AIN51,LoadCell,-0.13628241419792175,sensor_data,2025-12-10 12:56:22.278
T7,AIN0,LoadCell,-0.11609716713428497,sensor_data,2025-12-10 12:56:22.278
T7,AIN51,LoadCell,-0.13691319525241852,sensor_data,2025-12-10 12:56:22.278
T7,AIN0,LoadCell,-0.11578177660703659,sensor_data,2025-12-10 12:56:22.278
T7,AIN51,LoadCell,-0.13691319525241852,sensor_data,2025-12-10 12:56:22.278
T7,AIN0,LoadCell,-0.11641256511211395,sensor_data,2025-12-10 12:56:22.278
T7,AIN51,LoadCell,-0.13691319525241852,sensor_data,2025-12-10 12:56:22.278
T7,AIN0,LoadCell,-0.11452019959688187,sensor_data,2025-12-10 12:56:22.278
T7,AIN51,LoadCell,-0.1356516182422638,sensor_data,2025-12-10 12:56:22.278
T7,AIN0,LoadCell,-0.11262783408164978,sensor_data,2025-12-10 12:56:22.278
T7,AIN51,LoadCell,-0.1337592601776123,sensor_data,2025-12-10 12:56:22.278
T7,AIN0,LoadCell,-0.11420480161905289,sensor_data,2025-12-10 12:56:22.278
T7,AIN51,LoadCell,-0.1356516182422638,sensor_data,2025-12-10 12:56:22.278
T7,AIN0,LoadCell,-0.11798954010009766,sensor_data,2025-12-10 12:56:22.278
T7,AIN51,LoadCell,-0.1388055682182312,sensor_data,2025-12-10 12:56:22.278
T7,AIN0,LoadCell,-0.11956650763750076,sensor_data,2025-12-10 12:56:22.278
T7,AIN51,LoadCell,-0.13943634927272797,sensor_data,2025-12-10 12:56:22.278
T7,AIN0,LoadCell,-0.11956650763750076,sensor_data,2025-12-10 12:56:22.278
T7,AIN51,LoadCell,-0.13975174725055695,sensor_data,2025-12-10 12:56:22.278
T7,AIN0,LoadCell,-0.11862032860517502,sensor_data,2025-12-10 12:56:22.278
T7,AIN51,LoadCell,-0.1388055682182312,sensor_data,2025-12-10 12:56:22.278
T7,AIN0,LoadCell,-0.11862032860517502,sensor_data,2025-12-10 12:56:22.278
T7,AIN51,LoadCell,-0.1388055682182312,sensor_data,2025-12-10 12:56:22.278
T7,AIN0,LoadCell,-0.11704335361719131,sensor_data,2025-12-10 12:56:22.278
T7,AIN51,LoadCell,-0.13817477226257324,sensor_data,2025-12-10 12:56:22.278
T7,AIN0,LoadCell,-0.11641256511211395,sensor_data,2025-12-10 12:56:22.278
T7,AIN51,LoadCell,-0.13754399120807648,sensor_data,2025-12-10 12:56:22.278
T7,AIN0,LoadCell,-0.11609716713428497,sensor_data,2025-12-10 12:56:22.278
T7,AIN51,LoadCell,-0.13754399120807648,sensor_data,2025-12-10 12:56:22.278
T7,AIN0,LoadCell,-0.11609716713428497,sensor_data,2025-12-10 12:56:22.278
T7,AIN51,LoadCell,-0.13691319525241852,sensor_data,2025-12-10 12:56:22.278
T7,AIN0,LoadCell,-0.11672796308994293,sensor_data,2025-12-10 12:56:22.278
T7,AIN51,LoadCell,-0.13691319525241852,sensor_data,2025-12-10 12:56:22.278
T7,AIN0,LoadCell,-0.1173587515950203,sensor_data,2025-12-10 12:56:22.278
T7,AIN51,LoadCell,-0.13754399120807648,sensor_data,2025-12-10 12:56:22.278
T7,AIN0,LoadCell,-0.11767414212226868,sensor_data,2025-12-10 12:56:22.278
T7,AIN51,LoadCell,-0.13785938918590546,sensor_data,2025-12-10 12:56:22.278
T7,AIN0,LoadCell,-0.11672796308994293,sensor_data,2025-12-10 12:56:22.278
T7,AIN51,LoadCell,-0.13817477226257324,sensor_data,2025-12-10 12:56:22.278
T7,AIN0,LoadCell,-0.11767414212226868,sensor_data,2025-12-10 12:56:22.278
T7,AIN51,LoadCell,-0.13849017024040222,sensor_data,2025-12-10 12:56:22.278
T7,AIN0,LoadCell,-0.11830493062734604,sensor_data,2025-12-10 12:56:22.278
T7,AIN51,LoadCell,-0.1388055682182312,sensor_data,2025-12-10 12:56:22.278
T7,AIN0,LoadCell,-0.11704335361719131,sensor_data,2025-12-10 12:56:22.278
T7,AIN51,LoadCell,-0.13785938918590546,sensor_data,2025-12-10 12:56:22.278
T7,AIN0,LoadCell,-0.11452019959688187,sensor_data,2025-12-10 12:56:22.278
T7,AIN51,LoadCell,-0.1356516182422638,sensor_data,2025-12-10 12:56:22.278
T7,AIN0,LoadCell,-0.11515098810195923,sensor_data,2025-12-10 12:56:22.278
T7,AIN51,LoadCell,-0.1356516182422638,sensor_data,2025-12-10 12:56:22.278
T7,AIN0,LoadCell,-0.11672796308994293,sensor_data,2025-12-10 12:56:22.278
T7,AIN51,LoadCell,-0.1372285932302475,sensor_data,2025-12-10 12:56:22.278
T7,AIN0,LoadCell,-0.11830493062734604,sensor_data,2025-12-10 12:56:22.278
T7,AIN51,LoadCell,-0.1388055682182312,sensor_data,2025-12-10 12:56:22.278
T7,AIN0,LoadCell,-0.11925111711025238,sensor_data,2025-12-10 12:56:22.278
T7,AIN51,LoadCell,-0.13975174725055695,sensor_data,2025-12-10 12:56:22.278
T7,AIN0,LoadCell,-0.11862032860517502,sensor_data,2025-12-10 12:56:22.278
T7,AIN51,LoadCell,-0.1388055682182312,sensor_data,2025-12-10 12:56:22.278
T7,AIN0,LoadCell,-0.11798954010009766,sensor_data,2025-12-10 12:56:22.278
T7,AIN51,LoadCell,-0.13849017024040222,sensor_data,2025-12-10 12:56:22.278
T7,AIN0,LoadCell,-0.11798954010009766,sensor_data,2025-12-10 12:56:22.278
T7,AIN51,LoadCell,-0.13849017024040222,sensor_data,2025-12-10 12:56:22.278
T7,AIN0,LoadCell,-0.11767414212226868,sensor_data,2025-12-10 12:56:22.278
T7,AIN51,LoadCell,-0.13817477226257324,sensor_data,2025-12-10 12:56:22.278
T7,AIN0,LoadCell,-0.11767414212226868,sensor_data,2025-12-10 12:56:22.278
T7,AIN51,LoadCell,-0.13849017024040222,sensor_data,2025-12-10 12:56:22.278
T7,AIN0,LoadCell,-0.11767414212226868,sensor_data,2025-12-10 12:56:22.278
T7,AIN51,LoadCell,-0.13817477226257324,sensor_data,2025-12-10 12:56:22.278
T7,AIN0,LoadCell,-0.11798954010009766,sensor_data,2025-12-10 12:56:22.278
T7,AIN51,LoadCell,-0.1388055682182312,sensor_data,2025-12-10 12:56:22.278
T7,AIN0,LoadCell,-0.11830493062734604,sensor_data,2025-12-10 12:56:22.278
T7,AIN51,LoadCell,-0.13912096619606018,sensor_data,2025-12-10 12:56:22.278
T7,AIN0,LoadCell,-0.11830493062734604,sensor_data,2025-12-10 12:56:22.278
T7,AIN51,LoadCell,-0.13817477226257324,sensor_data,2025-12-10 12:56:22.278
T7,AIN0,LoadCell,-0.11798954010009766,sensor_data,2025-12-10 12:56:22.278
T7,AIN51,LoadCell,-0.1388055682182312,sensor_data,2025-12-10 12:56:22.278
T7,AIN0,LoadCell,-0.11862032860517502,sensor_data,2025-12-10 12:56:22.278
T7,AIN51,LoadCell,-0.1388055682182312,sensor_data,2025-12-10 12:56:22.278
T7,AIN0,LoadCell,-0.12303584814071655,sensor_data,2025-12-10 12:56:22.278
T7,AIN51,LoadCell,-0.14322109520435333,sensor_data,2025-12-10 12:56:22.278
T7,AIN0,LoadCell,-0.125559002161026,sensor_data,2025-12-10 12:56:22.278
T7,AIN51,LoadCell,-0.14479805529117584,sensor_data,2025-12-10 12:56:22.278
T7,AIN0,LoadCell,-0.12429742515087128,sensor_data,2025-12-10 12:56:22.278
T7,AIN51,LoadCell,-0.14448267221450806,sensor_data,2025-12-10 12:56:22.278
T7,AIN0,LoadCell,-0.125559002161026,sensor_data,2025-12-10 12:56:22.278
T7,AIN51,LoadCell,-0.1454288512468338,sensor_data,2025-12-10 12:56:22.278
T7,AIN0,LoadCell,-0.12618979811668396,sensor_data,2025-12-10 12:56:22.278
T7,AIN51,LoadCell,-0.1470058262348175,sensor_data,2025-12-10 12:56:22.278
T7,AIN0,LoadCell,-0.12745137512683868,sensor_data,2025-12-10 12:56:22.278
T7,AIN51,LoadCell,-0.1470058262348175,sensor_data,2025-12-10 12:56:22.278
T7,AIN0,LoadCell,-0.12650518119335175,sensor_data,2025-12-10 12:56:22.278
T7,AIN51,LoadCell,-0.14637503027915955,sensor_data,2025-12-10 12:56:22.278
T7,AIN0,LoadCell,-0.12492821365594864,sensor_data,2025-12-10 12:56:22.278
T7,AIN51,LoadCell,-0.14448267221450806,sensor_data,2025-12-10 12:56:22.278
T7,AIN0,LoadCell,-0.12177427113056183,sensor_data,2025-12-10 12:56:22.278
T7,AIN51,LoadCell,-0.14164412021636963,sensor_data,2025-12-10 12:56:22.278
T7,AIN0,LoadCell,-0.11988190561532974,sensor_data,2025-12-10 12:56:22.278
T7,AIN51,LoadCell,-0.14006714522838593,sensor_data,2025-12-10 12:56:22.278
T7,AIN0,LoadCell,-0.11925111711025238,sensor_data,2025-12-10 12:56:22.278
T7,AIN51,LoadCell,-0.13943634927272797,sensor_data,2025-12-10 12:56:22.278
T7,AIN0,LoadCell,-0.11862032860517502,sensor_data,2025-12-10 12:56:22.278
T7,AIN51,LoadCell,-0.13912096619606018,sensor_data,2025-12-10 12:56:22.278
T7,AIN0,LoadCell,-0.11862032860517502,sensor_data,2025-12-10 12:56:22.278
T7,AIN51,LoadCell,-0.1388055682182312,sensor_data,2025-12-10 12:56:22.278
T7,AIN0,LoadCell,-0.11862032860517502,sensor_data,2025-12-10 12:56:22.278
T7,AIN51,LoadCell,-0.13849017024040222,sensor_data,2025-12-10 12:56:22.278
T7,AIN0,LoadCell,-0.11830493062734604,sensor_data,2025-12-10 12:56:22.278
T7,AIN51,LoadCell,-0.1388055682182312,sensor_data,2025-12-10 12:56:22.278
T7,AIN0,LoadCell,-0.11767414212226868,sensor_data,2025-12-10 12:56:22.278
T7,AIN51,LoadCell,-0.13817477226257324,sensor_data,2025-12-10 12:56:22.278
T7,AIN0,LoadCell,-0.11767414212226868,sensor_data,2025-12-10 12:56:22.278
T7,AIN51,LoadCell,-0.13817477226257324,sensor_data,2025-12-10 12:56:22.278
T7,AIN0,LoadCell,-0.11767414212226868,sensor_data,2025-12-10 12:56:22.278
T7,AIN51,LoadCell,-0.13817477226257324,sensor_data,2025-12-10 12:56:22.278
T7,AIN0,LoadCell,-0.1173587515950203,sensor_data,2025-12-10 12:56:22.278
T7,AIN51,LoadCell,-0.13754399120807648,sensor_data,2025-12-10 12:56:22.278
T7,AIN0,LoadCell,-0.11420480161905289,sensor_data,2025-12-10 12:56:22.278
T7,AIN51,LoadCell,-0.1356516182422638,sensor_data,2025-12-10 12:56:22.278
T7,AIN0,LoadCell,-0.1107354685664177,sensor_data,2025-12-10 12:56:22.278
T7,AIN51,LoadCell,-0.1321822851896286,sensor_data,2025-12-10 12:56:22.278
T7,AIN0,LoadCell,-0.11168164759874344,sensor_data,2025-12-10 12:56:22.278
T7,AIN51,LoadCell,-0.13344386219978333,sensor_data,2025-12-10 12:56:22.278
T7,AIN0,LoadCell,-0.11357401311397552,sensor_data,2025-12-10 12:56:22.278
T7,AIN51,LoadCell,-0.13439004123210907,sensor_data,2025-12-10 12:56:22.278
T7,AIN0,LoadCell,-0.11483559012413025,sensor_data,2025-12-10 12:56:22.278
T7,AIN51,LoadCell,-0.1356516182422638,sensor_data,2025-12-10 12:56:22.278
T7,AIN0,LoadCell,-0.11546637862920761,sensor_data,2025-12-10 12:56:22.278
T7,AIN51,LoadCell,-0.13628241419792175,sensor_data,2025-12-10 12:56:22.278
T7,AIN0,LoadCell,-0.11578177660703659,sensor_data,2025-12-10 12:56:22.278
T7,AIN51,LoadCell,-0.13628241419792175,sensor_data,2025-12-10 12:56:22.278
T7,AIN0,LoadCell,-0.11609716713428497,sensor_data,2025-12-10 12:56:22.278
T7,AIN51,LoadCell,-0.1372285932302475,sensor_data,2025-12-10 12:56:22.278
T7,AIN0,LoadCell,-0.1173587515950203,sensor_data,2025-12-10 12:56:22.278
T7,AIN51,LoadCell,-0.13785938918590546,sensor_data,2025-12-10 12:56:22.278
T7,AIN0,LoadCell,-0.1173587515950203,sensor_data,2025-12-10 12:56:22.278
T7,AIN51,LoadCell,-0.13785938918590546,sensor_data,2025-12-10 12:56:22.278
T7,AIN0,LoadCell,-0.11672796308994293,sensor_data,2025-12-10 12:56:22.278
T7,AIN51,LoadCell,-0.13754399120807648,sensor_data,2025-12-10 12:56:22.278
T7,AIN0,LoadCell,-0.11672796308994293,sensor_data,2025-12-10 12:56:22.278
T7,AIN51,LoadCell,-0.1372285932302475,sensor_data,2025-12-10 12:56:22.278
T7,AIN0,LoadCell,-0.11641256511211395,sensor_data,2025-12-10 12:56:22.278
T7,AIN51,LoadCell,-0.13754399120807648,sensor_data,2025-12-10 12:56:22.278
T7,AIN0,LoadCell,-0.1173587515950203,sensor_data,2025-12-10 12:56:22.278
T7,AIN51,LoadCell,-0.13754399120807648,sensor_data,2025-12-10 12:56:22.278
T7,AIN0,LoadCell,-0.11767414212226868,sensor_data,2025-12-10 12:56:22.278
T7,AIN51,LoadCell,-0.13849017024040222,sensor_data,2025-12-10 12:56:22.278
T7,AIN0,LoadCell,-0.11798954010009766,sensor_data,2025-12-10 12:56:22.278
T7,AIN51,LoadCell,-0.13912096619606018,sensor_data,2025-12-10 12:56:22.278
T7,AIN0,LoadCell,-0.11704335361719131,sensor_data,2025-12-10 12:56:22.278
T7,AIN51,LoadCell,-0.13817477226257324,sensor_data,2025-12-10 12:56:22.278
T7,AIN0,LoadCell,-0.11641256511211395,sensor_data,2025-12-10 12:56:22.278
T7,AIN51,LoadCell,-0.13659781217575073,sensor_data,2025-12-10 12:56:22.278
T7,AIN0,LoadCell,-0.11420480161905289,sensor_data,2025-12-10 12:56:22.278
T7,AIN51,LoadCell,-0.135336235165596,sensor_data,2025-12-10 12:56:22.278
T7,AIN0,LoadCell,-0.11199704557657242,sensor_data,2025-12-10 12:56:22.278
T7,AIN51,LoadCell,-0.13312846422195435,sensor_data,2025-12-10 12:56:22.278
T7,AIN0,LoadCell,-0.11420480161905289,sensor_data,2025-12-10 12:56:22.278
T7,AIN51,LoadCell,-0.13502083718776703,sensor_data,2025-12-10 12:56:22.278
T7,AIN0,LoadCell,-0.11672796308994293,sensor_data,2025-12-10 12:56:22.278
T7,AIN51,LoadCell,-0.1372285932302475,sensor_data,2025-12-10 12:56:22.278
T7,AIN0,LoadCell,-0.11767414212226868,sensor_data,2025-12-10 12:56:22.278
T7,AIN51,LoadCell,-0.13817477226257324,sensor_data,2025-12-10 12:56:22.278
T7,AIN0,LoadCell,-0.11767414212226868,sensor_data,2025-12-10 12:56:22.278
T7,AIN51,LoadCell,-0.13849017024040222,sensor_data,2025-12-10 12:56:22.278
T7,AIN0,LoadCell,-0.11862032860517502,sensor_data,2025-12-10 12:56:22.278
T7,AIN51,LoadCell,-0.1388055682182312,sensor_data,2025-12-10 12:56:22.278
T7,AIN0,LoadCell,-0.11798954010009766,sensor_data,2025-12-10 12:56:22.278
T7,AIN51,LoadCell,-0.1388055682182312,sensor_data,2025-12-10 12:56:22.278
T7,AIN0,LoadCell,-0.11767414212226868,sensor_data,2025-12-10 12:56:22.278
T7,AIN51,LoadCell,-0.13817477226257324,sensor_data,2025-12-10 12:56:22.278
T7,AIN0,LoadCell,-0.1173587515950203,sensor_data,2025-12-10 12:56:22.278
T7,AIN51,LoadCell,-0.1372285932302475,sensor_data,2025-12-10 12:56:22.278
T7,AIN0,LoadCell,-0.11672796308994293,sensor_data,2025-12-10 12:56:22.278
T7,AIN51,LoadCell,-0.13754399120807648,sensor_data,2025-12-10 12:56:22.278
T7,AIN0,LoadCell,-0.11704335361719131,sensor_data,2025-12-10 12:56:22.278
T7,AIN51,LoadCell,-0.13754399120807648,sensor_data,2025-12-10 12:56:22.278
T7,AIN0,LoadCell,-0.11767414212226868,sensor_data,2025-12-10 12:56:22.278
T7,AIN51,LoadCell,-0.13817477226257324,sensor_data,2025-12-10 12:56:22.278
T7,AIN0,LoadCell,-0.11325862258672714,sensor_data,2025-12-10 12:56:22.278
T7,AIN51,LoadCell,-0.13439004123210907,sensor_data,2025-12-10 12:56:22.278
T7,AIN0,LoadCell,-0.10852770507335663,sensor_data,2025-12-10 12:56:22.278
T7,AIN51,LoadCell,-0.12997452914714813,sensor_data,2025-12-10 12:56:22.278
T7,AIN0,LoadCell,-0.10663533955812454,sensor_data,2025-12-10 12:56:22.278
T7,AIN51,LoadCell,-0.12839755415916443,sensor_data,2025-12-10 12:56:22.278
T7,AIN0,LoadCell,-0.10663533955812454,sensor_data,2025-12-10 12:56:22.278
T7,AIN51,LoadCell,-0.1290283352136612,sensor_data,2025-12-10 12:56:22.278
T7,AIN0,LoadCell,-0.10821230709552765,sensor_data,2025-12-10 12:56:22.278
T7,AIN51,LoadCell,-0.1290283352136612,sensor_data,2025-12-10 12:56:22.278
T7,AIN0,LoadCell,-0.10789691656827927,sensor_data,2025-12-10 12:56:22.278
T7,AIN51,LoadCell,-0.12839755415916443,sensor_data,2025-12-10 12:56:22.278
T7,AIN0,LoadCell,-0.10442757606506348,sensor_data,2025-12-10 12:56:22.278
T7,AIN51,LoadCell,-0.12650518119335175,sensor_data,2025-12-10 12:56:22.278
T7,AIN0,LoadCell,-0.10537376254796982,sensor_data,2025-12-10 12:56:22.278
T7,AIN51,LoadCell,-0.12745137512683868,sensor_data,2025-12-10 12:56:22.278
T7,AIN0,LoadCell,-0.10915849357843399,sensor_data,2025-12-10 12:56:22.278
T7,AIN51,LoadCell,-0.13028991222381592,sensor_data,2025-12-10 12:56:22.278
T7,AIN0,LoadCell,-0.11136625707149506,sensor_data,2025-12-10 12:56:22.278
T7,AIN51,LoadCell,-0.13249768316745758,sensor_data,2025-12-10 12:56:22.278
T7,AIN0,LoadCell,-0.11357401311397552,sensor_data,2025-12-10 12:56:22.278
T7,AIN51,LoadCell,-0.13439004123210907,sensor_data,2025-12-10 12:56:22.278
T7,AIN0,LoadCell,-0.11483559012413025,sensor_data,2025-12-10 12:56:22.278
T7,AIN51,LoadCell,-0.1356516182422638,sensor_data,2025-12-10 12:56:22.278
T7,AIN0,LoadCell,-0.11609716713428497,sensor_data,2025-12-10 12:56:22.278
T7,AIN51,LoadCell,-0.13691319525241852,sensor_data,2025-12-10 12:56:22.278
T7,AIN0,LoadCell,-0.11704335361719131,sensor_data,2025-12-10 12:56:22.278
T7,AIN51,LoadCell,-0.13754399120807648,sensor_data,2025-12-10 12:56:22.278
T7,AIN0,LoadCell,-0.1173587515950203,sensor_data,2025-12-10 12:56:22.278
T7,AIN51,LoadCell,-0.13785938918590546,sensor_data,2025-12-10 12:56:22.278
T7,AIN0,LoadCell,-0.11641256511211395,sensor_data,2025-12-10 12:56:22.278
T7,AIN51,LoadCell,-0.1372285932302475,sensor_data,2025-12-10 12:56:22.278
T7,AIN0,LoadCell,-0.11704335361719131,sensor_data,2025-12-10 12:56:22.278
T7,AIN51,LoadCell,-0.13785938918590546,sensor_data,2025-12-10 12:56:22.278
T7,AIN0,LoadCell,-0.1173587515950203,sensor_data,2025-12-10 12:56:22.278
T7,AIN51,LoadCell,-0.13754399120807648,sensor_data,2025-12-10 12:56:22.278
T7,AIN0,LoadCell,-0.1173587515950203,sensor_data,2025-12-10 12:56:22.278
T7,AIN51,LoadCell,-0.13785938918590546,sensor_data,2025-12-10 12:56:22.278
T7,AIN0,LoadCell,-0.1173587515950203,sensor_data,2025-12-10 12:56:22.278
T7,AIN51,LoadCell,-0.13785938918590546,sensor_data,2025-12-10 12:56:22.278
T7,AIN0,LoadCell,-0.11767414212226868,sensor_data,2025-12-10 12:56:22.278
T7,AIN51,LoadCell,-0.13785938918590546,sensor_data,2025-12-10 12:56:22.278
T7,AIN0,LoadCell,-0.11798954010009766,sensor_data,2025-12-10 12:56:22.278
T7,AIN51,LoadCell,-0.1388055682182312,sensor_data,2025-12-10 12:56:22.278
T7,AIN0,LoadCell,-0.11704335361719131,sensor_data,2025-12-10 12:56:22.278
T7,AIN51,LoadCell,-0.13785938918590546,sensor_data,2025-12-10 12:56:22.278
T7,AIN0,LoadCell,-0.11420480161905289,sensor_data,2025-12-10 12:56:22.278
T7,AIN51,LoadCell,-0.13502083718776703,sensor_data,2025-12-10 12:56:22.278
T7,AIN0,LoadCell,-0.11105085909366608,sensor_data,2025-12-10 12:56:22.278
T7,AIN51,LoadCell,-0.13312846422195435,sensor_data,2025-12-10 12:56:22.278
T7,AIN0,LoadCell,-0.1123124361038208,sensor_data,2025-12-10 12:56:22.278
T7,AIN51,LoadCell,-0.13344386219978333,sensor_data,2025-12-10 12:56:22.278
T7,AIN0,LoadCell,-0.11515098810195923,sensor_data,2025-12-10 12:56:22.278
T7,AIN51,LoadCell,-0.1356516182422638,sensor_data,2025-12-10 12:56:22.278
T7,AIN0,LoadCell,-0.11767414212226868,sensor_data,2025-12-10 12:56:22.278
T7,AIN51,LoadCell,-0.13817477226257324,sensor_data,2025-12-10 12:56:22.278
T7,AIN0,LoadCell,-0.11862032860517502,sensor_data,2025-12-10 12:56:22.278
T7,AIN51,LoadCell,-0.1388055682182312,sensor_data,2025-12-10 12:56:22.278
T7,AIN0,LoadCell,-0.11862032860517502,sensor_data,2025-12-10 12:56:22.278
T7,AIN51,LoadCell,-0.13943634927272797,sensor_data,2025-12-10 12:56:22.278
T7,AIN0,LoadCell,-0.11830493062734604,sensor_data,2025-12-10 12:56:22.278
T7,AIN51,LoadCell,-0.1388055682182312,sensor_data,2025-12-10 12:56:22.278
T7,AIN0,LoadCell,-0.11862032860517502,sensor_data,2025-12-10 12:56:22.278
T7,AIN51,LoadCell,-0.1388055682182312,sensor_data,2025-12-10 12:56:22.278
T7,AIN0,LoadCell,-0.11925111711025238,sensor_data,2025-12-10 12:56:22.278
T7,AIN51,LoadCell,-0.13975174725055695,sensor_data,2025-12-10 12:56:22.278
T7,AIN0,LoadCell,-0.11988190561532974,sensor_data,2025-12-10 12:56:22.278
T7,AIN51,LoadCell,-0.14006714522838593,sensor_data,2025-12-10 12:56:22.278
T7,AIN0,LoadCell,-0.12019729614257812,sensor_data,2025-12-10 12:56:22.278
T7,AIN51,LoadCell,-0.1403825432062149,sensor_data,2025-12-10 12:56:22.278
T7,AIN0,LoadCell,-0.1189357191324234,sensor_data,2025-12-10 12:56:22.278
T7,AIN51,LoadCell,-0.13943634927272797,sensor_data,2025-12-10 12:56:22.278
T7,AIN0,LoadCell,-0.11956650763750076,sensor_data,2025-12-10 12:56:22.278
T7,AIN51,LoadCell,-0.13975174725055695,sensor_data,2025-12-10 12:56:22.278
T7,AIN0,LoadCell,-0.11862032860517502,sensor_data,2025-12-10 12:56:22.278
T7,AIN51,LoadCell,-0.14006714522838593,sensor_data,2025-12-10 12:56:22.278
T7,AIN0,LoadCell,-0.11988190561532974,sensor_data,2025-12-10 12:56:22.278
T7,AIN51,LoadCell,-0.14006714522838593,sensor_data,2025-12-10 12:56:22.278
