timestamp_ns,device,channel,sensor_type,differential,voltage
1765400101794572032,T7,AIN2,Voltage,true,0.44030097126960754
1765400101794629120,T7,AIN2,Voltage,true,0.4138052761554718
1765400101794647040,T7,AIN2,Voltage,true,0.3869941830635071
1765400101794657024,T7,AIN2,Voltage,true,0.36018306016921997
1765400101794664960,T7,AIN2,Voltage,true,0.3327411115169525
1765400101794672128,T7,AIN2,Voltage,true,0.3059300184249878
1765400101794679040,T7,AIN2,Voltage,true,0.2788034677505493
1765400101794684928,T7,AIN2,Voltage,true,0.25136151909828186
1765400101794692096,T7,AIN2,Voltage,true,0.22518126666545868
1765400101794699008,T7,AIN2,Voltage,true,0.19868557155132294
1765400101794704896,T7,AIN2,Voltage,true,0.17124362289905548
1765400101794712064,T7,AIN2,Voltage,true,0.14348624646663666
1765400101794717952,T7,AIN2,Voltage,true,0.11793683469295502
1765400101794725120,T7,AIN2,Voltage,true,0.09081029891967773
1765400101794732032,T7,AIN2,Voltage,true,0.06368377059698105
1765400101794738944,T7,AIN2,Voltage,true,0.03750351443886757
1765400101794745088,T7,AIN2,Voltage,true,0.011007832363247871
1765400101794752000,T7,AIN2,Voltage,true,-0.015486357733607292
1765400101794759936,T7,AIN2,Voltage,true,-0.04166409373283386
1765400101794766080,T7,AIN2,Voltage,true,-0.0675264298915863
1765400101794772992,T7,AIN2,Voltage,true,-0.09307338297367096
1765400101794778880,T7,AIN2,Voltage,true,-0.11767414212226868
1765400101794786048,T7,AIN2,Voltage,true,-0.14322109520435333
1765400101794792960,T7,AIN2,Voltage,true,-0.16782185435295105
1765400101794800896,T7,AIN2,Voltage,true,-0.19273801147937775
1765400101794808064,T7,AIN2,Voltage,true,-0.21607719361782074
1765400101794813952,T7,AIN2,Voltage,true,-0.2397317737340927
1765400101794821120,T7,AIN2,Voltage,true,-0.26433253288269043
1765400101794828032,T7,AIN2,Voltage,true,-0.2883025109767914
1765400101794834944,T7,AIN2,Voltage,true,-0.31195709109306335
1765400101794841088,T7,AIN2,Voltage,true,-0.3359270691871643
1765400101794848000,T7,AIN2,Voltage,true,-0.35863545536994934
1765400101794854912,T7,AIN2,Voltage,true,-0.3803976774215698
1765400101794862080,T7,AIN2,Voltage,true,-0.4037368595600128
1765400101794868992,T7,AIN2,Voltage,true,-0.4258144795894623
1765400101794874880,T7,AIN2,Voltage,true,-0.4485228657722473
1765400101794882048,T7,AIN2,Voltage,true,-0.4699696898460388
1765400101794887936,T7,AIN2,Voltage,true,-0.4904703199863434
1765400101794895104,T7,AIN2,Voltage,true,-0.510970950126648
1765400101794900992,T7,AIN2,Voltage,true,-0.5308408141136169
1765400101794908928,T7,AIN2,Voltage,true,-0.5507106781005859
1765400101794916096,T7,AIN2,Voltage,true,-0.5690035223960876
1765400101794923008,T7,AIN2,Voltage,true,-0.5860348343849182
1765400101794929920,T7,AIN2,Voltage,true,-0.6043276786804199
1765400101794937088,T7,AIN2,Voltage,true,-0.622935950756073
1765400101794942976,T7,AIN2,Voltage,true,-0.6409134268760681
1765400101794949888,T7,AIN2,Voltage,true,-0.65826016664505
1765400101794956032,T7,AIN2,Voltage,true,-0.6756068468093872
1765400101794962944,T7,AIN2,Voltage,true,-0.6926381587982178
1765400101794970112,T7,AIN2,Voltage,true,-0.6661450266838074
1765400101794976000,T7,AIN2,Voltage,true,-0.5535492300987244
1765400101794982912,T7,AIN2,Voltage,true,-0.4289683997631073
1765400101794991104,T7,AIN2,Voltage,true,-0.30217987298965454
1765400101794996992,T7,AIN2,Voltage,true,-0.17570671439170837
1765400101795003904,T7,AIN2,Voltage,true,-0.06658025085926056
1765400101795010048,T7,AIN2,Voltage,true,-0.020217273384332657
1765400101795016960,T7,AIN2,Voltage,true,-0.01296320278197527
1765400101795023872,T7,AIN2,Voltage,true,-0.012017019093036652
1765400101795031040,T7,AIN2,Voltage,true,-0.01170162484049797
1765400101795036928,T7,AIN2,Voltage,true,-0.012017019093036652
1765400101795044096,T7,AIN2,Voltage,true,-0.01170162484049797
1765400101795051008,T7,AIN2,Voltage,true,-0.01170162484049797
1765400101795056896,T7,AIN2,Voltage,true,-0.01138623058795929
1765400101795064064,T7,AIN2,Voltage,true,-0.012332413345575333
1765400101795070976,T7,AIN2,Voltage,true,-0.012647808529436588
1765400101795077888,T7,AIN2,Voltage,true,-0.012332413345575333
1765400101795084032,T7,AIN2,Voltage,true,-0.012017019093036652
1765400101795090944,T7,AIN2,Voltage,true,-0.01296320278197527
1765400101795098112,T7,AIN2,Voltage,true,-0.012332413345575333
1765400101795104000,T7,AIN2,Voltage,true,-0.012332413345575333
1765400101795110912,T7,AIN2,Voltage,true,-0.01138623058795929
1765400101795117056,T7,AIN2,Voltage,true,-0.01170162484049797
1765400101795123968,T7,AIN2,Voltage,true,-0.01170162484049797
1765400101795130112,T7,AIN2,Voltage,true,-0.012017019093036652
1765400101795137024,T7,AIN2,Voltage,true,-0.01138623058795929
1765400101795143936,T7,AIN2,Voltage,true,-0.012332413345575333
1765400101795151872,T7,AIN2,Voltage,true,-0.01170162484049797
1765400101795158016,T7,AIN2,Voltage,true,-0.01170162484049797
1765400101795164928,T7,AIN2,Voltage,true,-0.012647808529436588
1765400101795172096,T7,AIN2,Voltage,true,-0.01170162484049797
1765400101795181056,T7,AIN2,Voltage,true,-0.012332413345575333
1765400101795187968,T7,AIN2,Voltage,true,-0.012332413345575333
1765400101795194112,T7,AIN2,Voltage,true,-0.012017019093036652
1765400101795201024,T7,AIN2,Voltage,true,-0.012332413345575333
1765400101795207936,T7,AIN2,Voltage,true,-0.012332413345575333
1765400101795215104,T7,AIN2,Voltage,true,-0.012017019093036652
1765400101795220992,T7,AIN2,Voltage,true,-0.012332413345575333
1765400101795227904,T7,AIN2,Voltage,true,-0.012017019093036652
1765400101795234048,T7,AIN2,Voltage,true,-0.01170162484049797
1765400101795240960,T7,AIN2,Voltage,true,-0.012017019093036652
1765400101795248128,T7,AIN2,Voltage,true,-0.012017019093036652
1765400101795254016,T7,AIN2,Voltage,true,-0.012017019093036652
1765400101795260928,T7,AIN2,Voltage,true,-0.01138623058795929
1765400101795268096,T7,AIN2,Voltage,true,-0.012017019093036652
1765400101795275008,T7,AIN2,Voltage,true,-0.01170162484049797
1765400101795280896,T7,AIN2,Voltage,true,-0.012332413345575333
1765400101795287040,T7,AIN2,Voltage,true,-0.01170162484049797
1765400101795293952,T7,AIN2,Voltage,true,-0.01170162484049797
1765400101795300096,T7,AIN2,Voltage,true,-0.01170162484049797
1765400101795307008,T7,AIN2,Voltage,true,-0.012017019093036652
1765400101795312896,T7,AIN2,Voltage,true,-0.012647808529436588
1765400101795320064,T7,AIN2,Voltage,true,-0.012647808529436588
1765400101795326976,T7,AIN2,Voltage,true,-0.012647808529436588
1765400101795333120,T7,AIN2,Voltage,true,-0.012332413345575333
1765400101795340032,T7,AIN2,Voltage,true,-0.012017019093036652
1765400101795345920,T7,AIN2,Voltage,true,-0.012017019093036652
1765400101795353088,T7,AIN2,Voltage,true,-0.01170162484049797
1765400101795360000,T7,AIN2,Voltage,true,-0.012332413345575333
1765400101795366912,T7,AIN2,Voltage,true,-0.01170162484049797
1765400101795374080,T7,AIN2,Voltage,true,-0.01170162484049797
1765400101795379968,T7,AIN2,Voltage,true,-0.012017019093036652
1765400101795386880,T7,AIN2,Voltage,true,-0.012017019093036652
1765400101795394048,T7,AIN2,Voltage,true,-0.012017019093036652
1765400101795399936,T7,AIN2,Voltage,true,-0.012017019093036652
1765400101795406080,T7,AIN2,Voltage,true,-0.01170162484049797
1765400101795412992,T7,AIN2,Voltage,true,-0.012017019093036652
1765400101795418880,T7,AIN2,Voltage,true,-0.01170162484049797
1765400101795426048,T7,AIN2,Voltage,true,-0.012647808529436588
1765400101795432960,T7,AIN2,Voltage,true,-0.012332413345575333
1765400101795439104,T7,AIN2,Voltage,true,-0.012332413345575333
1765400101795446016,T7,AIN2,Voltage,true,-0.012332413345575333
1765400101795452928,T7,AIN2,Voltage,true,-0.01138623058795929
1765400101795459072,T7,AIN2,Voltage,true,-0.012017019093036652
1765400101795465984,T7,AIN2,Voltage,true,-0.012332413345575333
1765400101795471872,T7,AIN2,Voltage,true,-0.012332413345575333
1765400101795479040,T7,AIN2,Voltage,true,-0.01170162484049797
1765400101795484928,T7,AIN2,Voltage,true,-0.01170162484049797
1765400101795492096,T7,AIN2,Voltage,true,-0.012647808529436588
1765400101795499008,T7,AIN2,Voltage,true,-0.012017019093036652
1765400101795505920,T7,AIN2,Voltage,true,-0.012332413345575333
1765400101795683072,T7,AIN2,Voltage,true,-0.012017019093036652
1765400101795696128,T7,AIN2,Voltage,true,-0.01170162484049797
1765400101795703040,T7,AIN2,Voltage,true,-0.012332413345575333
1765400101795709952,T7,AIN2,Voltage,true,-0.012017019093036652
1765400101795717120,T7,AIN2,Voltage,true,-0.012017019093036652
1765400101795723008,T7,AIN2,Voltage,true,-0.012332413345575333
1765400101795729920,T7,AIN2,Voltage,true,-0.012017019093036652
1765400101795737088,T7,AIN2,Voltage,true,-0.012332413345575333
1765400101795742976,T7,AIN2,Voltage,true,-0.012017019093036652
1765400101795749888,T7,AIN2,Voltage,true,-0.01170162484049797
1765400101795756032,T7,AIN2,Voltage,true,-0.012332413345575333
1765400101795762944,T7,AIN2,Voltage,true,-0.012017019093036652
1765400101795770112,T7,AIN2,Voltage,true,-0.011070836335420609
1765400101795776000,T7,AIN2,Voltage,true,-0.012332413345575333
1765400101795782912,T7,AIN2,Voltage,true,-0.012017019093036652
1765400101795790080,T7,AIN2,Voltage,true,-0.012332413345575333
1765400101795795968,T7,AIN2,Voltage,true,-0.01170162484049797
1765400101795802880,T7,AIN2,Voltage,true,-0.012017019093036652
1765400101795809024,T7,AIN2,Voltage,true,-0.012332413345575333
1765400101795815936,T7,AIN2,Voltage,true,-0.012017019093036652
1765400101795823104,T7,AIN2,Voltage,true,-0.012647808529436588
1765400101795828992,T7,AIN2,Voltage,true,-0.012647808529436588
1765400101795835904,T7,AIN2,Voltage,true,-0.01170162484049797
1765400101795843072,T7,AIN2,Voltage,true,-0.012332413345575333
1765400101795848960,T7,AIN2,Voltage,true,-0.012017019093036652
1765400101795855872,T7,AIN2,Voltage,true,-0.012017019093036652
1765400101795863040,T7,AIN2,Voltage,true,-0.012332413345575333
1765400101795868928,T7,AIN2,Voltage,true,-0.012332413345575333
1765400101795876096,T7,AIN2,Voltage,true,-0.01170162484049797
1765400101795883008,T7,AIN2,Voltage,true,-0.01170162484049797
1765400101795888896,T7,AIN2,Voltage,true,-0.012017019093036652
1765400101795896064,T7,AIN2,Voltage,true,-0.012017019093036652
1765400101795901952,T7,AIN2,Voltage,true,-0.012332413345575333
1765400101795909120,T7,AIN2,Voltage,true,-0.012017019093036652
1765400101795916032,T7,AIN2,Voltage,true,-0.012017019093036652
1765400101795921920,T7,AIN2,Voltage,true,-0.012332413345575333
1765400101795929088,T7,AIN2,Voltage,true,-0.012647808529436588
1765400101795936000,T7,AIN2,Voltage,true,-0.012332413345575333
1765400101795941888,T7,AIN2,Voltage,true,-0.01138623058795929
1765400101795949056,T7,AIN2,Voltage,true,-0.01170162484049797
1765400101795954944,T7,AIN2,Voltage,true,-0.01138623058795929
1765400101795962112,T7,AIN2,Voltage,true,-0.012017019093036652
1765400101795969024,T7,AIN2,Voltage,true,-0.012017019093036652
1765400101795974912,T7,AIN2,Voltage,true,-0.01170162484049797
1765400101795982080,T7,AIN2,Voltage,true,-0.01138623058795929
1765400101795988992,T7,AIN2,Voltage,true,-0.012017019093036652
1765400101795994880,T7,AIN2,Voltage,true,-0.01170162484049797
1765400101796002048,T7,AIN2,Voltage,true,-0.012332413345575333
1765400101796007936,T7,AIN2,Voltage,true,-0.012332413345575333
1765400101796015104,T7,AIN2,Voltage,true,-0.012332413345575333
1765400101796022016,T7,AIN2,Voltage,true,-0.012017019093036652
1765400101796027904,T7,AIN2,Voltage,true,-0.012017019093036652
1765400101796035072,T7,AIN2,Voltage,true,-0.01170162484049797
1765400101796040960,T7,AIN2,Voltage,true,-0.012647808529436588
1765400101796047872,T7,AIN2,Voltage,true,-0.01296320278197527
1765400101796055040,T7,AIN2,Voltage,true,-0.012332413345575333
1765400101796060928,T7,AIN2,Voltage,true,-0.012017019093036652
1765400101796068096,T7,AIN2,Voltage,true,-0.01170162484049797
1765400101796075008,T7,AIN2,Voltage,true,-0.01138623058795929
1765400101796080896,T7,AIN2,Voltage,true,-0.01138623058795929
1765400101796088064,T7,AIN2,Voltage,true,-0.01170162484049797
1765400101796093952,T7,AIN2,Voltage,true,-0.01170162484049797
1765400101796100096,T7,AIN2,Voltage,true,-0.012017019093036652
1765400101796107008,T7,AIN2,Voltage,true,-0.012017019093036652
1765400101796113920,T7,AIN2,Voltage,true,-0.012332413345575333
1765400101796121088,T7,AIN2,Voltage,true,-0.01170162484049797
1765400101796126976,T7,AIN2,Voltage,true,-0.012332413345575333
1765400101796133888,T7,AIN2,Voltage,true,-0.01170162484049797
1765400101796140032,T7,AIN2,Voltage,true,-0.012332413345575333
1765400101796146944,T7,AIN2,Voltage,true,-0.012332413345575333
1765400101796153088,T7,AIN2,Voltage,true,-0.012332413345575333
1765400101796160000,T7,AIN2,Voltage,true,-0.012332413345575333
1765400101796166912,T7,AIN2,Voltage,true,-0.012332413345575333
1765400101796173056,T7,AIN2,Voltage,true,-0.012332413345575333
1765400101796179968,T7,AIN2,Voltage,true,-0.01170162484049797
1765400101796186112,T7,AIN2,Voltage,true,-0.01170162484049797
1765400101796193024,T7,AIN2,Voltage,true,-0.01138623058795929
1765400101796199936,T7,AIN2,Voltage,true,-0.012332413345575333
1765400101796207104,T7,AIN2,Voltage,true,-0.01138623058795929
1765400101796212992,T7,AIN2,Voltage,true,-0.012017019093036652
1765400101796219904,T7,AIN2,Voltage,true,-0.01170162484049797
1765400101796227072,T7,AIN2,Voltage,true,-0.012332413345575333
1765400101796232960,T7,AIN2,Voltage,true,-0.012647808529436588
1765400101796239872,T7,AIN2,Voltage,true,-0.012017019093036652
1765400101796247040,T7,AIN2,Voltage,true,-0.012017019093036652
1765400101796252928,T7,AIN2,Voltage,true,-0.012332413345575333
1765400101796260096,T7,AIN2,Voltage,true,-0.012017019093036652
1765400101796265984,T7,AIN2,Voltage,true,-0.012332413345575333
1765400101796272896,T7,AIN2,Voltage,true,-0.01170162484049797
1765400101796280064,T7,AIN2,Voltage,true,-0.01170162484049797
1765400101796285952,T7,AIN2,Voltage,true,-0.012332413345575333
1765400101796293120,T7,AIN2,Voltage,true,-0.012332413345575333
1765400101796299008,T7,AIN2,Voltage,true,-0.012647808529436588
1765400101796305920,T7,AIN2,Voltage,true,-0.01170162484049797
1765400101796313088,T7,AIN2,Voltage,true,-0.01170162484049797
1765400101796318976,T7,AIN2,Voltage,true,-0.01138623058795929
1765400101796325888,T7,AIN2,Voltage,true,-0.012017019093036652
1765400101796332032,T7,AIN2,Voltage,true,-0.012332413345575333
1765400101796338944,T7,AIN2,Voltage,true,-0.012647808529436588
1765400101796345088,T7,AIN2,Voltage,true,-0.012017019093036652
1765400101796352000,T7,AIN2,Voltage,true,-0.01170162484049797
1765400101796358912,T7,AIN2,Voltage,true,-0.012332413345575333
1765400101796365056,T7,AIN2,Voltage,true,-0.012017019093036652
1765400101796370944,T7,AIN2,Voltage,true,-0.01296320278197527
1765400101796378112,T7,AIN2,Voltage,true,-0.012647808529436588
1765400101796385024,T7,AIN2,Voltage,true,-0.012647808529436588
1765400101796390912,T7,AIN2,Voltage,true,-0.012332413345575333
1765400101796398080,T7,AIN2,Voltage,true,-0.012017019093036652
1765400101796404992,T7,AIN2,Voltage,true,-0.01170162484049797
1765400101796411904,T7,AIN2,Voltage,true,-0.01170162484049797
1765400101796418048,T7,AIN2,Voltage,true,-0.012017019093036652
1765400101796424960,T7,AIN2,Voltage,true,-0.01170162484049797
1765400101796431104,T7,AIN2,Voltage,true,-0.01138623058795929
1765400101796438016,T7,AIN2,Voltage,true,-0.012332413345575333
1765400101796444928,T7,AIN2,Voltage,true,-0.012017019093036652
1765400101796451072,T7,AIN2,Voltage,true,-0.012332413345575333
1765400101796457984,T7,AIN2,Voltage,true,-0.01170162484049797
1765400101796464128,T7,AIN2,Voltage,true,-0.012017019093036652
1765400101796471040,T7,AIN2,Voltage,true,-0.01138623058795929
1765400101796476928,T7,AIN2,Voltage,true,-0.012017019093036652
1765400101796484096,T7,AIN2,Voltage,true,-0.012332413345575333
1765400101796491008,T7,AIN2,Voltage,true,-0.012332413345575333
1765400101796496896,T7,AIN2,Voltage,true,-0.012332413345575333
1765400101796504064,T7,AIN2,Voltage,true,-0.01170162484049797
1765400101796509952,T7,AIN2,Voltage,true,-0.012017019093036652
1765400101796517120,T7,AIN2,Voltage,true,-0.012017019093036652
1765400101796523008,T7,AIN2,Voltage,true,-0.012017019093036652
1765400101796529920,T7,AIN2,Voltage,true,-0.01170162484049797
1765400101796537088,T7,AIN2,Voltage,true,-0.01170162484049797
1765400101796570112,T7,AIN2,Voltage,true,-0.01138623058795929
1765400101796578048,T7,AIN2,Voltage,true,-0.011070836335420609
1765400101796585984,T7,AIN2,Voltage,true,-0.012332413345575333
1765400101796592896,T7,AIN2,Voltage,true,-0.012647808529436588
1765400101796599040,T7,AIN2,Voltage,true,-0.012647808529436588
1765400101796605952,T7,AIN2,Voltage,true,-0.012647808529436588
1765400101796613120,T7,AIN2,Voltage,true,-0.012017019093036652
1765400101796620032,T7,AIN2,Voltage,true,-0.012332413345575333
1765400101796625920,T7,AIN2,Voltage,true,-0.012647808529436588
1765400101796633088,T7,AIN2,Voltage,true,-0.012647808529436588
1765400101796640000,T7,AIN2,Voltage,true,-0.012332413345575333
1765400101796645888,T7,AIN2,Voltage,true,-0.012017019093036652
1765400101796653056,T7,AIN2,Voltage,true,-0.01170162484049797
1765400101796658944,T7,AIN2,Voltage,true,-0.01170162484049797
1765400101796666112,T7,AIN2,Voltage,true,-0.01170162484049797
1765400101796672000,T7,AIN2,Voltage,true,-0.012017019093036652
1765400101796678912,T7,AIN2,Voltage,true,-0.01138623058795929
1765400101796686080,T7,AIN2,Voltage,true,-0.01138623058795929
1765400101796691968,T7,AIN2,Voltage,true,-0.01138623058795929
1765400101796698880,T7,AIN2,Voltage,true,-0.01170162484049797
1765400101796705024,T7,AIN2,Voltage,true,-0.012332413345575333
1765400101796711936,T7,AIN2,Voltage,true,-0.012332413345575333
1765400101796719104,T7,AIN2,Voltage,true,-0.01170162484049797
1765400101796724992,T7,AIN2,Voltage,true,-0.012332413345575333
1765400101796731904,T7,AIN2,Voltage,true,-0.012332413345575333
1765400101796739072,T7,AIN2,Voltage,true,-0.012017019093036652
1765400101796744960,T7,AIN2,Voltage,true,-0.012017019093036652
1765400101796751872,T7,AIN2,Voltage,true,-0.012647808529436588
1765400101796759040,T7,AIN2,Voltage,true,-0.012017019093036652
1765400101796764928,T7,AIN2,Voltage,true,-0.012017019093036652
1765400101796772096,T7,AIN2,Voltage,true,-0.01170162484049797
1765400101796779008,T7,AIN2,Voltage,true,-0.012017019093036652
1765400101796784896,T7,AIN2,Voltage,true,-0.01138623058795929
1765400101796792064,T7,AIN2,Voltage,true,-0.012017019093036652
1765400101796797952,T7,AIN2,Voltage,true,-0.012017019093036652
1765400101796805120,T7,AIN2,Voltage,true,-0.012647808529436588
1765400101796812032,T7,AIN2,Voltage,true,-0.01170162484049797
1765400101796817920,T7,AIN2,Voltage,true,-0.012017019093036652
1765400101796824064,T7,AIN2,Voltage,true,-0.012647808529436588
1765400101796830976,T7,AIN2,Voltage,true,-0.012017019093036652
1765400101796837888,T7,AIN2,Voltage,true,-0.012332413345575333
1765400101796844032,T7,AIN2,Voltage,true,-0.012647808529436588
1765400101796850944,T7,AIN2,Voltage,true,-0.012017019093036652
1765400101796857088,T7,AIN2,Voltage,true,-0.012647808529436588
1765400101796864000,T7,AIN2,Voltage,true,-0.012332413345575333
1765400101796870912,T7,AIN2,Voltage,true,-0.01170162484049797
1765400101796877056,T7,AIN2,Voltage,true,-0.012017019093036652
1765400101796883968,T7,AIN2,Voltage,true,-0.012332413345575333
1765400101796890112,T7,AIN2,Voltage,true,-0.012647808529436588
1765400101796897024,T7,AIN2,Voltage,true,-0.012017019093036652
1765400101796902912,T7,AIN2,Voltage,true,-0.01138623058795929
1765400101796910080,T7,AIN2,Voltage,true,-0.01170162484049797
1765400101796915968,T7,AIN2,Voltage,true,-0.012017019093036652
1765400101796922880,T7,AIN2,Voltage,true,-0.012332413345575333
1765400101796930048,T7,AIN2,Voltage,true,-0.012017019093036652
1765400101796936960,T7,AIN2,Voltage,true,-0.01170162484049797
1765400101796943104,T7,AIN2,Voltage,true,-0.012647808529436588
1765400101796950016,T7,AIN2,Voltage,true,-0.012332413345575333
1765400101796955904,T7,AIN2,Voltage,true,-0.012647808529436588
1765400101796963072,T7,AIN2,Voltage,true,-0.012017019093036652
1765400101796969984,T7,AIN2,Voltage,true,-0.012647808529436588
1765400101796976128,T7,AIN2,Voltage,true,-0.01170162484049797
1765400101796983040,T7,AIN2,Voltage,true,-0.012332413345575333
1765400101796988928,T7,AIN2,Voltage,true,-0.012647808529436588
1765400101796996096,T7,AIN2,Voltage,true,-0.012017019093036652
1765400101797003008,T7,AIN2,Voltage,true,-0.012017019093036652
1765400101797008896,T7,AIN2,Voltage,true,-0.012017019093036652
1765400101797016064,T7,AIN2,Voltage,true,-0.01138623058795929
1765400101797021952,T7,AIN2,Voltage,true,-0.012332413345575333
1765400101797029120,T7,AIN2,Voltage,true,-0.012647808529436588
1765400101797036032,T7,AIN2,Voltage,true,-0.012017019093036652
1765400101797041920,T7,AIN2,Voltage,true,-0.012017019093036652
1765400101797049088,T7,AIN2,Voltage,true,-0.01170162484049797
1765400101797056000,T7,AIN2,Voltage,true,-0.01170162484049797
1765400101797061888,T7,AIN2,Voltage,true,-0.012647808529436588
1765400101797069056,T7,AIN2,Voltage,true,-0.012647808529436588
1765400101797074944,T7,AIN2,Voltage,true,-0.01170162484049797
1765400101797082112,T7,AIN2,Voltage,true,-0.012017019093036652
1765400101797089024,T7,AIN2,Voltage,true,-0.012017019093036652
1765400101797094912,T7,AIN2,Voltage,true,-0.012332413345575333
1765400101797102080,T7,AIN2,Voltage,true,-0.01170162484049797
1765400101797108992,T7,AIN2,Voltage,true,-0.012017019093036652
1765400101797114880,T7,AIN2,Voltage,true,-0.01170162484049797
1765400101797122048,T7,AIN2,Voltage,true,-0.01170162484049797
1765400101797127936,T7,AIN2,Voltage,true,-0.012332413345575333
1765400101797135104,T7,AIN2,Voltage,true,-0.012332413345575333
1765400101797142016,T7,AIN2,Voltage,true,-0.012017019093036652
1765400101797147904,T7,AIN2,Voltage,true,-0.012332413345575333
1765400101797155072,T7,AIN2,Voltage,true,-0.012647808529436588
1765400101797160960,T7,AIN2,Voltage,true,-0.012647808529436588
1765400101797168128,T7,AIN2,Voltage,true,-0.01170162484049797
1765400101797175040,T7,AIN2,Voltage,true,-0.012332413345575333
1765400101797180928,T7,AIN2,Voltage,true,-0.012647808529436588
1765400101797188096,T7,AIN2,Voltage,true,-0.012332413345575333
1765400101797193984,T7,AIN2,Voltage,true,-0.012332413345575333
1765400101797200896,T7,AIN2,Voltage,true,-0.012332413345575333
1765400101797208064,T7,AIN2,Voltage,true,-0.01170162484049797
1765400101797213952,T7,AIN2,Voltage,true,-0.012017019093036652
1765400101797221120,T7,AIN2,Voltage,true,-0.012017019093036652
1765400101797228032,T7,AIN2,Voltage,true,-0.012332413345575333
1765400101797233920,T7,AIN2,Voltage,true,-0.012017019093036652
1765400101797240064,T7,AIN2,Voltage,true,-0.012017019093036652
1765400101797246976,T7,AIN2,Voltage,true,-0.012332413345575333
1765400101797253120,T7,AIN2,Voltage,true,-0.012017019093036652
1765400101797260032,T7,AIN2,Voltage,true,-0.012017019093036652
1765400101797266944,T7,AIN2,Voltage,true,-0.012017019093036652
1765400101797273088,T7,AIN2,Voltage,true,-0.01170162484049797
1765400101797280000,T7,AIN2,Voltage,true,-0.012647808529436588
1765400101797286912,T7,AIN2,Voltage,true,-0.012647808529436588
1765400101797294080,T7,AIN2,Voltage,true,-0.01170162484049797
1765400101797299968,T7,AIN2,Voltage,true,-0.012332413345575333
1765400101797306880,T7,AIN2,Voltage,true,-0.012647808529436588
1765400101797313024,T7,AIN2,Voltage,true,-0.012017019093036652
1765400101797319936,T7,AIN2,Voltage,true,-0.012017019093036652
1765400101797327104,T7,AIN2,Voltage,true,-0.01170162484049797
1765400101797332992,T7,AIN2,Voltage,true,-0.01170162484049797
1765400101797339904,T7,AIN2,Voltage,true,-0.01138623058795929
1765400101797347072,T7,AIN2,Voltage,true,-0.012332413345575333
1765400101797352960,T7,AIN2,Voltage,true,-0.012017019093036652
1765400101797360128,T7,AIN2,Voltage,true,-0.012017019093036652
1765400101797366016,T7,AIN2,Voltage,true,-0.012017019093036652
1765400101797372928,T7,AIN2,Voltage,true,-0.012332413345575333
1765400101797380096,T7,AIN2,Voltage,true,-0.012017019093036652
1765400101797385984,T7,AIN2,Voltage,true,-0.01170162484049797
1765400101797391872,T7,AIN2,Voltage,true,-0.012647808529436588
1765400101797399040,T7,AIN2,Voltage,true,-0.012332413345575333
1765400101797405952,T7,AIN2,Voltage,true,-0.012647808529436588
1765400101797412096,T7,AIN2,Voltage,true,-0.01170162484049797
1765400101797420032,T7,AIN2,Voltage,true,-0.012332413345575333
1765400101797442048,T7,AIN2,Voltage,true,-0.012332413345575333
1765400101797452032,T7,AIN2,Voltage,true,-0.012332413345575333
1765400101797457920,T7,AIN2,Voltage,true,-0.012017019093036652
1765400101797465088,T7,AIN2,Voltage,true,-0.01170162484049797
1765400101797472000,T7,AIN2,Voltage,true,-0.01170162484049797
1765400101797478912,T7,AIN2,Voltage,true,-0.012017019093036652
1765400101797485056,T7,AIN2,Voltage,true,-0.012647808529436588
1765400101797491968,T7,AIN2,Voltage,true,-0.012017019093036652
1765400101797498112,T7,AIN2,Voltage,true,-0.012332413345575333
1765400101797505024,T7,AIN2,Voltage,true,-0.012017019093036652
1765400101797511936,T7,AIN2,Voltage,true,-0.012332413345575333
1765400101797518080,T7,AIN2,Voltage,true,-0.012332413345575333
1765400101797524992,T7,AIN2,Voltage,true,-0.012647808529436588
1765400101797531904,T7,AIN2,Voltage,true,-0.012017019093036652
1765400101797538048,T7,AIN2,Voltage,true,-0.012647808529436588
1765400101797544960,T7,AIN2,Voltage,true,-0.012017019093036652
1765400101797552128,T7,AIN2,Voltage,true,-0.01170162484049797
1765400101797558016,T7,AIN2,Voltage,true,-0.012332413345575333
1765400101797564928,T7,AIN2,Voltage,true,-0.01170162484049797
1765400101797572096,T7,AIN2,Voltage,true,-0.012647808529436588
1765400101797577984,T7,AIN2,Voltage,true,-0.012017019093036652
1765400101797584896,T7,AIN2,Voltage,true,-0.01138623058795929
1765400101797592064,T7,AIN2,Voltage,true,-0.012017019093036652
1765400101797597952,T7,AIN2,Voltage,true,-0.012017019093036652
1765400101797605120,T7,AIN2,Voltage,true,-0.012017019093036652
1765400101797611008,T7,AIN2,Voltage,true,-0.012017019093036652
1765400101797617920,T7,AIN2,Voltage,true,-0.01170162484049797
1765400101797624064,T7,AIN2,Voltage,true,-0.012332413345575333
1765400101797630976,T7,AIN2,Voltage,true,-0.012647808529436588
1765400101797637888,T7,AIN2,Voltage,true,-0.012647808529436588
1765400101797644032,T7,AIN2,Voltage,true,-0.012017019093036652
1765400101797649920,T7,AIN2,Voltage,true,-0.01170162484049797
1765400101797657088,T7,AIN2,Voltage,true,-0.012017019093036652
1765400101797664000,T7,AIN2,Voltage,true,-0.012017019093036652
1765400101797669888,T7,AIN2,Voltage,true,-0.012017019093036652
1765400101797677056,T7,AIN2,Voltage,true,-0.012647808529436588
1765400101797682944,T7,AIN2,Voltage,true,-0.012332413345575333
1765400101797690112,T7,AIN2,Voltage,true,-0.012017019093036652
1765400101797696000,T7,AIN2,Voltage,true,-0.012017019093036652
1765400101797702912,T7,AIN2,Voltage,true,-0.012017019093036652
1765400101797709056,T7,AIN2,Voltage,true,-0.012332413345575333
1765400101797715968,T7,AIN2,Voltage,true,-0.012647808529436588
1765400101797722880,T7,AIN2,Voltage,true,-0.012647808529436588
1765400101797729024,T7,AIN2,Voltage,true,-0.012017019093036652
1765400101797735936,T7,AIN2,Voltage,true,-0.012332413345575333
1765400101797743104,T7,AIN2,Voltage,true,-0.012647808529436588
1765400101797748992,T7,AIN2,Voltage,true,-0.012332413345575333
1765400101797755904,T7,AIN2,Voltage,true,-0.012017019093036652
1765400101797762048,T7,AIN2,Voltage,true,-0.012332413345575333
1765400101797768960,T7,AIN2,Voltage,true,-0.01170162484049797
1765400101797775872,T7,AIN2,Voltage,true,-0.012017019093036652
1765400101797782016,T7,AIN2,Voltage,true,-0.01138623058795929
1765400101797788928,T7,AIN2,Voltage,true,-0.01138623058795929
1765400101797796096,T7,AIN2,Voltage,true,-0.012017019093036652
1765400101797801984,T7,AIN2,Voltage,true,-0.01170162484049797
1765400101797808896,T7,AIN2,Voltage,true,-0.01170162484049797
1765400101797815040,T7,AIN2,Voltage,true,-0.012647808529436588
1765400101797821952,T7,AIN2,Voltage,true,-0.012647808529436588
1765400101797829120,T7,AIN2,Voltage,true,-0.012017019093036652
1765400101797835008,T7,AIN2,Voltage,true,-0.012647808529436588
1765400101797841920,T7,AIN2,Voltage,true,-0.012647808529436588
1765400101797848064,T7,AIN2,Voltage,true,-0.012647808529436588
1765400101797854976,T7,AIN2,Voltage,true,-0.012332413345575333
1765400101797861888,T7,AIN2,Voltage,true,-0.012647808529436588
1765400101797868032,T7,AIN2,Voltage,true,-0.012017019093036652
1765400101797875968,T7,AIN2,Voltage,true,-0.012017019093036652
1765400101797882112,T7,AIN2,Voltage,true,-0.012332413345575333
1765400101797889024,T7,AIN2,Voltage,true,-0.012017019093036652
1765400101797894912,T7,AIN2,Voltage,true,-0.012017019093036652
1765400101797901056,T7,AIN2,Voltage,true,-0.01138623058795929
1765400101797907968,T7,AIN2,Voltage,true,-0.01138623058795929
1765400101797914880,T7,AIN2,Voltage,true,-0.012017019093036652
1765400101797922048,T7,AIN2,Voltage,true,-0.012017019093036652
1765400101797927936,T7,AIN2,Voltage,true,-0.01170162484049797
1765400101797935104,T7,AIN2,Voltage,true,-0.012647808529436588
1765400101797942016,T7,AIN2,Voltage,true,-0.012017019093036652
1765400101797947904,T7,AIN2,Voltage,true,-0.012332413345575333
1765400101797955072,T7,AIN2,Voltage,true,-0.012332413345575333
1765400101797960960,T7,AIN2,Voltage,true,-0.012332413345575333
1765400101797967872,T7,AIN2,Voltage,true,-0.012647808529436588
1765400101797974016,T7,AIN2,Voltage,true,-0.012332413345575333
1765400101797980928,T7,AIN2,Voltage,true,-0.01170162484049797
1765400101797988096,T7,AIN2,Voltage,true,-0.012332413345575333
1765400101797993984,T7,AIN2,Voltage,true,-0.012332413345575333
1765400101798000896,T7,AIN2,Voltage,true,-0.01170162484049797
1765400101798008064,T7,AIN2,Voltage,true,-0.012332413345575333
1765400101798014976,T7,AIN2,Voltage,true,-0.012332413345575333
1765400101798021120,T7,AIN2,Voltage,true,-0.01170162484049797
1765400101798028032,T7,AIN2,Voltage,true,-0.01170162484049797
1765400101798034944,T7,AIN2,Voltage,true,-0.012332413345575333
1765400101798041088,T7,AIN2,Voltage,true,-0.012647808529436588
1765400101798048000,T7,AIN2,Voltage,true,-0.012332413345575333
1765400101798053888,T7,AIN2,Voltage,true,-0.012017019093036652
1765400101798061056,T7,AIN2,Voltage,true,-0.012647808529436588
1765400101798067968,T7,AIN2,Voltage,true,-0.012332413345575333
1765400101798074112,T7,AIN2,Voltage,true,-0.012647808529436588
1765400101798081024,T7,AIN2,Voltage,true,-0.012332413345575333
1765400101798086912,T7,AIN2,Voltage,true,-0.012017019093036652
1765400101798094080,T7,AIN2,Voltage,true,-0.01138623058795929
1765400101798100992,T7,AIN2,Voltage,true,-0.012017019093036652
1765400101798106880,T7,AIN2,Voltage,true,-0.012017019093036652
1765400101798114048,T7,AIN2,Voltage,true,-0.012647808529436588
1765400101798119936,T7,AIN2,Voltage,true,-0.012332413345575333
1765400101798127104,T7,AIN2,Voltage,true,-0.012332413345575333
1765400101798134016,T7,AIN2,Voltage,true,-0.012332413345575333
1765400101798140928,T7,AIN2,Voltage,true,-0.012017019093036652
1765400101798147072,T7,AIN2,Voltage,true,-0.012332413345575333
1765400101798153984,T7,AIN2,Voltage,true,-0.012332413345575333
1765400101798159872,T7,AIN2,Voltage,true,-0.012332413345575333
1765400101798167040,T7,AIN2,Voltage,true,-0.012332413345575333
1765400101798173952,T7,AIN2,Voltage,true,-0.012647808529436588
1765400101798180096,T7,AIN2,Voltage,true,-0.012647808529436588
1765400101798187008,T7,AIN2,Voltage,true,-0.012332413345575333
1765400101798192896,T7,AIN2,Voltage,true,-0.012332413345575333
1765400101798200064,T7,AIN2,Voltage,true,-0.012332413345575333
1765400101798205952,T7,AIN2,Voltage,true,-0.012017019093036652
1765400101798213120,T7,AIN2,Voltage,true,-0.012332413345575333
1765400101798219008,T7,AIN2,Voltage,true,-0.012017019093036652
1765400101798225920,T7,AIN2,Voltage,true,-0.01138623058795929
1765400101798233088,T7,AIN2,Voltage,true,-0.012017019093036652
1765400101798238976,T7,AIN2,Voltage,true,-0.01170162484049797
1765400101798245888,T7,AIN2,Voltage,true,-0.01170162484049797
1765400101798252032,T7,AIN2,Voltage,true,-0.012647808529436588
1765400101798258944,T7,AIN2,Voltage,true,-0.01170162484049797
1765400101798266112,T7,AIN2,Voltage,true,-0.01170162484049797
1765400101798272000,T7,AIN2,Voltage,true,-0.012017019093036652
1765400101798278912,T7,AIN2,Voltage,true,-0.012332413345575333
1765400101798285056,T7,AIN2,Voltage,true,-0.012332413345575333
1765400101798291968,T7,AIN2,Voltage,true,-0.012647808529436588
1765400101798315008,T7,AIN2,Voltage,true,-0.012332413345575333
1765400101798322944,T7,AIN2,Voltage,true,-0.012647808529436588
1765400101798329088,T7,AIN2,Voltage,true,-0.012332413345575333
1765400101798336000,T7,AIN2,Voltage,true,-0.01170162484049797
1765400101798342912,T7,AIN2,Voltage,true,-0.012017019093036652
1765400101798350080,T7,AIN2,Voltage,true,-0.01138623058795929
1765400101798356992,T7,AIN2,Voltage,true,-0.012017019093036652
1765400101798362880,T7,AIN2,Voltage,true,-0.012017019093036652
1765400101798370048,T7,AIN2,Voltage,true,-0.01170162484049797
1765400101798375936,T7,AIN2,Voltage,true,-0.012332413345575333
1765400101798383104,T7,AIN2,Voltage,true,-0.012332413345575333
1765400101798390016,T7,AIN2,Voltage,true,-0.012017019093036652
1765400101798395904,T7,AIN2,Voltage,true,-0.01170162484049797
1765400101798403072,T7,AIN2,Voltage,true,-0.012332413345575333
1765400101798409984,T7,AIN2,Voltage,true,-0.012017019093036652
1765400101798415872,T7,AIN2,Voltage,true,-0.012332413345575333
1765400101798423040,T7,AIN2,Voltage,true,-0.012017019093036652
1765400101798429952,T7,AIN2,Voltage,true,-0.012647808529436588
1765400101798437120,T7,AIN2,Voltage,true,-0.012332413345575333
1765400101798443008,T7,AIN2,Voltage,true,-0.012332413345575333
1765400101798449920,T7,AIN2,Voltage,true,-0.012647808529436588
1765400101798457088,T7,AIN2,Voltage,true,-0.012017019093036652
1765400101798462976,T7,AIN2,Voltage,true,-0.012332413345575333
1765400101798469888,T7,AIN2,Voltage,true,-0.012017019093036652
1765400101798476032,T7,AIN2,Voltage,true,-0.01170162484049797
1765400101798482944,T7,AIN2,Voltage,true,-0.012017019093036652
1765400101798489088,T7,AIN2,Voltage,true,-0.012332413345575333
1765400101798496000,T7,AIN2,Voltage,true,-0.012017019093036652
1765400101798502912,T7,AIN2,Voltage,true,-0.01170162484049797
1765400101798509056,T7,AIN2,Voltage,true,-0.012647808529436588
1765400101798515968,T7,AIN2,Voltage,true,-0.01170162484049797
1765400101798522880,T7,AIN2,Voltage,true,-0.012017019093036652
1765400101798529024,T7,AIN2,Voltage,true,-0.012332413345575333
1765400101798535936,T7,AIN2,Voltage,true,-0.012647808529436588
1765400101798543104,T7,AIN2,Voltage,true,-0.012647808529436588
1765400101798548992,T7,AIN2,Voltage,true,-0.012647808529436588
1765400101798555904,T7,AIN2,Voltage,true,-0.012017019093036652
1765400101798562048,T7,AIN2,Voltage,true,-0.012332413345575333
1765400101798568960,T7,AIN2,Voltage,true,-0.012017019093036652
1765400101798576128,T7,AIN2,Voltage,true,-0.012332413345575333
1765400101798582016,T7,AIN2,Voltage,true,-0.01170162484049797
1765400101798588928,T7,AIN2,Voltage,true,-0.012017019093036652
1765400101798595072,T7,AIN2,Voltage,true,-0.01170162484049797
1765400101798601984,T7,AIN2,Voltage,true,-0.012017019093036652
1765400101798608896,T7,AIN2,Voltage,true,-0.012647808529436588
1765400101798615040,T7,AIN2,Voltage,true,-0.01138623058795929
1765400101798621952,T7,AIN2,Voltage,true,-0.012647808529436588
1765400101798628096,T7,AIN2,Voltage,true,-0.012332413345575333
1765400101798635008,T7,AIN2,Voltage,true,-0.01170162484049797
1765400101798641920,T7,AIN2,Voltage,true,-0.012017019093036652
1765400101798648064,T7,AIN2,Voltage,true,-0.012332413345575333
1765400101798654976,T7,AIN2,Voltage,true,-0.012647808529436588
1765400101798661888,T7,AIN2,Voltage,true,-0.01170162484049797
1765400101798668032,T7,AIN2,Voltage,true,-0.01138623058795929
1765400101798674944,T7,AIN2,Voltage,true,-0.01138623058795929
1765400101798681088,T7,AIN2,Voltage,true,-0.01138623058795929
1765400101798686976,T7,AIN2,Voltage,true,-0.01170162484049797
1765400101798693888,T7,AIN2,Voltage,true,-0.01170162484049797
1765400101798700032,T7,AIN2,Voltage,true,-0.012017019093036652
1765400101798706944,T7,AIN2,Voltage,true,-0.01170162484049797
1765400101798713088,T7,AIN2,Voltage,true,-0.012017019093036652
1765400101798720000,T7,AIN2,Voltage,true,-0.012647808529436588
1765400101798726912,T7,AIN2,Voltage,true,-0.012017019093036652
1765400101798734080,T7,AIN2,Voltage,true,-0.012017019093036652
1765400101798739968,T7,AIN2,Voltage,true,-0.012332413345575333
1765400101798746880,T7,AIN2,Voltage,true,-0.012017019093036652
1765400101798753024,T7,AIN2,Voltage,true,-0.01170162484049797
1765400101798759936,T7,AIN2,Voltage,true,-0.012647808529436588
1765400101798766080,T7,AIN2,Voltage,true,-0.012647808529436588
1765400101798772992,T7,AIN2,Voltage,true,-0.012332413345575333
1765400101798778880,T7,AIN2,Voltage,true,-0.012332413345575333
1765400101798786048,T7,AIN2,Voltage,true,-0.012017019093036652
1765400101798792960,T7,AIN2,Voltage,true,-0.012332413345575333
1765400101798799104,T7,AIN2,Voltage,true,-0.012017019093036652
1765400101798804992,T7,AIN2,Voltage,true,-0.01170162484049797
1765400101798810880,T7,AIN2,Voltage,true,-0.012017019093036652
1765400101798817024,T7,AIN2,Voltage,true,-0.012017019093036652
1765400101798823936,T7,AIN2,Voltage,true,-0.012647808529436588
1765400101806605056,T7,AIN2,Voltage,true,-0.012017019093036652
1765400101806638080,T7,AIN2,Voltage,true,-0.012332413345575333
1765400101806647040,T7,AIN2,Voltage,true,-0.012332413345575333
1765400101806654976,T7,AIN2,Voltage,true,-0.012017019093036652
1765400101806661120,T7,AIN2,Voltage,true,-0.01170162484049797
1765400101806668032,T7,AIN2,Voltage,true,-0.012332413345575333
1765400101806673920,T7,AIN2,Voltage,true,-0.01170162484049797
1765400101806680064,T7,AIN2,Voltage,true,-0.012017019093036652
1765400101806685952,T7,AIN2,Voltage,true,-0.012332413345575333
1765400101811537920,T7,AIN2,Voltage,true,-0.01170162484049797
1765400101811582976,T7,AIN2,Voltage,true,-0.012017019093036652
1765400101811596032,T7,AIN2,Voltage,true,-0.012017019093036652
1765400101811606016,T7,AIN2,Voltage,true,-0.01170162484049797
1765400101811616000,T7,AIN2,Voltage,true,-0.01138623058795929
1765400101811625984,T7,AIN2,Voltage,true,-0.012017019093036652
1765400101811638016,T7,AIN2,Voltage,true,-0.012647808529436588
1765400101811648000,T7,AIN2,Voltage,true,-0.012017019093036652
1765400101811657984,T7,AIN2,Voltage,true,-0.012017019093036652
1765400101811851008,T7,AIN2,Voltage,true,-0.012332413345575333
1765400101811865088,T7,AIN2,Voltage,true,-0.012017019093036652
1765400101811875072,T7,AIN2,Voltage,true,-0.012017019093036652
1765400101811885056,T7,AIN2,Voltage,true,-0.012332413345575333
1765400101811895040,T7,AIN2,Voltage,true,-0.012647808529436588
1765400101811905024,T7,AIN2,Voltage,true,-0.012647808529436588
1765400101811941888,T7,AIN2,Voltage,true,-0.01170162484049797
1765400101811962880,T7,AIN2,Voltage,true,-0.01170162484049797
1765400101811975936,T7,AIN2,Voltage,true,-0.01138623058795929
1765400101812406016,T7,AIN2,Voltage,true,-0.012017019093036652
1765400101812419072,T7,AIN2,Voltage,true,-0.012017019093036652
1765400101812429056,T7,AIN2,Voltage,true,-0.012332413345575333
1765400101812439040,T7,AIN2,Voltage,true,-0.01170162484049797
1765400101812484096,T7,AIN2,Voltage,true,-0.012332413345575333
1765400101812495872,T7,AIN2,Voltage,true,-0.012332413345575333
1765400101812503040,T7,AIN2,Voltage,true,-0.012332413345575333
1765400101812508928,T7,AIN2,Voltage,true,-0.012017019093036652
1765400101812515072,T7,AIN2,Voltage,true,-0.012647808529436588
1765400101812520960,T7,AIN2,Voltage,true,-0.012647808529436588
1765400101812526080,T7,AIN2,Voltage,true,-0.012017019093036652
1765400101812531968,T7,AIN2,Voltage,true,-0.012332413345575333
1765400101812538112,T7,AIN2,Voltage,true,-0.012017019093036652
1765400101812542976,T7,AIN2,Voltage,true,-0.012332413345575333
1765400101812549120,T7,AIN2,Voltage,true,-0.012332413345575333
1765400101812553984,T7,AIN2,Voltage,true,-0.01170162484049797
1765400101812559872,T7,AIN2,Voltage,true,-0.01170162484049797
1765400101812566016,T7,AIN2,Voltage,true,-0.012017019093036652
1765400101812570880,T7,AIN2,Voltage,true,-0.012017019093036652
1765400101812577024,T7,AIN2,Voltage,true,-0.012017019093036652
1765400101812581888,T7,AIN2,Voltage,true,-0.012017019093036652
1765400101812587008,T7,AIN2,Voltage,true,-0.012017019093036652
1765400101812592896,T7,AIN2,Voltage,true,-0.01170162484049797
1765400101812598016,T7,AIN2,Voltage,true,-0.012017019093036652
1765400101812633088,T7,AIN2,Voltage,true,-0.012332413345575333
1765400101812641024,T7,AIN2,Voltage,true,-0.01170162484049797
1765400101812646912,T7,AIN2,Voltage,true,-0.012017019093036652
1765400101812653056,T7,AIN2,Voltage,true,-0.012332413345575333
1765400101812657920,T7,AIN2,Voltage,true,-0.012647808529436588
1765400101812664064,T7,AIN2,Voltage,true,-0.012647808529436588
1765400101812668928,T7,AIN2,Voltage,true,-0.012647808529436588
1765400101812675072,T7,AIN2,Voltage,true,-0.01138623058795929
1765400101812679936,T7,AIN2,Voltage,true,-0.012017019093036652
1765400101812686080,T7,AIN2,Voltage,true,-0.012017019093036652
1765400101812690944,T7,AIN2,Voltage,true,-0.01170162484049797
1765400101812696064,T7,AIN2,Voltage,true,-0.012017019093036652
1765400101812700928,T7,AIN2,Voltage,true,-0.012017019093036652
1765400101812707072,T7,AIN2,Voltage,true,-0.01138623058795929
1765400101812711936,T7,AIN2,Voltage,true,-0.012017019093036652
1765400101812717056,T7,AIN2,Voltage,true,-0.012332413345575333
1765400101812722944,T7,AIN2,Voltage,true,-0.012017019093036652
1765400101812728064,T7,AIN2,Voltage,true,-0.012647808529436588
1765400101812732928,T7,AIN2,Voltage,true,-0.012017019093036652
1765400101812738048,T7,AIN2,Voltage,true,-0.012332413345575333
1765400101812743936,T7,AIN2,Voltage,true,-0.012647808529436588
1765400101812749056,T7,AIN2,Voltage,true,-0.012017019093036652
1765400101812753920,T7,AIN2,Voltage,true,-0.012332413345575333
1765400101812760064,T7,AIN2,Voltage,true,-0.012332413345575333
1765400101812764928,T7,AIN2,Voltage,true,-0.012647808529436588
1765400101812771072,T7,AIN2,Voltage,true,-0.012017019093036652
1765400101812775936,T7,AIN2,Voltage,true,-0.012017019093036652
1765400101812781056,T7,AIN2,Voltage,true,-0.01170162484049797
1765400101812786944,T7,AIN2,Voltage,true,-0.01170162484049797
1765400101812792064,T7,AIN2,Voltage,true,-0.01170162484049797
1765400101812796928,T7,AIN2,Voltage,true,-0.012017019093036652
1765400101812803072,T7,AIN2,Voltage,true,-0.012332413345575333
1765400101812807936,T7,AIN2,Voltage,true,-0.012332413345575333
1765400101812814080,T7,AIN2,Voltage,true,-0.012332413345575333
1765400101812818944,T7,AIN2,Voltage,true,-0.012332413345575333
1765400101812824064,T7,AIN2,Voltage,true,-0.012017019093036652
1765400101812828928,T7,AIN2,Voltage,true,-0.012647808529436588
1765400101812835072,T7,AIN2,Voltage,true,-0.012332413345575333
1765400101812839936,T7,AIN2,Voltage,true,-0.012647808529436588
1765400101812845056,T7,AIN2,Voltage,true,-0.012017019093036652
1765400101812850944,T7,AIN2,Voltage,true,-0.012017019093036652
1765400101812856064,T7,AIN2,Voltage,true,-0.012332413345575333
1765400101812861952,T7,AIN2,Voltage,true,-0.012017019093036652
1765400101812867072,T7,AIN2,Voltage,true,-0.01170162484049797
1765400101812871936,T7,AIN2,Voltage,true,-0.012332413345575333
1765400101812878080,T7,AIN2,Voltage,true,-0.012332413345575333
1765400101812882944,T7,AIN2,Voltage,true,-0.01138623058795929
1765400101812888064,T7,AIN2,Voltage,true,-0.012332413345575333
1765400101812893952,T7,AIN2,Voltage,true,-0.012017019093036652
1765400101812899072,T7,AIN2,Voltage,true,-0.012017019093036652
1765400101812903936,T7,AIN2,Voltage,true,-0.012647808529436588
1765400101812909056,T7,AIN2,Voltage,true,-0.012017019093036652
1765400101812913920,T7,AIN2,Voltage,true,-0.012017019093036652
1765400101812920064,T7,AIN2,Voltage,true,-0.012017019093036652
1765400101812924928,T7,AIN2,Voltage,true,-0.012647808529436588
1765400101812930048,T7,AIN2,Voltage,true,-0.012647808529436588
1765400101812934912,T7,AIN2,Voltage,true,-0.012647808529436588
1765400101812941056,T7,AIN2,Voltage,true,-0.012017019093036652
1765400101812945920,T7,AIN2,Voltage,true,-0.01170162484049797
1765400101812951040,T7,AIN2,Voltage,true,-0.012017019093036652
1765400101812956928,T7,AIN2,Voltage,true,-0.01170162484049797
1765400101812962048,T7,AIN2,Voltage,true,-0.012017019093036652
1765400101812966912,T7,AIN2,Voltage,true,-0.01138623058795929
1765400101812972032,T7,AIN2,Voltage,true,-0.01170162484049797
1765400101812977920,T7,AIN2,Voltage,true,-0.012017019093036652
1765400101812984064,T7,AIN2,Voltage,true,-0.012647808529436588
1765400101812988928,T7,AIN2,Voltage,true,-0.012647808529436588
1765400101812994048,T7,AIN2,Voltage,true,-0.012647808529436588
1765400101812998912,T7,AIN2,Voltage,true,-0.012332413345575333
1765400101813005056,T7,AIN2,Voltage,true,-0.012332413345575333
1765400101813009920,T7,AIN2,Voltage,true,-0.012647808529436588
1765400101813016064,T7,AIN2,Voltage,true,-0.01296320278197527
1765400101813020928,T7,AIN2,Voltage,true,-0.012332413345575333
1765400101813026048,T7,AIN2,Voltage,true,-0.012332413345575333
1765400101813030912,T7,AIN2,Voltage,true,-0.012332413345575333
1765400101813037056,T7,AIN2,Voltage,true,-0.01170162484049797
1765400101813041920,T7,AIN2,Voltage,true,-0.012332413345575333
1765400101813048064,T7,AIN2,Voltage,true,-0.012017019093036652
1765400101813052928,T7,AIN2,Voltage,true,-0.012017019093036652
1765400101813058048,T7,AIN2,Voltage,true,-0.01138623058795929
1765400101813063936,T7,AIN2,Voltage,true,-0.012017019093036652
1765400101813069056,T7,AIN2,Voltage,true,-0.01170162484049797
1765400101813073920,T7,AIN2,Voltage,true,-0.01170162484049797
1765400101813080064,T7,AIN2,Voltage,true,-0.012332413345575333
1765400101813084928,T7,AIN2,Voltage,true,-0.012017019093036652
1765400101813090048,T7,AIN2,Voltage,true,-0.01170162484049797
1765400101813095936,T7,AIN2,Voltage,true,-0.012332413345575333
1765400101813101056,T7,AIN2,Voltage,true,-0.012647808529436588
1765400101813105920,T7,AIN2,Voltage,true,-0.012647808529436588
1765400101813112064,T7,AIN2,Voltage,true,-0.012647808529436588
1765400101813116928,T7,AIN2,Voltage,true,-0.012332413345575333
1765400101813122048,T7,AIN2,Voltage,true,-0.012332413345575333
1765400101813126912,T7,AIN2,Voltage,true,-0.012017019093036652
1765400101813133056,T7,AIN2,Voltage,true,-0.012017019093036652
1765400101813137920,T7,AIN2,Voltage,true,-0.012647808529436588
1765400101813144064,T7,AIN2,Voltage,true,-0.012017019093036652
1765400101813148928,T7,AIN2,Voltage,true,-0.01170162484049797
1765400101813154048,T7,AIN2,Voltage,true,-0.012332413345575333
1765400101813158912,T7,AIN2,Voltage,true,-0.01170162484049797
1765400101813165056,T7,AIN2,Voltage,true,-0.012017019093036652
1765400101813169920,T7,AIN2,Voltage,true,-0.01138623058795929
1765400101813175040,T7,AIN2,Voltage,true,-0.012017019093036652
1765400101813180928,T7,AIN2,Voltage,true,-0.012332413345575333
1765400101813186048,T7,AIN2,Voltage,true,-0.012017019093036652
1765400101813190912,T7,AIN2,Voltage,true,-0.012647808529436588
1765400101813196032,T7,AIN2,Voltage,true,-0.012017019093036652
1765400101813201920,T7,AIN2,Voltage,true,-0.012017019093036652
1765400101813207040,T7,AIN2,Voltage,true,-0.01170162484049797
1765400101813211904,T7,AIN2,Voltage,true,-0.012017019093036652
1765400101813218048,T7,AIN2,Voltage,true,-0.01170162484049797
1765400101813223936,T7,AIN2,Voltage,true,-0.01170162484049797
1765400101813229056,T7,AIN2,Voltage,true,-0.012647808529436588
1765400101813233920,T7,AIN2,Voltage,true,-0.01170162484049797
1765400101813239040,T7,AIN2,Voltage,true,-0.01138623058795929
1765400101813244928,T7,AIN2,Voltage,true,-0.012017019093036652
1765400101813250048,T7,AIN2,Voltage,true,-0.012332413345575333
1765400101813254912,T7,AIN2,Voltage,true,-0.012017019093036652
1765400101813261056,T7,AIN2,Voltage,true,-0.012017019093036652
1765400101813265920,T7,AIN2,Voltage,true,-0.01170162484049797
1765400101813271040,T7,AIN2,Voltage,true,-0.01170162484049797
1765400101813275904,T7,AIN2,Voltage,true,-0.012647808529436588
1765400101813282048,T7,AIN2,Voltage,true,-0.01296320278197527
1765400101813286912,T7,AIN2,Voltage,true,-0.01296320278197527
1765400101813292032,T7,AIN2,Voltage,true,-0.012332413345575333
1765400101813297920,T7,AIN2,Voltage,true,-0.012332413345575333
1765400101813303040,T7,AIN2,Voltage,true,-0.012332413345575333
1765400101813307904,T7,AIN2,Voltage,true,-0.012017019093036652
1765400101813314048,T7,AIN2,Voltage,true,-0.012017019093036652
1765400101813318912,T7,AIN2,Voltage,true,-0.01170162484049797
1765400101813339904,T7,AIN2,Voltage,true,-0.01138623058795929
1765400101813348096,T7,AIN2,Voltage,true,-0.01138623058795929
1765400101813352960,T7,AIN2,Voltage,true,-0.012332413345575333
1765400101813359104,T7,AIN2,Voltage,true,-0.012647808529436588
1765400101813363968,T7,AIN2,Voltage,true,-0.012332413345575333
1765400101813369088,T7,AIN2,Voltage,true,-0.01296320278197527
1765400101813374976,T7,AIN2,Voltage,true,-0.01170162484049797
1765400101813380096,T7,AIN2,Voltage,true,-0.012647808529436588
1765400101813384960,T7,AIN2,Voltage,true,-0.012332413345575333
1765400101813391104,T7,AIN2,Voltage,true,-0.01296320278197527
1765400101813395968,T7,AIN2,Voltage,true,-0.012332413345575333
1765400101813401088,T7,AIN2,Voltage,true,-0.012332413345575333
1765400101813406976,T7,AIN2,Voltage,true,-0.012332413345575333
1765400101813412096,T7,AIN2,Voltage,true,-0.012332413345575333
1765400101813416960,T7,AIN2,Voltage,true,-0.012332413345575333
1765400101813422080,T7,AIN2,Voltage,true,-0.012017019093036652
1765400101813426944,T7,AIN2,Voltage,true,-0.012017019093036652
1765400101813433088,T7,AIN2,Voltage,true,-0.01170162484049797
1765400101813437952,T7,AIN2,Voltage,true,-0.012332413345575333
1765400101813443072,T7,AIN2,Voltage,true,-0.012647808529436588
1765400101813447936,T7,AIN2,Voltage,true,-0.012017019093036652
1765400101813454080,T7,AIN2,Voltage,true,-0.012332413345575333
1765400101813458944,T7,AIN2,Voltage,true,-0.012647808529436588
1765400101813465088,T7,AIN2,Voltage,true,-0.012332413345575333
1765400101813469952,T7,AIN2,Voltage,true,-0.01138623058795929
1765400101813475072,T7,AIN2,Voltage,true,-0.012332413345575333
1765400101813480960,T7,AIN2,Voltage,true,-0.012332413345575333
1765400101813486080,T7,AIN2,Voltage,true,-0.012647808529436588
1765400101813490944,T7,AIN2,Voltage,true,-0.012017019093036652
1765400101813496064,T7,AIN2,Voltage,true,-0.012017019093036652
1765400101813501952,T7,AIN2,Voltage,true,-0.012017019093036652
1765400101813507072,T7,AIN2,Voltage,true,-0.012017019093036652
1765400101813511936,T7,AIN2,Voltage,true,-0.012332413345575333
1765400101813517056,T7,AIN2,Voltage,true,-0.01170162484049797
1765400101813522944,T7,AIN2,Voltage,true,-0.01138623058795929
1765400101813528064,T7,AIN2,Voltage,true,-0.012017019093036652
1765400101813532928,T7,AIN2,Voltage,true,-0.012332413345575333
1765400101813538048,T7,AIN2,Voltage,true,-0.012647808529436588
1765400101813543936,T7,AIN2,Voltage,true,-0.012332413345575333
1765400101813549056,T7,AIN2,Voltage,true,-0.012017019093036652
1765400101813553920,T7,AIN2,Voltage,true,-0.012017019093036652
1765400101813560064,T7,AIN2,Voltage,true,-0.012647808529436588
1765400101813564928,T7,AIN2,Voltage,true,-0.012332413345575333
1765400101813571072,T7,AIN2,Voltage,true,-0.012017019093036652
1765400101813575936,T7,AIN2,Voltage,true,-0.012332413345575333
1765400101813581056,T7,AIN2,Voltage,true,-0.012017019093036652
1765400101813586944,T7,AIN2,Voltage,true,-0.012332413345575333
1765400101813592064,T7,AIN2,Voltage,true,-0.012647808529436588
1765400101813596928,T7,AIN2,Voltage,true,-0.012332413345575333
1765400101813603072,T7,AIN2,Voltage,true,-0.012332413345575333
1765400101813607936,T7,AIN2,Voltage,true,-0.01170162484049797
1765400101813614080,T7,AIN2,Voltage,true,-0.012017019093036652
1765400101813618944,T7,AIN2,Voltage,true,-0.012017019093036652
1765400101813624064,T7,AIN2,Voltage,true,-0.012017019093036652
1765400101813629952,T7,AIN2,Voltage,true,-0.012017019093036652
1765400101813635072,T7,AIN2,Voltage,true,-0.012017019093036652
1765400101813639936,T7,AIN2,Voltage,true,-0.012647808529436588
1765400101813645056,T7,AIN2,Voltage,true,-0.012332413345575333
1765400101813650944,T7,AIN2,Voltage,true,-0.01296320278197527
1765400101813656064,T7,AIN2,Voltage,true,-0.012647808529436588
1765400101813661952,T7,AIN2,Voltage,true,-0.012332413345575333
1765400101813668096,T7,AIN2,Voltage,true,-0.012017019093036652
1765400101813672960,T7,AIN2,Voltage,true,-0.01296320278197527
1765400101813678080,T7,AIN2,Voltage,true,-0.012332413345575333
1765400101813683968,T7,AIN2,Voltage,true,-0.012017019093036652
1765400101813689088,T7,AIN2,Voltage,true,-0.012332413345575333
1765400101813694976,T7,AIN2,Voltage,true,-0.01170162484049797
1765400101813700096,T7,AIN2,Voltage,true,-0.01138623058795929
1765400101813705984,T7,AIN2,Voltage,true,-0.012332413345575333
1765400101813711104,T7,AIN2,Voltage,true,-0.01170162484049797
1765400101813716992,T7,AIN2,Voltage,true,-0.012332413345575333
1765400101813722112,T7,AIN2,Voltage,true,-0.012017019093036652
1765400101813726976,T7,AIN2,Voltage,true,-0.012332413345575333
1765400101813733120,T7,AIN2,Voltage,true,-0.012017019093036652
1765400101813737984,T7,AIN2,Voltage,true,-0.012332413345575333
1765400101813744128,T7,AIN2,Voltage,true,-0.012332413345575333
1765400101813748992,T7,AIN2,Voltage,true,-0.012332413345575333
1765400101813754880,T7,AIN2,Voltage,true,-0.012332413345575333
1765400101813760000,T7,AIN2,Voltage,true,-0.01170162484049797
1765400101813765888,T7,AIN2,Voltage,true,-0.01170162484049797
1765400101813771008,T7,AIN2,Voltage,true,-0.012332413345575333
1765400101813776896,T7,AIN2,Voltage,true,-0.012332413345575333
1765400101813782016,T7,AIN2,Voltage,true,-0.012332413345575333
1765400101813786880,T7,AIN2,Voltage,true,-0.012332413345575333
1765400101813793024,T7,AIN2,Voltage,true,-0.01170162484049797
1765400101813798912,T7,AIN2,Voltage,true,-0.01138623058795929
1765400101813804032,T7,AIN2,Voltage,true,-0.012647808529436588
1765400101813809920,T7,AIN2,Voltage,true,-0.012647808529436588
1765400101813815040,T7,AIN2,Voltage,true,-0.012647808529436588
1765400101813820928,T7,AIN2,Voltage,true,-0.012647808529436588
1765400101813826048,T7,AIN2,Voltage,true,-0.01170162484049797
1765400101813830912,T7,AIN2,Voltage,true,-0.012647808529436588
1765400101813837056,T7,AIN2,Voltage,true,-0.012647808529436588
1765400101813841920,T7,AIN2,Voltage,true,-0.012647808529436588
1765400101813847040,T7,AIN2,Voltage,true,-0.012332413345575333
1765400101813852928,T7,AIN2,Voltage,true,-0.012332413345575333
1765400101813858048,T7,AIN2,Voltage,true,-0.01170162484049797
1765400101813863936,T7,AIN2,Voltage,true,-0.01170162484049797
1765400101813871104,T7,AIN2,Voltage,true,-0.012017019093036652
1765400101813876992,T7,AIN2,Voltage,true,-0.012332413345575333
1765400101813882112,T7,AIN2,Voltage,true,-0.01138623058795929
1765400101813888000,T7,AIN2,Voltage,true,-0.012017019093036652
1765400101813893120,T7,AIN2,Voltage,true,-0.01138623058795929
1765400101813900032,T7,AIN2,Voltage,true,-0.012017019093036652
1765400101813905920,T7,AIN2,Voltage,true,-0.012647808529436588
1765400101813911040,T7,AIN2,Voltage,true,-0.012017019093036652
1765400101813916928,T7,AIN2,Voltage,true,-0.012017019093036652
1765400101813923072,T7,AIN2,Voltage,true,-0.012332413345575333
1765400101813928960,T7,AIN2,Voltage,true,-0.012647808529436588
1765400101813935104,T7,AIN2,Voltage,true,-0.012017019093036652
1765400101813939968,T7,AIN2,Voltage,true,-0.012332413345575333
1765400101813946112,T7,AIN2,Voltage,true,-0.012647808529436588
1765400101813952000,T7,AIN2,Voltage,true,-0.012017019093036652
1765400101813957888,T7,AIN2,Voltage,true,-0.012017019093036652
1765400101813963008,T7,AIN2,Voltage,true,-0.01170162484049797
1765400101813968896,T7,AIN2,Voltage,true,-0.01138623058795929
1765400101813975040,T7,AIN2,Voltage,true,-0.012332413345575333
1765400101813979904,T7,AIN2,Voltage,true,-0.01170162484049797
1765400101813986048,T7,AIN2,Voltage,true,-0.01170162484049797
1765400101813991936,T7,AIN2,Voltage,true,-0.012017019093036652
1765400101813998080,T7,AIN2,Voltage,true,-0.012017019093036652
1765400101814002944,T7,AIN2,Voltage,true,-0.012332413345575333
1765400101814009088,T7,AIN2,Voltage,true,-0.012332413345575333
1765400101814014976,T7,AIN2,Voltage,true,-0.012017019093036652
1765400101814021120,T7,AIN2,Voltage,true,-0.012017019093036652
1765400101814025984,T7,AIN2,Voltage,true,-0.012332413345575333
1765400101814031872,T7,AIN2,Voltage,true,-0.01327859703451395
1765400101814038016,T7,AIN2,Voltage,true,-0.012017019093036652
1765400101814044928,T7,AIN2,Voltage,true,-0.012017019093036652
1765400101814063104,T7,AIN2,Voltage,true,-0.012332413345575333
1765400101814070016,T7,AIN2,Voltage,true,-0.012017019093036652
1765400101814075904,T7,AIN2,Voltage,true,-0.01170162484049797
1765400101814081024,T7,AIN2,Voltage,true,-0.012017019093036652
1765400101814086912,T7,AIN2,Voltage,true,-0.01170162484049797
1765400101814093056,T7,AIN2,Voltage,true,-0.012332413345575333
1765400101814098944,T7,AIN2,Voltage,true,-0.012332413345575333
1765400101814105088,T7,AIN2,Voltage,true,-0.012017019093036652
1765400101814109952,T7,AIN2,Voltage,true,-0.012647808529436588
1765400101814116096,T7,AIN2,Voltage,true,-0.012332413345575333
1765400101814120960,T7,AIN2,Voltage,true,-0.012332413345575333
1765400101814127104,T7,AIN2,Voltage,true,-0.01170162484049797
1765400101814132992,T7,AIN2,Voltage,true,-0.012332413345575333
1765400101814138112,T7,AIN2,Voltage,true,-0.012332413345575333
1765400101814144000,T7,AIN2,Voltage,true,-0.012647808529436588
1765400101814149888,T7,AIN2,Voltage,true,-0.01170162484049797
1765400101814156032,T7,AIN2,Voltage,true,-0.01170162484049797
1765400101814160896,T7,AIN2,Voltage,true,-0.012332413345575333
1765400101814168064,T7,AIN2,Voltage,true,-0.012017019093036652
1765400101814172928,T7,AIN2,Voltage,true,-0.012017019093036652
1765400101814178048,T7,AIN2,Voltage,true,-0.012332413345575333
1765400101814183936,T7,AIN2,Voltage,true,-0.01138623058795929
1765400101814190080,T7,AIN2,Voltage,true,-0.011070836335420609
1765400101814195968,T7,AIN2,Voltage,true,-0.012332413345575333
1765400101814202112,T7,AIN2,Voltage,true,-0.012017019093036652
1765400101814208000,T7,AIN2,Voltage,true,-0.012332413345575333
1765400101814213120,T7,AIN2,Voltage,true,-0.012017019093036652
1765400101814220032,T7,AIN2,Voltage,true,-0.012647808529436588
1765400101814225920,T7,AIN2,Voltage,true,-0.012647808529436588
1765400101814231040,T7,AIN2,Voltage,true,-0.012647808529436588
1765400101814236928,T7,AIN2,Voltage,true,-0.012332413345575333
1765400101814243072,T7,AIN2,Voltage,true,-0.012647808529436588
1765400101814248960,T7,AIN2,Voltage,true,-0.012017019093036652
1765400101814254080,T7,AIN2,Voltage,true,-0.012332413345575333
1765400101814259968,T7,AIN2,Voltage,true,-0.01170162484049797
1765400101814266112,T7,AIN2,Voltage,true,-0.012017019093036652
1765400101814272000,T7,AIN2,Voltage,true,-0.012017019093036652
1765400101814277120,T7,AIN2,Voltage,true,-0.01170162484049797
1765400101814283008,T7,AIN2,Voltage,true,-0.01170162484049797
1765400101814288896,T7,AIN2,Voltage,true,-0.012017019093036652
1765400101814294016,T7,AIN2,Voltage,true,-0.01138623058795929
1765400101814300928,T7,AIN2,Voltage,true,-0.012017019093036652
1765400101814306048,T7,AIN2,Voltage,true,-0.012017019093036652
1765400101814311936,T7,AIN2,Voltage,true,-0.012647808529436588
1765400101814317056,T7,AIN2,Voltage,true,-0.012017019093036652
1765400101814322944,T7,AIN2,Voltage,true,-0.012647808529436588
1765400101814329088,T7,AIN2,Voltage,true,-0.012647808529436588
1765400101814333952,T7,AIN2,Voltage,true,-0.012332413345575333
1765400101814340096,T7,AIN2,Voltage,true,-0.012332413345575333
1765400101814345984,T7,AIN2,Voltage,true,-0.01170162484049797
1765400101814351872,T7,AIN2,Voltage,true,-0.01138623058795929
1765400101814356992,T7,AIN2,Voltage,true,-0.01170162484049797
1765400101814362880,T7,AIN2,Voltage,true,-0.012332413345575333
1765400101814369024,T7,AIN2,Voltage,true,-0.012017019093036652
1765400101814373888,T7,AIN2,Voltage,true,-0.01170162484049797
1765400101814381056,T7,AIN2,Voltage,true,-0.01170162484049797
1765400101814385920,T7,AIN2,Voltage,true,-0.012647808529436588
1765400101814392064,T7,AIN2,Voltage,true,-0.01170162484049797
1765400101814396928,T7,AIN2,Voltage,true,-0.01170162484049797
1765400101814403072,T7,AIN2,Voltage,true,-0.012017019093036652
1765400101814408960,T7,AIN2,Voltage,true,-0.012647808529436588
1765400101814414080,T7,AIN2,Voltage,true,-0.012017019093036652
1765400101814419968,T7,AIN2,Voltage,true,-0.012647808529436588
1765400101814426112,T7,AIN2,Voltage,true,-0.012332413345575333
1765400101814430976,T7,AIN2,Voltage,true,-0.01170162484049797
1765400101814437120,T7,AIN2,Voltage,true,-0.012017019093036652
1765400101814443008,T7,AIN2,Voltage,true,-0.01170162484049797
1765400101814448896,T7,AIN2,Voltage,true,-0.012017019093036652
1765400101814454016,T7,AIN2,Voltage,true,-0.012017019093036652
1765400101814459904,T7,AIN2,Voltage,true,-0.012017019093036652
1765400101814465024,T7,AIN2,Voltage,true,-0.01138623058795929
1765400101814470912,T7,AIN2,Voltage,true,-0.01138623058795929
1765400101814476032,T7,AIN2,Voltage,true,-0.01170162484049797
1765400101814480896,T7,AIN2,Voltage,true,-0.01170162484049797
1765400101814486016,T7,AIN2,Voltage,true,-0.01170162484049797
1765400101814490880,T7,AIN2,Voltage,true,-0.012017019093036652
1765400101814497024,T7,AIN2,Voltage,true,-0.01170162484049797
1765400101814501888,T7,AIN2,Voltage,true,-0.012647808529436588
1765400101814507008,T7,AIN2,Voltage,true,-0.01170162484049797
1765400101814512128,T7,AIN2,Voltage,true,-0.012647808529436588
1765400101814518016,T7,AIN2,Voltage,true,-0.012017019093036652
1765400101814522880,T7,AIN2,Voltage,true,-0.012332413345575333
1765400101814528000,T7,AIN2,Voltage,true,-0.012332413345575333
1765400101814533888,T7,AIN2,Voltage,true,-0.01170162484049797
1765400101814539008,T7,AIN2,Voltage,true,-0.012017019093036652
1765400101814543872,T7,AIN2,Voltage,true,-0.01170162484049797
1765400101814550016,T7,AIN2,Voltage,true,-0.012332413345575333
1765400101814554880,T7,AIN2,Voltage,true,-0.012017019093036652
1765400101814560000,T7,AIN2,Voltage,true,-0.01138623058795929
1765400101814565888,T7,AIN2,Voltage,true,-0.012332413345575333
1765400101814571008,T7,AIN2,Voltage,true,-0.01138623058795929
1765400101814576128,T7,AIN2,Voltage,true,-0.012017019093036652
1765400101814582016,T7,AIN2,Voltage,true,-0.012017019093036652
1765400101814586880,T7,AIN2,Voltage,true,-0.012017019093036652
1765400101814592000,T7,AIN2,Voltage,true,-0.012332413345575333
1765400101814597120,T7,AIN2,Voltage,true,-0.012017019093036652
1765400102800393984,T7,AIN2,Voltage,true,-0.012647808529436588
1765400102800503040,T7,AIN2,Voltage,true,-0.012332413345575333
1765400102800518912,T7,AIN2,Voltage,true,-0.012017019093036652
1765400102800529920,T7,AIN2,Voltage,true,-0.01170162484049797
1765400102800539904,T7,AIN2,Voltage,true,-0.012332413345575333
1765400102800549120,T7,AIN2,Voltage,true,-0.012332413345575333
1765400102800559104,T7,AIN2,Voltage,true,-0.012017019093036652
1765400102800568064,T7,AIN2,Voltage,true,-0.012017019093036652
1765400102800577024,T7,AIN2,Voltage,true,-0.012017019093036652
1765400102800612096,T7,AIN2,Voltage,true,-0.01170162484049797
1765400102800628992,T7,AIN2,Voltage,true,-0.012332413345575333
1765400102800637952,T7,AIN2,Voltage,true,-0.012332413345575333
1765400102800646912,T7,AIN2,Voltage,true,-0.012647808529436588
1765400102800658944,T7,AIN2,Voltage,true,-0.012332413345575333
1765400102800667904,T7,AIN2,Voltage,true,-0.012332413345575333
1765400102800677120,T7,AIN2,Voltage,true,-0.012017019093036652
1765400102800687104,T7,AIN2,Voltage,true,-0.01170162484049797
1765400102800696064,T7,AIN2,Voltage,true,-0.012647808529436588
1765400102800770048,T7,AIN2,Voltage,true,-0.012647808529436588
1765400102800797952,T7,AIN2,Voltage,true,-0.012332413345575333
1765400102800811008,T7,AIN2,Voltage,true,-0.012017019093036652
1765400102800822016,T7,AIN2,Voltage,true,-0.012332413345575333
1765400102800832000,T7,AIN2,Voltage,true,-0.012332413345575333
1765400102800840960,T7,AIN2,Voltage,true,-0.012332413345575333
1765400102800849920,T7,AIN2,Voltage,true,-0.012017019093036652
1765400102800858880,T7,AIN2,Voltage,true,-0.01170162484049797
1765400102800869120,T7,AIN2,Voltage,true,-0.01170162484049797
1765400102800878080,T7,AIN2,Voltage,true,-0.012017019093036652
1765400102800887040,T7,AIN2,Voltage,true,-0.01138623058795929
1765400102800897024,T7,AIN2,Voltage,true,-0.012332413345575333
1765400102800905984,T7,AIN2,Voltage,true,-0.012332413345575333
1765400102800914944,T7,AIN2,Voltage,true,-0.012017019093036652
1765400102800923904,T7,AIN2,Voltage,true,-0.01170162484049797
1765400102800998912,T7,AIN2,Voltage,true,-0.012017019093036652
1765400102801015040,T7,AIN2,Voltage,true,-0.01170162484049797
1765400102801024000,T7,AIN2,Voltage,true,-0.012332413345575333
1765400102801033984,T7,AIN2,Voltage,true,-0.012332413345575333
1765400102801042944,T7,AIN2,Voltage,true,-0.012332413345575333
1765400102801051904,T7,AIN2,Voltage,true,-0.01170162484049797
1765400102801061120,T7,AIN2,Voltage,true,-0.012332413345575333
1765400102801070080,T7,AIN2,Voltage,true,-0.01170162484049797
1765400102801079040,T7,AIN2,Voltage,true,-0.01170162484049797
1765400102801088000,T7,AIN2,Voltage,true,-0.012017019093036652
1765400102801095936,T7,AIN2,Voltage,true,-0.012332413345575333
1765400102801104896,T7,AIN2,Voltage,true,-0.012017019093036652
1765400102801114112,T7,AIN2,Voltage,true,-0.012647808529436588
1765400102801122048,T7,AIN2,Voltage,true,-0.01138623058795929
1765400102801131008,T7,AIN2,Voltage,true,-0.012017019093036652
1765400102801139968,T7,AIN2,Voltage,true,-0.012017019093036652
1765400102801148928,T7,AIN2,Voltage,true,-0.012332413345575333
1765400102801157888,T7,AIN2,Voltage,true,-0.012332413345575333
1765400102801166080,T7,AIN2,Voltage,true,-0.012647808529436588
1765400102801175040,T7,AIN2,Voltage,true,-0.012332413345575333
1765400102801184000,T7,AIN2,Voltage,true,-0.012017019093036652
1765400102801191936,T7,AIN2,Voltage,true,-0.012332413345575333
1765400102801200896,T7,AIN2,Voltage,true,-0.012332413345575333
1765400102801210112,T7,AIN2,Voltage,true,-0.01170162484049797
1765400102801219072,T7,AIN2,Voltage,true,-0.012017019093036652
1765400102801228032,T7,AIN2,Voltage,true,-0.01138623058795929
1765400102801236992,T7,AIN2,Voltage,true,-0.012647808529436588
1765400102801245952,T7,AIN2,Voltage,true,-0.012647808529436588
1765400102801253888,T7,AIN2,Voltage,true,-0.01170162484049797
1765400102801263104,T7,AIN2,Voltage,true,-0.012332413345575333
1765400102801272064,T7,AIN2,Voltage,true,-0.012332413345575333
1765400102801281024,T7,AIN2,Voltage,true,-0.012017019093036652
1765400102801289984,T7,AIN2,Voltage,true,-0.012332413345575333
1765400102801298944,T7,AIN2,Voltage,true,-0.012332413345575333
1765400102801307904,T7,AIN2,Voltage,true,-0.012017019093036652
1765400102801317120,T7,AIN2,Voltage,true,-0.012647808529436588
1765400102801326080,T7,AIN2,Voltage,true,-0.012332413345575333
1765400102801334016,T7,AIN2,Voltage,true,-0.01138623058795929
1765400102801342976,T7,AIN2,Voltage,true,-0.012017019093036652
1765400102801351936,T7,AIN2,Voltage,true,-0.01138623058795929
1765400102801360896,T7,AIN2,Voltage,true,-0.012332413345575333
1765400102801374976,T7,AIN2,Voltage,true,-0.01170162484049797
1765400102801383936,T7,AIN2,Voltage,true,-0.01170162484049797
1765400102801392896,T7,AIN2,Voltage,true,-0.01170162484049797
1765400102801402112,T7,AIN2,Voltage,true,-0.012647808529436588
1765400102801411072,T7,AIN2,Voltage,true,-0.012017019093036652
1765400102801419008,T7,AIN2,Voltage,true,-0.01170162484049797
1765400102801427968,T7,AIN2,Voltage,true,-0.012017019093036652
1765400102801436928,T7,AIN2,Voltage,true,-0.012332413345575333
1765400102801445888,T7,AIN2,Voltage,true,-0.012332413345575333
1765400102801455104,T7,AIN2,Voltage,true,-0.012332413345575333
1765400102801463040,T7,AIN2,Voltage,true,-0.01296320278197527
1765400102801472000,T7,AIN2,Voltage,true,-0.012647808529436588
1765400102801481984,T7,AIN2,Voltage,true,-0.012017019093036652
1765400102801489920,T7,AIN2,Voltage,true,-0.012332413345575333
1765400102801498880,T7,AIN2,Voltage,true,-0.012017019093036652
1765400102801508096,T7,AIN2,Voltage,true,-0.012647808529436588
1765400102801516032,T7,AIN2,Voltage,true,-0.012017019093036652
1765400102801524992,T7,AIN2,Voltage,true,-0.01138623058795929
1765400102801533952,T7,AIN2,Voltage,true,-0.01170162484049797
1765400102801542912,T7,AIN2,Voltage,true,-0.012017019093036652
1765400102801551104,T7,AIN2,Voltage,true,-0.012017019093036652
1765400102801562112,T7,AIN2,Voltage,true,-0.012332413345575333
1765400102801571072,T7,AIN2,Voltage,true,-0.012332413345575333
1765400102801580032,T7,AIN2,Voltage,true,-0.012017019093036652
1765400102801593088,T7,AIN2,Voltage,true,-0.012332413345575333
1765400102801602048,T7,AIN2,Voltage,true,-0.012647808529436588
1765400102801609984,T7,AIN2,Voltage,true,-0.012647808529436588
1765400102801618944,T7,AIN2,Voltage,true,-0.012332413345575333
1765400102801627904,T7,AIN2,Voltage,true,-0.012332413345575333
1765400102801637120,T7,AIN2,Voltage,true,-0.012017019093036652
1765400102801645056,T7,AIN2,Voltage,true,-0.012332413345575333
1765400102801654016,T7,AIN2,Voltage,true,-0.01170162484049797
1765400102801662976,T7,AIN2,Voltage,true,-0.01170162484049797
1765400102801670912,T7,AIN2,Voltage,true,-0.012647808529436588
1765400102801679872,T7,AIN2,Voltage,true,-0.012332413345575333
1765400102801690112,T7,AIN2,Voltage,true,-0.01170162484049797
1765400102801700096,T7,AIN2,Voltage,true,-0.012332413345575333
1765400102801709056,T7,AIN2,Voltage,true,-0.012017019093036652
1765400102801718016,T7,AIN2,Voltage,true,-0.012332413345575333
1765400102801725952,T7,AIN2,Voltage,true,-0.01170162484049797
1765400102801734912,T7,AIN2,Voltage,true,-0.012017019093036652
1765400102801743872,T7,AIN2,Voltage,true,-0.012647808529436588
1765400102801753088,T7,AIN2,Voltage,true,-0.012647808529436588
1765400102801762048,T7,AIN2,Voltage,true,-0.012647808529436588
1765400102801772032,T7,AIN2,Voltage,true,-0.012332413345575333
1765400102801780992,T7,AIN2,Voltage,true,-0.012017019093036652
1765400102801789952,T7,AIN2,Voltage,true,-0.012332413345575333
1765400102801798912,T7,AIN2,Voltage,true,-0.012017019093036652
1765400102801807872,T7,AIN2,Voltage,true,-0.012332413345575333
1765400102801816064,T7,AIN2,Voltage,true,-0.012332413345575333
1765400102801825024,T7,AIN2,Voltage,true,-0.012017019093036652
1765400102801832960,T7,AIN2,Voltage,true,-0.01170162484049797
1765400102801842944,T7,AIN2,Voltage,true,-0.012647808529436588
1765400102801850880,T7,AIN2,Voltage,true,-0.012332413345575333
1765400102801860096,T7,AIN2,Voltage,true,-0.012017019093036652
1765400102801869056,T7,AIN2,Voltage,true,-0.01170162484049797
1765400102801878016,T7,AIN2,Voltage,true,-0.01170162484049797
1765400102801885952,T7,AIN2,Voltage,true,-0.012332413345575333
1765400102801894912,T7,AIN2,Voltage,true,-0.012647808529436588
1765400102801904896,T7,AIN2,Voltage,true,-0.012647808529436588
1765400102801914112,T7,AIN2,Voltage,true,-0.012647808529436588
1765400102801923072,T7,AIN2,Voltage,true,-0.012332413345575333
1765400102801932032,T7,AIN2,Voltage,true,-0.01170162484049797
1765400102801939968,T7,AIN2,Voltage,true,-0.01170162484049797
1765400102801948928,T7,AIN2,Voltage,true,-0.01170162484049797
1765400102801958912,T7,AIN2,Voltage,true,-0.01170162484049797
1765400102801968128,T7,AIN2,Voltage,true,-0.012017019093036652
1765400102801977088,T7,AIN2,Voltage,true,-0.012017019093036652
1765400102801986048,T7,AIN2,Voltage,true,-0.011070836335420609
1765400102801995008,T7,AIN2,Voltage,true,-0.012017019093036652
1765400102802002944,T7,AIN2,Voltage,true,-0.012332413345575333
1765400102802011904,T7,AIN2,Voltage,true,-0.012647808529436588
1765400102802021120,T7,AIN2,Voltage,true,-0.012017019093036652
1765400102802030080,T7,AIN2,Voltage,true,-0.012332413345575333
1765400102802038016,T7,AIN2,Voltage,true,-0.01170162484049797
1765400102802046976,T7,AIN2,Voltage,true,-0.012647808529436588
1765400102802055936,T7,AIN2,Voltage,true,-0.012332413345575333
1765400102802064896,T7,AIN2,Voltage,true,-0.012332413345575333
1765400102802074112,T7,AIN2,Voltage,true,-0.012017019093036652
1765400102802083072,T7,AIN2,Voltage,true,-0.012332413345575333
1765400102802092032,T7,AIN2,Voltage,true,-0.012017019093036652
1765400102802100992,T7,AIN2,Voltage,true,-0.01170162484049797
1765400102802109952,T7,AIN2,Voltage,true,-0.012017019093036652
1765400102802117888,T7,AIN2,Voltage,true,-0.012017019093036652
1765400102802127104,T7,AIN2,Voltage,true,-0.012017019093036652
1765400102802135040,T7,AIN2,Voltage,true,-0.01138623058795929
1765400102802144000,T7,AIN2,Voltage,true,-0.012332413345575333
1765400102802152960,T7,AIN2,Voltage,true,-0.012017019093036652
1765400102802216960,T7,AIN2,Voltage,true,-0.012332413345575333
1765400102802231040,T7,AIN2,Voltage,true,-0.012332413345575333
1765400102802240000,T7,AIN2,Voltage,true,-0.012332413345575333
1765400102802248960,T7,AIN2,Voltage,true,-0.012017019093036652
1765400102802257920,T7,AIN2,Voltage,true,-0.012332413345575333
1765400102802266112,T7,AIN2,Voltage,true,-0.012332413345575333
1765400102802275072,T7,AIN2,Voltage,true,-0.012647808529436588
1765400102802283008,T7,AIN2,Voltage,true,-0.012017019093036652
1765400102802291968,T7,AIN2,Voltage,true,-0.012017019093036652
1765400102802299904,T7,AIN2,Voltage,true,-0.012017019093036652
1765400102802309120,T7,AIN2,Voltage,true,-0.01170162484049797
1765400102802318080,T7,AIN2,Voltage,true,-0.01170162484049797
1765400102802327040,T7,AIN2,Voltage,true,-0.01170162484049797
1765400102802334976,T7,AIN2,Voltage,true,-0.01138623058795929
1765400102802343936,T7,AIN2,Voltage,true,-0.01170162484049797
1765400102802352128,T7,AIN2,Voltage,true,-0.012332413345575333
1765400102802361088,T7,AIN2,Voltage,true,-0.01170162484049797
1765400102802370048,T7,AIN2,Voltage,true,-0.01296320278197527
1765400102802377984,T7,AIN2,Voltage,true,-0.012647808529436588
1765400102802386944,T7,AIN2,Voltage,true,-0.012017019093036652
1765400102802394880,T7,AIN2,Voltage,true,-0.012017019093036652
1765400102802404096,T7,AIN2,Voltage,true,-0.012332413345575333
1765400102802413056,T7,AIN2,Voltage,true,-0.012332413345575333
1765400102802420992,T7,AIN2,Voltage,true,-0.012332413345575333
1765400102802429952,T7,AIN2,Voltage,true,-0.012017019093036652
1765400102802437888,T7,AIN2,Voltage,true,-0.012017019093036652
1765400102802447104,T7,AIN2,Voltage,true,-0.012647808529436588
1765400102802514944,T7,AIN2,Voltage,true,-0.012017019093036652
1765400102802528000,T7,AIN2,Voltage,true,-0.01170162484049797
1765400102802536960,T7,AIN2,Voltage,true,-0.01170162484049797
1765400102802545920,T7,AIN2,Voltage,true,-0.01170162484049797
1765400102802554112,T7,AIN2,Voltage,true,-0.012332413345575333
1765400102802563072,T7,AIN2,Voltage,true,-0.01170162484049797
1765400102802572032,T7,AIN2,Voltage,true,-0.012017019093036652
1765400102802580992,T7,AIN2,Voltage,true,-0.01170162484049797
1765400102802588928,T7,AIN2,Voltage,true,-0.012017019093036652
1765400102802597888,T7,AIN2,Voltage,true,-0.012017019093036652
1765400102802607104,T7,AIN2,Voltage,true,-0.012017019093036652
1765400102802616064,T7,AIN2,Voltage,true,-0.012332413345575333
1765400102802624000,T7,AIN2,Voltage,true,-0.012647808529436588
1765400102802632960,T7,AIN2,Voltage,true,-0.012017019093036652
1765400102802643968,T7,AIN2,Voltage,true,-0.012332413345575333
1765400102802652928,T7,AIN2,Voltage,true,-0.012017019093036652
1765400102802661888,T7,AIN2,Voltage,true,-0.012017019093036652
1765400102802671104,T7,AIN2,Voltage,true,-0.012332413345575333
1765400102802680064,T7,AIN2,Voltage,true,-0.012017019093036652
1765400102802689024,T7,AIN2,Voltage,true,-0.01170162484049797
1765400102802697984,T7,AIN2,Voltage,true,-0.012017019093036652
1765400102802706944,T7,AIN2,Voltage,true,-0.012332413345575333
1765400102802716928,T7,AIN2,Voltage,true,-0.012332413345575333
1765400102802725888,T7,AIN2,Voltage,true,-0.012332413345575333
1765400102802735104,T7,AIN2,Voltage,true,-0.01138623058795929
1765400102802743040,T7,AIN2,Voltage,true,-0.012017019093036652
1765400102802753024,T7,AIN2,Voltage,true,-0.012332413345575333
1765400102802760960,T7,AIN2,Voltage,true,-0.012332413345575333
1765400102802769920,T7,AIN2,Voltage,true,-0.012017019093036652
1765400102802778880,T7,AIN2,Voltage,true,-0.012017019093036652
1765400102802787072,T7,AIN2,Voltage,true,-0.012332413345575333
1765400102802796032,T7,AIN2,Voltage,true,-0.012017019093036652
1765400102802804992,T7,AIN2,Voltage,true,-0.01170162484049797
1765400102802812928,T7,AIN2,Voltage,true,-0.012332413345575333
1765400102802821888,T7,AIN2,Voltage,true,-0.012332413345575333
1765400102802831872,T7,AIN2,Voltage,true,-0.012017019093036652
1765400102802841088,T7,AIN2,Voltage,true,-0.01170162484049797
1765400102802850048,T7,AIN2,Voltage,true,-0.012017019093036652
1765400102802860032,T7,AIN2,Voltage,true,-0.012017019093036652
1765400102802868992,T7,AIN2,Voltage,true,-0.012017019093036652
1765400102802876928,T7,AIN2,Voltage,true,-0.012332413345575333
1765400102802885888,T7,AIN2,Voltage,true,-0.012017019093036652
1765400102802895104,T7,AIN2,Voltage,true,-0.012332413345575333
1765400102802904064,T7,AIN2,Voltage,true,-0.012017019093036652
1765400102802913024,T7,AIN2,Voltage,true,-0.012647808529436588
1765400102802921984,T7,AIN2,Voltage,true,-0.012017019093036652
1765400102802930944,T7,AIN2,Voltage,true,-0.012647808529436588
1765400102802939904,T7,AIN2,Voltage,true,-0.012332413345575333
1765400102802949120,T7,AIN2,Voltage,true,-0.01170162484049797
1765400102802958080,T7,AIN2,Voltage,true,-0.012332413345575333
1765400102802968064,T7,AIN2,Voltage,true,-0.012017019093036652
1765400102802976000,T7,AIN2,Voltage,true,-0.012017019093036652
1765400102802984960,T7,AIN2,Voltage,true,-0.012017019093036652
1765400102802993920,T7,AIN2,Voltage,true,-0.01138623058795929
1765400102803002880,T7,AIN2,Voltage,true,-0.012017019093036652
1765400102803012096,T7,AIN2,Voltage,true,-0.012017019093036652
1765400102803024896,T7,AIN2,Voltage,true,-0.012332413345575333
1765400102803034112,T7,AIN2,Voltage,true,-0.012017019093036652
1765400102803043072,T7,AIN2,Voltage,true,-0.012332413345575333
1765400102803052032,T7,AIN2,Voltage,true,-0.012647808529436588
1765400102803060992,T7,AIN2,Voltage,true,-0.012332413345575333
1765400102803068928,T7,AIN2,Voltage,true,-0.012647808529436588
1765400102803077888,T7,AIN2,Voltage,true,-0.012332413345575333
1765400102803087104,T7,AIN2,Voltage,true,-0.012017019093036652
1765400102803096064,T7,AIN2,Voltage,true,-0.012017019093036652
1765400102803105024,T7,AIN2,Voltage,true,-0.012647808529436588
1765400102803113984,T7,AIN2,Voltage,true,-0.012017019093036652
1765400102803122944,T7,AIN2,Voltage,true,-0.012332413345575333
1765400102803131904,T7,AIN2,Voltage,true,-0.012017019093036652
1765400102803141888,T7,AIN2,Voltage,true,-0.01138623058795929
1765400102803151104,T7,AIN2,Voltage,true,-0.012017019093036652
1765400102803159040,T7,AIN2,Voltage,true,-0.01170162484049797
1765400102803168000,T7,AIN2,Voltage,true,-0.012332413345575333
1765400102803176960,T7,AIN2,Voltage,true,-0.012332413345575333
1765400102803185920,T7,AIN2,Voltage,true,-0.012332413345575333
1765400102803194880,T7,AIN2,Voltage,true,-0.01170162484049797
1765400102803204096,T7,AIN2,Voltage,true,-0.012647808529436588
1765400102803212032,T7,AIN2,Voltage,true,-0.012332413345575333
1765400102803220992,T7,AIN2,Voltage,true,-0.012017019093036652
1765400102803229952,T7,AIN2,Voltage,true,-0.012332413345575333
1765400102803238912,T7,AIN2,Voltage,true,-0.012647808529436588
1765400102803247104,T7,AIN2,Voltage,true,-0.012332413345575333
1765400102803257088,T7,AIN2,Voltage,true,-0.012017019093036652
1765400102803265024,T7,AIN2,Voltage,true,-0.01138623058795929
1765400102803273984,T7,AIN2,Voltage,true,-0.01170162484049797
1765400102803282944,T7,AIN2,Voltage,true,-0.01170162484049797
1765400102803290880,T7,AIN2,Voltage,true,-0.01138623058795929
1765400102803301120,T7,AIN2,Voltage,true,-0.012017019093036652
1765400102803311104,T7,AIN2,Voltage,true,-0.012017019093036652
1765400102803320064,T7,AIN2,Voltage,true,-0.012332413345575333
1765400102803329024,T7,AIN2,Voltage,true,-0.012647808529436588
1765400102803337984,T7,AIN2,Voltage,true,-0.012017019093036652
1765400102803345920,T7,AIN2,Voltage,true,-0.012017019093036652
1765400102803354880,T7,AIN2,Voltage,true,-0.012647808529436588
1765400102803364096,T7,AIN2,Voltage,true,-0.012647808529436588
1765400102803372032,T7,AIN2,Voltage,true,-0.012017019093036652
1765400102803384064,T7,AIN2,Voltage,true,-0.01170162484049797
1765400102803393024,T7,AIN2,Voltage,true,-0.01138623058795929
1765400102803401984,T7,AIN2,Voltage,true,-0.012332413345575333
1765400102803410944,T7,AIN2,Voltage,true,-0.01170162484049797
1765400102803419904,T7,AIN2,Voltage,true,-0.012647808529436588
1765400102803429120,T7,AIN2,Voltage,true,-0.012017019093036652
1765400102803456000,T7,AIN2,Voltage,true,-0.012332413345575333
1765400102803468032,T7,AIN2,Voltage,true,-0.01138623058795929
1765400102803478016,T7,AIN2,Voltage,true,-0.012332413345575333
1765400102803485952,T7,AIN2,Voltage,true,-0.01170162484049797
1765400102803494912,T7,AIN2,Voltage,true,-0.012647808529436588
1765400102803504128,T7,AIN2,Voltage,true,-0.012017019093036652
1765400102803513088,T7,AIN2,Voltage,true,-0.012017019093036652
1765400102803522048,T7,AIN2,Voltage,true,-0.012647808529436588
1765400102803529984,T7,AIN2,Voltage,true,-0.012017019093036652
1765400102803538944,T7,AIN2,Voltage,true,-0.012332413345575333
1765400102803547904,T7,AIN2,Voltage,true,-0.012647808529436588
1765400102803557120,T7,AIN2,Voltage,true,-0.012647808529436588
1765400102803566080,T7,AIN2,Voltage,true,-0.012647808529436588
1765400102803574016,T7,AIN2,Voltage,true,-0.01170162484049797
1765400102803582976,T7,AIN2,Voltage,true,-0.012017019093036652
1765400102803591936,T7,AIN2,Voltage,true,-0.012647808529436588
1765400102803600896,T7,AIN2,Voltage,true,-0.012017019093036652
1765400102803609088,T7,AIN2,Voltage,true,-0.01170162484049797
1765400102803618048,T7,AIN2,Voltage,true,-0.01170162484049797
1765400102803627008,T7,AIN2,Voltage,true,-0.012332413345575333
1765400102803635968,T7,AIN2,Voltage,true,-0.012017019093036652
1765400102803644928,T7,AIN2,Voltage,true,-0.012017019093036652
1765400102803653888,T7,AIN2,Voltage,true,-0.012647808529436588
1765400102803663104,T7,AIN2,Voltage,true,-0.012647808529436588
1765400102803672064,T7,AIN2,Voltage,true,-0.012332413345575333
1765400102803681024,T7,AIN2,Voltage,true,-0.012017019093036652
1765400102803688960,T7,AIN2,Voltage,true,-0.012332413345575333
1765400102803697920,T7,AIN2,Voltage,true,-0.012017019093036652
1765400102803706880,T7,AIN2,Voltage,true,-0.012332413345575333
1765400102803716096,T7,AIN2,Voltage,true,-0.012017019093036652
1765400102803725056,T7,AIN2,Voltage,true,-0.012017019093036652
1765400102803732992,T7,AIN2,Voltage,true,-0.012017019093036652
1765400102803741952,T7,AIN2,Voltage,true,-0.01296320278197527
1765400102803750912,T7,AIN2,Voltage,true,-0.012647808529436588
1765400102803760128,T7,AIN2,Voltage,true,-0.012017019093036652
1765400102803768064,T7,AIN2,Voltage,true,-0.012332413345575333
1765400102803777024,T7,AIN2,Voltage,true,-0.012647808529436588
1765400102803785984,T7,AIN2,Voltage,true,-0.012332413345575333
1765400102803794944,T7,AIN2,Voltage,true,-0.012017019093036652
1765400102803802880,T7,AIN2,Voltage,true,-0.012332413345575333
1765400102803812096,T7,AIN2,Voltage,true,-0.012017019093036652
1765400102803821056,T7,AIN2,Voltage,true,-0.012017019093036652
1765400102803830016,T7,AIN2,Voltage,true,-0.012017019093036652
1765400102803837952,T7,AIN2,Voltage,true,-0.012647808529436588
1765400102803846912,T7,AIN2,Voltage,true,-0.012332413345575333
1765400102803855872,T7,AIN2,Voltage,true,-0.01170162484049797
1765400102803865088,T7,AIN2,Voltage,true,-0.012017019093036652
1765400102803873024,T7,AIN2,Voltage,true,-0.01170162484049797
1765400102803881984,T7,AIN2,Voltage,true,-0.01170162484049797
1765400102803890944,T7,AIN2,Voltage,true,-0.01170162484049797
1765400102803898880,T7,AIN2,Voltage,true,-0.01170162484049797
1765400102803908096,T7,AIN2,Voltage,true,-0.012332413345575333
1765400102803917056,T7,AIN2,Voltage,true,-0.012332413345575333
1765400102803926016,T7,AIN2,Voltage,true,-0.012647808529436588
1765400102803934976,T7,AIN2,Voltage,true,-0.012647808529436588
1765400102803943936,T7,AIN2,Voltage,true,-0.012647808529436588
1765400102803952896,T7,AIN2,Voltage,true,-0.012332413345575333
1765400102803962112,T7,AIN2,Voltage,true,-0.012332413345575333
1765400102803970048,T7,AIN2,Voltage,true,-0.012332413345575333
1765400102803979008,T7,AIN2,Voltage,true,-0.012332413345575333
1765400102803987968,T7,AIN2,Voltage,true,-0.012332413345575333
1765400102803995904,T7,AIN2,Voltage,true,-0.012647808529436588
1765400102804005120,T7,AIN2,Voltage,true,-0.012332413345575333
1765400102804014080,T7,AIN2,Voltage,true,-0.012017019093036652
1765400102804023040,T7,AIN2,Voltage,true,-0.01170162484049797
1765400102804032000,T7,AIN2,Voltage,true,-0.01170162484049797
1765400102804040960,T7,AIN2,Voltage,true,-0.01170162484049797
1765400102804049920,T7,AIN2,Voltage,true,-0.01138623058795929
1765400102804058880,T7,AIN2,Voltage,true,-0.012017019093036652
1765400102804067072,T7,AIN2,Voltage,true,-0.012647808529436588
1765400102804077056,T7,AIN2,Voltage,true,-0.01296320278197527
1765400102804084992,T7,AIN2,Voltage,true,-0.012647808529436588
1765400102804093952,T7,AIN2,Voltage,true,-0.012017019093036652
1765400102804102912,T7,AIN2,Voltage,true,-0.012017019093036652
1765400102804111872,T7,AIN2,Voltage,true,-0.012332413345575333
1765400102804121088,T7,AIN2,Voltage,true,-0.012647808529436588
1765400102804129024,T7,AIN2,Voltage,true,-0.012332413345575333
1765400102804139008,T7,AIN2,Voltage,true,-0.012332413345575333
1765400102804146944,T7,AIN2,Voltage,true,-0.012332413345575333
1765400102804155904,T7,AIN2,Voltage,true,-0.012332413345575333
1765400102804165120,T7,AIN2,Voltage,true,-0.012647808529436588
1765400102804173056,T7,AIN2,Voltage,true,-0.01138623058795929
1765400102804183040,T7,AIN2,Voltage,true,-0.012017019093036652
1765400102804190976,T7,AIN2,Voltage,true,-0.012017019093036652
1765400102804199936,T7,AIN2,Voltage,true,-0.011070836335420609
1765400102804208896,T7,AIN2,Voltage,true,-0.01170162484049797
1765400102804218112,T7,AIN2,Voltage,true,-0.012647808529436588
1765400102804227072,T7,AIN2,Voltage,true,-0.012332413345575333
1765400102804236032,T7,AIN2,Voltage,true,-0.012017019093036652
1765400102804244992,T7,AIN2,Voltage,true,-0.012017019093036652
1765400102804252928,T7,AIN2,Voltage,true,-0.012017019093036652
1765400102804261888,T7,AIN2,Voltage,true,-0.012017019093036652
1765400102804271104,T7,AIN2,Voltage,true,-0.012647808529436588
1765400102804280064,T7,AIN2,Voltage,true,-0.012647808529436588
1765400102804288000,T7,AIN2,Voltage,true,-0.012017019093036652
1765400102804296960,T7,AIN2,Voltage,true,-0.01138623058795929
1765400102804305920,T7,AIN2,Voltage,true,-0.01170162484049797
1765400102804314880,T7,AIN2,Voltage,true,-0.01138623058795929
1765400102804323072,T7,AIN2,Voltage,true,-0.012017019093036652
1765400102804332032,T7,AIN2,Voltage,true,-0.012332413345575333
1765400102804340992,T7,AIN2,Voltage,true,-0.012017019093036652
1765400102804349952,T7,AIN2,Voltage,true,-0.01138623058795929
1765400102804357888,T7,AIN2,Voltage,true,-0.01170162484049797
1765400102804367104,T7,AIN2,Voltage,true,-0.01170162484049797
1765400102804376064,T7,AIN2,Voltage,true,-0.012017019093036652
1765400102804385024,T7,AIN2,Voltage,true,-0.012647808529436588
1765400102804393984,T7,AIN2,Voltage,true,-0.012017019093036652
1765400102804401920,T7,AIN2,Voltage,true,-0.012017019093036652
1765400102804410880,T7,AIN2,Voltage,true,-0.01170162484049797
1765400102804420096,T7,AIN2,Voltage,true,-0.012647808529436588
1765400102804429056,T7,AIN2,Voltage,true,-0.012017019093036652
1765400102804438016,T7,AIN2,Voltage,true,-0.012647808529436588
1765400102804446976,T7,AIN2,Voltage,true,-0.012017019093036652
1765400102804454912,T7,AIN2,Voltage,true,-0.012332413345575333
1765400102804464128,T7,AIN2,Voltage,true,-0.012017019093036652
1765400102804473088,T7,AIN2,Voltage,true,-0.01138623058795929
1765400102804482048,T7,AIN2,Voltage,true,-0.012017019093036652
1765400102804491008,T7,AIN2,Voltage,true,-0.01170162484049797
1765400102804499968,T7,AIN2,Voltage,true,-0.012017019093036652
1765400102804508928,T7,AIN2,Voltage,true,-0.01170162484049797
1765400102804517120,T7,AIN2,Voltage,true,-0.01170162484049797
1765400102804526080,T7,AIN2,Voltage,true,-0.01170162484049797
1765400102804535040,T7,AIN2,Voltage,true,-0.012017019093036652
1765400102804544000,T7,AIN2,Voltage,true,-0.012647808529436588
1765400102804551936,T7,AIN2,Voltage,true,-0.012332413345575333
1765400102804560896,T7,AIN2,Voltage,true,-0.012332413345575333
1765400102804570112,T7,AIN2,Voltage,true,-0.012332413345575333
1765400102804579072,T7,AIN2,Voltage,true,-0.012332413345575333
1765400102804588032,T7,AIN2,Voltage,true,-0.012017019093036652
1765400102804609024,T7,AIN2,Voltage,true,-0.012017019093036652
1765400102804619008,T7,AIN2,Voltage,true,-0.012017019093036652
1765400102804627968,T7,AIN2,Voltage,true,-0.012647808529436588
1765400102804636928,T7,AIN2,Voltage,true,-0.012332413345575333
1765400102804645888,T7,AIN2,Voltage,true,-0.01170162484049797
1765400102804657920,T7,AIN2,Voltage,true,-0.012332413345575333
1765400102804666880,T7,AIN2,Voltage,true,-0.01170162484049797
1765400102804676096,T7,AIN2,Voltage,true,-0.012647808529436588
1765400102804685056,T7,AIN2,Voltage,true,-0.012017019093036652
1765400102804694016,T7,AIN2,Voltage,true,-0.012017019093036652
1765400102804702976,T7,AIN2,Voltage,true,-0.012017019093036652
1765400102804711936,T7,AIN2,Voltage,true,-0.012647808529436588
1765400102804720896,T7,AIN2,Voltage,true,-0.012332413345575333
1765400102804730112,T7,AIN2,Voltage,true,-0.012647808529436588
1765400102804738048,T7,AIN2,Voltage,true,-0.01296320278197527
1765400102804747008,T7,AIN2,Voltage,true,-0.012332413345575333
1765400102804755968,T7,AIN2,Voltage,true,-0.012017019093036652
1765400102804764928,T7,AIN2,Voltage,true,-0.012332413345575333
1765400102804773888,T7,AIN2,Voltage,true,-0.012647808529436588
1765400102804783104,T7,AIN2,Voltage,true,-0.012017019093036652
1765400102804791040,T7,AIN2,Voltage,true,-0.01170162484049797
1765400102804800000,T7,AIN2,Voltage,true,-0.012017019093036652
1765400102804807936,T7,AIN2,Voltage,true,-0.012017019093036652
1765400102804816896,T7,AIN2,Voltage,true,-0.012332413345575333
1765400102804825088,T7,AIN2,Voltage,true,-0.01170162484049797
1765400102804834048,T7,AIN2,Voltage,true,-0.012332413345575333
1765400102804843008,T7,AIN2,Voltage,true,-0.01170162484049797
1765400102808717056,T7,AIN2,Voltage,true,-0.012017019093036652
1765400102808802048,T7,AIN2,Voltage,true,-0.01170162484049797
1765400102808822016,T7,AIN2,Voltage,true,-0.012647808529436588
1765400102808832000,T7,AIN2,Voltage,true,-0.01296320278197527
1765400102808839936,T7,AIN2,Voltage,true,-0.01296320278197527
1765400102808847872,T7,AIN2,Voltage,true,-0.012332413345575333
1765400102808857088,T7,AIN2,Voltage,true,-0.01170162484049797
1765400102808864000,T7,AIN2,Voltage,true,-0.01138623058795929
1765400102808871936,T7,AIN2,Voltage,true,-0.012017019093036652
1765400102810482944,T7,AIN2,Voltage,true,-0.012017019093036652
1765400102810499072,T7,AIN2,Voltage,true,-0.012332413345575333
1765400102810509056,T7,AIN2,Voltage,true,-0.012017019093036652
1765400102810516992,T7,AIN2,Voltage,true,-0.01138623058795929
1765400102810524928,T7,AIN2,Voltage,true,-0.012647808529436588
1765400102810533120,T7,AIN2,Voltage,true,-0.012332413345575333
1765400102810541056,T7,AIN2,Voltage,true,-0.012332413345575333
1765400102810547968,T7,AIN2,Voltage,true,-0.012017019093036652
1765400102810555904,T7,AIN2,Voltage,true,-0.012017019093036652
1765400102810656000,T7,AIN2,Voltage,true,-0.012017019093036652
1765400102810667008,T7,AIN2,Voltage,true,-0.012017019093036652
1765400102810674944,T7,AIN2,Voltage,true,-0.012332413345575333
1765400102810682112,T7,AIN2,Voltage,true,-0.012647808529436588
1765400102810690048,T7,AIN2,Voltage,true,-0.012017019093036652
1765400102810697984,T7,AIN2,Voltage,true,-0.012017019093036652
1765400102810704896,T7,AIN2,Voltage,true,-0.012017019093036652
1765400102810712064,T7,AIN2,Voltage,true,-0.01170162484049797
1765400102810721024,T7,AIN2,Voltage,true,-0.01138623058795929
1765400102811173888,T7,AIN2,Voltage,true,-0.012332413345575333
1765400102811184896,T7,AIN2,Voltage,true,-0.012017019093036652
1765400102811193088,T7,AIN2,Voltage,true,-0.012332413345575333
1765400102811200000,T7,AIN2,Voltage,true,-0.012647808529436588
1765400102811207936,T7,AIN2,Voltage,true,-0.012332413345575333
1765400102811215104,T7,AIN2,Voltage,true,-0.012017019093036652
1765400102811223040,T7,AIN2,Voltage,true,-0.012017019093036652
1765400102811229952,T7,AIN2,Voltage,true,-0.012647808529436588
1765400102811237888,T7,AIN2,Voltage,true,-0.012017019093036652
1765400102811246080,T7,AIN2,Voltage,true,-0.012017019093036652
1765400102811252992,T7,AIN2,Voltage,true,-0.012332413345575333
1765400102811261952,T7,AIN2,Voltage,true,-0.012647808529436588
1765400102811269888,T7,AIN2,Voltage,true,-0.012647808529436588
1765400102811277056,T7,AIN2,Voltage,true,-0.012332413345575333
1765400102811284992,T7,AIN2,Voltage,true,-0.012017019093036652
1765400102811291904,T7,AIN2,Voltage,true,-0.012332413345575333
1765400102811300096,T7,AIN2,Voltage,true,-0.01170162484049797
1765400102811307008,T7,AIN2,Voltage,true,-0.01170162484049797
1765400102811314944,T7,AIN2,Voltage,true,-0.012332413345575333
1765400102811322112,T7,AIN2,Voltage,true,-0.012332413345575333
1765400102811330048,T7,AIN2,Voltage,true,-0.012332413345575333
1765400102811336960,T7,AIN2,Voltage,true,-0.012647808529436588
1765400102811344896,T7,AIN2,Voltage,true,-0.012017019093036652
1765400102811354112,T7,AIN2,Voltage,true,-0.012017019093036652
1765400102811361024,T7,AIN2,Voltage,true,-0.012017019093036652
1765400102811368960,T7,AIN2,Voltage,true,-0.012332413345575333
1765400102811376896,T7,AIN2,Voltage,true,-0.012647808529436588
1765400102811384064,T7,AIN2,Voltage,true,-0.012332413345575333
1765400102811392000,T7,AIN2,Voltage,true,-0.01170162484049797
1765400102811399936,T7,AIN2,Voltage,true,-0.012017019093036652
1765400102811407104,T7,AIN2,Voltage,true,-0.012017019093036652
1765400102811415040,T7,AIN2,Voltage,true,-0.012332413345575333
1765400102811421952,T7,AIN2,Voltage,true,-0.01170162484049797
1765400102811429888,T7,AIN2,Voltage,true,-0.012017019093036652
1765400102811437056,T7,AIN2,Voltage,true,-0.012017019093036652
1765400102811444992,T7,AIN2,Voltage,true,-0.012332413345575333
1765400102811451904,T7,AIN2,Voltage,true,-0.012017019093036652
1765400102811460096,T7,AIN2,Voltage,true,-0.012332413345575333
1765400102811467008,T7,AIN2,Voltage,true,-0.012017019093036652
1765400102811474944,T7,AIN2,Voltage,true,-0.012017019093036652
1765400102811482112,T7,AIN2,Voltage,true,-0.012332413345575333
1765400102811490048,T7,AIN2,Voltage,true,-0.01170162484049797
1765400102811497984,T7,AIN2,Voltage,true,-0.012647808529436588
1765400102811504896,T7,AIN2,Voltage,true,-0.012017019093036652
1765400102811512064,T7,AIN2,Voltage,true,-0.012647808529436588
1765400102811520000,T7,AIN2,Voltage,true,-0.01170162484049797
1765400102811527936,T7,AIN2,Voltage,true,-0.012332413345575333
1765400102811535104,T7,AIN2,Voltage,true,-0.012017019093036652
1765400102811543040,T7,AIN2,Voltage,true,-0.012647808529436588
1765400102811549952,T7,AIN2,Voltage,true,-0.012332413345575333
1765400102811557888,T7,AIN2,Voltage,true,-0.012017019093036652
1765400102811565056,T7,AIN2,Voltage,true,-0.012017019093036652
1765400102811571968,T7,AIN2,Voltage,true,-0.012017019093036652
1765400102811579904,T7,AIN2,Voltage,true,-0.012017019093036652
1765400102811587072,T7,AIN2,Voltage,true,-0.012332413345575333
1765400102811596032,T7,AIN2,Voltage,true,-0.012647808529436588
1765400102811602944,T7,AIN2,Voltage,true,-0.012017019093036652
1765400102811610880,T7,AIN2,Voltage,true,-0.012332413345575333
1765400102811618048,T7,AIN2,Voltage,true,-0.012017019093036652
1765400102811625984,T7,AIN2,Voltage,true,-0.012332413345575333
1765400102811632896,T7,AIN2,Voltage,true,-0.012332413345575333
1765400102811641088,T7,AIN2,Voltage,true,-0.012647808529436588
1765400102811648000,T7,AIN2,Voltage,true,-0.012332413345575333
1765400102811655936,T7,AIN2,Voltage,true,-0.012017019093036652
1765400102811663104,T7,AIN2,Voltage,true,-0.012332413345575333
1765400102811671040,T7,AIN2,Voltage,true,-0.012332413345575333
1765400102811677952,T7,AIN2,Voltage,true,-0.012332413345575333
1765400102811685888,T7,AIN2,Voltage,true,-0.012017019093036652
1765400102811693056,T7,AIN2,Voltage,true,-0.012017019093036652
1765400102811699968,T7,AIN2,Voltage,true,-0.012332413345575333
1765400102811707904,T7,AIN2,Voltage,true,-0.012332413345575333
1765400102811716096,T7,AIN2,Voltage,true,-0.012332413345575333
1765400102811723008,T7,AIN2,Voltage,true,-0.012332413345575333
1765400102811730944,T7,AIN2,Voltage,true,-0.012332413345575333
1765400102811738112,T7,AIN2,Voltage,true,-0.012017019093036652
1765400102811768064,T7,AIN2,Voltage,true,-0.012647808529436588
1765400102811777024,T7,AIN2,Voltage,true,-0.012332413345575333
1765400102811784960,T7,AIN2,Voltage,true,-0.012647808529436588
1765400102811792896,T7,AIN2,Voltage,true,-0.012017019093036652
1765400102811800064,T7,AIN2,Voltage,true,-0.01296320278197527
1765400102811808000,T7,AIN2,Voltage,true,-0.012332413345575333
1765400102811815936,T7,AIN2,Voltage,true,-0.01138623058795929
1765400102811823104,T7,AIN2,Voltage,true,-0.01170162484049797
1765400102811831040,T7,AIN2,Voltage,true,-0.012017019093036652
1765400102811837952,T7,AIN2,Voltage,true,-0.01170162484049797
1765400102811845888,T7,AIN2,Voltage,true,-0.012017019093036652
1765400102811853056,T7,AIN2,Voltage,true,-0.012017019093036652
1765400102811860992,T7,AIN2,Voltage,true,-0.012332413345575333
1765400102811867904,T7,AIN2,Voltage,true,-0.012332413345575333
1765400102811876096,T7,AIN2,Voltage,true,-0.012332413345575333
1765400102811883008,T7,AIN2,Voltage,true,-0.012017019093036652
1765400102811890944,T7,AIN2,Voltage,true,-0.012017019093036652
1765400102811898112,T7,AIN2,Voltage,true,-0.01296320278197527
1765400102811906048,T7,AIN2,Voltage,true,-0.012647808529436588
1765400102811912960,T7,AIN2,Voltage,true,-0.012332413345575333
1765400102811920896,T7,AIN2,Voltage,true,-0.012332413345575333
1765400102811928064,T7,AIN2,Voltage,true,-0.012017019093036652
1765400102811936000,T7,AIN2,Voltage,true,-0.012017019093036652
1765400102811942912,T7,AIN2,Voltage,true,-0.01170162484049797
1765400102811951104,T7,AIN2,Voltage,true,-0.01138623058795929
1765400102811959040,T7,AIN2,Voltage,true,-0.01170162484049797
1765400102811966976,T7,AIN2,Voltage,true,-0.012017019093036652
1765400102811974912,T7,AIN2,Voltage,true,-0.012017019093036652
1765400102811982080,T7,AIN2,Voltage,true,-0.012017019093036652
1765400102811990016,T7,AIN2,Voltage,true,-0.01170162484049797
1765400102811996928,T7,AIN2,Voltage,true,-0.012332413345575333
1765400102812005120,T7,AIN2,Voltage,true,-0.012332413345575333
1765400102812013056,T7,AIN2,Voltage,true,-0.012017019093036652
1765400102812019968,T7,AIN2,Voltage,true,-0.012332413345575333
1765400102812027904,T7,AIN2,Voltage,true,-0.012647808529436588
1765400102812036096,T7,AIN2,Voltage,true,-0.012647808529436588
1765400102812043008,T7,AIN2,Voltage,true,-0.012647808529436588
1765400102812050944,T7,AIN2,Voltage,true,-0.012017019093036652
1765400102812058112,T7,AIN2,Voltage,true,-0.012332413345575333
1765400102812066048,T7,AIN2,Voltage,true,-0.012647808529436588
1765400102812072960,T7,AIN2,Voltage,true,-0.01170162484049797
1765400102812080896,T7,AIN2,Voltage,true,-0.012332413345575333
1765400102812089088,T7,AIN2,Voltage,true,-0.01138623058795929
1765400102812096000,T7,AIN2,Voltage,true,-0.01138623058795929
1765400102812103936,T7,AIN2,Voltage,true,-0.012332413345575333
1765400102812111104,T7,AIN2,Voltage,true,-0.012647808529436588
1765400102812119040,T7,AIN2,Voltage,true,-0.012332413345575333
1765400102812125952,T7,AIN2,Voltage,true,-0.01296320278197527
1765400102812133888,T7,AIN2,Voltage,true,-0.012332413345575333
1765400102812141056,T7,AIN2,Voltage,true,-0.012017019093036652
1765400102812148992,T7,AIN2,Voltage,true,-0.012332413345575333
1765400102812155904,T7,AIN2,Voltage,true,-0.012332413345575333
1765400102812164096,T7,AIN2,Voltage,true,-0.012017019093036652
1765400102812171008,T7,AIN2,Voltage,true,-0.012017019093036652
1765400102812178944,T7,AIN2,Voltage,true,-0.012332413345575333
1765400102812186112,T7,AIN2,Voltage,true,-0.012332413345575333
1765400102812194048,T7,AIN2,Voltage,true,-0.012017019093036652
1765400102812200960,T7,AIN2,Voltage,true,-0.012017019093036652
1765400102812208128,T7,AIN2,Voltage,true,-0.012332413345575333
1765400102812216064,T7,AIN2,Voltage,true,-0.012017019093036652
1765400102812222976,T7,AIN2,Voltage,true,-0.01170162484049797
1765400102812230912,T7,AIN2,Voltage,true,-0.012017019093036652
1765400102812238080,T7,AIN2,Voltage,true,-0.012332413345575333
1765400102812246016,T7,AIN2,Voltage,true,-0.012647808529436588
1765400102812252928,T7,AIN2,Voltage,true,-0.012647808529436588
1765400102812261120,T7,AIN2,Voltage,true,-0.012017019093036652
1765400102812269056,T7,AIN2,Voltage,true,-0.012332413345575333
1765400102812275968,T7,AIN2,Voltage,true,-0.012332413345575333
1765400102812283904,T7,AIN2,Voltage,true,-0.012647808529436588
1765400102812291072,T7,AIN2,Voltage,true,-0.01296320278197527
1765400102812299008,T7,AIN2,Voltage,true,-0.012332413345575333
1765400102812305920,T7,AIN2,Voltage,true,-0.012017019093036652
1765400102812314112,T7,AIN2,Voltage,true,-0.012017019093036652
1765400102812321024,T7,AIN2,Voltage,true,-0.012017019093036652
1765400102812328960,T7,AIN2,Voltage,true,-0.012332413345575333
1765400102812336128,T7,AIN2,Voltage,true,-0.012017019093036652
1765400102812344064,T7,AIN2,Voltage,true,-0.01170162484049797
1765400102812350976,T7,AIN2,Voltage,true,-0.012332413345575333
1765400102812358912,T7,AIN2,Voltage,true,-0.012017019093036652
1765400102812367104,T7,AIN2,Voltage,true,-0.012017019093036652
1765400102812375040,T7,AIN2,Voltage,true,-0.012332413345575333
1765400102812382976,T7,AIN2,Voltage,true,-0.012332413345575333
1765400102812389888,T7,AIN2,Voltage,true,-0.012332413345575333
1765400102812398080,T7,AIN2,Voltage,true,-0.012332413345575333
1765400102812404992,T7,AIN2,Voltage,true,-0.012332413345575333
1765400102812412928,T7,AIN2,Voltage,true,-0.01296320278197527
1765400102812420096,T7,AIN2,Voltage,true,-0.012017019093036652
1765400102812428032,T7,AIN2,Voltage,true,-0.012017019093036652
1765400102812434944,T7,AIN2,Voltage,true,-0.012017019093036652
1765400102812442880,T7,AIN2,Voltage,true,-0.012017019093036652
1765400102812450048,T7,AIN2,Voltage,true,-0.012332413345575333
1765400102812457984,T7,AIN2,Voltage,true,-0.012332413345575333
1765400102812464896,T7,AIN2,Voltage,true,-0.012017019093036652
1765400102812473088,T7,AIN2,Voltage,true,-0.012017019093036652
1765400102812480000,T7,AIN2,Voltage,true,-0.012017019093036652
1765400102812487936,T7,AIN2,Voltage,true,-0.012647808529436588
1765400102812495104,T7,AIN2,Voltage,true,-0.012017019093036652
1765400102812503040,T7,AIN2,Voltage,true,-0.012017019093036652
1765400102812509952,T7,AIN2,Voltage,true,-0.012332413345575333
1765400102812517888,T7,AIN2,Voltage,true,-0.012647808529436588
1765400102812525056,T7,AIN2,Voltage,true,-0.012332413345575333
1765400102812531968,T7,AIN2,Voltage,true,-0.012647808529436588
1765400102812539904,T7,AIN2,Voltage,true,-0.012647808529436588
1765400102812548096,T7,AIN2,Voltage,true,-0.012647808529436588
1765400102812556032,T7,AIN2,Voltage,true,-0.012332413345575333
1765400102812562944,T7,AIN2,Voltage,true,-0.012017019093036652
1765400102812570112,T7,AIN2,Voltage,true,-0.012332413345575333
1765400102812578048,T7,AIN2,Voltage,true,-0.012332413345575333
1765400102812585984,T7,AIN2,Voltage,true,-0.012647808529436588
1765400102812592896,T7,AIN2,Voltage,true,-0.01170162484049797
1765400102812600064,T7,AIN2,Voltage,true,-0.012017019093036652
1765400102812606976,T7,AIN2,Voltage,true,-0.012332413345575333
1765400102812613888,T7,AIN2,Voltage,true,-0.012647808529436588
1765400102812620032,T7,AIN2,Voltage,true,-0.012332413345575333
1765400102812626944,T7,AIN2,Voltage,true,-0.012017019093036652
1765400102812633088,T7,AIN2,Voltage,true,-0.012017019093036652
1765400102812638976,T7,AIN2,Voltage,true,-0.012647808529436588
1765400102812645888,T7,AIN2,Voltage,true,-0.01296320278197527
1765400102812652032,T7,AIN2,Voltage,true,-0.012647808529436588
1765400102812658944,T7,AIN2,Voltage,true,-0.012017019093036652
1765400102812665088,T7,AIN2,Voltage,true,-0.012647808529436588
1765400102812672000,T7,AIN2,Voltage,true,-0.012017019093036652
1765400102812678912,T7,AIN2,Voltage,true,-0.012332413345575333
1765400102812685056,T7,AIN2,Voltage,true,-0.01138623058795929
1765400102812691968,T7,AIN2,Voltage,true,-0.01170162484049797
1765400102812698112,T7,AIN2,Voltage,true,-0.01138623058795929
1765400102812706048,T7,AIN2,Voltage,true,-0.01138623058795929
1765400102812711936,T7,AIN2,Voltage,true,-0.01170162484049797
1765400102812719104,T7,AIN2,Voltage,true,-0.012017019093036652
1765400102812733952,T7,AIN2,Voltage,true,-0.012647808529436588
1765400102812741888,T7,AIN2,Voltage,true,-0.012017019093036652
1765400102812749056,T7,AIN2,Voltage,true,-0.012332413345575333
1765400102812755968,T7,AIN2,Voltage,true,-0.012017019093036652
1765400102812762112,T7,AIN2,Voltage,true,-0.01170162484049797
1765400102812769024,T7,AIN2,Voltage,true,-0.012017019093036652
1765400102812774912,T7,AIN2,Voltage,true,-0.01296320278197527
1765400102812782080,T7,AIN2,Voltage,true,-0.012017019093036652
1765400102812787968,T7,AIN2,Voltage,true,-0.012647808529436588
1765400102812794880,T7,AIN2,Voltage,true,-0.012017019093036652
1765400102812801024,T7,AIN2,Voltage,true,-0.01170162484049797
1765400102812807936,T7,AIN2,Voltage,true,-0.01170162484049797
1765400102812814080,T7,AIN2,Voltage,true,-0.012017019093036652
1765400102812820992,T7,AIN2,Voltage,true,-0.01170162484049797
1765400102812826880,T7,AIN2,Voltage,true,-0.01170162484049797
1765400102814326016,T7,AIN2,Voltage,true,-0.012017019093036652
1765400102814337024,T7,AIN2,Voltage,true,-0.01170162484049797
1765400102814343936,T7,AIN2,Voltage,true,-0.012017019093036652
1765400102814350080,T7,AIN2,Voltage,true,-0.01296320278197527
1765400102814356992,T7,AIN2,Voltage,true,-0.012017019093036652
1765400102814362880,T7,AIN2,Voltage,true,-0.012017019093036652
1765400102814370048,T7,AIN2,Voltage,true,-0.012017019093036652
1765400102814375936,T7,AIN2,Voltage,true,-0.01170162484049797
1765400102814382080,T7,AIN2,Voltage,true,-0.012647808529436588
1765400102814939904,T7,AIN2,Voltage,true,-0.012332413345575333
1765400102814951936,T7,AIN2,Voltage,true,-0.012332413345575333
1765400102814960128,T7,AIN2,Voltage,true,-0.012332413345575333
1765400102814967040,T7,AIN2,Voltage,true,-0.012332413345575333
1765400102814972928,T7,AIN2,Voltage,true,-0.012017019093036652
1765400102814980096,T7,AIN2,Voltage,true,-0.01170162484049797
1765400102814985984,T7,AIN2,Voltage,true,-0.01138623058795929
1765400102814992896,T7,AIN2,Voltage,true,-0.012017019093036652
1765400102814999040,T7,AIN2,Voltage,true,-0.012017019093036652
1765400102815169024,T7,AIN2,Voltage,true,-0.012647808529436588
1765400102815190016,T7,AIN2,Voltage,true,-0.012647808529436588
1765400102815200000,T7,AIN2,Voltage,true,-0.012332413345575333
1765400102815206912,T7,AIN2,Voltage,true,-0.01138623058795929
1765400102815215104,T7,AIN2,Voltage,true,-0.012647808529436588
1765400102815222016,T7,AIN2,Voltage,true,-0.01327859703451395
1765400102815228928,T7,AIN2,Voltage,true,-0.012332413345575333
1765400102815235072,T7,AIN2,Voltage,true,-0.012647808529436588
1765400102815241984,T7,AIN2,Voltage,true,-0.012332413345575333
1765400102815418880,T7,AIN2,Voltage,true,-0.012332413345575333
1765400102815427072,T7,AIN2,Voltage,true,-0.012017019093036652
1765400102815433984,T7,AIN2,Voltage,true,-0.012017019093036652
1765400102815439872,T7,AIN2,Voltage,true,-0.012647808529436588
1765400102815447040,T7,AIN2,Voltage,true,-0.012332413345575333
1765400102815452928,T7,AIN2,Voltage,true,-0.01170162484049797
1765400102815460096,T7,AIN2,Voltage,true,-0.012017019093036652
1765400102815465984,T7,AIN2,Voltage,true,-0.012647808529436588
1765400102815472896,T7,AIN2,Voltage,true,-0.012017019093036652
1765400102815479040,T7,AIN2,Voltage,true,-0.012332413345575333
1765400102815484928,T7,AIN2,Voltage,true,-0.012332413345575333
1765400102815492096,T7,AIN2,Voltage,true,-0.012332413345575333
1765400102815497984,T7,AIN2,Voltage,true,-0.012017019093036652
1765400102815504896,T7,AIN2,Voltage,true,-0.012647808529436588
1765400102815512064,T7,AIN2,Voltage,true,-0.012332413345575333
1765400102815517952,T7,AIN2,Voltage,true,-0.01170162484049797
1765400102815525120,T7,AIN2,Voltage,true,-0.01170162484049797
1765400102815532032,T7,AIN2,Voltage,true,-0.012647808529436588
1765400102815537920,T7,AIN2,Voltage,true,-0.012332413345575333
1765400102815545088,T7,AIN2,Voltage,true,-0.012017019093036652
1765400102815550976,T7,AIN2,Voltage,true,-0.012017019093036652
1765400102815557888,T7,AIN2,Voltage,true,-0.01170162484049797
1765400102815564032,T7,AIN2,Voltage,true,-0.01170162484049797
1765400102815570944,T7,AIN2,Voltage,true,-0.012332413345575333
1765400102815578112,T7,AIN2,Voltage,true,-0.012647808529436588
1765400102815585024,T7,AIN2,Voltage,true,-0.012332413345575333
1765400102815590912,T7,AIN2,Voltage,true,-0.012017019093036652
1765400102815597056,T7,AIN2,Voltage,true,-0.01138623058795929
1765400102815603968,T7,AIN2,Voltage,true,-0.012017019093036652
1765400102815610112,T7,AIN2,Voltage,true,-0.012647808529436588
1765400102815617024,T7,AIN2,Voltage,true,-0.012017019093036652
1765400102815622912,T7,AIN2,Voltage,true,-0.012332413345575333
1765400102815630080,T7,AIN2,Voltage,true,-0.012332413345575333
1765400102815635968,T7,AIN2,Voltage,true,-0.01138623058795929
1765400102815642880,T7,AIN2,Voltage,true,-0.012017019093036652
1765400102815649024,T7,AIN2,Voltage,true,-0.012332413345575333
1765400102815655936,T7,AIN2,Voltage,true,-0.012017019093036652
1765400102815662080,T7,AIN2,Voltage,true,-0.012332413345575333
1765400102815668992,T7,AIN2,Voltage,true,-0.01138623058795929
1765400102815675904,T7,AIN2,Voltage,true,-0.01170162484049797
1765400102815682048,T7,AIN2,Voltage,true,-0.012017019093036652
1765400102815688960,T7,AIN2,Voltage,true,-0.012017019093036652
1765400102815695104,T7,AIN2,Voltage,true,-0.01170162484049797
1765400102815702016,T7,AIN2,Voltage,true,-0.01170162484049797
1765400102815707904,T7,AIN2,Voltage,true,-0.012332413345575333
1765400102815715072,T7,AIN2,Voltage,true,-0.012332413345575333
1765400102815721984,T7,AIN2,Voltage,true,-0.012017019093036652
1765400102815728128,T7,AIN2,Voltage,true,-0.012332413345575333
1765400102815735040,T7,AIN2,Voltage,true,-0.012332413345575333
1765400102815740928,T7,AIN2,Voltage,true,-0.012332413345575333
1765400102815748096,T7,AIN2,Voltage,true,-0.012017019093036652
1765400102815753984,T7,AIN2,Voltage,true,-0.01138623058795929
1765400102815760896,T7,AIN2,Voltage,true,-0.01138623058795929
1765400102815767040,T7,AIN2,Voltage,true,-0.01138623058795929
1765400102815772928,T7,AIN2,Voltage,true,-0.012017019093036652
1765400102815780096,T7,AIN2,Voltage,true,-0.01138623058795929
1765400102815787008,T7,AIN2,Voltage,true,-0.01170162484049797
1765400102815792896,T7,AIN2,Voltage,true,-0.012017019093036652
1765400102815799040,T7,AIN2,Voltage,true,-0.012017019093036652
1765400102815805952,T7,AIN2,Voltage,true,-0.012017019093036652
1765400102815812096,T7,AIN2,Voltage,true,-0.012332413345575333
1765400102815819008,T7,AIN2,Voltage,true,-0.012017019093036652
1765400102815824896,T7,AIN2,Voltage,true,-0.01170162484049797
1765400102815832064,T7,AIN2,Voltage,true,-0.012332413345575333
1765400102815837952,T7,AIN2,Voltage,true,-0.012332413345575333
1765400102815845120,T7,AIN2,Voltage,true,-0.012017019093036652
1765400102815851008,T7,AIN2,Voltage,true,-0.012332413345575333
1765400102815857920,T7,AIN2,Voltage,true,-0.01170162484049797
1765400102815865088,T7,AIN2,Voltage,true,-0.01138623058795929
1765400102815870976,T7,AIN2,Voltage,true,-0.01170162484049797
1765400102815877888,T7,AIN2,Voltage,true,-0.01138623058795929
1765400102815884032,T7,AIN2,Voltage,true,-0.012017019093036652
1765400102815890944,T7,AIN2,Voltage,true,-0.01170162484049797
1765400102815897088,T7,AIN2,Voltage,true,-0.01170162484049797
1765400102815904000,T7,AIN2,Voltage,true,-0.012017019093036652
1765400102815909888,T7,AIN2,Voltage,true,-0.012332413345575333
1765400102815916032,T7,AIN2,Voltage,true,-0.012647808529436588
1765400102815922944,T7,AIN2,Voltage,true,-0.01170162484049797
1765400102815929088,T7,AIN2,Voltage,true,-0.01170162484049797
1765400102815936000,T7,AIN2,Voltage,true,-0.012017019093036652
1765400102815941888,T7,AIN2,Voltage,true,-0.012332413345575333
1765400102815948032,T7,AIN2,Voltage,true,-0.012647808529436588
1765400102815954944,T7,AIN2,Voltage,true,-0.012017019093036652
1765400102815961088,T7,AIN2,Voltage,true,-0.01170162484049797
1765400102815968000,T7,AIN2,Voltage,true,-0.012332413345575333
1765400102815973888,T7,AIN2,Voltage,true,-0.012017019093036652
1765400102815981056,T7,AIN2,Voltage,true,-0.012017019093036652
1765400102816000000,T7,AIN2,Voltage,true,-0.01170162484049797
1765400102816006912,T7,AIN2,Voltage,true,-0.011070836335420609
1765400102816014080,T7,AIN2,Voltage,true,-0.01170162484049797
1765400102816019968,T7,AIN2,Voltage,true,-0.012017019093036652
1765400102816026880,T7,AIN2,Voltage,true,-0.01170162484049797
1765400102816033024,T7,AIN2,Voltage,true,-0.012017019093036652
1765400102816039936,T7,AIN2,Voltage,true,-0.012017019093036652
1765400102816046080,T7,AIN2,Voltage,true,-0.012332413345575333
1765400102816052992,T7,AIN2,Voltage,true,-0.012332413345575333
1765400102816058880,T7,AIN2,Voltage,true,-0.012017019093036652
1765400102816066048,T7,AIN2,Voltage,true,-0.012332413345575333
1765400102816071936,T7,AIN2,Voltage,true,-0.012332413345575333
1765400102816079104,T7,AIN2,Voltage,true,-0.012017019093036652
1765400102816084992,T7,AIN2,Voltage,true,-0.012647808529436588
1765400102816091904,T7,AIN2,Voltage,true,-0.012332413345575333
1765400102816098048,T7,AIN2,Voltage,true,-0.012332413345575333
1765400102816104960,T7,AIN2,Voltage,true,-0.012332413345575333
1765400102816111104,T7,AIN2,Voltage,true,-0.012017019093036652
1765400102816118016,T7,AIN2,Voltage,true,-0.01138623058795929
1765400102816123904,T7,AIN2,Voltage,true,-0.01138623058795929
1765400102816131072,T7,AIN2,Voltage,true,-0.012332413345575333
1765400102816136960,T7,AIN2,Voltage,true,-0.012017019093036652
1765400102816143104,T7,AIN2,Voltage,true,-0.01170162484049797
1765400102816150016,T7,AIN2,Voltage,true,-0.01170162484049797
1765400102816155904,T7,AIN2,Voltage,true,-0.012647808529436588
1765400102816163072,T7,AIN2,Voltage,true,-0.012017019093036652
1765400102816169984,T7,AIN2,Voltage,true,-0.012647808529436588
1765400102816176128,T7,AIN2,Voltage,true,-0.012332413345575333
1765400102816183040,T7,AIN2,Voltage,true,-0.012017019093036652
1765400102816188928,T7,AIN2,Voltage,true,-0.01170162484049797
1765400102816196096,T7,AIN2,Voltage,true,-0.01170162484049797
1765400102816201984,T7,AIN2,Voltage,true,-0.01170162484049797
1765400102816208896,T7,AIN2,Voltage,true,-0.012017019093036652
1765400102816215040,T7,AIN2,Voltage,true,-0.012017019093036652
1765400102816221952,T7,AIN2,Voltage,true,-0.01138623058795929
1765400102816228096,T7,AIN2,Voltage,true,-0.012017019093036652
1765400102816235008,T7,AIN2,Voltage,true,-0.01138623058795929
1765400102816240896,T7,AIN2,Voltage,true,-0.01170162484049797
1765400102816248064,T7,AIN2,Voltage,true,-0.012332413345575333
1765400102816253952,T7,AIN2,Voltage,true,-0.012332413345575333
1765400102816261120,T7,AIN2,Voltage,true,-0.012332413345575333
1765400102816267008,T7,AIN2,Voltage,true,-0.01138623058795929
1765400102816273920,T7,AIN2,Voltage,true,-0.012332413345575333
1765400102816280064,T7,AIN2,Voltage,true,-0.012017019093036652
1765400102816286976,T7,AIN2,Voltage,true,-0.012332413345575333
1765400102816293120,T7,AIN2,Voltage,true,-0.012017019093036652
1765400102816299008,T7,AIN2,Voltage,true,-0.01170162484049797
1765400102816305920,T7,AIN2,Voltage,true,-0.012332413345575333
1765400102816312064,T7,AIN2,Voltage,true,-0.01170162484049797
1765400102816318976,T7,AIN2,Voltage,true,-0.012017019093036652
1765400102816325120,T7,AIN2,Voltage,true,-0.012017019093036652
1765400102816331008,T7,AIN2,Voltage,true,-0.012017019093036652
1765400102816337920,T7,AIN2,Voltage,true,-0.012647808529436588
1765400102816345088,T7,AIN2,Voltage,true,-0.012017019093036652
1765400102816350976,T7,AIN2,Voltage,true,-0.012017019093036652
1765400102816357120,T7,AIN2,Voltage,true,-0.01138623058795929
1765400102816364032,T7,AIN2,Voltage,true,-0.012017019093036652
1765400102816369920,T7,AIN2,Voltage,true,-0.012647808529436588
1765400102816377088,T7,AIN2,Voltage,true,-0.012332413345575333
1765400102816384000,T7,AIN2,Voltage,true,-0.012647808529436588
1765400102816389888,T7,AIN2,Voltage,true,-0.012647808529436588
1765400102816397056,T7,AIN2,Voltage,true,-0.012332413345575333
1765400102816402944,T7,AIN2,Voltage,true,-0.012017019093036652
1765400102816410112,T7,AIN2,Voltage,true,-0.012017019093036652
1765400102816416000,T7,AIN2,Voltage,true,-0.012017019093036652
1765400102816421888,T7,AIN2,Voltage,true,-0.01138623058795929
1765400102816429056,T7,AIN2,Voltage,true,-0.01138623058795929
1765400102816435968,T7,AIN2,Voltage,true,-0.01138623058795929
1765400102816442112,T7,AIN2,Voltage,true,-0.01170162484049797
1765400102816449024,T7,AIN2,Voltage,true,-0.01170162484049797
1765400102816454912,T7,AIN2,Voltage,true,-0.01170162484049797
1765400102816462080,T7,AIN2,Voltage,true,-0.012017019093036652
1765400102816467968,T7,AIN2,Voltage,true,-0.012017019093036652
1765400102816474880,T7,AIN2,Voltage,true,-0.012332413345575333
1765400102816481024,T7,AIN2,Voltage,true,-0.012332413345575333
1765400102816487936,T7,AIN2,Voltage,true,-0.012647808529436588
1765400102816494080,T7,AIN2,Voltage,true,-0.012332413345575333
1765400102816500992,T7,AIN2,Voltage,true,-0.01296320278197527
1765400102816506880,T7,AIN2,Voltage,true,-0.012332413345575333
1765400102816514048,T7,AIN2,Voltage,true,-0.01170162484049797
1765400102816519936,T7,AIN2,Voltage,true,-0.012332413345575333
1765400102816527104,T7,AIN2,Voltage,true,-0.01138623058795929
1765400102816532992,T7,AIN2,Voltage,true,-0.012017019093036652
1765400102816539904,T7,AIN2,Voltage,true,-0.012647808529436588
1765400102816546048,T7,AIN2,Voltage,true,-0.01138623058795929
1765400102816552960,T7,AIN2,Voltage,true,-0.01170162484049797
1765400102816559104,T7,AIN2,Voltage,true,-0.012017019093036652
1765400102816566016,T7,AIN2,Voltage,true,-0.012332413345575333
1765400102816571904,T7,AIN2,Voltage,true,-0.012017019093036652
1765400102816579072,T7,AIN2,Voltage,true,-0.012332413345575333
1765400102816584960,T7,AIN2,Voltage,true,-0.01138623058795929
1765400102816591872,T7,AIN2,Voltage,true,-0.01138623058795929
1765400102816598016,T7,AIN2,Voltage,true,-0.012332413345575333
1765400102816604928,T7,AIN2,Voltage,true,-0.012332413345575333
1765400102816611072,T7,AIN2,Voltage,true,-0.012332413345575333
1765400102816616960,T7,AIN2,Voltage,true,-0.012017019093036652
1765400102816624128,T7,AIN2,Voltage,true,-0.01170162484049797
1765400102816630016,T7,AIN2,Voltage,true,-0.01138623058795929
1765400102816636928,T7,AIN2,Voltage,true,-0.01138623058795929
1765400102816643072,T7,AIN2,Voltage,true,-0.012017019093036652
1765400102816649984,T7,AIN2,Voltage,true,-0.01170162484049797
1765400102816655872,T7,AIN2,Voltage,true,-0.01170162484049797
1765400102816663040,T7,AIN2,Voltage,true,-0.012332413345575333
1765400102816668928,T7,AIN2,Voltage,true,-0.01170162484049797
1765400102816676096,T7,AIN2,Voltage,true,-0.01170162484049797
1765400102816681984,T7,AIN2,Voltage,true,-0.01170162484049797
1765400102816688128,T7,AIN2,Voltage,true,-0.012017019093036652
1765400102816695040,T7,AIN2,Voltage,true,-0.01296320278197527
1765400102816700928,T7,AIN2,Voltage,true,-0.012017019093036652
1765400102816708096,T7,AIN2,Voltage,true,-0.012017019093036652
1765400102816715008,T7,AIN2,Voltage,true,-0.012332413345575333
1765400102816721920,T7,AIN2,Voltage,true,-0.012017019093036652
1765400102816728064,T7,AIN2,Voltage,true,-0.012017019093036652
1765400102816733952,T7,AIN2,Voltage,true,-0.01170162484049797
1765400102816741120,T7,AIN2,Voltage,true,-0.01138623058795929
1765400102816748032,T7,AIN2,Voltage,true,-0.012332413345575333
1765400102816753920,T7,AIN2,Voltage,true,-0.012332413345575333
1765400102816760064,T7,AIN2,Voltage,true,-0.01170162484049797
1765400102816766976,T7,AIN2,Voltage,true,-0.01170162484049797
1765400102816773120,T7,AIN2,Voltage,true,-0.01138623058795929
1765400102816780032,T7,AIN2,Voltage,true,-0.012017019093036652
1765400102816785920,T7,AIN2,Voltage,true,-0.012017019093036652
1765400102816793088,T7,AIN2,Voltage,true,-0.012332413345575333
1765400102816798976,T7,AIN2,Voltage,true,-0.012017019093036652
1765400102816805888,T7,AIN2,Voltage,true,-0.012332413345575333
1765400102816812032,T7,AIN2,Voltage,true,-0.012332413345575333
1765400102816818944,T7,AIN2,Voltage,true,-0.012647808529436588
1765400102816825088,T7,AIN2,Voltage,true,-0.012017019093036652
1765400102816832000,T7,AIN2,Voltage,true,-0.012017019093036652
1765400102816846080,T7,AIN2,Voltage,true,-0.01170162484049797
1765400102816854016,T7,AIN2,Voltage,true,-0.01138623058795929
1765400102816859904,T7,AIN2,Voltage,true,-0.012017019093036652
1765400102816867072,T7,AIN2,Voltage,true,-0.012017019093036652
1765400102816872960,T7,AIN2,Voltage,true,-0.012017019093036652
1765400102816880128,T7,AIN2,Voltage,true,-0.012017019093036652
1765400102816886016,T7,AIN2,Voltage,true,-0.012017019093036652
1765400102816892928,T7,AIN2,Voltage,true,-0.012332413345575333
1765400102816899072,T7,AIN2,Voltage,true,-0.012017019093036652
1765400102816905984,T7,AIN2,Voltage,true,-0.012647808529436588
1765400102816911872,T7,AIN2,Voltage,true,-0.012017019093036652
1765400102816919040,T7,AIN2,Voltage,true,-0.012017019093036652
1765400102816924928,T7,AIN2,Voltage,true,-0.01170162484049797
1765400102816932096,T7,AIN2,Voltage,true,-0.012017019093036652
1765400102816937984,T7,AIN2,Voltage,true,-0.012332413345575333
1765400102816944896,T7,AIN2,Voltage,true,-0.01170162484049797
1765400102816951040,T7,AIN2,Voltage,true,-0.01170162484049797
1765400102816957952,T7,AIN2,Voltage,true,-0.012017019093036652
1765400102816964096,T7,AIN2,Voltage,true,-0.012017019093036652
1765400102816971008,T7,AIN2,Voltage,true,-0.012332413345575333
1765400102816977920,T7,AIN2,Voltage,true,-0.012332413345575333
1765400102816984064,T7,AIN2,Voltage,true,-0.01138623058795929
1765400102816990976,T7,AIN2,Voltage,true,-0.01170162484049797
1765400102816997120,T7,AIN2,Voltage,true,-0.012017019093036652
1765400102817003008,T7,AIN2,Voltage,true,-0.01170162484049797
1765400102817009920,T7,AIN2,Voltage,true,-0.012332413345575333
1765400102817017088,T7,AIN2,Voltage,true,-0.012017019093036652
1765400102817022976,T7,AIN2,Voltage,true,-0.012332413345575333
1765400102817029120,T7,AIN2,Voltage,true,-0.012017019093036652
1765400102817036032,T7,AIN2,Voltage,true,-0.012647808529436588
1765400102817041920,T7,AIN2,Voltage,true,-0.012647808529436588
1765400102817049088,T7,AIN2,Voltage,true,-0.012332413345575333
1765400102817054976,T7,AIN2,Voltage,true,-0.012647808529436588
1765400102817061888,T7,AIN2,Voltage,true,-0.01138623058795929
1765400102817069056,T7,AIN2,Voltage,true,-0.01138623058795929
1765400102817074944,T7,AIN2,Voltage,true,-0.012017019093036652
1765400102817082112,T7,AIN2,Voltage,true,-0.01170162484049797
1765400102817088000,T7,AIN2,Voltage,true,-0.01138623058795929
1765400102817094912,T7,AIN2,Voltage,true,-0.012017019093036652
1765400102817101056,T7,AIN2,Voltage,true,-0.01170162484049797
1765400102817107968,T7,AIN2,Voltage,true,-0.01170162484049797
1765400102817114112,T7,AIN2,Voltage,true,-0.012017019093036652
1765400102817121024,T7,AIN2,Voltage,true,-0.012017019093036652
1765400102817126912,T7,AIN2,Voltage,true,-0.012017019093036652
1765400102817133056,T7,AIN2,Voltage,true,-0.012017019093036652
1765400102817139968,T7,AIN2,Voltage,true,-0.012332413345575333
1765400102817146112,T7,AIN2,Voltage,true,-0.012017019093036652
1765400102817152000,T7,AIN2,Voltage,true,-0.012647808529436588
1765400102817158912,T7,AIN2,Voltage,true,-0.012017019093036652
1765400102817165056,T7,AIN2,Voltage,true,-0.012017019093036652
1765400102817171968,T7,AIN2,Voltage,true,-0.01170162484049797
1765400102817178112,T7,AIN2,Voltage,true,-0.01138623058795929
1765400102817184000,T7,AIN2,Voltage,true,-0.01138623058795929
1765400102817190912,T7,AIN2,Voltage,true,-0.01170162484049797
1765400102817197056,T7,AIN2,Voltage,true,-0.01170162484049797
1765400102817203968,T7,AIN2,Voltage,true,-0.012017019093036652
1765400102817210112,T7,AIN2,Voltage,true,-0.012017019093036652
1765400102817217024,T7,AIN2,Voltage,true,-0.01170162484049797
1765400102817222912,T7,AIN2,Voltage,true,-0.012332413345575333
1765400102817229056,T7,AIN2,Voltage,true,-0.012332413345575333
1765400102817235968,T7,AIN2,Voltage,true,-0.012017019093036652
1765400102817242112,T7,AIN2,Voltage,true,-0.012332413345575333
1765400102817249024,T7,AIN2,Voltage,true,-0.012332413345575333
1765400102817254912,T7,AIN2,Voltage,true,-0.012017019093036652
1765400103802329088,T7,AIN2,Voltage,true,-0.012647808529436588
1765400103802531072,T7,AIN2,Voltage,true,-0.012332413345575333
1765400103802572032,T7,AIN2,Voltage,true,-0.012332413345575333
1765400103802601984,T7,AIN2,Voltage,true,-0.012017019093036652
1765400103802629888,T7,AIN2,Voltage,true,-0.012017019093036652
1765400103802657024,T7,AIN2,Voltage,true,-0.01170162484049797
1765400103802682880,T7,AIN2,Voltage,true,-0.012017019093036652
1765400103802708992,T7,AIN2,Voltage,true,-0.012647808529436588
1765400103802734080,T7,AIN2,Voltage,true,-0.012017019093036652
1765400103802758912,T7,AIN2,Voltage,true,-0.012332413345575333
1765400103802785024,T7,AIN2,Voltage,true,-0.012332413345575333
1765400103802810112,T7,AIN2,Voltage,true,-0.012332413345575333
1765400103802833920,T7,AIN2,Voltage,true,-0.012017019093036652
1765400103803000064,T7,AIN2,Voltage,true,-0.012332413345575333
1765400103803040000,T7,AIN2,Voltage,true,-0.012017019093036652
1765400103803066880,T7,AIN2,Voltage,true,-0.012332413345575333
1765400103803094016,T7,AIN2,Voltage,true,-0.012017019093036652
1765400103803122944,T7,AIN2,Voltage,true,-0.012647808529436588
1765400103803151104,T7,AIN2,Voltage,true,-0.012017019093036652
1765400103803177984,T7,AIN2,Voltage,true,-0.01170162484049797
1765400103803205120,T7,AIN2,Voltage,true,-0.012017019093036652
1765400103803232000,T7,AIN2,Voltage,true,-0.012017019093036652
1765400103803258112,T7,AIN2,Voltage,true,-0.012647808529436588
1765400103803284992,T7,AIN2,Voltage,true,-0.012017019093036652
1765400103803312128,T7,AIN2,Voltage,true,-0.01138623058795929
1765400103803336960,T7,AIN2,Voltage,true,-0.012017019093036652
1765400103803363072,T7,AIN2,Voltage,true,-0.012017019093036652
1765400103803393024,T7,AIN2,Voltage,true,-0.012332413345575333
1765400103803418880,T7,AIN2,Voltage,true,-0.012332413345575333
1765400103803444992,T7,AIN2,Voltage,true,-0.012017019093036652
1765400103803471872,T7,AIN2,Voltage,true,-0.01138623058795929
1765400103803497984,T7,AIN2,Voltage,true,-0.01170162484049797
1765400103803524096,T7,AIN2,Voltage,true,-0.012017019093036652
1765400103803550976,T7,AIN2,Voltage,true,-0.012647808529436588
1765400103803578112,T7,AIN2,Voltage,true,-0.012647808529436588
1765400103803603968,T7,AIN2,Voltage,true,-0.01138623058795929
1765400103803630080,T7,AIN2,Voltage,true,-0.012332413345575333
1765400103803657984,T7,AIN2,Voltage,true,-0.01170162484049797
1765400103803685120,T7,AIN2,Voltage,true,-0.01170162484049797
1765400103803709952,T7,AIN2,Voltage,true,-0.012332413345575333
1765400103803737088,T7,AIN2,Voltage,true,-0.012017019093036652
1765400103803763968,T7,AIN2,Voltage,true,-0.011070836335420609
1765400103803791104,T7,AIN2,Voltage,true,-0.01170162484049797
1765400103803816960,T7,AIN2,Voltage,true,-0.012332413345575333
1765400103803844096,T7,AIN2,Voltage,true,-0.012017019093036652
1765400103803874048,T7,AIN2,Voltage,true,-0.012332413345575333
1765400103803901952,T7,AIN2,Voltage,true,-0.012017019093036652
1765400103803928064,T7,AIN2,Voltage,true,-0.012332413345575333
1765400103803953920,T7,AIN2,Voltage,true,-0.01170162484049797
1765400103803981056,T7,AIN2,Voltage,true,-0.01170162484049797
1765400103804007936,T7,AIN2,Voltage,true,-0.012647808529436588
1765400103804034048,T7,AIN2,Voltage,true,-0.012647808529436588
1765400103804059904,T7,AIN2,Voltage,true,-0.012017019093036652
1765400103804087040,T7,AIN2,Voltage,true,-0.01138623058795929
1765400103804113920,T7,AIN2,Voltage,true,-0.012017019093036652
1765400103804141056,T7,AIN2,Voltage,true,-0.012017019093036652
1765400103804167936,T7,AIN2,Voltage,true,-0.012332413345575333
1765400103804194048,T7,AIN2,Voltage,true,-0.01138623058795929
1765400103804221952,T7,AIN2,Voltage,true,-0.01138623058795929
1765400103804248064,T7,AIN2,Voltage,true,-0.01170162484049797
1765400103804274944,T7,AIN2,Voltage,true,-0.012332413345575333
1765400103804301056,T7,AIN2,Voltage,true,-0.012647808529436588
1765400103804328960,T7,AIN2,Voltage,true,-0.012017019093036652
1765400103804356096,T7,AIN2,Voltage,true,-0.012017019093036652
1765400103804382976,T7,AIN2,Voltage,true,-0.012332413345575333
1765400103804558080,T7,AIN2,Voltage,true,-0.01170162484049797
1765400103804594944,T7,AIN2,Voltage,true,-0.012332413345575333
1765400103804622080,T7,AIN2,Voltage,true,-0.01170162484049797
1765400103804647936,T7,AIN2,Voltage,true,-0.012647808529436588
1765400103804674048,T7,AIN2,Voltage,true,-0.01170162484049797
1765400103804700928,T7,AIN2,Voltage,true,-0.012017019093036652
1765400103804727040,T7,AIN2,Voltage,true,-0.012017019093036652
1765400103804752896,T7,AIN2,Voltage,true,-0.012017019093036652
1765400103804779008,T7,AIN2,Voltage,true,-0.012017019093036652
1765400103804805888,T7,AIN2,Voltage,true,-0.011070836335420609
1765400103804833024,T7,AIN2,Voltage,true,-0.011070836335420609
1765400103804858880,T7,AIN2,Voltage,true,-0.01170162484049797
1765400103804884992,T7,AIN2,Voltage,true,-0.012017019093036652
1765400103804912128,T7,AIN2,Voltage,true,-0.01170162484049797
1765400103804939008,T7,AIN2,Voltage,true,-0.01170162484049797
1765400103804965888,T7,AIN2,Voltage,true,-0.012017019093036652
1765400103804992000,T7,AIN2,Voltage,true,-0.012332413345575333
1765400103805019904,T7,AIN2,Voltage,true,-0.012332413345575333
1765400103805047040,T7,AIN2,Voltage,true,-0.012647808529436588
1765400103805073920,T7,AIN2,Voltage,true,-0.012332413345575333
1765400103805101056,T7,AIN2,Voltage,true,-0.012017019093036652
1765400103805125888,T7,AIN2,Voltage,true,-0.012017019093036652
1765400103805153024,T7,AIN2,Voltage,true,-0.01170162484049797
1765400103805178880,T7,AIN2,Voltage,true,-0.012017019093036652
1765400103805204992,T7,AIN2,Voltage,true,-0.012017019093036652
1765400103805232896,T7,AIN2,Voltage,true,-0.01170162484049797
1765400103805260032,T7,AIN2,Voltage,true,-0.01138623058795929
1765400103805286912,T7,AIN2,Voltage,true,-0.01170162484049797
1765400103805314048,T7,AIN2,Voltage,true,-0.01138623058795929
1765400103805340928,T7,AIN2,Voltage,true,-0.012332413345575333
1765400103805368064,T7,AIN2,Voltage,true,-0.01170162484049797
1765400103805394944,T7,AIN2,Voltage,true,-0.012017019093036652
1765400103805422080,T7,AIN2,Voltage,true,-0.012017019093036652
1765400103805449984,T7,AIN2,Voltage,true,-0.012332413345575333
1765400103805477120,T7,AIN2,Voltage,true,-0.012332413345575333
1765400103805504000,T7,AIN2,Voltage,true,-0.012332413345575333
1765400103805530880,T7,AIN2,Voltage,true,-0.012332413345575333
1765400103805558016,T7,AIN2,Voltage,true,-0.01170162484049797
1765400103805585920,T7,AIN2,Voltage,true,-0.012017019093036652
1765400103805613056,T7,AIN2,Voltage,true,-0.012332413345575333
1765400103805638912,T7,AIN2,Voltage,true,-0.012647808529436588
1765400103805667072,T7,AIN2,Voltage,true,-0.012647808529436588
1765400103805692928,T7,AIN2,Voltage,true,-0.01170162484049797
1765400103805720064,T7,AIN2,Voltage,true,-0.011070836335420609
1765400103805744896,T7,AIN2,Voltage,true,-0.01138623058795929
1765400103805769984,T7,AIN2,Voltage,true,-0.012332413345575333
1765400103805795072,T7,AIN2,Voltage,true,-0.012017019093036652
1765400103805818880,T7,AIN2,Voltage,true,-0.012017019093036652
1765400103805844992,T7,AIN2,Voltage,true,-0.01138623058795929
1765400103805869056,T7,AIN2,Voltage,true,-0.012017019093036652
1765400103805893888,T7,AIN2,Voltage,true,-0.01170162484049797
1765400103805920000,T7,AIN2,Voltage,true,-0.012647808529436588
1765400103806507008,T7,AIN2,Voltage,true,-0.012332413345575333
1765400103806552064,T7,AIN2,Voltage,true,-0.01170162484049797
1765400103806567936,T7,AIN2,Voltage,true,-0.012017019093036652
1765400103806580992,T7,AIN2,Voltage,true,-0.01170162484049797
1765400103806592000,T7,AIN2,Voltage,true,-0.012332413345575333
1765400103806604032,T7,AIN2,Voltage,true,-0.012647808529436588
1765400103806615040,T7,AIN2,Voltage,true,-0.012332413345575333
1765400103806627072,T7,AIN2,Voltage,true,-0.01138623058795929
1765400103806638080,T7,AIN2,Voltage,true,-0.01138623058795929
1765400103806650112,T7,AIN2,Voltage,true,-0.012017019093036652
1765400103806661120,T7,AIN2,Voltage,true,-0.012017019093036652
1765400103806671872,T7,AIN2,Voltage,true,-0.01170162484049797
1765400103806682880,T7,AIN2,Voltage,true,-0.012332413345575333
1765400103806701056,T7,AIN2,Voltage,true,-0.012332413345575333
1765400103806712064,T7,AIN2,Voltage,true,-0.01170162484049797
1765400103806723072,T7,AIN2,Voltage,true,-0.011070836335420609
1765400103806734080,T7,AIN2,Voltage,true,-0.012332413345575333
1765400103806745088,T7,AIN2,Voltage,true,-0.012017019093036652
1765400103806755072,T7,AIN2,Voltage,true,-0.012017019093036652
1765400103806766080,T7,AIN2,Voltage,true,-0.012332413345575333
1765400103806777088,T7,AIN2,Voltage,true,-0.01138623058795929
1765400103806789120,T7,AIN2,Voltage,true,-0.01170162484049797
1765400103806799104,T7,AIN2,Voltage,true,-0.012647808529436588
1765400103806811904,T7,AIN2,Voltage,true,-0.01170162484049797
1765400103806822912,T7,AIN2,Voltage,true,-0.012332413345575333
1765400103806835968,T7,AIN2,Voltage,true,-0.01138623058795929
1765400103806845952,T7,AIN2,Voltage,true,-0.01170162484049797
1765400103808342016,T7,AIN2,Voltage,true,-0.01170162484049797
1765400103808368896,T7,AIN2,Voltage,true,-0.012647808529436588
1765400103808413952,T7,AIN2,Voltage,true,-0.012017019093036652
1765400103808427008,T7,AIN2,Voltage,true,-0.01170162484049797
1765400103808438016,T7,AIN2,Voltage,true,-0.01170162484049797
1765400103808449024,T7,AIN2,Voltage,true,-0.012017019093036652
1765400103808460032,T7,AIN2,Voltage,true,-0.012647808529436588
1765400103808471040,T7,AIN2,Voltage,true,-0.012647808529436588
1765400103808482048,T7,AIN2,Voltage,true,-0.01170162484049797
1765400103809029888,T7,AIN2,Voltage,true,-0.012017019093036652
1765400103809064960,T7,AIN2,Voltage,true,-0.01170162484049797
1765400103809080064,T7,AIN2,Voltage,true,-0.01170162484049797
1765400103809092096,T7,AIN2,Voltage,true,-0.01170162484049797
1765400103809103872,T7,AIN2,Voltage,true,-0.012017019093036652
1765400103809117952,T7,AIN2,Voltage,true,-0.01138623058795929
1765400103809129984,T7,AIN2,Voltage,true,-0.01138623058795929
1765400103809140992,T7,AIN2,Voltage,true,-0.012332413345575333
1765400103809152000,T7,AIN2,Voltage,true,-0.012332413345575333
1765400103809307904,T7,AIN2,Voltage,true,-0.012647808529436588
1765400103809328128,T7,AIN2,Voltage,true,-0.012332413345575333
1765400103809338880,T7,AIN2,Voltage,true,-0.012017019093036652
1765400103809349888,T7,AIN2,Voltage,true,-0.01170162484049797
1765400103809360896,T7,AIN2,Voltage,true,-0.012017019093036652
1765400103809371904,T7,AIN2,Voltage,true,-0.012017019093036652
1765400103809382912,T7,AIN2,Voltage,true,-0.01170162484049797
1765400103809392896,T7,AIN2,Voltage,true,-0.012332413345575333
1765400103809403904,T7,AIN2,Voltage,true,-0.01170162484049797
1765400103809531904,T7,AIN2,Voltage,true,-0.01170162484049797
1765400103809572096,T7,AIN2,Voltage,true,-0.012017019093036652
1765400103809584896,T7,AIN2,Voltage,true,-0.01138623058795929
1765400103809604096,T7,AIN2,Voltage,true,-0.01138623058795929
1765400103809615872,T7,AIN2,Voltage,true,-0.01138623058795929
1765400103809626880,T7,AIN2,Voltage,true,-0.01138623058795929
1765400103809637888,T7,AIN2,Voltage,true,-0.012332413345575333
1765400103809648896,T7,AIN2,Voltage,true,-0.012332413345575333
1765400103809659904,T7,AIN2,Voltage,true,-0.01170162484049797
1765400103809670912,T7,AIN2,Voltage,true,-0.012332413345575333
1765400103809681920,T7,AIN2,Voltage,true,-0.01138623058795929
1765400103809692928,T7,AIN2,Voltage,true,-0.01170162484049797
1765400103809703936,T7,AIN2,Voltage,true,-0.012647808529436588
1765400103809714944,T7,AIN2,Voltage,true,-0.012647808529436588
1765400103809726976,T7,AIN2,Voltage,true,-0.012017019093036652
1765400103809737984,T7,AIN2,Voltage,true,-0.01170162484049797
1765400103809747968,T7,AIN2,Voltage,true,-0.012332413345575333
1765400103809758976,T7,AIN2,Voltage,true,-0.012332413345575333
1765400103809769984,T7,AIN2,Voltage,true,-0.01138623058795929
1765400103809780992,T7,AIN2,Voltage,true,-0.012017019093036652
1765400103809792000,T7,AIN2,Voltage,true,-0.01170162484049797
1765400103809803008,T7,AIN2,Voltage,true,-0.01138623058795929
1765400103809814016,T7,AIN2,Voltage,true,-0.01170162484049797
1765400103809895936,T7,AIN2,Voltage,true,-0.01170162484049797
1765400103809912064,T7,AIN2,Voltage,true,-0.012017019093036652
1765400103809924096,T7,AIN2,Voltage,true,-0.012017019093036652
1765400103809935104,T7,AIN2,Voltage,true,-0.012332413345575333
1765400103809946880,T7,AIN2,Voltage,true,-0.012017019093036652
1765400103809957120,T7,AIN2,Voltage,true,-0.01170162484049797
1765400103809968896,T7,AIN2,Voltage,true,-0.012332413345575333
1765400103809995008,T7,AIN2,Voltage,true,-0.012647808529436588
1765400103810006016,T7,AIN2,Voltage,true,-0.012017019093036652
1765400103810017024,T7,AIN2,Voltage,true,-0.01138623058795929
1765400103810027008,T7,AIN2,Voltage,true,-0.01138623058795929
1765400103810038016,T7,AIN2,Voltage,true,-0.012017019093036652
1765400103810049024,T7,AIN2,Voltage,true,-0.012017019093036652
1765400103810060032,T7,AIN2,Voltage,true,-0.012017019093036652
1765400103810070016,T7,AIN2,Voltage,true,-0.01170162484049797
1765400103810081024,T7,AIN2,Voltage,true,-0.01138623058795929
1765400103810091008,T7,AIN2,Voltage,true,-0.012332413345575333
1765400103810103040,T7,AIN2,Voltage,true,-0.01170162484049797
1765400103810113024,T7,AIN2,Voltage,true,-0.012017019093036652
1765400103810124032,T7,AIN2,Voltage,true,-0.012017019093036652
1765400103810135040,T7,AIN2,Voltage,true,-0.012332413345575333
1765400103810146048,T7,AIN2,Voltage,true,-0.012332413345575333
1765400103810157056,T7,AIN2,Voltage,true,-0.012332413345575333
1765400103810168064,T7,AIN2,Voltage,true,-0.012332413345575333
1765400103810179072,T7,AIN2,Voltage,true,-0.012332413345575333
1765400103810199040,T7,AIN2,Voltage,true,-0.012017019093036652
1765400103810210048,T7,AIN2,Voltage,true,-0.012017019093036652
1765400103810221056,T7,AIN2,Voltage,true,-0.01170162484049797
1765400103810231040,T7,AIN2,Voltage,true,-0.012017019093036652
1765400103810242048,T7,AIN2,Voltage,true,-0.012332413345575333
1765400103810253056,T7,AIN2,Voltage,true,-0.012332413345575333
1765400103810264064,T7,AIN2,Voltage,true,-0.012017019093036652
1765400103810274048,T7,AIN2,Voltage,true,-0.012017019093036652
1765400103810286080,T7,AIN2,Voltage,true,-0.01170162484049797
1765400103810296064,T7,AIN2,Voltage,true,-0.012017019093036652
1765400103810306048,T7,AIN2,Voltage,true,-0.012332413345575333
1765400103810317056,T7,AIN2,Voltage,true,-0.012332413345575333
1765400103810328064,T7,AIN2,Voltage,true,-0.012017019093036652
1765400103810339072,T7,AIN2,Voltage,true,-0.01170162484049797
1765400103810349056,T7,AIN2,Voltage,true,-0.012017019093036652
1765400103810360064,T7,AIN2,Voltage,true,-0.01296320278197527
1765400103810372096,T7,AIN2,Voltage,true,-0.012017019093036652
1765400103810382080,T7,AIN2,Voltage,true,-0.01138623058795929
1765400103810393088,T7,AIN2,Voltage,true,-0.012017019093036652
1765400103810403072,T7,AIN2,Voltage,true,-0.01170162484049797
1765400103810414080,T7,AIN2,Voltage,true,-0.012017019093036652
1765400103810425088,T7,AIN2,Voltage,true,-0.01170162484049797
1765400103810435072,T7,AIN2,Voltage,true,-0.012017019093036652
1765400103810446080,T7,AIN2,Voltage,true,-0.012332413345575333
1765400103810484992,T7,AIN2,Voltage,true,-0.012017019093036652
1765400103810518016,T7,AIN2,Voltage,true,-0.012332413345575333
1765400103810533888,T7,AIN2,Voltage,true,-0.012647808529436588
1765400103810546944,T7,AIN2,Voltage,true,-0.012017019093036652
1765400103810560000,T7,AIN2,Voltage,true,-0.012332413345575333
1765400103810571008,T7,AIN2,Voltage,true,-0.012017019093036652
1765400103810582016,T7,AIN2,Voltage,true,-0.012332413345575333
1765400103810597888,T7,AIN2,Voltage,true,-0.012017019093036652
1765400103810608896,T7,AIN2,Voltage,true,-0.012332413345575333
1765400103810619904,T7,AIN2,Voltage,true,-0.012017019093036652
1765400103810631936,T7,AIN2,Voltage,true,-0.012017019093036652
1765400103810642944,T7,AIN2,Voltage,true,-0.01170162484049797
1765400103810654976,T7,AIN2,Voltage,true,-0.01138623058795929
1765400103810680064,T7,AIN2,Voltage,true,-0.01170162484049797
1765400103810692096,T7,AIN2,Voltage,true,-0.01170162484049797
1765400103810703872,T7,AIN2,Voltage,true,-0.01170162484049797
1765400103810716928,T7,AIN2,Voltage,true,-0.012017019093036652
1765400103810727936,T7,AIN2,Voltage,true,-0.012332413345575333
1765400103810739968,T7,AIN2,Voltage,true,-0.012332413345575333
1765400103810750976,T7,AIN2,Voltage,true,-0.012017019093036652
1765400103810763008,T7,AIN2,Voltage,true,-0.012017019093036652
1765400103810774016,T7,AIN2,Voltage,true,-0.012017019093036652
1765400103810785024,T7,AIN2,Voltage,true,-0.01170162484049797
1765400103810796032,T7,AIN2,Voltage,true,-0.012647808529436588
1765400103810807040,T7,AIN2,Voltage,true,-0.012332413345575333
1765400103810818048,T7,AIN2,Voltage,true,-0.012332413345575333
1765400103810829056,T7,AIN2,Voltage,true,-0.01170162484049797
1765400103810840064,T7,AIN2,Voltage,true,-0.012017019093036652
1765400103810852096,T7,AIN2,Voltage,true,-0.01170162484049797
1765400103810864896,T7,AIN2,Voltage,true,-0.01170162484049797
1765400103810875904,T7,AIN2,Voltage,true,-0.01138623058795929
1765400103810886912,T7,AIN2,Voltage,true,-0.01138623058795929
1765400103810898944,T7,AIN2,Voltage,true,-0.01138623058795929
1765400103810909952,T7,AIN2,Voltage,true,-0.01170162484049797
1765400103810921984,T7,AIN2,Voltage,true,-0.012647808529436588
1765400103810932992,T7,AIN2,Voltage,true,-0.012647808529436588
1765400103810945024,T7,AIN2,Voltage,true,-0.012017019093036652
1765400103810955008,T7,AIN2,Voltage,true,-0.012017019093036652
1765400103810967040,T7,AIN2,Voltage,true,-0.012017019093036652
1765400103810978048,T7,AIN2,Voltage,true,-0.012332413345575333
1765400103810989056,T7,AIN2,Voltage,true,-0.012332413345575333
1765400103811000064,T7,AIN2,Voltage,true,-0.012647808529436588
1765400103811012096,T7,AIN2,Voltage,true,-0.012017019093036652
1765400103811023104,T7,AIN2,Voltage,true,-0.01170162484049797
1765400103811034880,T7,AIN2,Voltage,true,-0.01170162484049797
1765400103811045120,T7,AIN2,Voltage,true,-0.012017019093036652
1765400103811056896,T7,AIN2,Voltage,true,-0.012017019093036652
1765400103811066880,T7,AIN2,Voltage,true,-0.01138623058795929
1765400103811078912,T7,AIN2,Voltage,true,-0.01138623058795929
1765400103811089920,T7,AIN2,Voltage,true,-0.01170162484049797
1765400103811100928,T7,AIN2,Voltage,true,-0.01138623058795929
1765400103811111936,T7,AIN2,Voltage,true,-0.012332413345575333
1765400103811123968,T7,AIN2,Voltage,true,-0.012017019093036652
1765400103811134976,T7,AIN2,Voltage,true,-0.012647808529436588
1765400103811145984,T7,AIN2,Voltage,true,-0.012332413345575333
1765400103811156992,T7,AIN2,Voltage,true,-0.012332413345575333
1765400103811168000,T7,AIN2,Voltage,true,-0.012332413345575333
1765400103811179008,T7,AIN2,Voltage,true,-0.012332413345575333
1765400103811190016,T7,AIN2,Voltage,true,-0.012647808529436588
1765400103811202048,T7,AIN2,Voltage,true,-0.012017019093036652
1765400103811215104,T7,AIN2,Voltage,true,-0.01170162484049797
1765400103811226880,T7,AIN2,Voltage,true,-0.012017019093036652
1765400103811237888,T7,AIN2,Voltage,true,-0.01170162484049797
1765400103811248896,T7,AIN2,Voltage,true,-0.012017019093036652
1765400103811259904,T7,AIN2,Voltage,true,-0.012017019093036652
1765400103811270912,T7,AIN2,Voltage,true,-0.01170162484049797
1765400103811281920,T7,AIN2,Voltage,true,-0.012332413345575333
1765400103811292928,T7,AIN2,Voltage,true,-0.012017019093036652
1765400103811303936,T7,AIN2,Voltage,true,-0.012332413345575333
1765400103811314944,T7,AIN2,Voltage,true,-0.01170162484049797
1765400103811325952,T7,AIN2,Voltage,true,-0.012332413345575333
1765400103811337984,T7,AIN2,Voltage,true,-0.012332413345575333
1765400103811348992,T7,AIN2,Voltage,true,-0.012017019093036652
1765400103811360000,T7,AIN2,Voltage,true,-0.012647808529436588
1765400103811371008,T7,AIN2,Voltage,true,-0.012332413345575333
1765400103811382016,T7,AIN2,Voltage,true,-0.012017019093036652
1765400103811393024,T7,AIN2,Voltage,true,-0.012017019093036652
1765400103811404032,T7,AIN2,Voltage,true,-0.012017019093036652
1765400103811415040,T7,AIN2,Voltage,true,-0.012017019093036652
1765400103811426048,T7,AIN2,Voltage,true,-0.012017019093036652
1765400103811472896,T7,AIN2,Voltage,true,-0.012332413345575333
1765400103811490048,T7,AIN2,Voltage,true,-0.012332413345575333
1765400103811502080,T7,AIN2,Voltage,true,-0.012017019093036652
1765400103811513088,T7,AIN2,Voltage,true,-0.012332413345575333
1765400103811524096,T7,AIN2,Voltage,true,-0.012332413345575333
1765400103811535104,T7,AIN2,Voltage,true,-0.012017019093036652
1765400103811546112,T7,AIN2,Voltage,true,-0.01170162484049797
1765400103811557120,T7,AIN2,Voltage,true,-0.01170162484049797
1765400103811568128,T7,AIN2,Voltage,true,-0.012017019093036652
1765400103811578880,T7,AIN2,Voltage,true,-0.012332413345575333
1765400103811589888,T7,AIN2,Voltage,true,-0.012332413345575333
1765400103811600896,T7,AIN2,Voltage,true,-0.012647808529436588
1765400103811611904,T7,AIN2,Voltage,true,-0.01138623058795929
1765400103811623936,T7,AIN2,Voltage,true,-0.012332413345575333
1765400103811633920,T7,AIN2,Voltage,true,-0.012017019093036652
1765400103811645952,T7,AIN2,Voltage,true,-0.012017019093036652
1765400103811656960,T7,AIN2,Voltage,true,-0.01170162484049797
1765400103811667968,T7,AIN2,Voltage,true,-0.01170162484049797
1765400103811678976,T7,AIN2,Voltage,true,-0.01170162484049797
1765400103811691008,T7,AIN2,Voltage,true,-0.01138623058795929
1765400103811700992,T7,AIN2,Voltage,true,-0.012017019093036652
1765400103811712000,T7,AIN2,Voltage,true,-0.01170162484049797
1765400103811723008,T7,AIN2,Voltage,true,-0.012017019093036652
1765400103811734016,T7,AIN2,Voltage,true,-0.012332413345575333
1765400103811745024,T7,AIN2,Voltage,true,-0.012017019093036652
1765400103811756032,T7,AIN2,Voltage,true,-0.012017019093036652
1765400103811766016,T7,AIN2,Voltage,true,-0.012017019093036652
1765400103811777024,T7,AIN2,Voltage,true,-0.012647808529436588
1765400103811788032,T7,AIN2,Voltage,true,-0.012332413345575333
1765400103811799040,T7,AIN2,Voltage,true,-0.012017019093036652
1765400103811810048,T7,AIN2,Voltage,true,-0.01138623058795929
1765400103811821056,T7,AIN2,Voltage,true,-0.012017019093036652
1765400103811832064,T7,AIN2,Voltage,true,-0.012017019093036652
1765400103811843072,T7,AIN2,Voltage,true,-0.01170162484049797
1765400103811854080,T7,AIN2,Voltage,true,-0.01170162484049797
1765400103811864064,T7,AIN2,Voltage,true,-0.01170162484049797
1765400103811875072,T7,AIN2,Voltage,true,-0.01170162484049797
1765400103811885056,T7,AIN2,Voltage,true,-0.01170162484049797
1765400103811896064,T7,AIN2,Voltage,true,-0.012332413345575333
1765400103811907072,T7,AIN2,Voltage,true,-0.012332413345575333
1765400103811919104,T7,AIN2,Voltage,true,-0.012332413345575333
1765400103811929088,T7,AIN2,Voltage,true,-0.012017019093036652
1765400103811941120,T7,AIN2,Voltage,true,-0.012332413345575333
1765400103811950080,T7,AIN2,Voltage,true,-0.01170162484049797
1765400103811959040,T7,AIN2,Voltage,true,-0.01170162484049797
1765400103811968000,T7,AIN2,Voltage,true,-0.012647808529436588
1765400103811977984,T7,AIN2,Voltage,true,-0.012332413345575333
1765400103811985920,T7,AIN2,Voltage,true,-0.012017019093036652
1765400103811995904,T7,AIN2,Voltage,true,-0.012017019093036652
1765400103812004096,T7,AIN2,Voltage,true,-0.01138623058795929
1765400103812014080,T7,AIN2,Voltage,true,-0.01138623058795929
1765400103812023040,T7,AIN2,Voltage,true,-0.01138623058795929
1765400103812032000,T7,AIN2,Voltage,true,-0.01170162484049797
1765400103812040960,T7,AIN2,Voltage,true,-0.012017019093036652
1765400103812049920,T7,AIN2,Voltage,true,-0.012017019093036652
1765400103812058112,T7,AIN2,Voltage,true,-0.012017019093036652
1765400103812066048,T7,AIN2,Voltage,true,-0.012332413345575333
1765400103812076032,T7,AIN2,Voltage,true,-0.012332413345575333
1765400103812084992,T7,AIN2,Voltage,true,-0.012647808529436588
1765400103812093952,T7,AIN2,Voltage,true,-0.012332413345575333
1765400103812102912,T7,AIN2,Voltage,true,-0.01170162484049797
1765400103812111872,T7,AIN2,Voltage,true,-0.01170162484049797
1765400103812121088,T7,AIN2,Voltage,true,-0.012647808529436588
1765400103812130048,T7,AIN2,Voltage,true,-0.012332413345575333
1765400103812139008,T7,AIN2,Voltage,true,-0.012332413345575333
1765400103812148992,T7,AIN2,Voltage,true,-0.012017019093036652
1765400103812157952,T7,AIN2,Voltage,true,-0.012332413345575333
1765400103812165888,T7,AIN2,Voltage,true,-0.012332413345575333
1765400103812175104,T7,AIN2,Voltage,true,-0.01170162484049797
1765400103812184064,T7,AIN2,Voltage,true,-0.012017019093036652
1765400103812193024,T7,AIN2,Voltage,true,-0.01170162484049797
1765400103812201984,T7,AIN2,Voltage,true,-0.012332413345575333
1765400103812210944,T7,AIN2,Voltage,true,-0.012332413345575333
1765400103812219904,T7,AIN2,Voltage,true,-0.012017019093036652
1765400103812229120,T7,AIN2,Voltage,true,-0.012332413345575333
1765400103812238080,T7,AIN2,Voltage,true,-0.01170162484049797
1765400103812247040,T7,AIN2,Voltage,true,-0.012017019093036652
1765400103812256000,T7,AIN2,Voltage,true,-0.012017019093036652
1765400103812265984,T7,AIN2,Voltage,true,-0.012017019093036652
1765400103812273920,T7,AIN2,Voltage,true,-0.012017019093036652
1765400103812282880,T7,AIN2,Voltage,true,-0.012647808529436588
1765400103812292096,T7,AIN2,Voltage,true,-0.012647808529436588
1765400103812302080,T7,AIN2,Voltage,true,-0.012647808529436588
1765400103812311040,T7,AIN2,Voltage,true,-0.012332413345575333
1765400103812320000,T7,AIN2,Voltage,true,-0.012017019093036652
1765400103812328960,T7,AIN2,Voltage,true,-0.012332413345575333
1765400103812337920,T7,AIN2,Voltage,true,-0.01138623058795929
1765400103812347904,T7,AIN2,Voltage,true,-0.012017019093036652
1765400103812357120,T7,AIN2,Voltage,true,-0.012332413345575333
1765400103812366080,T7,AIN2,Voltage,true,-0.012332413345575333
1765400103812375040,T7,AIN2,Voltage,true,-0.012332413345575333
1765400103812384000,T7,AIN2,Voltage,true,-0.012332413345575333
1765400103812392960,T7,AIN2,Voltage,true,-0.012647808529436588
1765400103812401920,T7,AIN2,Voltage,true,-0.012332413345575333
1765400103812411904,T7,AIN2,Voltage,true,-0.012647808529436588
1765400103812421120,T7,AIN2,Voltage,true,-0.012332413345575333
1765400103812430080,T7,AIN2,Voltage,true,-0.012647808529436588
1765400103812439040,T7,AIN2,Voltage,true,-0.01170162484049797
1765400103812448000,T7,AIN2,Voltage,true,-0.012332413345575333
1765400103812457984,T7,AIN2,Voltage,true,-0.012647808529436588
1765400103812465920,T7,AIN2,Voltage,true,-0.012647808529436588
1765400103812475904,T7,AIN2,Voltage,true,-0.01170162484049797
1765400103812484096,T7,AIN2,Voltage,true,-0.01138623058795929
1765400103812494080,T7,AIN2,Voltage,true,-0.012017019093036652
1765400103812503040,T7,AIN2,Voltage,true,-0.012647808529436588
1765400103812512000,T7,AIN2,Voltage,true,-0.012332413345575333
1765400103812520960,T7,AIN2,Voltage,true,-0.012017019093036652
1765400103812529920,T7,AIN2,Voltage,true,-0.012332413345575333
1765400103812538880,T7,AIN2,Voltage,true,-0.012332413345575333
1765400103812549120,T7,AIN2,Voltage,true,-0.012647808529436588
1765400103812559104,T7,AIN2,Voltage,true,-0.012332413345575333
1765400103812568064,T7,AIN2,Voltage,true,-0.012332413345575333
1765400103812577024,T7,AIN2,Voltage,true,-0.012332413345575333
1765400103812585984,T7,AIN2,Voltage,true,-0.01170162484049797
1765400103812594944,T7,AIN2,Voltage,true,-0.012332413345575333
1765400103812603904,T7,AIN2,Voltage,true,-0.01138623058795929
1765400103812613120,T7,AIN2,Voltage,true,-0.012332413345575333
1765400103812623104,T7,AIN2,Voltage,true,-0.012647808529436588
1765400103812632064,T7,AIN2,Voltage,true,-0.012017019093036652
1765400103812641024,T7,AIN2,Voltage,true,-0.012332413345575333
1765400103812649984,T7,AIN2,Voltage,true,-0.012017019093036652
1765400103812658944,T7,AIN2,Voltage,true,-0.012332413345575333
1765400103812667904,T7,AIN2,Voltage,true,-0.012332413345575333
1765400103812677120,T7,AIN2,Voltage,true,-0.01170162484049797
1765400103812686080,T7,AIN2,Voltage,true,-0.012332413345575333
1765400103812695040,T7,AIN2,Voltage,true,-0.012017019093036652
1765400103812704000,T7,AIN2,Voltage,true,-0.012647808529436588
1765400103812712960,T7,AIN2,Voltage,true,-0.012332413345575333
1765400103812721920,T7,AIN2,Voltage,true,-0.012647808529436588
1765400103812743936,T7,AIN2,Voltage,true,-0.012332413345575333
1765400103812754944,T7,AIN2,Voltage,true,-0.012017019093036652
1765400103812762880,T7,AIN2,Voltage,true,-0.012332413345575333
1765400103812775936,T7,AIN2,Voltage,true,-0.012017019093036652
1765400103812784896,T7,AIN2,Voltage,true,-0.012332413345575333
1765400103812794112,T7,AIN2,Voltage,true,-0.01170162484049797
1765400103812803072,T7,AIN2,Voltage,true,-0.012017019093036652
1765400103812811008,T7,AIN2,Voltage,true,-0.012647808529436588
1765400103812819968,T7,AIN2,Voltage,true,-0.012647808529436588
1765400103812828928,T7,AIN2,Voltage,true,-0.012647808529436588
1765400103812837120,T7,AIN2,Voltage,true,-0.012332413345575333
1765400103812846080,T7,AIN2,Voltage,true,-0.012017019093036652
1765400103815497984,T7,AIN2,Voltage,true,-0.01170162484049797
1765400103815514880,T7,AIN2,Voltage,true,-0.012332413345575333
1765400103815525120,T7,AIN2,Voltage,true,-0.012647808529436588
1765400103815534080,T7,AIN2,Voltage,true,-0.01170162484049797
1765400103815544064,T7,AIN2,Voltage,true,-0.012647808529436588
1765400103815553024,T7,AIN2,Voltage,true,-0.012332413345575333
1765400103815561984,T7,AIN2,Voltage,true,-0.012332413345575333
1765400103815570944,T7,AIN2,Voltage,true,-0.012017019093036652
1765400103815579904,T7,AIN2,Voltage,true,-0.01170162484049797
1765400103817044992,T7,AIN2,Voltage,true,-0.01138623058795929
1765400103817076992,T7,AIN2,Voltage,true,-0.011070836335420609
1765400103817091072,T7,AIN2,Voltage,true,-0.012017019093036652
1765400103817102080,T7,AIN2,Voltage,true,-0.012017019093036652
1765400103817111040,T7,AIN2,Voltage,true,-0.012332413345575333
1765400103817121024,T7,AIN2,Voltage,true,-0.012017019093036652
1765400103817131008,T7,AIN2,Voltage,true,-0.012647808529436588
1765400103817139968,T7,AIN2,Voltage,true,-0.012332413345575333
1765400103817149952,T7,AIN2,Voltage,true,-0.012017019093036652
1765400103817158912,T7,AIN2,Voltage,true,-0.012017019093036652
1765400103817167872,T7,AIN2,Voltage,true,-0.012647808529436588
1765400103817177088,T7,AIN2,Voltage,true,-0.012017019093036652
1765400103817186048,T7,AIN2,Voltage,true,-0.012332413345575333
1765400103817195008,T7,AIN2,Voltage,true,-0.012017019093036652
1765400103817555968,T7,AIN2,Voltage,true,-0.012017019093036652
1765400103817568000,T7,AIN2,Voltage,true,-0.012017019093036652
1765400103817576960,T7,AIN2,Voltage,true,-0.01170162484049797
1765400103817586944,T7,AIN2,Voltage,true,-0.012017019093036652
1765400103817595904,T7,AIN2,Voltage,true,-0.01170162484049797
1765400103817605888,T7,AIN2,Voltage,true,-0.01170162484049797
1765400103817615104,T7,AIN2,Voltage,true,-0.012332413345575333
1765400103817625088,T7,AIN2,Voltage,true,-0.012332413345575333
1765400103817634048,T7,AIN2,Voltage,true,-0.012647808529436588
1765400103817643008,T7,AIN2,Voltage,true,-0.012332413345575333
1765400103817651968,T7,AIN2,Voltage,true,-0.012017019093036652
1765400103817660928,T7,AIN2,Voltage,true,-0.012332413345575333
1765400103817669888,T7,AIN2,Voltage,true,-0.012332413345575333
1765400103817679104,T7,AIN2,Voltage,true,-0.012332413345575333
1765400103817688064,T7,AIN2,Voltage,true,-0.012017019093036652
1765400103817697024,T7,AIN2,Voltage,true,-0.012647808529436588
1765400103817705984,T7,AIN2,Voltage,true,-0.01170162484049797
1765400103817714944,T7,AIN2,Voltage,true,-0.012647808529436588
1765400103817723904,T7,AIN2,Voltage,true,-0.012647808529436588
1765400103817733888,T7,AIN2,Voltage,true,-0.012017019093036652
1765400103817742080,T7,AIN2,Voltage,true,-0.01170162484049797
1765400103817751040,T7,AIN2,Voltage,true,-0.01170162484049797
1765400103817760000,T7,AIN2,Voltage,true,-0.011070836335420609
1765400103817768960,T7,AIN2,Voltage,true,-0.012017019093036652
1765400103817777920,T7,AIN2,Voltage,true,-0.012017019093036652
1765400103817786880,T7,AIN2,Voltage,true,-0.012017019093036652
1765400103817796096,T7,AIN2,Voltage,true,-0.012017019093036652
1765400103817805056,T7,AIN2,Voltage,true,-0.012017019093036652
1765400103817814016,T7,AIN2,Voltage,true,-0.012647808529436588
1765400103817822976,T7,AIN2,Voltage,true,-0.012647808529436588
1765400103817835008,T7,AIN2,Voltage,true,-0.012332413345575333
1765400103817843968,T7,AIN2,Voltage,true,-0.012332413345575333
1765400103817852928,T7,AIN2,Voltage,true,-0.012017019093036652
1765400103817861888,T7,AIN2,Voltage,true,-0.012332413345575333
1765400103817871104,T7,AIN2,Voltage,true,-0.012332413345575333
1765400103817881088,T7,AIN2,Voltage,true,-0.012332413345575333
1765400103817890048,T7,AIN2,Voltage,true,-0.012017019093036652
1765400103817899008,T7,AIN2,Voltage,true,-0.01138623058795929
1765400103817907968,T7,AIN2,Voltage,true,-0.012017019093036652
1765400103817916928,T7,AIN2,Voltage,true,-0.012332413345575333
1765400103817926912,T7,AIN2,Voltage,true,-0.012332413345575333
1765400103817935104,T7,AIN2,Voltage,true,-0.012017019093036652
1765400103817946112,T7,AIN2,Voltage,true,-0.012017019093036652
1765400103817955072,T7,AIN2,Voltage,true,-0.012017019093036652
1765400103817964032,T7,AIN2,Voltage,true,-0.012017019093036652
1765400103817972992,T7,AIN2,Voltage,true,-0.012332413345575333
1765400103817982976,T7,AIN2,Voltage,true,-0.012647808529436588
1765400103817992960,T7,AIN2,Voltage,true,-0.012647808529436588
1765400103818001920,T7,AIN2,Voltage,true,-0.012017019093036652
1765400103818010880,T7,AIN2,Voltage,true,-0.012332413345575333
1765400103818020096,T7,AIN2,Voltage,true,-0.012647808529436588
1765400103818030080,T7,AIN2,Voltage,true,-0.01170162484049797
1765400103818039040,T7,AIN2,Voltage,true,-0.012017019093036652
1765400103818048000,T7,AIN2,Voltage,true,-0.012332413345575333
1765400103818056960,T7,AIN2,Voltage,true,-0.012017019093036652
1765400103818065920,T7,AIN2,Voltage,true,-0.01170162484049797
1765400103818074880,T7,AIN2,Voltage,true,-0.01170162484049797
1765400103818084096,T7,AIN2,Voltage,true,-0.01170162484049797
1765400103818093056,T7,AIN2,Voltage,true,-0.01170162484049797
1765400103818102016,T7,AIN2,Voltage,true,-0.01170162484049797
1765400103818110976,T7,AIN2,Voltage,true,-0.012647808529436588
1765400103818119936,T7,AIN2,Voltage,true,-0.012332413345575333
1765400103818128896,T7,AIN2,Voltage,true,-0.012332413345575333
1765400103818138112,T7,AIN2,Voltage,true,-0.012647808529436588
1765400103818147072,T7,AIN2,Voltage,true,-0.012647808529436588
1765400103818156032,T7,AIN2,Voltage,true,-0.012017019093036652
1765400103818163968,T7,AIN2,Voltage,true,-0.012647808529436588
1765400103818172928,T7,AIN2,Voltage,true,-0.012332413345575333
1765400103818181888,T7,AIN2,Voltage,true,-0.012017019093036652
1765400103818190080,T7,AIN2,Voltage,true,-0.012017019093036652
1765400103818214912,T7,AIN2,Voltage,true,-0.012332413345575333
1765400103818224896,T7,AIN2,Voltage,true,-0.01170162484049797
1765400103818234112,T7,AIN2,Voltage,true,-0.01170162484049797
1765400103818243072,T7,AIN2,Voltage,true,-0.012332413345575333
1765400103818255104,T7,AIN2,Voltage,true,-0.01170162484049797
1765400103818264064,T7,AIN2,Voltage,true,-0.01170162484049797
1765400103818273024,T7,AIN2,Voltage,true,-0.01170162484049797
1765400103818281984,T7,AIN2,Voltage,true,-0.01170162484049797
1765400103818290944,T7,AIN2,Voltage,true,-0.012017019093036652
1765400103818299904,T7,AIN2,Voltage,true,-0.012332413345575333
1765400103818309888,T7,AIN2,Voltage,true,-0.012332413345575333
1765400103818319104,T7,AIN2,Voltage,true,-0.012017019093036652
1765400103818328064,T7,AIN2,Voltage,true,-0.01170162484049797
1765400103818337024,T7,AIN2,Voltage,true,-0.012017019093036652
1765400103818345984,T7,AIN2,Voltage,true,-0.012017019093036652
1765400103818354944,T7,AIN2,Voltage,true,-0.012332413345575333
1765400103818363904,T7,AIN2,Voltage,true,-0.01170162484049797
1765400103818373120,T7,AIN2,Voltage,true,-0.012017019093036652
1765400103818383104,T7,AIN2,Voltage,true,-0.01138623058795929
1765400103818392064,T7,AIN2,Voltage,true,-0.01170162484049797
1765400103818401024,T7,AIN2,Voltage,true,-0.012332413345575333
1765400103818409984,T7,AIN2,Voltage,true,-0.01138623058795929
1765400103818418944,T7,AIN2,Voltage,true,-0.01170162484049797
1765400103818428928,T7,AIN2,Voltage,true,-0.01170162484049797
1765400103818472960,T7,AIN2,Voltage,true,-0.012017019093036652
1765400103818486016,T7,AIN2,Voltage,true,-0.01138623058795929
1765400103818494976,T7,AIN2,Voltage,true,-0.012332413345575333
1765400103818503936,T7,AIN2,Voltage,true,-0.012647808529436588
1765400103818512896,T7,AIN2,Voltage,true,-0.01170162484049797
1765400103818522112,T7,AIN2,Voltage,true,-0.012332413345575333
1765400103818531072,T7,AIN2,Voltage,true,-0.012017019093036652
1765400103818539008,T7,AIN2,Voltage,true,-0.012017019093036652
1765400103818547968,T7,AIN2,Voltage,true,-0.012332413345575333
1765400103818571008,T7,AIN2,Voltage,true,-0.012017019093036652
1765400103818586112,T7,AIN2,Voltage,true,-0.012017019093036652
1765400103818596096,T7,AIN2,Voltage,true,-0.012017019093036652
1765400103818605056,T7,AIN2,Voltage,true,-0.012017019093036652
1765400103818614016,T7,AIN2,Voltage,true,-0.012017019093036652
1765400103818622976,T7,AIN2,Voltage,true,-0.012017019093036652
1765400103818631936,T7,AIN2,Voltage,true,-0.012017019093036652
1765400103818640896,T7,AIN2,Voltage,true,-0.012017019093036652
1765400103818651904,T7,AIN2,Voltage,true,-0.012017019093036652
1765400103818661120,T7,AIN2,Voltage,true,-0.012332413345575333
1765400103818670080,T7,AIN2,Voltage,true,-0.01170162484049797
1765400103818679040,T7,AIN2,Voltage,true,-0.012017019093036652
1765400103818688000,T7,AIN2,Voltage,true,-0.012017019093036652
1765400103818695936,T7,AIN2,Voltage,true,-0.012017019093036652
1765400103818704896,T7,AIN2,Voltage,true,-0.012647808529436588
1765400103818714112,T7,AIN2,Voltage,true,-0.012647808529436588
1765400103818774016,T7,AIN2,Voltage,true,-0.01170162484049797
1765400103818809088,T7,AIN2,Voltage,true,-0.012017019093036652
1765400103818821888,T7,AIN2,Voltage,true,-0.012017019093036652
1765400103818832896,T7,AIN2,Voltage,true,-0.01170162484049797
1765400103818842880,T7,AIN2,Voltage,true,-0.012017019093036652
1765400103818853120,T7,AIN2,Voltage,true,-0.012017019093036652
1765400103818862080,T7,AIN2,Voltage,true,-0.012017019093036652
1765400103818872064,T7,AIN2,Voltage,true,-0.012017019093036652
1765400103818882048,T7,AIN2,Voltage,true,-0.012017019093036652
1765400103818891008,T7,AIN2,Voltage,true,-0.012017019093036652
1765400103818900992,T7,AIN2,Voltage,true,-0.012017019093036652
1765400103818910976,T7,AIN2,Voltage,true,-0.012017019093036652
1765400103818919936,T7,AIN2,Voltage,true,-0.01170162484049797
1765400103818942976,T7,AIN2,Voltage,true,-0.01170162484049797
1765400103818952960,T7,AIN2,Voltage,true,-0.012332413345575333
1765400103818962944,T7,AIN2,Voltage,true,-0.012017019093036652
1765400103819002112,T7,AIN2,Voltage,true,-0.012017019093036652
1765400103819021056,T7,AIN2,Voltage,true,-0.012647808529436588
1765400103819031040,T7,AIN2,Voltage,true,-0.012332413345575333
1765400103819041024,T7,AIN2,Voltage,true,-0.012017019093036652
1765400103819049984,T7,AIN2,Voltage,true,-0.01170162484049797
1765400103819058944,T7,AIN2,Voltage,true,-0.012017019093036652
1765400103819091968,T7,AIN2,Voltage,true,-0.012647808529436588
1765400103819101952,T7,AIN2,Voltage,true,-0.012647808529436588
1765400103819122944,T7,AIN2,Voltage,true,-0.012017019093036652
1765400103819131904,T7,AIN2,Voltage,true,-0.01170162484049797
1765400103819141120,T7,AIN2,Voltage,true,-0.012017019093036652
1765400103819150080,T7,AIN2,Voltage,true,-0.012647808529436588
1765400103819159040,T7,AIN2,Voltage,true,-0.012332413345575333
1765400103819168000,T7,AIN2,Voltage,true,-0.012332413345575333
1765400103819176960,T7,AIN2,Voltage,true,-0.01170162484049797
1765400103819248128,T7,AIN2,Voltage,true,-0.012332413345575333
1765400103819286016,T7,AIN2,Voltage,true,-0.012017019093036652
1765400103819299072,T7,AIN2,Voltage,true,-0.012017019093036652
1765400103819310080,T7,AIN2,Voltage,true,-0.012332413345575333
1765400103819319040,T7,AIN2,Voltage,true,-0.01170162484049797
1765400103819326976,T7,AIN2,Voltage,true,-0.01170162484049797
1765400103819335936,T7,AIN2,Voltage,true,-0.01170162484049797
1765400103819345920,T7,AIN2,Voltage,true,-0.012017019093036652
1765400103819354880,T7,AIN2,Voltage,true,-0.012017019093036652
1765400103819365120,T7,AIN2,Voltage,true,-0.01170162484049797
1765400103819418880,T7,AIN2,Voltage,true,-0.012332413345575333
1765400103819439104,T7,AIN2,Voltage,true,-0.012332413345575333
1765400103819450112,T7,AIN2,Voltage,true,-0.012332413345575333
1765400103819461120,T7,AIN2,Voltage,true,-0.012332413345575333
1765400103819485952,T7,AIN2,Voltage,true,-0.012332413345575333
1765400103819543040,T7,AIN2,Voltage,true,-0.012017019093036652
1765400103819566080,T7,AIN2,Voltage,true,-0.01170162484049797
1765400103819589888,T7,AIN2,Voltage,true,-0.01170162484049797
1765400103819600896,T7,AIN2,Voltage,true,-0.01170162484049797
1765400103819610880,T7,AIN2,Voltage,true,-0.012332413345575333
1765400103819631104,T7,AIN2,Voltage,true,-0.012332413345575333
1765400103819663104,T7,AIN2,Voltage,true,-0.012647808529436588
1765400103819678976,T7,AIN2,Voltage,true,-0.012017019093036652
1765400103819687936,T7,AIN2,Voltage,true,-0.012017019093036652
1765400103819696896,T7,AIN2,Voltage,true,-0.01170162484049797
1765400103819706880,T7,AIN2,Voltage,true,-0.012017019093036652
1765400103819716096,T7,AIN2,Voltage,true,-0.01170162484049797
1765400103819725056,T7,AIN2,Voltage,true,-0.012332413345575333
1765400103819734016,T7,AIN2,Voltage,true,-0.012332413345575333
1765400103819742976,T7,AIN2,Voltage,true,-0.012332413345575333
1765400103819751936,T7,AIN2,Voltage,true,-0.012017019093036652
1765400103819761920,T7,AIN2,Voltage,true,-0.01138623058795929
1765400103819770880,T7,AIN2,Voltage,true,-0.012017019093036652
1765400103819780096,T7,AIN2,Voltage,true,-0.012017019093036652
1765400103819789056,T7,AIN2,Voltage,true,-0.012017019093036652
1765400103819796992,T7,AIN2,Voltage,true,-0.01170162484049797
1765400103819805952,T7,AIN2,Voltage,true,-0.01170162484049797
1765400103819815936,T7,AIN2,Voltage,true,-0.01138623058795929
1765400103819824128,T7,AIN2,Voltage,true,-0.012332413345575333
1765400103819833088,T7,AIN2,Voltage,true,-0.012017019093036652
1765400103819842048,T7,AIN2,Voltage,true,-0.012332413345575333
1765400103821552896,T7,AIN2,Voltage,true,-0.012332413345575333
1765400103821563904,T7,AIN2,Voltage,true,-0.012332413345575333
1765400103821573120,T7,AIN2,Voltage,true,-0.01170162484049797
1765400103821581056,T7,AIN2,Voltage,true,-0.012332413345575333
1765400103821588992,T7,AIN2,Voltage,true,-0.012332413345575333
1765400103821595904,T7,AIN2,Voltage,true,-0.012332413345575333
1765400103821604096,T7,AIN2,Voltage,true,-0.012017019093036652
1765400103821626880,T7,AIN2,Voltage,true,-0.012332413345575333
1765400103821635072,T7,AIN2,Voltage,true,-0.012017019093036652
1765400103822220032,T7,AIN2,Voltage,true,-0.01138623058795929
1765400103822231040,T7,AIN2,Voltage,true,-0.01170162484049797
1765400103822238976,T7,AIN2,Voltage,true,-0.012332413345575333
1765400103822247936,T7,AIN2,Voltage,true,-0.012332413345575333
1765400103822255104,T7,AIN2,Voltage,true,-0.012017019093036652
1765400103822263040,T7,AIN2,Voltage,true,-0.012017019093036652
1765400103822269952,T7,AIN2,Voltage,true,-0.012332413345575333
1765400103822277888,T7,AIN2,Voltage,true,-0.012647808529436588
1765400103822285056,T7,AIN2,Voltage,true,-0.012017019093036652
1765400103822302976,T7,AIN2,Voltage,true,-0.012017019093036652
1765400103822310912,T7,AIN2,Voltage,true,-0.012017019093036652
1765400103822318080,T7,AIN2,Voltage,true,-0.012332413345575333
1765400103822324992,T7,AIN2,Voltage,true,-0.012647808529436588
1765400103822332928,T7,AIN2,Voltage,true,-0.012017019093036652
1765400103822340096,T7,AIN2,Voltage,true,-0.012332413345575333
1765400103822347008,T7,AIN2,Voltage,true,-0.012017019093036652
1765400103822354944,T7,AIN2,Voltage,true,-0.012647808529436588
1765400103822362112,T7,AIN2,Voltage,true,-0.01170162484049797
1765400103822523904,T7,AIN2,Voltage,true,-0.012332413345575333
1765400103822533888,T7,AIN2,Voltage,true,-0.012017019093036652
1765400103822542080,T7,AIN2,Voltage,true,-0.012017019093036652
1765400103822548992,T7,AIN2,Voltage,true,-0.01170162484049797
1765400103822556928,T7,AIN2,Voltage,true,-0.012017019093036652
1765400103822579968,T7,AIN2,Voltage,true,-0.012647808529436588
1765400103822588928,T7,AIN2,Voltage,true,-0.012017019093036652
1765400103822596096,T7,AIN2,Voltage,true,-0.012017019093036652
1765400103822604032,T7,AIN2,Voltage,true,-0.012332413345575333
1765400103822610944,T7,AIN2,Voltage,true,-0.01138623058795929
1765400103822618880,T7,AIN2,Voltage,true,-0.012017019093036652
1765400103822632960,T7,AIN2,Voltage,true,-0.012647808529436588
1765400103822640896,T7,AIN2,Voltage,true,-0.012332413345575333
1765400103822649088,T7,AIN2,Voltage,true,-0.012017019093036652
1765400103822656000,T7,AIN2,Voltage,true,-0.01138623058795929
1765400103822663936,T7,AIN2,Voltage,true,-0.01170162484049797
1765400103822671104,T7,AIN2,Voltage,true,-0.012017019093036652
1765400103822679040,T7,AIN2,Voltage,true,-0.012332413345575333
1765400103822685952,T7,AIN2,Voltage,true,-0.012332413345575333
1765400103822693888,T7,AIN2,Voltage,true,-0.012332413345575333
1765400103822701056,T7,AIN2,Voltage,true,-0.01138623058795929
1765400103822708992,T7,AIN2,Voltage,true,-0.012017019093036652
1765400103822715904,T7,AIN2,Voltage,true,-0.012017019093036652
1765400103822724096,T7,AIN2,Voltage,true,-0.012647808529436588
1765400103822732032,T7,AIN2,Voltage,true,-0.012647808529436588
1765400103822738944,T7,AIN2,Voltage,true,-0.012017019093036652
1765400103822746112,T7,AIN2,Voltage,true,-0.012332413345575333
1765400103822754048,T7,AIN2,Voltage,true,-0.012017019093036652
1765400103822760960,T7,AIN2,Voltage,true,-0.012647808529436588
1765400103822768896,T7,AIN2,Voltage,true,-0.01170162484049797
1765400103822777088,T7,AIN2,Voltage,true,-0.01138623058795929
1765400103822784000,T7,AIN2,Voltage,true,-0.01170162484049797
1765400103822791936,T7,AIN2,Voltage,true,-0.012017019093036652
1765400103822799104,T7,AIN2,Voltage,true,-0.012017019093036652
1765400103822808064,T7,AIN2,Voltage,true,-0.012332413345575333
1765400103822814976,T7,AIN2,Voltage,true,-0.012017019093036652
1765400103822821888,T7,AIN2,Voltage,true,-0.01138623058795929
1765400103822830080,T7,AIN2,Voltage,true,-0.012332413345575333
1765400103822836992,T7,AIN2,Voltage,true,-0.012017019093036652
1765400103822881024,T7,AIN2,Voltage,true,-0.01170162484049797
1765400103822888960,T7,AIN2,Voltage,true,-0.012647808529436588
1765400103822896896,T7,AIN2,Voltage,true,-0.012017019093036652
1765400103822904064,T7,AIN2,Voltage,true,-0.012332413345575333
1765400103822910976,T7,AIN2,Voltage,true,-0.012332413345575333
1765400103822918912,T7,AIN2,Voltage,true,-0.012332413345575333
1765400103822927104,T7,AIN2,Voltage,true,-0.012017019093036652
1765400103822934016,T7,AIN2,Voltage,true,-0.012017019093036652
1765400103822941952,T7,AIN2,Voltage,true,-0.012332413345575333
1765400103822949120,T7,AIN2,Voltage,true,-0.012647808529436588
1765400103822957056,T7,AIN2,Voltage,true,-0.01170162484049797
1765400103822963968,T7,AIN2,Voltage,true,-0.01170162484049797
1765400103822971904,T7,AIN2,Voltage,true,-0.012332413345575333
1765400103822979072,T7,AIN2,Voltage,true,-0.01138623058795929
1765400103822987008,T7,AIN2,Voltage,true,-0.01170162484049797
1765400103822993920,T7,AIN2,Voltage,true,-0.012017019093036652
1765400103823002112,T7,AIN2,Voltage,true,-0.012017019093036652
1765400103823009024,T7,AIN2,Voltage,true,-0.01170162484049797
1765400103823016960,T7,AIN2,Voltage,true,-0.01170162484049797
1765400103823024896,T7,AIN2,Voltage,true,-0.012647808529436588
1765400103823032064,T7,AIN2,Voltage,true,-0.012647808529436588
1765400103823040000,T7,AIN2,Voltage,true,-0.012332413345575333
1765400103823047936,T7,AIN2,Voltage,true,-0.012332413345575333
1765400103823055104,T7,AIN2,Voltage,true,-0.012017019093036652
1765400103823062016,T7,AIN2,Voltage,true,-0.012647808529436588
1765400103823069952,T7,AIN2,Voltage,true,-0.012017019093036652
1765400103823077888,T7,AIN2,Voltage,true,-0.012017019093036652
1765400103823085056,T7,AIN2,Voltage,true,-0.01138623058795929
1765400103823092992,T7,AIN2,Voltage,true,-0.01170162484049797
1765400103823100928,T7,AIN2,Voltage,true,-0.011070836335420609
1765400103823108096,T7,AIN2,Voltage,true,-0.01170162484049797
1765400103823116032,T7,AIN2,Voltage,true,-0.012017019093036652
1765400103823123968,T7,AIN2,Voltage,true,-0.012017019093036652
1765400103823130880,T7,AIN2,Voltage,true,-0.012332413345575333
1765400103823138048,T7,AIN2,Voltage,true,-0.012332413345575333
1765400103823145984,T7,AIN2,Voltage,true,-0.01138623058795929
1765400103823153920,T7,AIN2,Voltage,true,-0.012017019093036652
1765400103823161088,T7,AIN2,Voltage,true,-0.012017019093036652
1765400103823169024,T7,AIN2,Voltage,true,-0.012017019093036652
1765400103823175936,T7,AIN2,Voltage,true,-0.012332413345575333
1765400103823183104,T7,AIN2,Voltage,true,-0.012332413345575333
1765400103823191040,T7,AIN2,Voltage,true,-0.012647808529436588
1765400103823197952,T7,AIN2,Voltage,true,-0.01170162484049797
1765400103823209984,T7,AIN2,Voltage,true,-0.012332413345575333
1765400103823217920,T7,AIN2,Voltage,true,-0.012017019093036652
1765400103823225088,T7,AIN2,Voltage,true,-0.012017019093036652
1765400103823233024,T7,AIN2,Voltage,true,-0.012017019093036652
1765400103823239936,T7,AIN2,Voltage,true,-0.012017019093036652
1765400103823247104,T7,AIN2,Voltage,true,-0.012017019093036652
1765400103823255040,T7,AIN2,Voltage,true,-0.012332413345575333
1765400103823261952,T7,AIN2,Voltage,true,-0.012647808529436588
1765400103823269888,T7,AIN2,Voltage,true,-0.01170162484049797
1765400103823278080,T7,AIN2,Voltage,true,-0.012332413345575333
1765400103823284992,T7,AIN2,Voltage,true,-0.01170162484049797
1765400103823291904,T7,AIN2,Voltage,true,-0.012017019093036652
1765400103823300096,T7,AIN2,Voltage,true,-0.012017019093036652
1765400103823307008,T7,AIN2,Voltage,true,-0.012647808529436588
1765400103823314944,T7,AIN2,Voltage,true,-0.012332413345575333
1765400103823322112,T7,AIN2,Voltage,true,-0.012332413345575333
1765400103823330048,T7,AIN2,Voltage,true,-0.01138623058795929
1765400103823336960,T7,AIN2,Voltage,true,-0.012017019093036652
1765400103823344896,T7,AIN2,Voltage,true,-0.012017019093036652
1765400103823352064,T7,AIN2,Voltage,true,-0.012332413345575333
1765400103823360000,T7,AIN2,Voltage,true,-0.01138623058795929
1765400103823366912,T7,AIN2,Voltage,true,-0.01170162484049797
1765400103823375104,T7,AIN2,Voltage,true,-0.01170162484049797
1765400103823382016,T7,AIN2,Voltage,true,-0.012017019093036652
1765400103823389952,T7,AIN2,Voltage,true,-0.012332413345575333
1765400103823397120,T7,AIN2,Voltage,true,-0.012332413345575333
1765400103823404032,T7,AIN2,Voltage,true,-0.012017019093036652
1765400103823411968,T7,AIN2,Voltage,true,-0.012332413345575333
1765400103823418880,T7,AIN2,Voltage,true,-0.012017019093036652
1765400103823427072,T7,AIN2,Voltage,true,-0.012332413345575333
1765400103823433984,T7,AIN2,Voltage,true,-0.012017019093036652
1765400103823441920,T7,AIN2,Voltage,true,-0.012647808529436588
1765400103823450112,T7,AIN2,Voltage,true,-0.012017019093036652
1765400103823457024,T7,AIN2,Voltage,true,-0.012017019093036652
1765400103823464960,T7,AIN2,Voltage,true,-0.012017019093036652
1765400103823472128,T7,AIN2,Voltage,true,-0.01296320278197527
1765400103823480064,T7,AIN2,Voltage,true,-0.012332413345575333
1765400103823486976,T7,AIN2,Voltage,true,-0.012647808529436588
1765400103823494912,T7,AIN2,Voltage,true,-0.01170162484049797
1765400103823502080,T7,AIN2,Voltage,true,-0.012017019093036652
1765400103823510016,T7,AIN2,Voltage,true,-0.012017019093036652
1765400103823516928,T7,AIN2,Voltage,true,-0.012017019093036652
1765400103823524096,T7,AIN2,Voltage,true,-0.01170162484049797
1765400103823532032,T7,AIN2,Voltage,true,-0.012332413345575333
1765400103823538944,T7,AIN2,Voltage,true,-0.012017019093036652
1765400103823546112,T7,AIN2,Voltage,true,-0.012332413345575333
1765400103823554048,T7,AIN2,Voltage,true,-0.01296320278197527
1765400103823560960,T7,AIN2,Voltage,true,-0.01170162484049797
1765400103823568896,T7,AIN2,Voltage,true,-0.012647808529436588
1765400103823577088,T7,AIN2,Voltage,true,-0.01170162484049797
1765400103823584000,T7,AIN2,Voltage,true,-0.012017019093036652
1765400103823591936,T7,AIN2,Voltage,true,-0.012017019093036652
1765400103823610880,T7,AIN2,Voltage,true,-0.012017019093036652
1765400103823620096,T7,AIN2,Voltage,true,-0.01170162484049797
1765400103823628032,T7,AIN2,Voltage,true,-0.01138623058795929
1765400103823634944,T7,AIN2,Voltage,true,-0.01170162484049797
1765400103823642880,T7,AIN2,Voltage,true,-0.012017019093036652
1765400103823650048,T7,AIN2,Voltage,true,-0.012017019093036652
1765400103823657984,T7,AIN2,Voltage,true,-0.012017019093036652
1765400103823664896,T7,AIN2,Voltage,true,-0.012017019093036652
1765400103823673088,T7,AIN2,Voltage,true,-0.012017019093036652
1765400103823680000,T7,AIN2,Voltage,true,-0.012332413345575333
1765400103823687936,T7,AIN2,Voltage,true,-0.012647808529436588
1765400103823695104,T7,AIN2,Voltage,true,-0.012017019093036652
1765400103823703040,T7,AIN2,Voltage,true,-0.012017019093036652
1765400103823709952,T7,AIN2,Voltage,true,-0.012017019093036652
1765400103823717888,T7,AIN2,Voltage,true,-0.012647808529436588
1765400103823725056,T7,AIN2,Voltage,true,-0.012647808529436588
1765400103823732992,T7,AIN2,Voltage,true,-0.012332413345575333
1765400103823739904,T7,AIN2,Voltage,true,-0.012017019093036652
1765400103823748096,T7,AIN2,Voltage,true,-0.012332413345575333
1765400103823755008,T7,AIN2,Voltage,true,-0.012332413345575333
1765400103823761920,T7,AIN2,Voltage,true,-0.01138623058795929
1765400103823770112,T7,AIN2,Voltage,true,-0.012017019093036652
1765400103823777024,T7,AIN2,Voltage,true,-0.012332413345575333
1765400103823784960,T7,AIN2,Voltage,true,-0.012017019093036652
1765400103823792128,T7,AIN2,Voltage,true,-0.012332413345575333
1765400103823800064,T7,AIN2,Voltage,true,-0.012017019093036652
1765400103823806976,T7,AIN2,Voltage,true,-0.012017019093036652
1765400103823814912,T7,AIN2,Voltage,true,-0.012332413345575333
1765400103823822080,T7,AIN2,Voltage,true,-0.012017019093036652
1765400103823828992,T7,AIN2,Voltage,true,-0.012017019093036652
1765400103823836928,T7,AIN2,Voltage,true,-0.012017019093036652
1765400103823944960,T7,AIN2,Voltage,true,-0.012332413345575333
1765400103823952896,T7,AIN2,Voltage,true,-0.012332413345575333
1765400103823960064,T7,AIN2,Voltage,true,-0.01170162484049797
1765400103823968000,T7,AIN2,Voltage,true,-0.012332413345575333
1765400103823975936,T7,AIN2,Voltage,true,-0.01138623058795929
1765400103823983104,T7,AIN2,Voltage,true,-0.01170162484049797
1765400103823991040,T7,AIN2,Voltage,true,-0.012017019093036652
1765400103823997952,T7,AIN2,Voltage,true,-0.012017019093036652
1765400103824005888,T7,AIN2,Voltage,true,-0.012017019093036652
1765400103824013056,T7,AIN2,Voltage,true,-0.012332413345575333
1765400103824020992,T7,AIN2,Voltage,true,-0.012647808529436588
1765400103824027904,T7,AIN2,Voltage,true,-0.012017019093036652
1765400103824036096,T7,AIN2,Voltage,true,-0.01170162484049797
1765400103824043008,T7,AIN2,Voltage,true,-0.012332413345575333
1765400103824050944,T7,AIN2,Voltage,true,-0.01138623058795929
1765400103824058880,T7,AIN2,Voltage,true,-0.012017019093036652
1765400103824066048,T7,AIN2,Voltage,true,-0.012017019093036652
1765400103824073984,T7,AIN2,Voltage,true,-0.012017019093036652
1765400103824080896,T7,AIN2,Voltage,true,-0.01170162484049797
1765400103824088064,T7,AIN2,Voltage,true,-0.012332413345575333
1765400103824096000,T7,AIN2,Voltage,true,-0.012332413345575333
1765400103824102912,T7,AIN2,Voltage,true,-0.012017019093036652
1765400103824111104,T7,AIN2,Voltage,true,-0.01170162484049797
1765400103824119040,T7,AIN2,Voltage,true,-0.012017019093036652
1765400103824125952,T7,AIN2,Voltage,true,-0.012647808529436588
1765400103824133888,T7,AIN2,Voltage,true,-0.012332413345575333
1765400103824142080,T7,AIN2,Voltage,true,-0.012017019093036652
1765400103824148992,T7,AIN2,Voltage,true,-0.01170162484049797
1765400103824155904,T7,AIN2,Voltage,true,-0.01138623058795929
1765400103824164096,T7,AIN2,Voltage,true,-0.012332413345575333
1765400103824171008,T7,AIN2,Voltage,true,-0.012017019093036652
1765400103824178944,T7,AIN2,Voltage,true,-0.012017019093036652
1765400103824186112,T7,AIN2,Voltage,true,-0.01170162484049797
1765400103824194048,T7,AIN2,Voltage,true,-0.01138623058795929
1765400103824200960,T7,AIN2,Voltage,true,-0.012017019093036652
1765400103824208896,T7,AIN2,Voltage,true,-0.01170162484049797
1765400103824217088,T7,AIN2,Voltage,true,-0.01138623058795929
1765400103824224000,T7,AIN2,Voltage,true,-0.012017019093036652
1765400103824230912,T7,AIN2,Voltage,true,-0.01170162484049797
1765400103824239104,T7,AIN2,Voltage,true,-0.01170162484049797
1765400103824246016,T7,AIN2,Voltage,true,-0.012647808529436588
1765400103824253952,T7,AIN2,Voltage,true,-0.012017019093036652
1765400103824261120,T7,AIN2,Voltage,true,-0.012332413345575333
1765400103824269056,T7,AIN2,Voltage,true,-0.01170162484049797
1765400103824275968,T7,AIN2,Voltage,true,-0.012017019093036652
1765400103824282880,T7,AIN2,Voltage,true,-0.012332413345575333
1765400103824291072,T7,AIN2,Voltage,true,-0.012332413345575333
1765400103824299008,T7,AIN2,Voltage,true,-0.012647808529436588
1765400103824305920,T7,AIN2,Voltage,true,-0.012647808529436588
1765400103824314112,T7,AIN2,Voltage,true,-0.012332413345575333
1765400103824322048,T7,AIN2,Voltage,true,-0.01170162484049797
1765400103824328960,T7,AIN2,Voltage,true,-0.012017019093036652
1765400103824336896,T7,AIN2,Voltage,true,-0.01296320278197527
1765400103824344064,T7,AIN2,Voltage,true,-0.012332413345575333
1765400103824352000,T7,AIN2,Voltage,true,-0.012017019093036652
1765400103824358912,T7,AIN2,Voltage,true,-0.012332413345575333
1765400103824367104,T7,AIN2,Voltage,true,-0.012017019093036652
1765400103824374016,T7,AIN2,Voltage,true,-0.012017019093036652
1765400103824380928,T7,AIN2,Voltage,true,-0.012332413345575333
1765400103824389120,T7,AIN2,Voltage,true,-0.01138623058795929
1765400103824396032,T7,AIN2,Voltage,true,-0.012647808529436588
1765400103824403968,T7,AIN2,Voltage,true,-0.012332413345575333
1765400103824411904,T7,AIN2,Voltage,true,-0.012332413345575333
1765400103824419072,T7,AIN2,Voltage,true,-0.012017019093036652
1765400103824425984,T7,AIN2,Voltage,true,-0.012647808529436588
1765400103824433920,T7,AIN2,Voltage,true,-0.012332413345575333
1765400103824441088,T7,AIN2,Voltage,true,-0.01170162484049797
1765400103824449024,T7,AIN2,Voltage,true,-0.012647808529436588
1765400103824456960,T7,AIN2,Voltage,true,-0.01170162484049797
1765400103824463872,T7,AIN2,Voltage,true,-0.012017019093036652
1765400103824471040,T7,AIN2,Voltage,true,-0.012017019093036652
1765400103824478976,T7,AIN2,Voltage,true,-0.012332413345575333
1765400103824486912,T7,AIN2,Voltage,true,-0.012017019093036652
1765400103824494080,T7,AIN2,Voltage,true,-0.012647808529436588
1765400103824500992,T7,AIN2,Voltage,true,-0.012332413345575333
1765400103824508928,T7,AIN2,Voltage,true,-0.01138623058795929
1765400103824516096,T7,AIN2,Voltage,true,-0.012017019093036652
1765400103824524032,T7,AIN2,Voltage,true,-0.012332413345575333
1765400103824531968,T7,AIN2,Voltage,true,-0.012017019093036652
1765400103824538880,T7,AIN2,Voltage,true,-0.012647808529436588
1765400103824547072,T7,AIN2,Voltage,true,-0.012332413345575333
1765400103824553984,T7,AIN2,Voltage,true,-0.012647808529436588
1765400103824561920,T7,AIN2,Voltage,true,-0.01170162484049797
1765400103824569088,T7,AIN2,Voltage,true,-0.01170162484049797
1765400103824577024,T7,AIN2,Voltage,true,-0.012017019093036652
1765400103824587008,T7,AIN2,Voltage,true,-0.01138623058795929
1765400103824593920,T7,AIN2,Voltage,true,-0.012017019093036652
1765400103824602112,T7,AIN2,Voltage,true,-0.012017019093036652
1765400103824609024,T7,AIN2,Voltage,true,-0.01138623058795929
1765400103824616960,T7,AIN2,Voltage,true,-0.01170162484049797
1765400103824624128,T7,AIN2,Voltage,true,-0.01138623058795929
1765400103824632064,T7,AIN2,Voltage,true,-0.01170162484049797
1765400103824638976,T7,AIN2,Voltage,true,-0.012647808529436588
1765400103824646912,T7,AIN2,Voltage,true,-0.012647808529436588
1765400103824654080,T7,AIN2,Voltage,true,-0.012017019093036652
1765400103824662016,T7,AIN2,Voltage,true,-0.012332413345575333
1765400103824669952,T7,AIN2,Voltage,true,-0.012017019093036652
1765400103824677120,T7,AIN2,Voltage,true,-0.012017019093036652
1765400103824694016,T7,AIN2,Voltage,true,-0.012332413345575333
1765400103824702976,T7,AIN2,Voltage,true,-0.012017019093036652
1765400103824709888,T7,AIN2,Voltage,true,-0.012332413345575333
1765400103824718080,T7,AIN2,Voltage,true,-0.012017019093036652
1765400103824724992,T7,AIN2,Voltage,true,-0.01170162484049797
1765400103824732928,T7,AIN2,Voltage,true,-0.01138623058795929
1765400103824740096,T7,AIN2,Voltage,true,-0.01138623058795929
1765400103824748032,T7,AIN2,Voltage,true,-0.01138623058795929
1765400103824754944,T7,AIN2,Voltage,true,-0.012017019093036652
1765400103824762880,T7,AIN2,Voltage,true,-0.01170162484049797
1765400103824771072,T7,AIN2,Voltage,true,-0.012332413345575333
1765400103824777984,T7,AIN2,Voltage,true,-0.012647808529436588
1765400103824785920,T7,AIN2,Voltage,true,-0.012647808529436588
1765400103824794112,T7,AIN2,Voltage,true,-0.012017019093036652
1765400103824801024,T7,AIN2,Voltage,true,-0.012017019093036652
1765400103824808960,T7,AIN2,Voltage,true,-0.012332413345575333
1765400103824816128,T7,AIN2,Voltage,true,-0.012017019093036652
1765400103824824064,T7,AIN2,Voltage,true,-0.012332413345575333
1765400103824830976,T7,AIN2,Voltage,true,-0.012332413345575333
1765400103824838912,T7,AIN2,Voltage,true,-0.012017019093036652
1765400103824846080,T7,AIN2,Voltage,true,-0.012017019093036652
1765400103824854016,T7,AIN2,Voltage,true,-0.012017019093036652
1765400103824860928,T7,AIN2,Voltage,true,-0.012017019093036652
1765400103824868096,T7,AIN2,Voltage,true,-0.012017019093036652
1765400103824876032,T7,AIN2,Voltage,true,-0.01170162484049797
1765400103824883968,T7,AIN2,Voltage,true,-0.012332413345575333
1765400103824891904,T7,AIN2,Voltage,true,-0.012332413345575333
1765400103824899072,T7,AIN2,Voltage,true,-0.012017019093036652
1765400103824907008,T7,AIN2,Voltage,true,-0.01170162484049797
1765400103824913920,T7,AIN2,Voltage,true,-0.012647808529436588
1765400103824922112,T7,AIN2,Voltage,true,-0.012647808529436588
1765400103824929024,T7,AIN2,Voltage,true,-0.012017019093036652
1765400104780932096,T7,AIN2,Voltage,true,-0.012332413345575333
1765400104781093888,T7,AIN2,Voltage,true,-0.012017019093036652
1765400104781134080,T7,AIN2,Voltage,true,-0.01170162484049797
1765400104781163008,T7,AIN2,Voltage,true,-0.012017019093036652
1765400104781189888,T7,AIN2,Voltage,true,-0.012647808529436588
1765400104781217024,T7,AIN2,Voltage,true,-0.012332413345575333
1765400104781242112,T7,AIN2,Voltage,true,-0.012017019093036652
1765400104781266944,T7,AIN2,Voltage,true,-0.01170162484049797
1765400104781292032,T7,AIN2,Voltage,true,-0.01170162484049797
1765400104781318912,T7,AIN2,Voltage,true,-0.01138623058795929
1765400104781344000,T7,AIN2,Voltage,true,-0.012332413345575333
1765400104781370112,T7,AIN2,Voltage,true,-0.012017019093036652
1765400104781394944,T7,AIN2,Voltage,true,-0.012332413345575333
1765400104781421056,T7,AIN2,Voltage,true,-0.012017019093036652
1765400104781445120,T7,AIN2,Voltage,true,-0.01138623058795929
1765400104781470976,T7,AIN2,Voltage,true,-0.012332413345575333
1765400104781498112,T7,AIN2,Voltage,true,-0.012332413345575333
1765400104781523968,T7,AIN2,Voltage,true,-0.012647808529436588
1765400104781550080,T7,AIN2,Voltage,true,-0.012332413345575333
1765400104781575936,T7,AIN2,Voltage,true,-0.012017019093036652
1765400104781602048,T7,AIN2,Voltage,true,-0.01170162484049797
1765400104781628928,T7,AIN2,Voltage,true,-0.012017019093036652
1765400104781655040,T7,AIN2,Voltage,true,-0.012332413345575333
1765400104781680896,T7,AIN2,Voltage,true,-0.012332413345575333
1765400104781707008,T7,AIN2,Voltage,true,-0.012017019093036652
1765400104781733120,T7,AIN2,Voltage,true,-0.01170162484049797
1765400104781760000,T7,AIN2,Voltage,true,-0.012332413345575333
1765400104781787904,T7,AIN2,Voltage,true,-0.012017019093036652
1765400104781814016,T7,AIN2,Voltage,true,-0.012017019093036652
1765400104781840896,T7,AIN2,Voltage,true,-0.012017019093036652
1765400104781867008,T7,AIN2,Voltage,true,-0.012647808529436588
1765400104781891072,T7,AIN2,Voltage,true,-0.01170162484049797
1765400104781916928,T7,AIN2,Voltage,true,-0.012017019093036652
1765400104781946112,T7,AIN2,Voltage,true,-0.012332413345575333
1765400104781977088,T7,AIN2,Voltage,true,-0.012647808529436588
1765400104782002944,T7,AIN2,Voltage,true,-0.012647808529436588
1765400104782030080,T7,AIN2,Voltage,true,-0.012332413345575333
1765400104782056960,T7,AIN2,Voltage,true,-0.01170162484049797
1765400104782083072,T7,AIN2,Voltage,true,-0.012017019093036652
1765400104782110976,T7,AIN2,Voltage,true,-0.012332413345575333
1765400104782137088,T7,AIN2,Voltage,true,-0.01170162484049797
1765400104782161920,T7,AIN2,Voltage,true,-0.012332413345575333
1765400104782188032,T7,AIN2,Voltage,true,-0.012017019093036652
1765400104782213120,T7,AIN2,Voltage,true,-0.012332413345575333
1765400104782237952,T7,AIN2,Voltage,true,-0.012017019093036652
1765400104782267904,T7,AIN2,Voltage,true,-0.012332413345575333
1765400104782294016,T7,AIN2,Voltage,true,-0.012332413345575333
1765400104782319104,T7,AIN2,Voltage,true,-0.012332413345575333
1765400104782343936,T7,AIN2,Voltage,true,-0.012017019093036652
1765400104782370048,T7,AIN2,Voltage,true,-0.012332413345575333
1765400104782394880,T7,AIN2,Voltage,true,-0.012017019093036652
1765400104782419968,T7,AIN2,Voltage,true,-0.012332413345575333
1765400104782446080,T7,AIN2,Voltage,true,-0.012332413345575333
1765400104782469888,T7,AIN2,Voltage,true,-0.012332413345575333
1765400104782496000,T7,AIN2,Voltage,true,-0.012647808529436588
1765400104782521088,T7,AIN2,Voltage,true,-0.012017019093036652
1765400104782546944,T7,AIN2,Voltage,true,-0.01170162484049797
1765400104782572032,T7,AIN2,Voltage,true,-0.012017019093036652
1765400104782597888,T7,AIN2,Voltage,true,-0.01170162484049797
1765400104782624000,T7,AIN2,Voltage,true,-0.012017019093036652
1765400104782650112,T7,AIN2,Voltage,true,-0.012647808529436588
1765400104782676992,T7,AIN2,Voltage,true,-0.012017019093036652
1765400104782703104,T7,AIN2,Voltage,true,-0.01170162484049797
1765400104782728960,T7,AIN2,Voltage,true,-0.012332413345575333
1765400104782755072,T7,AIN2,Voltage,true,-0.012332413345575333
1765400104782780928,T7,AIN2,Voltage,true,-0.012017019093036652
1765400104782807040,T7,AIN2,Voltage,true,-0.012647808529436588
1765400104782832896,T7,AIN2,Voltage,true,-0.01170162484049797
1765400104782859008,T7,AIN2,Voltage,true,-0.012332413345575333
1765400104782884096,T7,AIN2,Voltage,true,-0.012017019093036652
1765400104782910976,T7,AIN2,Voltage,true,-0.012017019093036652
1765400104782936064,T7,AIN2,Voltage,true,-0.012017019093036652
1765400104782963968,T7,AIN2,Voltage,true,-0.01138623058795929
1765400104782989056,T7,AIN2,Voltage,true,-0.01138623058795929
1765400104783015936,T7,AIN2,Voltage,true,-0.01170162484049797
1765400104783042048,T7,AIN2,Voltage,true,-0.012017019093036652
1765400104783068928,T7,AIN2,Voltage,true,-0.01170162484049797
1765400104783098880,T7,AIN2,Voltage,true,-0.012647808529436588
1765400104783127040,T7,AIN2,Voltage,true,-0.012017019093036652
1765400104783153920,T7,AIN2,Voltage,true,-0.012017019093036652
1765400104783180032,T7,AIN2,Voltage,true,-0.012017019093036652
1765400104783205888,T7,AIN2,Voltage,true,-0.012332413345575333
1765400104783234048,T7,AIN2,Voltage,true,-0.012332413345575333
1765400104783258880,T7,AIN2,Voltage,true,-0.012332413345575333
1765400104783283968,T7,AIN2,Voltage,true,-0.012647808529436588
1765400104783311104,T7,AIN2,Voltage,true,-0.01170162484049797
1765400104783336960,T7,AIN2,Voltage,true,-0.01138623058795929
1765400104783364096,T7,AIN2,Voltage,true,-0.012647808529436588
1765400104783389952,T7,AIN2,Voltage,true,-0.012332413345575333
1765400104783417088,T7,AIN2,Voltage,true,-0.012332413345575333
1765400104783442944,T7,AIN2,Voltage,true,-0.012017019093036652
1765400104783469056,T7,AIN2,Voltage,true,-0.01170162484049797
1765400104783496960,T7,AIN2,Voltage,true,-0.012332413345575333
1765400104783523072,T7,AIN2,Voltage,true,-0.01170162484049797
1765400104783549952,T7,AIN2,Voltage,true,-0.012332413345575333
1765400104783576064,T7,AIN2,Voltage,true,-0.012647808529436588
1765400104783603968,T7,AIN2,Voltage,true,-0.012332413345575333
1765400104783746048,T7,AIN2,Voltage,true,-0.012332413345575333
1765400104783792896,T7,AIN2,Voltage,true,-0.012332413345575333
1765400104783820032,T7,AIN2,Voltage,true,-0.012647808529436588
1765400104783845888,T7,AIN2,Voltage,true,-0.012332413345575333
1765400104783872000,T7,AIN2,Voltage,true,-0.012017019093036652
1765400104783898880,T7,AIN2,Voltage,true,-0.012017019093036652
1765400104783923968,T7,AIN2,Voltage,true,-0.012017019093036652
1765400104783940096,T7,AIN2,Voltage,true,-0.012017019093036652
1765400104783952896,T7,AIN2,Voltage,true,-0.012332413345575333
1765400104783966976,T7,AIN2,Voltage,true,-0.012647808529436588
1765400104783982080,T7,AIN2,Voltage,true,-0.012017019093036652
1765400104783994880,T7,AIN2,Voltage,true,-0.012332413345575333
1765400104784007936,T7,AIN2,Voltage,true,-0.012017019093036652
1765400104784022016,T7,AIN2,Voltage,true,-0.012647808529436588
1765400104784035072,T7,AIN2,Voltage,true,-0.012647808529436588
1765400104784048128,T7,AIN2,Voltage,true,-0.01170162484049797
1765400104784061952,T7,AIN2,Voltage,true,-0.012017019093036652
1765400104784076032,T7,AIN2,Voltage,true,-0.012332413345575333
1765400104784089088,T7,AIN2,Voltage,true,-0.012332413345575333
1765400104784101888,T7,AIN2,Voltage,true,-0.012647808529436588
1765400104784115968,T7,AIN2,Voltage,true,-0.012332413345575333
1765400104784129024,T7,AIN2,Voltage,true,-0.012017019093036652
1765400104784142080,T7,AIN2,Voltage,true,-0.012017019093036652
1765400104784155904,T7,AIN2,Voltage,true,-0.012332413345575333
1765400104784168960,T7,AIN2,Voltage,true,-0.012017019093036652
1765400104784183040,T7,AIN2,Voltage,true,-0.012017019093036652
1765400104784196096,T7,AIN2,Voltage,true,-0.012647808529436588
1765400104784209920,T7,AIN2,Voltage,true,-0.012332413345575333
1765400104784222976,T7,AIN2,Voltage,true,-0.012017019093036652
1765400104784236032,T7,AIN2,Voltage,true,-0.012017019093036652
1765400104784249088,T7,AIN2,Voltage,true,-0.012647808529436588
1765400104784262912,T7,AIN2,Voltage,true,-0.012332413345575333
1765400104784275968,T7,AIN2,Voltage,true,-0.012647808529436588
1765400104784292096,T7,AIN2,Voltage,true,-0.012017019093036652
1765400104784304896,T7,AIN2,Voltage,true,-0.012332413345575333
1765400104784317952,T7,AIN2,Voltage,true,-0.012332413345575333
1765400104784331008,T7,AIN2,Voltage,true,-0.012647808529436588
1765400104784344064,T7,AIN2,Voltage,true,-0.012647808529436588
1765400104784361984,T7,AIN2,Voltage,true,-0.012332413345575333
1765400104784375040,T7,AIN2,Voltage,true,-0.01170162484049797
1765400104784388096,T7,AIN2,Voltage,true,-0.012017019093036652
1765400104784401920,T7,AIN2,Voltage,true,-0.012017019093036652
1765400104784414976,T7,AIN2,Voltage,true,-0.012647808529436588
1765400104784429056,T7,AIN2,Voltage,true,-0.012017019093036652
1765400104784442112,T7,AIN2,Voltage,true,-0.012017019093036652
1765400104784455936,T7,AIN2,Voltage,true,-0.01170162484049797
1765400104784468992,T7,AIN2,Voltage,true,-0.012017019093036652
1765400104784482048,T7,AIN2,Voltage,true,-0.01170162484049797
1765400104784496128,T7,AIN2,Voltage,true,-0.01170162484049797
1765400104784514048,T7,AIN2,Voltage,true,-0.012017019093036652
1765400104784527104,T7,AIN2,Voltage,true,-0.012017019093036652
1765400104784540928,T7,AIN2,Voltage,true,-0.012017019093036652
1765400104784553984,T7,AIN2,Voltage,true,-0.012332413345575333
1765400104784568064,T7,AIN2,Voltage,true,-0.012017019093036652
1765400104784581120,T7,AIN2,Voltage,true,-0.012647808529436588
1765400104784594944,T7,AIN2,Voltage,true,-0.012332413345575333
1765400104784608000,T7,AIN2,Voltage,true,-0.012647808529436588
1765400104784625920,T7,AIN2,Voltage,true,-0.012332413345575333
1765400104784640000,T7,AIN2,Voltage,true,-0.012017019093036652
1765400104784653056,T7,AIN2,Voltage,true,-0.01170162484049797
1765400104784666112,T7,AIN2,Voltage,true,-0.01138623058795929
1765400104784679936,T7,AIN2,Voltage,true,-0.01170162484049797
1765400104784692992,T7,AIN2,Voltage,true,-0.012332413345575333
1765400104784707072,T7,AIN2,Voltage,true,-0.012332413345575333
1765400104784719872,T7,AIN2,Voltage,true,-0.012332413345575333
1765400104784734976,T7,AIN2,Voltage,true,-0.012332413345575333
1765400104784748032,T7,AIN2,Voltage,true,-0.01170162484049797
1765400104784761088,T7,AIN2,Voltage,true,-0.012647808529436588
1765400104784773888,T7,AIN2,Voltage,true,-0.012332413345575333
1765400104784787968,T7,AIN2,Voltage,true,-0.012332413345575333
1765400104784803072,T7,AIN2,Voltage,true,-0.012017019093036652
1765400104784816896,T7,AIN2,Voltage,true,-0.012647808529436588
1765400104784829952,T7,AIN2,Voltage,true,-0.012017019093036652
1765400104784843008,T7,AIN2,Voltage,true,-0.012017019093036652
1765400104784856064,T7,AIN2,Voltage,true,-0.01170162484049797
1765400104784869120,T7,AIN2,Voltage,true,-0.012017019093036652
1765400104784881920,T7,AIN2,Voltage,true,-0.011070836335420609
1765400104784899072,T7,AIN2,Voltage,true,-0.01138623058795929
1765400104784912896,T7,AIN2,Voltage,true,-0.01138623058795929
1765400104784926976,T7,AIN2,Voltage,true,-0.012017019093036652
1765400104784940032,T7,AIN2,Voltage,true,-0.012017019093036652
1765400104784953088,T7,AIN2,Voltage,true,-0.012332413345575333
1765400104784966912,T7,AIN2,Voltage,true,-0.012332413345575333
1765400104784979968,T7,AIN2,Voltage,true,-0.01296320278197527
1765400104784994048,T7,AIN2,Voltage,true,-0.01170162484049797
1765400104785007104,T7,AIN2,Voltage,true,-0.012332413345575333
1765400104785020928,T7,AIN2,Voltage,true,-0.012647808529436588
1765400104785033984,T7,AIN2,Voltage,true,-0.012332413345575333
1765400104785048064,T7,AIN2,Voltage,true,-0.012017019093036652
1765400104785061888,T7,AIN2,Voltage,true,-0.012647808529436588
1765400104785074944,T7,AIN2,Voltage,true,-0.012332413345575333
1765400104785089024,T7,AIN2,Voltage,true,-0.012017019093036652
1765400104785102080,T7,AIN2,Voltage,true,-0.012647808529436588
1765400104785115904,T7,AIN2,Voltage,true,-0.012017019093036652
1765400104785128960,T7,AIN2,Voltage,true,-0.01170162484049797
1765400104785142016,T7,AIN2,Voltage,true,-0.012332413345575333
1765400104785155072,T7,AIN2,Voltage,true,-0.012017019093036652
1765400104785167872,T7,AIN2,Voltage,true,-0.012017019093036652
1765400104785181952,T7,AIN2,Voltage,true,-0.012647808529436588
1765400104785195008,T7,AIN2,Voltage,true,-0.012647808529436588
1765400104785208064,T7,AIN2,Voltage,true,-0.012647808529436588
1765400104785221120,T7,AIN2,Voltage,true,-0.012017019093036652
1765400104785233920,T7,AIN2,Voltage,true,-0.012647808529436588
1765400104785246976,T7,AIN2,Voltage,true,-0.012332413345575333
1765400104785260032,T7,AIN2,Voltage,true,-0.012647808529436588
1765400104785274112,T7,AIN2,Voltage,true,-0.012332413345575333
1765400104785286912,T7,AIN2,Voltage,true,-0.012017019093036652
1765400104785299968,T7,AIN2,Voltage,true,-0.012017019093036652
1765400104785314048,T7,AIN2,Voltage,true,-0.012017019093036652
1765400104785328896,T7,AIN2,Voltage,true,-0.01170162484049797
1765400104785342976,T7,AIN2,Voltage,true,-0.012017019093036652
1765400104785357056,T7,AIN2,Voltage,true,-0.012017019093036652
1765400104785370112,T7,AIN2,Voltage,true,-0.012332413345575333
1765400104785383936,T7,AIN2,Voltage,true,-0.012647808529436588
1765400104785396992,T7,AIN2,Voltage,true,-0.012017019093036652
1765400104785411072,T7,AIN2,Voltage,true,-0.01170162484049797
1765400104785423104,T7,AIN2,Voltage,true,-0.012647808529436588
1765400104785436928,T7,AIN2,Voltage,true,-0.012017019093036652
1765400104785451008,T7,AIN2,Voltage,true,-0.012332413345575333
1765400104785464064,T7,AIN2,Voltage,true,-0.012332413345575333
1765400104785477120,T7,AIN2,Voltage,true,-0.012647808529436588
1765400104785490944,T7,AIN2,Voltage,true,-0.012017019093036652
1765400104785504000,T7,AIN2,Voltage,true,-0.012332413345575333
1765400104785517056,T7,AIN2,Voltage,true,-0.01170162484049797
1765400104785530112,T7,AIN2,Voltage,true,-0.012647808529436588
1765400104785543936,T7,AIN2,Voltage,true,-0.012647808529436588
1765400104785558016,T7,AIN2,Voltage,true,-0.012647808529436588
1765400104785571072,T7,AIN2,Voltage,true,-0.012332413345575333
1765400104785584128,T7,AIN2,Voltage,true,-0.012017019093036652
1765400104785673984,T7,AIN2,Voltage,true,-0.012332413345575333
1765400104785692928,T7,AIN2,Voltage,true,-0.012017019093036652
1765400104785708032,T7,AIN2,Voltage,true,-0.012332413345575333
1765400104785722112,T7,AIN2,Voltage,true,-0.01170162484049797
1765400104785735936,T7,AIN2,Voltage,true,-0.01170162484049797
1765400104785748992,T7,AIN2,Voltage,true,-0.012017019093036652
1765400104785763072,T7,AIN2,Voltage,true,-0.012647808529436588
1765400104785775104,T7,AIN2,Voltage,true,-0.01296320278197527
1765400104785788928,T7,AIN2,Voltage,true,-0.012332413345575333
1765400104785803008,T7,AIN2,Voltage,true,-0.012332413345575333
1765400104785815040,T7,AIN2,Voltage,true,-0.012332413345575333
1765400104785828096,T7,AIN2,Voltage,true,-0.01170162484049797
1765400104785840896,T7,AIN2,Voltage,true,-0.012332413345575333
1765400104785853952,T7,AIN2,Voltage,true,-0.012017019093036652
1765400104785865984,T7,AIN2,Voltage,true,-0.012332413345575333
1765400104785879040,T7,AIN2,Voltage,true,-0.012017019093036652
1765400104789762048,T7,AIN2,Voltage,true,-0.012017019093036652
1765400104789808896,T7,AIN2,Voltage,true,-0.012017019093036652
1765400104789828096,T7,AIN2,Voltage,true,-0.012017019093036652
1765400104790004992,T7,AIN2,Voltage,true,-0.012332413345575333
1765400104790020096,T7,AIN2,Voltage,true,-0.012332413345575333
1765400104790034944,T7,AIN2,Voltage,true,-0.012017019093036652
1765400104790048000,T7,AIN2,Voltage,true,-0.012017019093036652
1765400104790062080,T7,AIN2,Voltage,true,-0.012017019093036652
1765400104790074880,T7,AIN2,Voltage,true,-0.012332413345575333
1765400104793937920,T7,AIN2,Voltage,true,-0.012017019093036652
1765400104793989120,T7,AIN2,Voltage,true,-0.012017019093036652
1765400104794003968,T7,AIN2,Voltage,true,-0.012332413345575333
1765400104794016000,T7,AIN2,Voltage,true,-0.01170162484049797
1765400104794027008,T7,AIN2,Voltage,true,-0.012017019093036652
1765400104794038016,T7,AIN2,Voltage,true,-0.012017019093036652
1765400104794049024,T7,AIN2,Voltage,true,-0.01170162484049797
1765400104794060032,T7,AIN2,Voltage,true,-0.01138623058795929
1765400104794072064,T7,AIN2,Voltage,true,-0.012017019093036652
1765400104794808064,T7,AIN2,Voltage,true,-0.012017019093036652
1765400104794839040,T7,AIN2,Voltage,true,-0.012332413345575333
1765400104794853120,T7,AIN2,Voltage,true,-0.012332413345575333
1765400104794864128,T7,AIN2,Voltage,true,-0.012332413345575333
1765400104794874880,T7,AIN2,Voltage,true,-0.012647808529436588
1765400104794885888,T7,AIN2,Voltage,true,-0.012332413345575333
1765400104794895872,T7,AIN2,Voltage,true,-0.012017019093036652
1765400104794906880,T7,AIN2,Voltage,true,-0.012647808529436588
1765400104794917120,T7,AIN2,Voltage,true,-0.012332413345575333
1765400104795087104,T7,AIN2,Voltage,true,-0.012017019093036652
1765400104795101952,T7,AIN2,Voltage,true,-0.012017019093036652
1765400104795112960,T7,AIN2,Voltage,true,-0.012647808529436588
1765400104795123968,T7,AIN2,Voltage,true,-0.012017019093036652
1765400104795134976,T7,AIN2,Voltage,true,-0.01170162484049797
1765400104795145984,T7,AIN2,Voltage,true,-0.01170162484049797
1765400104795156992,T7,AIN2,Voltage,true,-0.01138623058795929
1765400104795168000,T7,AIN2,Voltage,true,-0.012332413345575333
1765400104795177984,T7,AIN2,Voltage,true,-0.012332413345575333
1765400104795188992,T7,AIN2,Voltage,true,-0.012017019093036652
1765400104795201024,T7,AIN2,Voltage,true,-0.011070836335420609
1765400104795212032,T7,AIN2,Voltage,true,-0.012332413345575333
1765400104795222016,T7,AIN2,Voltage,true,-0.012332413345575333
1765400104795233024,T7,AIN2,Voltage,true,-0.01170162484049797
1765400104795245056,T7,AIN2,Voltage,true,-0.012017019093036652
1765400104795256064,T7,AIN2,Voltage,true,-0.012017019093036652
1765400104795268096,T7,AIN2,Voltage,true,-0.012332413345575333
1765400104795279104,T7,AIN2,Voltage,true,-0.012332413345575333
1765400104795290112,T7,AIN2,Voltage,true,-0.012017019093036652
1765400104795301120,T7,AIN2,Voltage,true,-0.012017019093036652
1765400104795313920,T7,AIN2,Voltage,true,-0.01170162484049797
1765400104795324928,T7,AIN2,Voltage,true,-0.012332413345575333
1765400104795339008,T7,AIN2,Voltage,true,-0.012332413345575333
1765400104795350016,T7,AIN2,Voltage,true,-0.012332413345575333
1765400104795361024,T7,AIN2,Voltage,true,-0.012332413345575333
1765400104795372032,T7,AIN2,Voltage,true,-0.012332413345575333
1765400104795383040,T7,AIN2,Voltage,true,-0.012332413345575333
1765400104795395072,T7,AIN2,Voltage,true,-0.012332413345575333
1765400104795406080,T7,AIN2,Voltage,true,-0.012017019093036652
1765400104795417088,T7,AIN2,Voltage,true,-0.012332413345575333
1765400104795428096,T7,AIN2,Voltage,true,-0.012332413345575333
1765400104795439104,T7,AIN2,Voltage,true,-0.012017019093036652
1765400104795450112,T7,AIN2,Voltage,true,-0.012017019093036652
1765400104795461888,T7,AIN2,Voltage,true,-0.012017019093036652
1765400104795475968,T7,AIN2,Voltage,true,-0.012017019093036652
1765400104795486976,T7,AIN2,Voltage,true,-0.012332413345575333
1765400104795499008,T7,AIN2,Voltage,true,-0.012332413345575333
1765400104795510016,T7,AIN2,Voltage,true,-0.012332413345575333
1765400104795523072,T7,AIN2,Voltage,true,-0.01170162484049797
1765400104795544064,T7,AIN2,Voltage,true,-0.012017019093036652
1765400104795555072,T7,AIN2,Voltage,true,-0.012332413345575333
1765400104795565056,T7,AIN2,Voltage,true,-0.012017019093036652
1765400104795652096,T7,AIN2,Voltage,true,-0.01170162484049797
1765400104795674112,T7,AIN2,Voltage,true,-0.012647808529436588
1765400104795687936,T7,AIN2,Voltage,true,-0.012017019093036652
1765400104795699968,T7,AIN2,Voltage,true,-0.012332413345575333
1765400104795712000,T7,AIN2,Voltage,true,-0.012017019093036652
1765400104795724032,T7,AIN2,Voltage,true,-0.012332413345575333
1765400104795735040,T7,AIN2,Voltage,true,-0.012647808529436588
1765400104795746048,T7,AIN2,Voltage,true,-0.012017019093036652
1765400104795761920,T7,AIN2,Voltage,true,-0.012017019093036652
1765400104795772928,T7,AIN2,Voltage,true,-0.01170162484049797
1765400104795783936,T7,AIN2,Voltage,true,-0.012647808529436588
1765400104795795968,T7,AIN2,Voltage,true,-0.01296320278197527
1765400104795806976,T7,AIN2,Voltage,true,-0.01327859703451395
1765400104795817984,T7,AIN2,Voltage,true,-0.012647808529436588
1765400104795828992,T7,AIN2,Voltage,true,-0.012017019093036652
1765400104795841024,T7,AIN2,Voltage,true,-0.012017019093036652
1765400104795851008,T7,AIN2,Voltage,true,-0.012017019093036652
1765400104795862016,T7,AIN2,Voltage,true,-0.012332413345575333
1765400104795873024,T7,AIN2,Voltage,true,-0.012332413345575333
1765400104795884032,T7,AIN2,Voltage,true,-0.012332413345575333
1765400104795895040,T7,AIN2,Voltage,true,-0.01170162484049797
1765400104795907072,T7,AIN2,Voltage,true,-0.012332413345575333
1765400104795918080,T7,AIN2,Voltage,true,-0.012332413345575333
1765400104795929088,T7,AIN2,Voltage,true,-0.012017019093036652
1765400104795941888,T7,AIN2,Voltage,true,-0.012332413345575333
1765400104795953920,T7,AIN2,Voltage,true,-0.012017019093036652
1765400104795964928,T7,AIN2,Voltage,true,-0.012332413345575333
1765400104795975936,T7,AIN2,Voltage,true,-0.012017019093036652
1765400104795986944,T7,AIN2,Voltage,true,-0.012332413345575333
1765400104795997952,T7,AIN2,Voltage,true,-0.012017019093036652
1765400104796008960,T7,AIN2,Voltage,true,-0.01170162484049797
1765400104796018944,T7,AIN2,Voltage,true,-0.012017019093036652
1765400104796030976,T7,AIN2,Voltage,true,-0.012332413345575333
1765400104796040960,T7,AIN2,Voltage,true,-0.012017019093036652
1765400104796052992,T7,AIN2,Voltage,true,-0.012332413345575333
1765400104796062976,T7,AIN2,Voltage,true,-0.012332413345575333
1765400104796075008,T7,AIN2,Voltage,true,-0.01170162484049797
1765400104796086016,T7,AIN2,Voltage,true,-0.012647808529436588
1765400104796098048,T7,AIN2,Voltage,true,-0.012017019093036652
1765400104796108032,T7,AIN2,Voltage,true,-0.012332413345575333
1765400104796120064,T7,AIN2,Voltage,true,-0.012332413345575333
1765400104796130048,T7,AIN2,Voltage,true,-0.012017019093036652
1765400104796142080,T7,AIN2,Voltage,true,-0.012017019093036652
1765400104796152064,T7,AIN2,Voltage,true,-0.01170162484049797
1765400104796208896,T7,AIN2,Voltage,true,-0.012332413345575333
1765400104796225024,T7,AIN2,Voltage,true,-0.012017019093036652
1765400104796237056,T7,AIN2,Voltage,true,-0.012017019093036652
1765400104796248064,T7,AIN2,Voltage,true,-0.012017019093036652
1765400104796259072,T7,AIN2,Voltage,true,-0.012017019093036652
1765400104796270080,T7,AIN2,Voltage,true,-0.01170162484049797
1765400104796281088,T7,AIN2,Voltage,true,-0.012017019093036652
1765400104796292096,T7,AIN2,Voltage,true,-0.012332413345575333
1765400104796303104,T7,AIN2,Voltage,true,-0.012332413345575333
1765400104796314112,T7,AIN2,Voltage,true,-0.01170162484049797
1765400104796325888,T7,AIN2,Voltage,true,-0.012017019093036652
1765400104796336896,T7,AIN2,Voltage,true,-0.012647808529436588
1765400104796347904,T7,AIN2,Voltage,true,-0.012332413345575333
1765400104796358912,T7,AIN2,Voltage,true,-0.012332413345575333
1765400104796370944,T7,AIN2,Voltage,true,-0.01138623058795929
1765400104796381952,T7,AIN2,Voltage,true,-0.012017019093036652
1765400104796392960,T7,AIN2,Voltage,true,-0.012017019093036652
1765400104796403968,T7,AIN2,Voltage,true,-0.01170162484049797
1765400104796414976,T7,AIN2,Voltage,true,-0.01138623058795929
1765400104796425984,T7,AIN2,Voltage,true,-0.01138623058795929
1765400104796436992,T7,AIN2,Voltage,true,-0.012017019093036652
1765400104796446976,T7,AIN2,Voltage,true,-0.012332413345575333
1765400104796457984,T7,AIN2,Voltage,true,-0.012332413345575333
1765400104796468992,T7,AIN2,Voltage,true,-0.012017019093036652
1765400104796480000,T7,AIN2,Voltage,true,-0.012017019093036652
1765400104796491008,T7,AIN2,Voltage,true,-0.012017019093036652
1765400104796502016,T7,AIN2,Voltage,true,-0.01170162484049797
1765400104796513024,T7,AIN2,Voltage,true,-0.012332413345575333
1765400104796524032,T7,AIN2,Voltage,true,-0.012332413345575333
1765400104796535040,T7,AIN2,Voltage,true,-0.012332413345575333
1765400104796546048,T7,AIN2,Voltage,true,-0.012017019093036652
1765400104796557056,T7,AIN2,Voltage,true,-0.012332413345575333
1765400104796567040,T7,AIN2,Voltage,true,-0.01170162484049797
1765400104796579072,T7,AIN2,Voltage,true,-0.012017019093036652
1765400104796590080,T7,AIN2,Voltage,true,-0.012017019093036652
1765400104796601088,T7,AIN2,Voltage,true,-0.01170162484049797
1765400104796612096,T7,AIN2,Voltage,true,-0.01170162484049797
1765400104796623104,T7,AIN2,Voltage,true,-0.012332413345575333
1765400104796634112,T7,AIN2,Voltage,true,-0.012017019093036652
1765400104796645120,T7,AIN2,Voltage,true,-0.012332413345575333
1765400104796656128,T7,AIN2,Voltage,true,-0.012017019093036652
1765400104796667904,T7,AIN2,Voltage,true,-0.012647808529436588
1765400104796678912,T7,AIN2,Voltage,true,-0.012017019093036652
1765400104796690944,T7,AIN2,Voltage,true,-0.012017019093036652
1765400104796700928,T7,AIN2,Voltage,true,-0.012332413345575333
1765400104796711936,T7,AIN2,Voltage,true,-0.012647808529436588
1765400104796723968,T7,AIN2,Voltage,true,-0.012017019093036652
1765400104796734976,T7,AIN2,Voltage,true,-0.012647808529436588
1765400104796745984,T7,AIN2,Voltage,true,-0.012332413345575333
1765400104796756992,T7,AIN2,Voltage,true,-0.012332413345575333
1765400104796768000,T7,AIN2,Voltage,true,-0.012017019093036652
1765400104796779008,T7,AIN2,Voltage,true,-0.012017019093036652
1765400104796790016,T7,AIN2,Voltage,true,-0.01170162484049797
1765400104796802048,T7,AIN2,Voltage,true,-0.012647808529436588
1765400104796812032,T7,AIN2,Voltage,true,-0.012332413345575333
1765400104796826112,T7,AIN2,Voltage,true,-0.012332413345575333
1765400104796836096,T7,AIN2,Voltage,true,-0.012647808529436588
1765400104796847104,T7,AIN2,Voltage,true,-0.012332413345575333
1765400104796858112,T7,AIN2,Voltage,true,-0.012647808529436588
1765400104796869120,T7,AIN2,Voltage,true,-0.01170162484049797
1765400104796879872,T7,AIN2,Voltage,true,-0.012017019093036652
1765400104796890880,T7,AIN2,Voltage,true,-0.012647808529436588
1765400104796901888,T7,AIN2,Voltage,true,-0.012647808529436588
1765400104796912896,T7,AIN2,Voltage,true,-0.012647808529436588
1765400104796922880,T7,AIN2,Voltage,true,-0.012332413345575333
1765400104796936960,T7,AIN2,Voltage,true,-0.012332413345575333
1765400104796946944,T7,AIN2,Voltage,true,-0.012017019093036652
1765400104796958976,T7,AIN2,Voltage,true,-0.012647808529436588
1765400104796968960,T7,AIN2,Voltage,true,-0.012647808529436588
1765400104796980992,T7,AIN2,Voltage,true,-0.012332413345575333
1765400104796990976,T7,AIN2,Voltage,true,-0.012017019093036652
1765400104797003008,T7,AIN2,Voltage,true,-0.012647808529436588
1765400104797012992,T7,AIN2,Voltage,true,-0.012017019093036652
1765400104797025024,T7,AIN2,Voltage,true,-0.01170162484049797
1765400104797036032,T7,AIN2,Voltage,true,-0.012017019093036652
1765400104797047040,T7,AIN2,Voltage,true,-0.012332413345575333
1765400104797058048,T7,AIN2,Voltage,true,-0.012647808529436588
1765400104797070080,T7,AIN2,Voltage,true,-0.012332413345575333
1765400104797081088,T7,AIN2,Voltage,true,-0.012332413345575333
1765400104797092096,T7,AIN2,Voltage,true,-0.012332413345575333
1765400104797103104,T7,AIN2,Voltage,true,-0.012332413345575333
1765400104797114880,T7,AIN2,Voltage,true,-0.012647808529436588
1765400104797125888,T7,AIN2,Voltage,true,-0.012017019093036652
1765400104797136896,T7,AIN2,Voltage,true,-0.012017019093036652
1765400104797147904,T7,AIN2,Voltage,true,-0.012332413345575333
1765400104797158912,T7,AIN2,Voltage,true,-0.012017019093036652
1765400104797169920,T7,AIN2,Voltage,true,-0.012017019093036652
1765400104797180928,T7,AIN2,Voltage,true,-0.012017019093036652
1765400104797191936,T7,AIN2,Voltage,true,-0.012017019093036652
1765400104797202944,T7,AIN2,Voltage,true,-0.012017019093036652
1765400104797212928,T7,AIN2,Voltage,true,-0.01138623058795929
1765400104797224960,T7,AIN2,Voltage,true,-0.012017019093036652
1765400104797234944,T7,AIN2,Voltage,true,-0.012647808529436588
1765400104797246976,T7,AIN2,Voltage,true,-0.012647808529436588
1765400104797257984,T7,AIN2,Voltage,true,-0.012647808529436588
1765400104797268992,T7,AIN2,Voltage,true,-0.012647808529436588
1765400104797280000,T7,AIN2,Voltage,true,-0.012332413345575333
1765400104797292032,T7,AIN2,Voltage,true,-0.012332413345575333
1765400104797303040,T7,AIN2,Voltage,true,-0.012017019093036652
1765400104797314048,T7,AIN2,Voltage,true,-0.012017019093036652
1765400104797324032,T7,AIN2,Voltage,true,-0.012017019093036652
1765400104797335040,T7,AIN2,Voltage,true,-0.012017019093036652
1765400104797346048,T7,AIN2,Voltage,true,-0.012017019093036652
1765400104797356032,T7,AIN2,Voltage,true,-0.012017019093036652
1765400104797367040,T7,AIN2,Voltage,true,-0.012332413345575333
1765400104797378048,T7,AIN2,Voltage,true,-0.012017019093036652
1765400104797389056,T7,AIN2,Voltage,true,-0.012017019093036652
1765400104797400064,T7,AIN2,Voltage,true,-0.012647808529436588
1765400104797411072,T7,AIN2,Voltage,true,-0.012017019093036652
1765400104797422080,T7,AIN2,Voltage,true,-0.012332413345575333
1765400104797433088,T7,AIN2,Voltage,true,-0.012332413345575333
1765400104797444096,T7,AIN2,Voltage,true,-0.012332413345575333
1765400104797455104,T7,AIN2,Voltage,true,-0.012647808529436588
1765400104797466112,T7,AIN2,Voltage,true,-0.012017019093036652
1765400104797477120,T7,AIN2,Voltage,true,-0.012332413345575333
1765400104797488128,T7,AIN2,Voltage,true,-0.012332413345575333
1765400104797498880,T7,AIN2,Voltage,true,-0.012017019093036652
1765400104797509120,T7,AIN2,Voltage,true,-0.012017019093036652
1765400104797519872,T7,AIN2,Voltage,true,-0.01170162484049797
1765400104797530880,T7,AIN2,Voltage,true,-0.01170162484049797
1765400104797542912,T7,AIN2,Voltage,true,-0.012017019093036652
1765400104797552896,T7,AIN2,Voltage,true,-0.01170162484049797
1765400104797563904,T7,AIN2,Voltage,true,-0.012332413345575333
1765400104797574912,T7,AIN2,Voltage,true,-0.012647808529436588
1765400104797586944,T7,AIN2,Voltage,true,-0.012647808529436588
1765400104797597952,T7,AIN2,Voltage,true,-0.012017019093036652
1765400104797608960,T7,AIN2,Voltage,true,-0.01170162484049797
1765400104797619968,T7,AIN2,Voltage,true,-0.01170162484049797
1765400104797630976,T7,AIN2,Voltage,true,-0.012647808529436588
1765400104797659904,T7,AIN2,Voltage,true,-0.012647808529436588
1765400104797672960,T7,AIN2,Voltage,true,-0.01170162484049797
1765400104797684992,T7,AIN2,Voltage,true,-0.012332413345575333
1765400104797696000,T7,AIN2,Voltage,true,-0.012017019093036652
1765400104797707008,T7,AIN2,Voltage,true,-0.012017019093036652
1765400104797718016,T7,AIN2,Voltage,true,-0.012017019093036652
1765400104797729024,T7,AIN2,Voltage,true,-0.012017019093036652
1765400104797739008,T7,AIN2,Voltage,true,-0.012017019093036652
1765400104797748992,T7,AIN2,Voltage,true,-0.012017019093036652
1765400104797761024,T7,AIN2,Voltage,true,-0.012332413345575333
1765400104797772032,T7,AIN2,Voltage,true,-0.012647808529436588
1765400104797783040,T7,AIN2,Voltage,true,-0.01170162484049797
1765400104797794048,T7,AIN2,Voltage,true,-0.012017019093036652
1765400104797805056,T7,AIN2,Voltage,true,-0.012332413345575333
1765400104797816064,T7,AIN2,Voltage,true,-0.012332413345575333
1765400104797826048,T7,AIN2,Voltage,true,-0.012332413345575333
1765400104797838080,T7,AIN2,Voltage,true,-0.012332413345575333
1765400104797848064,T7,AIN2,Voltage,true,-0.012647808529436588
1765400104797860096,T7,AIN2,Voltage,true,-0.012647808529436588
1765400104797870080,T7,AIN2,Voltage,true,-0.012017019093036652
1765400104797881088,T7,AIN2,Voltage,true,-0.012332413345575333
1765400104797892096,T7,AIN2,Voltage,true,-0.012332413345575333
1765400104797903104,T7,AIN2,Voltage,true,-0.012332413345575333
1765400104797914112,T7,AIN2,Voltage,true,-0.012017019093036652
1765400104797925120,T7,AIN2,Voltage,true,-0.01170162484049797
1765400104797935104,T7,AIN2,Voltage,true,-0.012017019093036652
1765400104797946880,T7,AIN2,Voltage,true,-0.01170162484049797
1765400104797957120,T7,AIN2,Voltage,true,-0.012017019093036652
1765400104797967872,T7,AIN2,Voltage,true,-0.012647808529436588
1765400104797978880,T7,AIN2,Voltage,true,-0.012647808529436588
1765400104797989888,T7,AIN2,Voltage,true,-0.012332413345575333
1765400104798001920,T7,AIN2,Voltage,true,-0.012647808529436588
1765400104798012928,T7,AIN2,Voltage,true,-0.012017019093036652
1765400104798023936,T7,AIN2,Voltage,true,-0.012332413345575333
1765400104798033920,T7,AIN2,Voltage,true,-0.012017019093036652
1765400104798045952,T7,AIN2,Voltage,true,-0.012332413345575333
1765400104798056960,T7,AIN2,Voltage,true,-0.012647808529436588
1765400104798067968,T7,AIN2,Voltage,true,-0.012017019093036652
1765400104798078976,T7,AIN2,Voltage,true,-0.012647808529436588
1765400104798089984,T7,AIN2,Voltage,true,-0.012332413345575333
1765400104798100992,T7,AIN2,Voltage,true,-0.01170162484049797
1765400104798112000,T7,AIN2,Voltage,true,-0.012017019093036652
1765400104798124032,T7,AIN2,Voltage,true,-0.012332413345575333
1765400104798135040,T7,AIN2,Voltage,true,-0.012332413345575333
1765400104798146048,T7,AIN2,Voltage,true,-0.01170162484049797
1765400104798157056,T7,AIN2,Voltage,true,-0.012332413345575333
1765400104798168064,T7,AIN2,Voltage,true,-0.012332413345575333
1765400104798179072,T7,AIN2,Voltage,true,-0.012017019093036652
1765400104798189056,T7,AIN2,Voltage,true,-0.012017019093036652
1765400104798200064,T7,AIN2,Voltage,true,-0.012017019093036652
1765400104798211072,T7,AIN2,Voltage,true,-0.012017019093036652
1765400104798222080,T7,AIN2,Voltage,true,-0.012017019093036652
1765400104798232064,T7,AIN2,Voltage,true,-0.012332413345575333
1765400104798244096,T7,AIN2,Voltage,true,-0.012332413345575333
1765400104798254080,T7,AIN2,Voltage,true,-0.012647808529436588
1765400104798266112,T7,AIN2,Voltage,true,-0.012017019093036652
1765400104798277120,T7,AIN2,Voltage,true,-0.012017019093036652
1765400104798287872,T7,AIN2,Voltage,true,-0.012332413345575333
1765400104798298880,T7,AIN2,Voltage,true,-0.012017019093036652
1765400104798309888,T7,AIN2,Voltage,true,-0.012332413345575333
1765400104798320896,T7,AIN2,Voltage,true,-0.012647808529436588
1765400104798331904,T7,AIN2,Voltage,true,-0.012017019093036652
1765400104798343936,T7,AIN2,Voltage,true,-0.012017019093036652
1765400104798354944,T7,AIN2,Voltage,true,-0.012017019093036652
1765400104798364928,T7,AIN2,Voltage,true,-0.012332413345575333
1765400104798376960,T7,AIN2,Voltage,true,-0.012647808529436588
1765400104798387968,T7,AIN2,Voltage,true,-0.012647808529436588
1765400104798398976,T7,AIN2,Voltage,true,-0.012332413345575333
1765400104798409984,T7,AIN2,Voltage,true,-0.012647808529436588
1765400104798420992,T7,AIN2,Voltage,true,-0.012017019093036652
1765400104798432000,T7,AIN2,Voltage,true,-0.01170162484049797
1765400104798443008,T7,AIN2,Voltage,true,-0.01170162484049797
1765400104798455040,T7,AIN2,Voltage,true,-0.012017019093036652
1765400104798466048,T7,AIN2,Voltage,true,-0.012332413345575333
1765400104798476032,T7,AIN2,Voltage,true,-0.012017019093036652
1765400104798488064,T7,AIN2,Voltage,true,-0.012332413345575333
1765400104798498048,T7,AIN2,Voltage,true,-0.012647808529436588
1765400104798510080,T7,AIN2,Voltage,true,-0.012017019093036652
1765400104798521088,T7,AIN2,Voltage,true,-0.012332413345575333
1765400104798532096,T7,AIN2,Voltage,true,-0.012017019093036652
1765400104798543104,T7,AIN2,Voltage,true,-0.012647808529436588
1765400104798554112,T7,AIN2,Voltage,true,-0.012017019093036652
1765400104798565120,T7,AIN2,Voltage,true,-0.012332413345575333
1765400104798576128,T7,AIN2,Voltage,true,-0.012332413345575333
1765400104798586880,T7,AIN2,Voltage,true,-0.012017019093036652
1765400104798597888,T7,AIN2,Voltage,true,-0.01138623058795929
1765400104798609920,T7,AIN2,Voltage,true,-0.01170162484049797
1765400104798620928,T7,AIN2,Voltage,true,-0.012017019093036652
1765400104798630912,T7,AIN2,Voltage,true,-0.01170162484049797
1765400104798642944,T7,AIN2,Voltage,true,-0.01170162484049797
1765400104798652928,T7,AIN2,Voltage,true,-0.01170162484049797
1765400104798663936,T7,AIN2,Voltage,true,-0.012332413345575333
1765400104798673920,T7,AIN2,Voltage,true,-0.012332413345575333
1765400104798688000,T7,AIN2,Voltage,true,-0.012017019093036652
1765400104798699008,T7,AIN2,Voltage,true,-0.012647808529436588
1765400104798710016,T7,AIN2,Voltage,true,-0.012647808529436588
1765400104798721024,T7,AIN2,Voltage,true,-0.012017019093036652
1765400104798732032,T7,AIN2,Voltage,true,-0.012332413345575333
1765400104798743040,T7,AIN2,Voltage,true,-0.012017019093036652
1765400104798754048,T7,AIN2,Voltage,true,-0.012647808529436588
1765400104798764032,T7,AIN2,Voltage,true,-0.012017019093036652
1765400104798775040,T7,AIN2,Voltage,true,-0.012017019093036652
1765400104798787072,T7,AIN2,Voltage,true,-0.012647808529436588
1765400104798797056,T7,AIN2,Voltage,true,-0.012332413345575333
1765400104798808064,T7,AIN2,Voltage,true,-0.012017019093036652
1765400104798818048,T7,AIN2,Voltage,true,-0.012017019093036652
1765400104798829056,T7,AIN2,Voltage,true,-0.01170162484049797
1765400104798839040,T7,AIN2,Voltage,true,-0.012332413345575333
1765400104798849024,T7,AIN2,Voltage,true,-0.012332413345575333
1765400104802439936,T7,AIN2,Voltage,true,-0.012647808529436588
1765400104802490880,T7,AIN2,Voltage,true,-0.012647808529436588
1765400104802558976,T7,AIN2,Voltage,true,-0.012017019093036652
1765400104802577920,T7,AIN2,Voltage,true,-0.012332413345575333
1765400104802588928,T7,AIN2,Voltage,true,-0.012017019093036652
1765400104802599936,T7,AIN2,Voltage,true,-0.012647808529436588
1765400104802610944,T7,AIN2,Voltage,true,-0.012017019093036652
1765400104802621952,T7,AIN2,Voltage,true,-0.01170162484049797
1765400104802631936,T7,AIN2,Voltage,true,-0.01170162484049797
1765400104803710976,T7,AIN2,Voltage,true,-0.012017019093036652
1765400104803728896,T7,AIN2,Voltage,true,-0.01170162484049797
1765400104803738880,T7,AIN2,Voltage,true,-0.012332413345575333
1765400104803749120,T7,AIN2,Voltage,true,-0.012332413345575333
1765400104803758080,T7,AIN2,Voltage,true,-0.012332413345575333
1765400104803766016,T7,AIN2,Voltage,true,-0.01138623058795929
1765400104803774976,T7,AIN2,Voltage,true,-0.01170162484049797
1765400104803783936,T7,AIN2,Voltage,true,-0.012017019093036652
1765400104803792896,T7,AIN2,Voltage,true,-0.01138623058795929
1765400104803940096,T7,AIN2,Voltage,true,-0.012017019093036652
1765400104803956992,T7,AIN2,Voltage,true,-0.012017019093036652
1765400104803996928,T7,AIN2,Voltage,true,-0.012017019093036652
1765400104804007936,T7,AIN2,Voltage,true,-0.012017019093036652
1765400104804016896,T7,AIN2,Voltage,true,-0.012017019093036652
1765400104804026112,T7,AIN2,Voltage,true,-0.012647808529436588
1765400104804036096,T7,AIN2,Voltage,true,-0.012332413345575333
1765400104804046080,T7,AIN2,Voltage,true,-0.01170162484049797
1765400104804055040,T7,AIN2,Voltage,true,-0.01170162484049797
1765400104804065024,T7,AIN2,Voltage,true,-0.012017019093036652
1765400104804072960,T7,AIN2,Voltage,true,-0.012017019093036652
1765400104804081920,T7,AIN2,Voltage,true,-0.012647808529436588
1765400104804090880,T7,AIN2,Voltage,true,-0.012647808529436588
1765400104804100096,T7,AIN2,Voltage,true,-0.01170162484049797
1765400104804109056,T7,AIN2,Voltage,true,-0.012017019093036652
1765400104804116992,T7,AIN2,Voltage,true,-0.01170162484049797
1765400104804125952,T7,AIN2,Voltage,true,-0.012332413345575333
1765400104804134912,T7,AIN2,Voltage,true,-0.012017019093036652
1765400104804144128,T7,AIN2,Voltage,true,-0.012017019093036652
1765400104804152064,T7,AIN2,Voltage,true,-0.012017019093036652
1765400104804161024,T7,AIN2,Voltage,true,-0.012017019093036652
1765400104804169984,T7,AIN2,Voltage,true,-0.012332413345575333
1765400104804178944,T7,AIN2,Voltage,true,-0.012647808529436588
1765400104804187904,T7,AIN2,Voltage,true,-0.012332413345575333
1765400104804196096,T7,AIN2,Voltage,true,-0.012332413345575333
1765400104804205056,T7,AIN2,Voltage,true,-0.012647808529436588
1765400104804214016,T7,AIN2,Voltage,true,-0.012332413345575333
1765400104804222976,T7,AIN2,Voltage,true,-0.012332413345575333
1765400104804231936,T7,AIN2,Voltage,true,-0.012017019093036652
1765400104804239872,T7,AIN2,Voltage,true,-0.012332413345575333
1765400104804249088,T7,AIN2,Voltage,true,-0.01170162484049797
1765400104804257024,T7,AIN2,Voltage,true,-0.01170162484049797
1765400104804265984,T7,AIN2,Voltage,true,-0.012017019093036652
1765400104804274944,T7,AIN2,Voltage,true,-0.012017019093036652
1765400104804283904,T7,AIN2,Voltage,true,-0.012332413345575333
1765400104804293120,T7,AIN2,Voltage,true,-0.012017019093036652
1765400104804325888,T7,AIN2,Voltage,true,-0.012647808529436588
1765400104804337920,T7,AIN2,Voltage,true,-0.012332413345575333
1765400104804347904,T7,AIN2,Voltage,true,-0.012647808529436588
1765400104804356096,T7,AIN2,Voltage,true,-0.012332413345575333
1765400104804365056,T7,AIN2,Voltage,true,-0.012332413345575333
1765400104804374016,T7,AIN2,Voltage,true,-0.012332413345575333
1765400104804395008,T7,AIN2,Voltage,true,-0.012332413345575333
1765400104804404992,T7,AIN2,Voltage,true,-0.012017019093036652
1765400104804413952,T7,AIN2,Voltage,true,-0.012017019093036652
1765400104804422912,T7,AIN2,Voltage,true,-0.012647808529436588
1765400104804432896,T7,AIN2,Voltage,true,-0.012332413345575333
1765400104804442112,T7,AIN2,Voltage,true,-0.01170162484049797
1765400104804451072,T7,AIN2,Voltage,true,-0.012017019093036652
1765400104804460032,T7,AIN2,Voltage,true,-0.012332413345575333
1765400104804468992,T7,AIN2,Voltage,true,-0.012017019093036652
1765400104804476928,T7,AIN2,Voltage,true,-0.012017019093036652
1765400104804485888,T7,AIN2,Voltage,true,-0.012332413345575333
1765400104804495104,T7,AIN2,Voltage,true,-0.012647808529436588
1765400104804504064,T7,AIN2,Voltage,true,-0.012017019093036652
1765400104804514048,T7,AIN2,Voltage,true,-0.012647808529436588
1765400104804521984,T7,AIN2,Voltage,true,-0.012647808529436588
1765400104804530944,T7,AIN2,Voltage,true,-0.012332413345575333
1765400104804539904,T7,AIN2,Voltage,true,-0.012332413345575333
1765400104804549120,T7,AIN2,Voltage,true,-0.012017019093036652
1765400104804557056,T7,AIN2,Voltage,true,-0.01170162484049797
1765400104804566016,T7,AIN2,Voltage,true,-0.01170162484049797
1765400104804574976,T7,AIN2,Voltage,true,-0.01138623058795929
1765400104804587008,T7,AIN2,Voltage,true,-0.01138623058795929
1765400104804595968,T7,AIN2,Voltage,true,-0.012017019093036652
1765400104804603904,T7,AIN2,Voltage,true,-0.012017019093036652
1765400104804613120,T7,AIN2,Voltage,true,-0.012017019093036652
1765400104804625920,T7,AIN2,Voltage,true,-0.012332413345575333
1765400104804634880,T7,AIN2,Voltage,true,-0.01170162484049797
1765400104804644096,T7,AIN2,Voltage,true,-0.012332413345575333
1765400104804653056,T7,AIN2,Voltage,true,-0.012017019093036652
1765400104804662016,T7,AIN2,Voltage,true,-0.012332413345575333
1765400104804669952,T7,AIN2,Voltage,true,-0.012647808529436588
1765400104804678912,T7,AIN2,Voltage,true,-0.012332413345575333
1765400104804687872,T7,AIN2,Voltage,true,-0.012332413345575333
1765400104804697088,T7,AIN2,Voltage,true,-0.012017019093036652
1765400104804706048,T7,AIN2,Voltage,true,-0.012017019093036652
1765400104804713984,T7,AIN2,Voltage,true,-0.01170162484049797
1765400104804722944,T7,AIN2,Voltage,true,-0.012017019093036652
1765400104804731904,T7,AIN2,Voltage,true,-0.012332413345575333
1765400104804741120,T7,AIN2,Voltage,true,-0.012332413345575333
1765400104804750080,T7,AIN2,Voltage,true,-0.012017019093036652
1765400104804758016,T7,AIN2,Voltage,true,-0.012017019093036652
1765400104804766976,T7,AIN2,Voltage,true,-0.012332413345575333
1765400104804775936,T7,AIN2,Voltage,true,-0.012017019093036652
1765400104804784896,T7,AIN2,Voltage,true,-0.012017019093036652
1765400104804794112,T7,AIN2,Voltage,true,-0.01138623058795929
1765400104804803072,T7,AIN2,Voltage,true,-0.01170162484049797
1765400104804812032,T7,AIN2,Voltage,true,-0.012647808529436588
1765400104804820992,T7,AIN2,Voltage,true,-0.012332413345575333
1765400104804829952,T7,AIN2,Voltage,true,-0.012332413345575333
1765400104804837888,T7,AIN2,Voltage,true,-0.012332413345575333
1765400104804847104,T7,AIN2,Voltage,true,-0.012017019093036652
1765400104804856064,T7,AIN2,Voltage,true,-0.01170162484049797
1765400104804865024,T7,AIN2,Voltage,true,-0.012017019093036652
1765400104804873984,T7,AIN2,Voltage,true,-0.012017019093036652
1765400104804882944,T7,AIN2,Voltage,true,-0.01170162484049797
1765400104804891904,T7,AIN2,Voltage,true,-0.012017019093036652
1765400104804900096,T7,AIN2,Voltage,true,-0.01170162484049797
1765400104804910080,T7,AIN2,Voltage,true,-0.012017019093036652
1765400104804919040,T7,AIN2,Voltage,true,-0.012017019093036652
1765400104804928000,T7,AIN2,Voltage,true,-0.012332413345575333
1765400104804936960,T7,AIN2,Voltage,true,-0.012647808529436588
1765400104804944896,T7,AIN2,Voltage,true,-0.01170162484049797
1765400104804954112,T7,AIN2,Voltage,true,-0.01138623058795929
1765400104804963072,T7,AIN2,Voltage,true,-0.012017019093036652
1765400104804972032,T7,AIN2,Voltage,true,-0.012332413345575333
1765400104804980992,T7,AIN2,Voltage,true,-0.012017019093036652
1765400104804988928,T7,AIN2,Voltage,true,-0.01170162484049797
1765400104804997888,T7,AIN2,Voltage,true,-0.012017019093036652
1765400104805007104,T7,AIN2,Voltage,true,-0.012017019093036652
1765400104805017088,T7,AIN2,Voltage,true,-0.012647808529436588
1765400104805026048,T7,AIN2,Voltage,true,-0.012647808529436588
1765400104805035008,T7,AIN2,Voltage,true,-0.012332413345575333
1765400104805043968,T7,AIN2,Voltage,true,-0.01138623058795929
1765400104805052928,T7,AIN2,Voltage,true,-0.012332413345575333
1765400104805061888,T7,AIN2,Voltage,true,-0.01170162484049797
1765400104805070080,T7,AIN2,Voltage,true,-0.01170162484049797
1765400104805079040,T7,AIN2,Voltage,true,-0.012017019093036652
1765400104805088000,T7,AIN2,Voltage,true,-0.012332413345575333
1765400104805095936,T7,AIN2,Voltage,true,-0.01170162484049797
1765400104805104896,T7,AIN2,Voltage,true,-0.012332413345575333
1765400104805114112,T7,AIN2,Voltage,true,-0.012332413345575333
1765400104805124096,T7,AIN2,Voltage,true,-0.012017019093036652
1765400104805132032,T7,AIN2,Voltage,true,-0.012647808529436588
1765400104805140992,T7,AIN2,Voltage,true,-0.01170162484049797
1765400104805149952,T7,AIN2,Voltage,true,-0.012332413345575333
1765400104805158912,T7,AIN2,Voltage,true,-0.012332413345575333
1765400104805168128,T7,AIN2,Voltage,true,-0.01170162484049797
1765400104805176064,T7,AIN2,Voltage,true,-0.012017019093036652
1765400104805186048,T7,AIN2,Voltage,true,-0.012017019093036652
1765400104805210112,T7,AIN2,Voltage,true,-0.01170162484049797
1765400104805220096,T7,AIN2,Voltage,true,-0.01170162484049797
1765400104805229056,T7,AIN2,Voltage,true,-0.012332413345575333
1765400104805238016,T7,AIN2,Voltage,true,-0.012017019093036652
1765400104805246976,T7,AIN2,Voltage,true,-0.012017019093036652
1765400104805255936,T7,AIN2,Voltage,true,-0.012332413345575333
1765400104805263872,T7,AIN2,Voltage,true,-0.012017019093036652
1765400104805274112,T7,AIN2,Voltage,true,-0.012017019093036652
1765400104805282048,T7,AIN2,Voltage,true,-0.012017019093036652
1765400104805291008,T7,AIN2,Voltage,true,-0.012017019093036652
1765400104805299968,T7,AIN2,Voltage,true,-0.012017019093036652
1765400104805308928,T7,AIN2,Voltage,true,-0.012332413345575333
1765400104805317888,T7,AIN2,Voltage,true,-0.012332413345575333
1765400104805326080,T7,AIN2,Voltage,true,-0.012017019093036652
1765400104805335040,T7,AIN2,Voltage,true,-0.012017019093036652
1765400104805342976,T7,AIN2,Voltage,true,-0.012017019093036652
1765400104805351936,T7,AIN2,Voltage,true,-0.012017019093036652
1765400104805360896,T7,AIN2,Voltage,true,-0.01170162484049797
1765400104805370112,T7,AIN2,Voltage,true,-0.012017019093036652
1765400104805378048,T7,AIN2,Voltage,true,-0.012017019093036652
1765400104805387008,T7,AIN2,Voltage,true,-0.012017019093036652
1765400104805395968,T7,AIN2,Voltage,true,-0.012332413345575333
1765400104805403904,T7,AIN2,Voltage,true,-0.012647808529436588
1765400104805413120,T7,AIN2,Voltage,true,-0.012017019093036652
1765400104805422080,T7,AIN2,Voltage,true,-0.012332413345575333
1765400104805431040,T7,AIN2,Voltage,true,-0.012647808529436588
1765400104805440000,T7,AIN2,Voltage,true,-0.012017019093036652
1765400104805448960,T7,AIN2,Voltage,true,-0.01138623058795929
1765400104805457920,T7,AIN2,Voltage,true,-0.012017019093036652
1765400104805466112,T7,AIN2,Voltage,true,-0.01170162484049797
1765400104805475072,T7,AIN2,Voltage,true,-0.01170162484049797
1765400104805484032,T7,AIN2,Voltage,true,-0.012017019093036652
1765400104805492992,T7,AIN2,Voltage,true,-0.012017019093036652
1765400104805501952,T7,AIN2,Voltage,true,-0.01170162484049797
1765400104805509888,T7,AIN2,Voltage,true,-0.012647808529436588
1765400104805519104,T7,AIN2,Voltage,true,-0.012017019093036652
1765400104805528064,T7,AIN2,Voltage,true,-0.01170162484049797
1765400104805537024,T7,AIN2,Voltage,true,-0.01170162484049797
1765400104805544960,T7,AIN2,Voltage,true,-0.012017019093036652
1765400104805553920,T7,AIN2,Voltage,true,-0.012017019093036652
1765400104805562880,T7,AIN2,Voltage,true,-0.012017019093036652
1765400104805571072,T7,AIN2,Voltage,true,-0.012332413345575333
1765400104805580032,T7,AIN2,Voltage,true,-0.012017019093036652
1765400104805588992,T7,AIN2,Voltage,true,-0.01170162484049797
1765400104805597952,T7,AIN2,Voltage,true,-0.01170162484049797
1765400104805605888,T7,AIN2,Voltage,true,-0.012332413345575333
1765400104805615104,T7,AIN2,Voltage,true,-0.01170162484049797
1765400104805624064,T7,AIN2,Voltage,true,-0.012332413345575333
1765400104805632000,T7,AIN2,Voltage,true,-0.01296320278197527
1765400104805640960,T7,AIN2,Voltage,true,-0.012647808529436588
1765400104805649920,T7,AIN2,Voltage,true,-0.012017019093036652
1765400104805658880,T7,AIN2,Voltage,true,-0.012017019093036652
1765400104805667072,T7,AIN2,Voltage,true,-0.012017019093036652
1765400104805676032,T7,AIN2,Voltage,true,-0.01170162484049797
1765400104805684992,T7,AIN2,Voltage,true,-0.012332413345575333
1765400104805693952,T7,AIN2,Voltage,true,-0.01138623058795929
1765400104805701888,T7,AIN2,Voltage,true,-0.012332413345575333
1765400104805711104,T7,AIN2,Voltage,true,-0.012332413345575333
1765400104805720064,T7,AIN2,Voltage,true,-0.012647808529436588
1765400104805729024,T7,AIN2,Voltage,true,-0.012647808529436588
1765400104805737984,T7,AIN2,Voltage,true,-0.012647808529436588
1765400104805746944,T7,AIN2,Voltage,true,-0.012017019093036652
1765400104805755904,T7,AIN2,Voltage,true,-0.012017019093036652
1765400104805765120,T7,AIN2,Voltage,true,-0.01138623058795929
1765400104805774080,T7,AIN2,Voltage,true,-0.01170162484049797
1765400104805783040,T7,AIN2,Voltage,true,-0.01170162484049797
1765400104805792000,T7,AIN2,Voltage,true,-0.01170162484049797
1765400104805799936,T7,AIN2,Voltage,true,-0.01170162484049797
1765400104805808896,T7,AIN2,Voltage,true,-0.012332413345575333
1765400104805818112,T7,AIN2,Voltage,true,-0.012017019093036652
1765400104805827072,T7,AIN2,Voltage,true,-0.01170162484049797
1765400104805836032,T7,AIN2,Voltage,true,-0.012332413345575333
1765400104805844992,T7,AIN2,Voltage,true,-0.012332413345575333
1765400104805853952,T7,AIN2,Voltage,true,-0.01170162484049797
1765400104805862912,T7,AIN2,Voltage,true,-0.012647808529436588
1765400104805872128,T7,AIN2,Voltage,true,-0.012647808529436588
1765400104805881088,T7,AIN2,Voltage,true,-0.012332413345575333
1765400104805890048,T7,AIN2,Voltage,true,-0.012017019093036652
1765400104805899008,T7,AIN2,Voltage,true,-0.012332413345575333
1765400104805907968,T7,AIN2,Voltage,true,-0.012647808529436588
1765400104805916928,T7,AIN2,Voltage,true,-0.012332413345575333
1765400104805925888,T7,AIN2,Voltage,true,-0.012332413345575333
1765400104805935104,T7,AIN2,Voltage,true,-0.01138623058795929
1765400104805944064,T7,AIN2,Voltage,true,-0.012647808529436588
1765400104805953024,T7,AIN2,Voltage,true,-0.012647808529436588
1765400104805961984,T7,AIN2,Voltage,true,-0.012332413345575333
1765400104805969920,T7,AIN2,Voltage,true,-0.01170162484049797
1765400104805978880,T7,AIN2,Voltage,true,-0.012017019093036652
1765400104805988096,T7,AIN2,Voltage,true,-0.012017019093036652
1765400104805997056,T7,AIN2,Voltage,true,-0.012017019093036652
1765400104806004992,T7,AIN2,Voltage,true,-0.012332413345575333
1765400104806013952,T7,AIN2,Voltage,true,-0.012647808529436588
1765400104806022912,T7,AIN2,Voltage,true,-0.01296320278197527
1765400104806031872,T7,AIN2,Voltage,true,-0.012647808529436588
1765400104806041088,T7,AIN2,Voltage,true,-0.012647808529436588
1765400104806049024,T7,AIN2,Voltage,true,-0.012332413345575333
1765400104806057984,T7,AIN2,Voltage,true,-0.01170162484049797
1765400104806066944,T7,AIN2,Voltage,true,-0.012017019093036652
1765400104806074880,T7,AIN2,Voltage,true,-0.012017019093036652
1765400104806084096,T7,AIN2,Voltage,true,-0.01138623058795929
1765400104806093056,T7,AIN2,Voltage,true,-0.01170162484049797
1765400104806102016,T7,AIN2,Voltage,true,-0.012647808529436588
1765400104806110976,T7,AIN2,Voltage,true,-0.01170162484049797
1765400104806119936,T7,AIN2,Voltage,true,-0.012332413345575333
1765400104806128896,T7,AIN2,Voltage,true,-0.012017019093036652
1765400104806137088,T7,AIN2,Voltage,true,-0.012017019093036652
1765400104806146048,T7,AIN2,Voltage,true,-0.01170162484049797
1765400104806155008,T7,AIN2,Voltage,true,-0.012017019093036652
1765400104806162944,T7,AIN2,Voltage,true,-0.01170162484049797
1765400104806172928,T7,AIN2,Voltage,true,-0.012332413345575333
1765400104806181888,T7,AIN2,Voltage,true,-0.01170162484049797
1765400104806190080,T7,AIN2,Voltage,true,-0.012017019093036652
1765400104806199040,T7,AIN2,Voltage,true,-0.012017019093036652
1765400104806206976,T7,AIN2,Voltage,true,-0.012017019093036652
1765400104806215936,T7,AIN2,Voltage,true,-0.012017019093036652
1765400104806224896,T7,AIN2,Voltage,true,-0.01170162484049797
1765400104806233088,T7,AIN2,Voltage,true,-0.01170162484049797
1765400104806242048,T7,AIN2,Voltage,true,-0.012017019093036652
1765400104806251008,T7,AIN2,Voltage,true,-0.01138623058795929
1765400104806259968,T7,AIN2,Voltage,true,-0.012332413345575333
1765400104806268928,T7,AIN2,Voltage,true,-0.012017019093036652
1765400104806277120,T7,AIN2,Voltage,true,-0.012017019093036652
1765400104806286080,T7,AIN2,Voltage,true,-0.012017019093036652
1765400104806295040,T7,AIN2,Voltage,true,-0.012647808529436588
1765400104806304000,T7,AIN2,Voltage,true,-0.012017019093036652
1765400104806311936,T7,AIN2,Voltage,true,-0.012332413345575333
1765400104806320896,T7,AIN2,Voltage,true,-0.012647808529436588
1765400104806330112,T7,AIN2,Voltage,true,-0.012017019093036652
1765400104806339072,T7,AIN2,Voltage,true,-0.012332413345575333
1765400104806364928,T7,AIN2,Voltage,true,-0.012017019093036652
1765400104806374912,T7,AIN2,Voltage,true,-0.01138623058795929
1765400104806384128,T7,AIN2,Voltage,true,-0.012017019093036652
1765400104806393088,T7,AIN2,Voltage,true,-0.01170162484049797
1765400104806402048,T7,AIN2,Voltage,true,-0.012017019093036652
1765400104806411008,T7,AIN2,Voltage,true,-0.012332413345575333
1765400104806418944,T7,AIN2,Voltage,true,-0.012332413345575333
1765400104806427904,T7,AIN2,Voltage,true,-0.012017019093036652
1765400104806437120,T7,AIN2,Voltage,true,-0.012017019093036652
1765400104806445056,T7,AIN2,Voltage,true,-0.012017019093036652
1765400104806454016,T7,AIN2,Voltage,true,-0.012332413345575333
1765400104806462976,T7,AIN2,Voltage,true,-0.012647808529436588
1765400104806471936,T7,AIN2,Voltage,true,-0.012017019093036652
1765400104806479872,T7,AIN2,Voltage,true,-0.012332413345575333
1765400104806489088,T7,AIN2,Voltage,true,-0.012017019093036652
1765400104806498048,T7,AIN2,Voltage,true,-0.012017019093036652
1765400104806505984,T7,AIN2,Voltage,true,-0.01138623058795929
1765400104806514944,T7,AIN2,Voltage,true,-0.012017019093036652
1765400104806523904,T7,AIN2,Voltage,true,-0.012017019093036652
1765400104806532096,T7,AIN2,Voltage,true,-0.012017019093036652
1765400104806541056,T7,AIN2,Voltage,true,-0.01170162484049797
1765400104806550016,T7,AIN2,Voltage,true,-0.01170162484049797
1765400104806558976,T7,AIN2,Voltage,true,-0.012332413345575333
1765400104806567936,T7,AIN2,Voltage,true,-0.012017019093036652
1765400104806576128,T7,AIN2,Voltage,true,-0.01170162484049797
1765400104806585088,T7,AIN2,Voltage,true,-0.012332413345575333
1765400104806594048,T7,AIN2,Voltage,true,-0.012332413345575333
1765400104806603008,T7,AIN2,Voltage,true,-0.012332413345575333
1765400104806611968,T7,AIN2,Voltage,true,-0.012332413345575333
1765400104806620928,T7,AIN2,Voltage,true,-0.012332413345575333
1765400104806629120,T7,AIN2,Voltage,true,-0.012647808529436588
1765400104806638080,T7,AIN2,Voltage,true,-0.012017019093036652
1765400104806647040,T7,AIN2,Voltage,true,-0.01170162484049797
1765400104806654976,T7,AIN2,Voltage,true,-0.012017019093036652
1765400104806663936,T7,AIN2,Voltage,true,-0.012647808529436588
1765400104806672896,T7,AIN2,Voltage,true,-0.012017019093036652
1765400104806681088,T7,AIN2,Voltage,true,-0.01138623058795929
1765400104806690048,T7,AIN2,Voltage,true,-0.01138623058795929
1765400104806736896,T7,AIN2,Voltage,true,-0.01170162484049797
1765400104806750976,T7,AIN2,Voltage,true,-0.012017019093036652
1765400104806760960,T7,AIN2,Voltage,true,-0.012332413345575333
1765400104806770944,T7,AIN2,Voltage,true,-0.012332413345575333
1765400104806779904,T7,AIN2,Voltage,true,-0.01170162484049797
1765400104806789120,T7,AIN2,Voltage,true,-0.012332413345575333
1765400104806799104,T7,AIN2,Voltage,true,-0.012647808529436588
1765400104806809088,T7,AIN2,Voltage,true,-0.012332413345575333
1765400104806818048,T7,AIN2,Voltage,true,-0.012647808529436588
1765400104806827008,T7,AIN2,Voltage,true,-0.012332413345575333
1765400104806835968,T7,AIN2,Voltage,true,-0.01170162484049797
1765400104806844928,T7,AIN2,Voltage,true,-0.012017019093036652
1765400104806853888,T7,AIN2,Voltage,true,-0.012017019093036652
1765400104806863104,T7,AIN2,Voltage,true,-0.012647808529436588
1765400104806871040,T7,AIN2,Voltage,true,-0.012017019093036652
1765400104809624064,T7,AIN2,Voltage,true,-0.012017019093036652
1765400104809643008,T7,AIN2,Voltage,true,-0.01170162484049797
1765400104809654016,T7,AIN2,Voltage,true,-0.012332413345575333
1765400104809661952,T7,AIN2,Voltage,true,-0.01138623058795929
1765400104809669888,T7,AIN2,Voltage,true,-0.012017019093036652
1765400104809678080,T7,AIN2,Voltage,true,-0.012332413345575333
1765400104809684992,T7,AIN2,Voltage,true,-0.012332413345575333
1765400104809692928,T7,AIN2,Voltage,true,-0.012017019093036652
1765400104809700096,T7,AIN2,Voltage,true,-0.012017019093036652
1765400104810647040,T7,AIN2,Voltage,true,-0.012647808529436588
1765400104810658048,T7,AIN2,Voltage,true,-0.012332413345575333
1765400104810665984,T7,AIN2,Voltage,true,-0.012017019093036652
1765400104810673920,T7,AIN2,Voltage,true,-0.012332413345575333
1765400104810682112,T7,AIN2,Voltage,true,-0.012647808529436588
1765400104810689024,T7,AIN2,Voltage,true,-0.012332413345575333
1765400104810695936,T7,AIN2,Voltage,true,-0.012332413345575333
1765400104810703104,T7,AIN2,Voltage,true,-0.012017019093036652
1765400104810711040,T7,AIN2,Voltage,true,-0.012332413345575333
1765400104811009024,T7,AIN2,Voltage,true,-0.012017019093036652
1765400104811019008,T7,AIN2,Voltage,true,-0.012017019093036652
1765400104811027968,T7,AIN2,Voltage,true,-0.012647808529436588
1765400104811034880,T7,AIN2,Voltage,true,-0.012332413345575333
1765400104811043072,T7,AIN2,Voltage,true,-0.012332413345575333
1765400104811049984,T7,AIN2,Voltage,true,-0.012332413345575333
1765400104811058944,T7,AIN2,Voltage,true,-0.012332413345575333
1765400104811066112,T7,AIN2,Voltage,true,-0.012647808529436588
1765400104811074048,T7,AIN2,Voltage,true,-0.012017019093036652
1765400104811080960,T7,AIN2,Voltage,true,-0.012332413345575333
1765400104811088896,T7,AIN2,Voltage,true,-0.012332413345575333
1765400104811097088,T7,AIN2,Voltage,true,-0.01138623058795929
1765400104811105024,T7,AIN2,Voltage,true,-0.012332413345575333
1765400104811111936,T7,AIN2,Voltage,true,-0.012017019093036652
1765400104811120128,T7,AIN2,Voltage,true,-0.012332413345575333
1765400104811127040,T7,AIN2,Voltage,true,-0.012017019093036652
1765400104811133952,T7,AIN2,Voltage,true,-0.01138623058795929
1765400104811141888,T7,AIN2,Voltage,true,-0.012017019093036652
1765400104811151104,T7,AIN2,Voltage,true,-0.012332413345575333
1765400104811159040,T7,AIN2,Voltage,true,-0.012017019093036652
1765400104811165952,T7,AIN2,Voltage,true,-0.012017019093036652
1765400104811173888,T7,AIN2,Voltage,true,-0.012017019093036652
1765400104811181056,T7,AIN2,Voltage,true,-0.01170162484049797
1765400104811188992,T7,AIN2,Voltage,true,-0.012017019093036652
1765400104811195904,T7,AIN2,Voltage,true,-0.012017019093036652
1765400104811204096,T7,AIN2,Voltage,true,-0.012332413345575333
1765400104811211008,T7,AIN2,Voltage,true,-0.012017019093036652
1765400104811218944,T7,AIN2,Voltage,true,-0.012017019093036652
1765400104811226112,T7,AIN2,Voltage,true,-0.012332413345575333
1765400104811234048,T7,AIN2,Voltage,true,-0.012017019093036652
1765400104811240960,T7,AIN2,Voltage,true,-0.012017019093036652
1765400104811248128,T7,AIN2,Voltage,true,-0.01170162484049797
1765400104811256064,T7,AIN2,Voltage,true,-0.012017019093036652
1765400104811262976,T7,AIN2,Voltage,true,-0.012017019093036652
1765400104811270912,T7,AIN2,Voltage,true,-0.012017019093036652
1765400104811278080,T7,AIN2,Voltage,true,-0.012332413345575333
1765400104811284992,T7,AIN2,Voltage,true,-0.012332413345575333
1765400104811292928,T7,AIN2,Voltage,true,-0.01170162484049797
1765400104811301120,T7,AIN2,Voltage,true,-0.012332413345575333
1765400104811308032,T7,AIN2,Voltage,true,-0.01170162484049797
1765400104811315968,T7,AIN2,Voltage,true,-0.012647808529436588
1765400104811322880,T7,AIN2,Voltage,true,-0.012647808529436588
1765400104811331072,T7,AIN2,Voltage,true,-0.012647808529436588
1765400104811337984,T7,AIN2,Voltage,true,-0.012017019093036652
1765400104811345920,T7,AIN2,Voltage,true,-0.012017019093036652
1765400104811353088,T7,AIN2,Voltage,true,-0.012332413345575333
1765400104811361024,T7,AIN2,Voltage,true,-0.012332413345575333
1765400104811367936,T7,AIN2,Voltage,true,-0.012017019093036652
1765400104811375104,T7,AIN2,Voltage,true,-0.012017019093036652
1765400104811383040,T7,AIN2,Voltage,true,-0.012017019093036652
1765400104811389952,T7,AIN2,Voltage,true,-0.012017019093036652
1765400104811397888,T7,AIN2,Voltage,true,-0.012017019093036652
1765400104811405056,T7,AIN2,Voltage,true,-0.012017019093036652
1765400104811411968,T7,AIN2,Voltage,true,-0.012647808529436588
1765400104811419904,T7,AIN2,Voltage,true,-0.012647808529436588
1765400104811428096,T7,AIN2,Voltage,true,-0.012647808529436588
1765400104811435008,T7,AIN2,Voltage,true,-0.012017019093036652
1765400104811441920,T7,AIN2,Voltage,true,-0.012017019093036652
1765400105793550080,T7,AIN2,Voltage,true,-0.012647808529436588
1765400105793636096,T7,AIN2,Voltage,true,-0.012017019093036652
1765400105793649920,T7,AIN2,Voltage,true,-0.012332413345575333
1765400105793661952,T7,AIN2,Voltage,true,-0.01170162484049797
1765400105793671936,T7,AIN2,Voltage,true,-0.01170162484049797
1765400105793680896,T7,AIN2,Voltage,true,-0.012017019093036652
1765400105793690880,T7,AIN2,Voltage,true,-0.012017019093036652
1765400105793700096,T7,AIN2,Voltage,true,-0.01138623058795929
1765400105793709056,T7,AIN2,Voltage,true,-0.01170162484049797
1765400105793718016,T7,AIN2,Voltage,true,-0.012332413345575333
1765400105793726976,T7,AIN2,Voltage,true,-0.012332413345575333
1765400105793735936,T7,AIN2,Voltage,true,-0.012017019093036652
1765400105793744896,T7,AIN2,Voltage,true,-0.012332413345575333
1765400105793754112,T7,AIN2,Voltage,true,-0.012647808529436588
1765400105793763072,T7,AIN2,Voltage,true,-0.012017019093036652
1765400105793843968,T7,AIN2,Voltage,true,-0.012017019093036652
1765400105793858048,T7,AIN2,Voltage,true,-0.01296320278197527
1765400105793867008,T7,AIN2,Voltage,true,-0.012647808529436588
1765400105793875968,T7,AIN2,Voltage,true,-0.012332413345575333
1765400105793885952,T7,AIN2,Voltage,true,-0.012017019093036652
1765400105793894912,T7,AIN2,Voltage,true,-0.01170162484049797
1765400105793904128,T7,AIN2,Voltage,true,-0.012017019093036652
1765400105793913088,T7,AIN2,Voltage,true,-0.01170162484049797
1765400105793922048,T7,AIN2,Voltage,true,-0.012332413345575333
1765400105793931008,T7,AIN2,Voltage,true,-0.012332413345575333
1765400105793940992,T7,AIN2,Voltage,true,-0.012017019093036652
1765400105793949952,T7,AIN2,Voltage,true,-0.012017019093036652
1765400105793958912,T7,AIN2,Voltage,true,-0.01170162484049797
1765400105793968128,T7,AIN2,Voltage,true,-0.012017019093036652
1765400105793977088,T7,AIN2,Voltage,true,-0.012332413345575333
1765400105793985024,T7,AIN2,Voltage,true,-0.012017019093036652
1765400105793993984,T7,AIN2,Voltage,true,-0.012332413345575333
1765400105794002944,T7,AIN2,Voltage,true,-0.012647808529436588
1765400105794012928,T7,AIN2,Voltage,true,-0.012647808529436588
1765400105794021888,T7,AIN2,Voltage,true,-0.012017019093036652
1765400105794030080,T7,AIN2,Voltage,true,-0.01170162484049797
1765400105794040064,T7,AIN2,Voltage,true,-0.012017019093036652
1765400105794049024,T7,AIN2,Voltage,true,-0.012017019093036652
1765400105794057984,T7,AIN2,Voltage,true,-0.01170162484049797
1765400105794066944,T7,AIN2,Voltage,true,-0.01170162484049797
1765400105794074880,T7,AIN2,Voltage,true,-0.012332413345575333
1765400105794085120,T7,AIN2,Voltage,true,-0.012017019093036652
1765400105794094080,T7,AIN2,Voltage,true,-0.012017019093036652
1765400105794103040,T7,AIN2,Voltage,true,-0.012017019093036652
1765400105794112000,T7,AIN2,Voltage,true,-0.012332413345575333
1765400105794120960,T7,AIN2,Voltage,true,-0.01170162484049797
1765400105794129920,T7,AIN2,Voltage,true,-0.012332413345575333
1765400105794138880,T7,AIN2,Voltage,true,-0.012017019093036652
1765400105794148096,T7,AIN2,Voltage,true,-0.012332413345575333
1765400105794157056,T7,AIN2,Voltage,true,-0.012332413345575333
1765400105794168064,T7,AIN2,Voltage,true,-0.012647808529436588
1765400105794178048,T7,AIN2,Voltage,true,-0.012332413345575333
1765400105794188032,T7,AIN2,Voltage,true,-0.012017019093036652
1765400105794202112,T7,AIN2,Voltage,true,-0.012017019093036652
1765400105794211072,T7,AIN2,Voltage,true,-0.012017019093036652
1765400105794220032,T7,AIN2,Voltage,true,-0.012332413345575333
1765400105794230016,T7,AIN2,Voltage,true,-0.012017019093036652
1765400105794237952,T7,AIN2,Voltage,true,-0.01170162484049797
1765400105794246912,T7,AIN2,Voltage,true,-0.01138623058795929
1765400105794255872,T7,AIN2,Voltage,true,-0.012332413345575333
1765400105794264064,T7,AIN2,Voltage,true,-0.012647808529436588
1765400105794273024,T7,AIN2,Voltage,true,-0.012647808529436588
1765400105794281984,T7,AIN2,Voltage,true,-0.012017019093036652
1765400105794289920,T7,AIN2,Voltage,true,-0.012017019093036652
1765400105794298880,T7,AIN2,Voltage,true,-0.012332413345575333
1765400105794309120,T7,AIN2,Voltage,true,-0.012017019093036652
1765400105794318080,T7,AIN2,Voltage,true,-0.012332413345575333
1765400105794326016,T7,AIN2,Voltage,true,-0.012647808529436588
1765400105794334976,T7,AIN2,Voltage,true,-0.012647808529436588
1765400105794343936,T7,AIN2,Voltage,true,-0.012017019093036652
1765400105794352896,T7,AIN2,Voltage,true,-0.012017019093036652
1765400105794362112,T7,AIN2,Voltage,true,-0.01170162484049797
1765400105794372096,T7,AIN2,Voltage,true,-0.01170162484049797
1765400105794381056,T7,AIN2,Voltage,true,-0.012017019093036652
1765400105794390016,T7,AIN2,Voltage,true,-0.01170162484049797
1765400105794397952,T7,AIN2,Voltage,true,-0.01170162484049797
1765400105794406912,T7,AIN2,Voltage,true,-0.012017019093036652
1765400105794419968,T7,AIN2,Voltage,true,-0.012017019093036652
1765400105794427904,T7,AIN2,Voltage,true,-0.012017019093036652
1765400105794437120,T7,AIN2,Voltage,true,-0.012017019093036652
1765400105794446080,T7,AIN2,Voltage,true,-0.012332413345575333
1765400105794455040,T7,AIN2,Voltage,true,-0.012647808529436588
1765400105794464000,T7,AIN2,Voltage,true,-0.012017019093036652
1765400105794475008,T7,AIN2,Voltage,true,-0.012332413345575333
1765400105794483968,T7,AIN2,Voltage,true,-0.012647808529436588
1765400105794491904,T7,AIN2,Voltage,true,-0.012647808529436588
1765400105794501120,T7,AIN2,Voltage,true,-0.012017019093036652
1765400105794510080,T7,AIN2,Voltage,true,-0.01170162484049797
1765400105794518016,T7,AIN2,Voltage,true,-0.01170162484049797
1765400105794526976,T7,AIN2,Voltage,true,-0.012017019093036652
1765400105794535936,T7,AIN2,Voltage,true,-0.012017019093036652
1765400105794544896,T7,AIN2,Voltage,true,-0.01170162484049797
1765400105794553088,T7,AIN2,Voltage,true,-0.01138623058795929
1765400105794563072,T7,AIN2,Voltage,true,-0.012332413345575333
1765400105794572032,T7,AIN2,Voltage,true,-0.01170162484049797
1765400105794582016,T7,AIN2,Voltage,true,-0.012017019093036652
1765400105794589952,T7,AIN2,Voltage,true,-0.012017019093036652
1765400105794598912,T7,AIN2,Voltage,true,-0.012017019093036652
1765400105794608128,T7,AIN2,Voltage,true,-0.01170162484049797
1765400105794617088,T7,AIN2,Voltage,true,-0.012647808529436588
1765400105794625024,T7,AIN2,Voltage,true,-0.012332413345575333
1765400105794633984,T7,AIN2,Voltage,true,-0.012017019093036652
1765400105794641920,T7,AIN2,Voltage,true,-0.01170162484049797
1765400105794650880,T7,AIN2,Voltage,true,-0.01170162484049797
1765400105794659072,T7,AIN2,Voltage,true,-0.01170162484049797
1765400105794668032,T7,AIN2,Voltage,true,-0.012017019093036652
1765400105794675968,T7,AIN2,Voltage,true,-0.01138623058795929
1765400105794684928,T7,AIN2,Voltage,true,-0.012332413345575333
1765400105794693888,T7,AIN2,Voltage,true,-0.012017019093036652
1765400105794703872,T7,AIN2,Voltage,true,-0.012332413345575333
1765400105794714112,T7,AIN2,Voltage,true,-0.01170162484049797
1765400105794723072,T7,AIN2,Voltage,true,-0.012017019093036652
1765400105794731008,T7,AIN2,Voltage,true,-0.012332413345575333
1765400105794739968,T7,AIN2,Voltage,true,-0.012017019093036652
1765400105794748928,T7,AIN2,Voltage,true,-0.012332413345575333
1765400105794757120,T7,AIN2,Voltage,true,-0.012017019093036652
1765400105794766080,T7,AIN2,Voltage,true,-0.012647808529436588
1765400105794775040,T7,AIN2,Voltage,true,-0.012647808529436588
1765400105794784000,T7,AIN2,Voltage,true,-0.012332413345575333
1765400105794791936,T7,AIN2,Voltage,true,-0.012017019093036652
1765400105794800896,T7,AIN2,Voltage,true,-0.012332413345575333
1765400105794811904,T7,AIN2,Voltage,true,-0.012332413345575333
1765400105794821120,T7,AIN2,Voltage,true,-0.012647808529436588
1765400105794830080,T7,AIN2,Voltage,true,-0.012647808529436588
1765400105794839040,T7,AIN2,Voltage,true,-0.012647808529436588
1765400105794846976,T7,AIN2,Voltage,true,-0.012017019093036652
1765400105794855936,T7,AIN2,Voltage,true,-0.012017019093036652
1765400105794864128,T7,AIN2,Voltage,true,-0.012017019093036652
1765400105794873088,T7,AIN2,Voltage,true,-0.012332413345575333
1765400105794938112,T7,AIN2,Voltage,true,-0.012017019093036652
1765400105794951936,T7,AIN2,Voltage,true,-0.01170162484049797
1765400105794960896,T7,AIN2,Voltage,true,-0.012332413345575333
1765400105794970112,T7,AIN2,Voltage,true,-0.012647808529436588
1765400105794979072,T7,AIN2,Voltage,true,-0.012647808529436588
1765400105794988032,T7,AIN2,Voltage,true,-0.012332413345575333
1765400105794996992,T7,AIN2,Voltage,true,-0.012332413345575333
1765400105795005952,T7,AIN2,Voltage,true,-0.012332413345575333
1765400105795014912,T7,AIN2,Voltage,true,-0.012017019093036652
1765400105795023104,T7,AIN2,Voltage,true,-0.012332413345575333
1765400105795032064,T7,AIN2,Voltage,true,-0.01170162484049797
1765400105795042048,T7,AIN2,Voltage,true,-0.012647808529436588
1765400105795051008,T7,AIN2,Voltage,true,-0.012332413345575333
1765400105795058944,T7,AIN2,Voltage,true,-0.012017019093036652
1765400105795068928,T7,AIN2,Voltage,true,-0.012332413345575333
1765400105795077888,T7,AIN2,Voltage,true,-0.012332413345575333
1765400105795086080,T7,AIN2,Voltage,true,-0.012017019093036652
1765400105795096064,T7,AIN2,Voltage,true,-0.012647808529436588
1765400105795105024,T7,AIN2,Voltage,true,-0.01170162484049797
1765400105795113984,T7,AIN2,Voltage,true,-0.01138623058795929
1765400105795122944,T7,AIN2,Voltage,true,-0.012332413345575333
1765400105795132928,T7,AIN2,Voltage,true,-0.012332413345575333
1765400105795141888,T7,AIN2,Voltage,true,-0.012017019093036652
1765400105795150080,T7,AIN2,Voltage,true,-0.01296320278197527
1765400105795160064,T7,AIN2,Voltage,true,-0.012017019093036652
1765400105795169024,T7,AIN2,Voltage,true,-0.01138623058795929
1765400105795177984,T7,AIN2,Voltage,true,-0.012332413345575333
1765400105795186944,T7,AIN2,Voltage,true,-0.012332413345575333
1765400105795195904,T7,AIN2,Voltage,true,-0.012332413345575333
1765400105795204096,T7,AIN2,Voltage,true,-0.012017019093036652
1765400105795213056,T7,AIN2,Voltage,true,-0.012017019093036652
1765400105795222016,T7,AIN2,Voltage,true,-0.01170162484049797
1765400105795230976,T7,AIN2,Voltage,true,-0.012017019093036652
1765400105795239936,T7,AIN2,Voltage,true,-0.012017019093036652
1765400105795248896,T7,AIN2,Voltage,true,-0.01170162484049797
1765400105795258112,T7,AIN2,Voltage,true,-0.012017019093036652
1765400105795267072,T7,AIN2,Voltage,true,-0.01170162484049797
1765400105795276032,T7,AIN2,Voltage,true,-0.01170162484049797
1765400105795283968,T7,AIN2,Voltage,true,-0.012332413345575333
1765400105795292928,T7,AIN2,Voltage,true,-0.012017019093036652
1765400105795301888,T7,AIN2,Voltage,true,-0.012017019093036652
1765400105795312128,T7,AIN2,Voltage,true,-0.01170162484049797
1765400105795321088,T7,AIN2,Voltage,true,-0.012332413345575333
1765400105795330048,T7,AIN2,Voltage,true,-0.01170162484049797
1765400105795339008,T7,AIN2,Voltage,true,-0.01138623058795929
1765400105795347968,T7,AIN2,Voltage,true,-0.01170162484049797
1765400105795356928,T7,AIN2,Voltage,true,-0.01138623058795929
1765400105795365120,T7,AIN2,Voltage,true,-0.012017019093036652
1765400105795375104,T7,AIN2,Voltage,true,-0.012017019093036652
1765400105795383040,T7,AIN2,Voltage,true,-0.01170162484049797
1765400105795392000,T7,AIN2,Voltage,true,-0.01170162484049797
1765400105795400960,T7,AIN2,Voltage,true,-0.012017019093036652
1765400105795409920,T7,AIN2,Voltage,true,-0.012332413345575333
1765400105795418880,T7,AIN2,Voltage,true,-0.012647808529436588
1765400105795429120,T7,AIN2,Voltage,true,-0.012332413345575333
1765400105795438080,T7,AIN2,Voltage,true,-0.012332413345575333
1765400105795447040,T7,AIN2,Voltage,true,-0.012332413345575333
1765400105795456000,T7,AIN2,Voltage,true,-0.012332413345575333
1765400105795464960,T7,AIN2,Voltage,true,-0.01170162484049797
1765400105795473920,T7,AIN2,Voltage,true,-0.012332413345575333
1765400105795482112,T7,AIN2,Voltage,true,-0.012332413345575333
1765400105795491072,T7,AIN2,Voltage,true,-0.012017019093036652
1765400105795500032,T7,AIN2,Voltage,true,-0.012017019093036652
1765400105795508992,T7,AIN2,Voltage,true,-0.012017019093036652
1765400105795517952,T7,AIN2,Voltage,true,-0.012017019093036652
1765400105795526912,T7,AIN2,Voltage,true,-0.012332413345575333
1765400105795535872,T7,AIN2,Voltage,true,-0.012017019093036652
1765400105795545088,T7,AIN2,Voltage,true,-0.012017019093036652
1765400105795554048,T7,AIN2,Voltage,true,-0.012017019093036652
1765400105795561984,T7,AIN2,Voltage,true,-0.012332413345575333
1765400105795570944,T7,AIN2,Voltage,true,-0.012647808529436588
1765400105795579904,T7,AIN2,Voltage,true,-0.012647808529436588
1765400105795589120,T7,AIN2,Voltage,true,-0.012332413345575333
1765400105795599104,T7,AIN2,Voltage,true,-0.012332413345575333
1765400105795608064,T7,AIN2,Voltage,true,-0.012017019093036652
1765400105795617024,T7,AIN2,Voltage,true,-0.012017019093036652
1765400105795625984,T7,AIN2,Voltage,true,-0.012332413345575333
1765400105795634944,T7,AIN2,Voltage,true,-0.012332413345575333
1765400105795643904,T7,AIN2,Voltage,true,-0.012017019093036652
1765400105795653120,T7,AIN2,Voltage,true,-0.01170162484049797
1765400105795662080,T7,AIN2,Voltage,true,-0.012017019093036652
1765400105795671040,T7,AIN2,Voltage,true,-0.01170162484049797
1765400105795680000,T7,AIN2,Voltage,true,-0.012017019093036652
1765400105795688960,T7,AIN2,Voltage,true,-0.012332413345575333
1765400105795697920,T7,AIN2,Voltage,true,-0.012017019093036652
1765400105795706112,T7,AIN2,Voltage,true,-0.012332413345575333
1765400105795715072,T7,AIN2,Voltage,true,-0.012332413345575333
1765400105795724032,T7,AIN2,Voltage,true,-0.012332413345575333
1765400105795732992,T7,AIN2,Voltage,true,-0.012017019093036652
1765400105795741952,T7,AIN2,Voltage,true,-0.01170162484049797
1765400105795750912,T7,AIN2,Voltage,true,-0.01170162484049797
1765400105795760128,T7,AIN2,Voltage,true,-0.012017019093036652
1765400105795769088,T7,AIN2,Voltage,true,-0.01170162484049797
1765400105795778048,T7,AIN2,Voltage,true,-0.012332413345575333
1765400105795787008,T7,AIN2,Voltage,true,-0.012647808529436588
1765400105795795968,T7,AIN2,Voltage,true,-0.01170162484049797
1765400105795804928,T7,AIN2,Voltage,true,-0.012017019093036652
1765400105795813888,T7,AIN2,Voltage,true,-0.012647808529436588
1765400105795824128,T7,AIN2,Voltage,true,-0.012332413345575333
1765400105795833088,T7,AIN2,Voltage,true,-0.012332413345575333
1765400105795842048,T7,AIN2,Voltage,true,-0.012332413345575333
1765400105795849984,T7,AIN2,Voltage,true,-0.012017019093036652
1765400105795859968,T7,AIN2,Voltage,true,-0.01170162484049797
1765400105795867904,T7,AIN2,Voltage,true,-0.012332413345575333
1765400105795877120,T7,AIN2,Voltage,true,-0.012332413345575333
1765400105795887104,T7,AIN2,Voltage,true,-0.012647808529436588
1765400105795897088,T7,AIN2,Voltage,true,-0.01170162484049797
1765400105795906048,T7,AIN2,Voltage,true,-0.012017019093036652
1765400105795915008,T7,AIN2,Voltage,true,-0.01138623058795929
1765400105795923968,T7,AIN2,Voltage,true,-0.01170162484049797
1765400105795932928,T7,AIN2,Voltage,true,-0.012017019093036652
1765400105795941120,T7,AIN2,Voltage,true,-0.01170162484049797
1765400105795950080,T7,AIN2,Voltage,true,-0.012017019093036652
1765400105795959040,T7,AIN2,Voltage,true,-0.012332413345575333
1765400105795968000,T7,AIN2,Voltage,true,-0.012017019093036652
1765400105795976960,T7,AIN2,Voltage,true,-0.01170162484049797
1765400105795985920,T7,AIN2,Voltage,true,-0.012017019093036652
1765400105795994880,T7,AIN2,Voltage,true,-0.01170162484049797
1765400105796003072,T7,AIN2,Voltage,true,-0.012332413345575333
1765400105796012032,T7,AIN2,Voltage,true,-0.012332413345575333
1765400105796020992,T7,AIN2,Voltage,true,-0.012332413345575333
1765400105796029952,T7,AIN2,Voltage,true,-0.012332413345575333
1765400105796038912,T7,AIN2,Voltage,true,-0.012017019093036652
1765400105796047872,T7,AIN2,Voltage,true,-0.012332413345575333
1765400105796057088,T7,AIN2,Voltage,true,-0.012017019093036652
1765400105796066048,T7,AIN2,Voltage,true,-0.012332413345575333
1765400105796073984,T7,AIN2,Voltage,true,-0.012017019093036652
1765400105796082944,T7,AIN2,Voltage,true,-0.01138623058795929
1765400105796092928,T7,AIN2,Voltage,true,-0.012332413345575333
1765400105796144896,T7,AIN2,Voltage,true,-0.01170162484049797
1765400105796157952,T7,AIN2,Voltage,true,-0.01138623058795929
1765400105796167936,T7,AIN2,Voltage,true,-0.012017019093036652
1765400105796176896,T7,AIN2,Voltage,true,-0.012017019093036652
1765400105796186112,T7,AIN2,Voltage,true,-0.012332413345575333
1765400105796195072,T7,AIN2,Voltage,true,-0.01170162484049797
1765400105796204032,T7,AIN2,Voltage,true,-0.012017019093036652
1765400105796212992,T7,AIN2,Voltage,true,-0.012017019093036652
1765400105796221952,T7,AIN2,Voltage,true,-0.01170162484049797
1765400105796231936,T7,AIN2,Voltage,true,-0.012647808529436588
1765400105796239872,T7,AIN2,Voltage,true,-0.012017019093036652
1765400105796249088,T7,AIN2,Voltage,true,-0.012332413345575333
1765400105796258048,T7,AIN2,Voltage,true,-0.012017019093036652
1765400105796267008,T7,AIN2,Voltage,true,-0.012017019093036652
1765400105796275968,T7,AIN2,Voltage,true,-0.01138623058795929
1765400105796284928,T7,AIN2,Voltage,true,-0.01138623058795929
1765400105796293888,T7,AIN2,Voltage,true,-0.011070836335420609
1765400105796303104,T7,AIN2,Voltage,true,-0.012017019093036652
1765400105796312064,T7,AIN2,Voltage,true,-0.012332413345575333
1765400105796321024,T7,AIN2,Voltage,true,-0.012017019093036652
1765400105796329984,T7,AIN2,Voltage,true,-0.012647808529436588
1765400105796338944,T7,AIN2,Voltage,true,-0.012647808529436588
1765400105796347904,T7,AIN2,Voltage,true,-0.012017019093036652
1765400105796357120,T7,AIN2,Voltage,true,-0.012332413345575333
1765400105796366080,T7,AIN2,Voltage,true,-0.012332413345575333
1765400105796375040,T7,AIN2,Voltage,true,-0.01170162484049797
1765400105796384000,T7,AIN2,Voltage,true,-0.012332413345575333
1765400105796392960,T7,AIN2,Voltage,true,-0.012017019093036652
1765400105796401920,T7,AIN2,Voltage,true,-0.01170162484049797
1765400105796410880,T7,AIN2,Voltage,true,-0.012017019093036652
1765400105796420096,T7,AIN2,Voltage,true,-0.012647808529436588
1765400105796429056,T7,AIN2,Voltage,true,-0.01170162484049797
1765400105796438016,T7,AIN2,Voltage,true,-0.012332413345575333
1765400105796446976,T7,AIN2,Voltage,true,-0.01138623058795929
1765400105796455936,T7,AIN2,Voltage,true,-0.01138623058795929
1765400105796464896,T7,AIN2,Voltage,true,-0.012017019093036652
1765400105796474112,T7,AIN2,Voltage,true,-0.012647808529436588
1765400105796484096,T7,AIN2,Voltage,true,-0.01138623058795929
1765400105796492032,T7,AIN2,Voltage,true,-0.012332413345575333
1765400105796500992,T7,AIN2,Voltage,true,-0.01170162484049797
1765400105796509952,T7,AIN2,Voltage,true,-0.012017019093036652
1765400105796518912,T7,AIN2,Voltage,true,-0.012017019093036652
1765400105796528128,T7,AIN2,Voltage,true,-0.012332413345575333
1765400105796537088,T7,AIN2,Voltage,true,-0.012332413345575333
1765400105796546048,T7,AIN2,Voltage,true,-0.012017019093036652
1765400105796555008,T7,AIN2,Voltage,true,-0.012017019093036652
1765400105796563968,T7,AIN2,Voltage,true,-0.01138623058795929
1765400105796572928,T7,AIN2,Voltage,true,-0.012332413345575333
1765400105796581888,T7,AIN2,Voltage,true,-0.012017019093036652
1765400105796591104,T7,AIN2,Voltage,true,-0.01170162484049797
1765400105796599040,T7,AIN2,Voltage,true,-0.01170162484049797
1765400105796609024,T7,AIN2,Voltage,true,-0.01170162484049797
1765400105796616960,T7,AIN2,Voltage,true,-0.012017019093036652
1765400105796625920,T7,AIN2,Voltage,true,-0.012332413345575333
1765400105796634880,T7,AIN2,Voltage,true,-0.012017019093036652
1765400105796644096,T7,AIN2,Voltage,true,-0.012017019093036652
1765400105796653056,T7,AIN2,Voltage,true,-0.012332413345575333
1765400105796662016,T7,AIN2,Voltage,true,-0.012017019093036652
1765400105796670976,T7,AIN2,Voltage,true,-0.012332413345575333
1765400105796679936,T7,AIN2,Voltage,true,-0.012017019093036652
1765400105796688896,T7,AIN2,Voltage,true,-0.012017019093036652
1765400105796698112,T7,AIN2,Voltage,true,-0.012017019093036652
1765400105796706048,T7,AIN2,Voltage,true,-0.012017019093036652
1765400105796715008,T7,AIN2,Voltage,true,-0.012332413345575333
1765400105796723968,T7,AIN2,Voltage,true,-0.012332413345575333
1765400105796732928,T7,AIN2,Voltage,true,-0.012647808529436588
1765400105796741888,T7,AIN2,Voltage,true,-0.01170162484049797
1765400105796751104,T7,AIN2,Voltage,true,-0.012332413345575333
1765400105796760064,T7,AIN2,Voltage,true,-0.012647808529436588
1765400105796769024,T7,AIN2,Voltage,true,-0.01138623058795929
1765400105796777984,T7,AIN2,Voltage,true,-0.012017019093036652
1765400105796786944,T7,AIN2,Voltage,true,-0.012332413345575333
1765400105796795904,T7,AIN2,Voltage,true,-0.012017019093036652
1765400105796805120,T7,AIN2,Voltage,true,-0.012017019093036652
1765400105796814080,T7,AIN2,Voltage,true,-0.012332413345575333
1765400105796822016,T7,AIN2,Voltage,true,-0.012332413345575333
1765400105796830976,T7,AIN2,Voltage,true,-0.012332413345575333
1765400105796840960,T7,AIN2,Voltage,true,-0.01170162484049797
1765400105796849920,T7,AIN2,Voltage,true,-0.012332413345575333
1765400105796858880,T7,AIN2,Voltage,true,-0.012332413345575333
1765400105796868096,T7,AIN2,Voltage,true,-0.012017019093036652
1765400105796877056,T7,AIN2,Voltage,true,-0.012017019093036652
1765400105796886016,T7,AIN2,Voltage,true,-0.01170162484049797
1765400105796893952,T7,AIN2,Voltage,true,-0.012017019093036652
1765400105796902912,T7,AIN2,Voltage,true,-0.01170162484049797
1765400105796912128,T7,AIN2,Voltage,true,-0.012017019093036652
1765400105796921088,T7,AIN2,Voltage,true,-0.012332413345575333
1765400105796930048,T7,AIN2,Voltage,true,-0.01170162484049797
1765400105796939008,T7,AIN2,Voltage,true,-0.012017019093036652
1765400105796947968,T7,AIN2,Voltage,true,-0.012017019093036652
1765400105796956928,T7,AIN2,Voltage,true,-0.012332413345575333
1765400105796965888,T7,AIN2,Voltage,true,-0.012647808529436588
1765400105796975104,T7,AIN2,Voltage,true,-0.012332413345575333
1765400105796984064,T7,AIN2,Voltage,true,-0.012332413345575333
1765400105796993024,T7,AIN2,Voltage,true,-0.012332413345575333
1765400105797001984,T7,AIN2,Voltage,true,-0.01170162484049797
1765400105797010944,T7,AIN2,Voltage,true,-0.012017019093036652
1765400105797019904,T7,AIN2,Voltage,true,-0.012332413345575333
1765400105797028096,T7,AIN2,Voltage,true,-0.012017019093036652
1765400105797037056,T7,AIN2,Voltage,true,-0.012017019093036652
1765400105797046016,T7,AIN2,Voltage,true,-0.01170162484049797
1765400105797054976,T7,AIN2,Voltage,true,-0.012017019093036652
1765400105797063936,T7,AIN2,Voltage,true,-0.012017019093036652
1765400105797072896,T7,AIN2,Voltage,true,-0.012017019093036652
1765400105797082112,T7,AIN2,Voltage,true,-0.012017019093036652
1765400105797091072,T7,AIN2,Voltage,true,-0.012332413345575333
1765400105797100032,T7,AIN2,Voltage,true,-0.01170162484049797
1765400105797108992,T7,AIN2,Voltage,true,-0.012017019093036652
1765400105797116928,T7,AIN2,Voltage,true,-0.012647808529436588
1765400105797126912,T7,AIN2,Voltage,true,-0.012647808529436588
1765400105797135872,T7,AIN2,Voltage,true,-0.012332413345575333
1765400105797145088,T7,AIN2,Voltage,true,-0.012017019093036652
1765400105797154048,T7,AIN2,Voltage,true,-0.01170162484049797
1765400105797163008,T7,AIN2,Voltage,true,-0.012332413345575333
1765400105797171968,T7,AIN2,Voltage,true,-0.01170162484049797
1765400105797180928,T7,AIN2,Voltage,true,-0.01170162484049797
1765400105797189888,T7,AIN2,Voltage,true,-0.01170162484049797
1765400105797199104,T7,AIN2,Voltage,true,-0.012017019093036652
1765400105797208064,T7,AIN2,Voltage,true,-0.01138623058795929
1765400105797217024,T7,AIN2,Voltage,true,-0.012017019093036652
1765400105797225984,T7,AIN2,Voltage,true,-0.012017019093036652
1765400105797233920,T7,AIN2,Voltage,true,-0.01138623058795929
1765400105797242880,T7,AIN2,Voltage,true,-0.012017019093036652
1765400105797252096,T7,AIN2,Voltage,true,-0.01170162484049797
1765400105797261056,T7,AIN2,Voltage,true,-0.012017019093036652
1765400105797268992,T7,AIN2,Voltage,true,-0.012647808529436588
1765400105797278976,T7,AIN2,Voltage,true,-0.012017019093036652
1765400105797286912,T7,AIN2,Voltage,true,-0.012332413345575333
1765400105797296896,T7,AIN2,Voltage,true,-0.012017019093036652
1765400105797326080,T7,AIN2,Voltage,true,-0.012017019093036652
1765400105797336064,T7,AIN2,Voltage,true,-0.012332413345575333
1765400105797345024,T7,AIN2,Voltage,true,-0.012017019093036652
1765400105797353984,T7,AIN2,Voltage,true,-0.012017019093036652
1765400105797362944,T7,AIN2,Voltage,true,-0.01170162484049797
1765400105797371904,T7,AIN2,Voltage,true,-0.01138623058795929
1765400105797381120,T7,AIN2,Voltage,true,-0.012017019093036652
1765400105797390080,T7,AIN2,Voltage,true,-0.012017019093036652
1765400105797398016,T7,AIN2,Voltage,true,-0.012647808529436588
1765400105797408000,T7,AIN2,Voltage,true,-0.012017019093036652
1765400105797415936,T7,AIN2,Voltage,true,-0.012332413345575333
1765400105797425920,T7,AIN2,Voltage,true,-0.012647808529436588
1765400105797434880,T7,AIN2,Voltage,true,-0.012647808529436588
1765400105797443072,T7,AIN2,Voltage,true,-0.012017019093036652
1765400105797453056,T7,AIN2,Voltage,true,-0.012017019093036652
1765400105797462016,T7,AIN2,Voltage,true,-0.012332413345575333
1765400105797470976,T7,AIN2,Voltage,true,-0.012647808529436588
1765400105797479936,T7,AIN2,Voltage,true,-0.012332413345575333
1765400105797488896,T7,AIN2,Voltage,true,-0.01170162484049797
1765400105797498112,T7,AIN2,Voltage,true,-0.01170162484049797
1765400105797506048,T7,AIN2,Voltage,true,-0.01170162484049797
1765400105797516032,T7,AIN2,Voltage,true,-0.012017019093036652
1765400105797523968,T7,AIN2,Voltage,true,-0.012017019093036652
1765400105797532928,T7,AIN2,Voltage,true,-0.012332413345575333
1765400105797542912,T7,AIN2,Voltage,true,-0.012017019093036652
1765400105797551104,T7,AIN2,Voltage,true,-0.012332413345575333
1765400105797560064,T7,AIN2,Voltage,true,-0.012332413345575333
1765400105797569024,T7,AIN2,Voltage,true,-0.012332413345575333
1765400105797577984,T7,AIN2,Voltage,true,-0.012017019093036652
1765400105797586944,T7,AIN2,Voltage,true,-0.012332413345575333
1765400105797595904,T7,AIN2,Voltage,true,-0.01138623058795929
1765400105797605120,T7,AIN2,Voltage,true,-0.012017019093036652
1765400105797614080,T7,AIN2,Voltage,true,-0.012017019093036652
1765400105797623040,T7,AIN2,Voltage,true,-0.012332413345575333
1765400105797632000,T7,AIN2,Voltage,true,-0.012017019093036652
1765400105797640960,T7,AIN2,Voltage,true,-0.012647808529436588
1765400105797649920,T7,AIN2,Voltage,true,-0.012332413345575333
1765400105797658880,T7,AIN2,Voltage,true,-0.012017019093036652
1765400105797668096,T7,AIN2,Voltage,true,-0.012017019093036652
1765400105797677056,T7,AIN2,Voltage,true,-0.012647808529436588
1765400105797684992,T7,AIN2,Voltage,true,-0.012017019093036652
1765400105797694976,T7,AIN2,Voltage,true,-0.012332413345575333
1765400105797703936,T7,AIN2,Voltage,true,-0.012332413345575333
1765400105797712896,T7,AIN2,Voltage,true,-0.012017019093036652
1765400105797721088,T7,AIN2,Voltage,true,-0.012332413345575333
1765400105797730048,T7,AIN2,Voltage,true,-0.012017019093036652
1765400105797739008,T7,AIN2,Voltage,true,-0.012332413345575333
1765400105797747968,T7,AIN2,Voltage,true,-0.012647808529436588
1765400105797756928,T7,AIN2,Voltage,true,-0.012017019093036652
1765400105797765888,T7,AIN2,Voltage,true,-0.012017019093036652
1765400105797775104,T7,AIN2,Voltage,true,-0.012332413345575333
1765400105797784064,T7,AIN2,Voltage,true,-0.012332413345575333
1765400105797793024,T7,AIN2,Voltage,true,-0.012332413345575333
1765400105797800960,T7,AIN2,Voltage,true,-0.012332413345575333
1765400105797809920,T7,AIN2,Voltage,true,-0.012017019093036652
1765400105797818112,T7,AIN2,Voltage,true,-0.012017019093036652
1765400105797827072,T7,AIN2,Voltage,true,-0.012332413345575333
1765400105797836032,T7,AIN2,Voltage,true,-0.012647808529436588
1765400105797843968,T7,AIN2,Voltage,true,-0.012017019093036652
1765400105797852928,T7,AIN2,Voltage,true,-0.012332413345575333
1765400105801768960,T7,AIN2,Voltage,true,-0.012332413345575333
1765400105801818112,T7,AIN2,Voltage,true,-0.012332413345575333
1765400105801831936,T7,AIN2,Voltage,true,-0.012017019093036652
1765400105801885952,T7,AIN2,Voltage,true,-0.012647808529436588
1765400105801900032,T7,AIN2,Voltage,true,-0.012332413345575333
1765400105801907968,T7,AIN2,Voltage,true,-0.012017019093036652
1765400105801915904,T7,AIN2,Voltage,true,-0.012017019093036652
1765400105801923072,T7,AIN2,Voltage,true,-0.01138623058795929
1765400105801931008,T7,AIN2,Voltage,true,-0.012017019093036652
1765400105802962944,T7,AIN2,Voltage,true,-0.01170162484049797
1765400105802973952,T7,AIN2,Voltage,true,-0.01170162484049797
1765400105802981120,T7,AIN2,Voltage,true,-0.01170162484049797
1765400105802988032,T7,AIN2,Voltage,true,-0.012332413345575333
1765400105802995968,T7,AIN2,Voltage,true,-0.012647808529436588
1765400105803002880,T7,AIN2,Voltage,true,-0.012647808529436588
1765400105803010048,T7,AIN2,Voltage,true,-0.012017019093036652
1765400105803017984,T7,AIN2,Voltage,true,-0.012017019093036652
1765400105803025920,T7,AIN2,Voltage,true,-0.012332413345575333
1765400105803089920,T7,AIN2,Voltage,true,-0.012017019093036652
1765400105803109888,T7,AIN2,Voltage,true,-0.012647808529436588
1765400105803120128,T7,AIN2,Voltage,true,-0.012332413345575333
1765400105803129088,T7,AIN2,Voltage,true,-0.012332413345575333
1765400105803137024,T7,AIN2,Voltage,true,-0.012332413345575333
1765400105803143936,T7,AIN2,Voltage,true,-0.012332413345575333
1765400105803151872,T7,AIN2,Voltage,true,-0.012017019093036652
1765400105803159040,T7,AIN2,Voltage,true,-0.01138623058795929
1765400105803166976,T7,AIN2,Voltage,true,-0.01138623058795929
1765400105803547904,T7,AIN2,Voltage,true,-0.012017019093036652
1765400105803557888,T7,AIN2,Voltage,true,-0.012017019093036652
1765400105803566080,T7,AIN2,Voltage,true,-0.012017019093036652
1765400105803572992,T7,AIN2,Voltage,true,-0.01170162484049797
1765400105803580928,T7,AIN2,Voltage,true,-0.012332413345575333
1765400105803588096,T7,AIN2,Voltage,true,-0.012332413345575333
1765400105803596032,T7,AIN2,Voltage,true,-0.012332413345575333
1765400105803602944,T7,AIN2,Voltage,true,-0.012017019093036652
1765400105803610880,T7,AIN2,Voltage,true,-0.012647808529436588
1765400105803618048,T7,AIN2,Voltage,true,-0.012647808529436588
1765400105803625984,T7,AIN2,Voltage,true,-0.01296320278197527
1765400105803632896,T7,AIN2,Voltage,true,-0.012332413345575333
1765400105803641088,T7,AIN2,Voltage,true,-0.012017019093036652
1765400105803649024,T7,AIN2,Voltage,true,-0.012332413345575333
1765400105803655936,T7,AIN2,Voltage,true,-0.012017019093036652
1765400105803663872,T7,AIN2,Voltage,true,-0.012332413345575333
1765400105803671040,T7,AIN2,Voltage,true,-0.01138623058795929
1765400105803678976,T7,AIN2,Voltage,true,-0.012017019093036652
1765400105803685888,T7,AIN2,Voltage,true,-0.012332413345575333
1765400105803694080,T7,AIN2,Voltage,true,-0.012647808529436588
1765400105803700992,T7,AIN2,Voltage,true,-0.012017019093036652
1765400105803708928,T7,AIN2,Voltage,true,-0.012017019093036652
1765400105803717120,T7,AIN2,Voltage,true,-0.012017019093036652
1765400105803724032,T7,AIN2,Voltage,true,-0.012017019093036652
1765400105803731968,T7,AIN2,Voltage,true,-0.012332413345575333
1765400105803738880,T7,AIN2,Voltage,true,-0.012332413345575333
1765400105803747072,T7,AIN2,Voltage,true,-0.012017019093036652
1765400105803753984,T7,AIN2,Voltage,true,-0.012017019093036652
1765400105803760896,T7,AIN2,Voltage,true,-0.012017019093036652
1765400105803769088,T7,AIN2,Voltage,true,-0.012647808529436588
1765400105803776000,T7,AIN2,Voltage,true,-0.012017019093036652
1765400105803783936,T7,AIN2,Voltage,true,-0.012017019093036652
1765400105803791104,T7,AIN2,Voltage,true,-0.012017019093036652
1765400105803799040,T7,AIN2,Voltage,true,-0.01138623058795929
1765400105803805952,T7,AIN2,Voltage,true,-0.012017019093036652
1765400105803813120,T7,AIN2,Voltage,true,-0.012332413345575333
1765400105803821056,T7,AIN2,Voltage,true,-0.012647808529436588
1765400105803827968,T7,AIN2,Voltage,true,-0.012332413345575333
1765400105803835904,T7,AIN2,Voltage,true,-0.012647808529436588
1765400105803843072,T7,AIN2,Voltage,true,-0.012017019093036652
1765400105803851008,T7,AIN2,Voltage,true,-0.01138623058795929
1765400105803857920,T7,AIN2,Voltage,true,-0.012017019093036652
1765400105803886080,T7,AIN2,Voltage,true,-0.012647808529436588
1765400105803897088,T7,AIN2,Voltage,true,-0.012332413345575333
1765400105803904000,T7,AIN2,Voltage,true,-0.012017019093036652
1765400105803911936,T7,AIN2,Voltage,true,-0.012017019093036652
1765400105803919104,T7,AIN2,Voltage,true,-0.01170162484049797
1765400105803926016,T7,AIN2,Voltage,true,-0.012017019093036652
1765400105803933952,T7,AIN2,Voltage,true,-0.012332413345575333
1765400105803941888,T7,AIN2,Voltage,true,-0.012017019093036652
1765400105803949056,T7,AIN2,Voltage,true,-0.012017019093036652
1765400105803955968,T7,AIN2,Voltage,true,-0.012332413345575333
1765400105803963904,T7,AIN2,Voltage,true,-0.012017019093036652
1765400105803971072,T7,AIN2,Voltage,true,-0.012017019093036652
1765400105803977984,T7,AIN2,Voltage,true,-0.012332413345575333
1765400105803984896,T7,AIN2,Voltage,true,-0.012332413345575333
1765400105803993088,T7,AIN2,Voltage,true,-0.01296320278197527
1765400105804001024,T7,AIN2,Voltage,true,-0.012647808529436588
1765400105804007936,T7,AIN2,Voltage,true,-0.012017019093036652
1765400105804016128,T7,AIN2,Voltage,true,-0.012332413345575333
1765400105804023040,T7,AIN2,Voltage,true,-0.012332413345575333
1765400105804030976,T7,AIN2,Voltage,true,-0.012017019093036652
1765400105804037888,T7,AIN2,Voltage,true,-0.012017019093036652
1765400105804045056,T7,AIN2,Voltage,true,-0.012017019093036652
1765400105804052992,T7,AIN2,Voltage,true,-0.012017019093036652
1765400105804059904,T7,AIN2,Voltage,true,-0.01170162484049797
1765400105804067072,T7,AIN2,Voltage,true,-0.012017019093036652
1765400105804075008,T7,AIN2,Voltage,true,-0.012017019093036652
1765400105804081920,T7,AIN2,Voltage,true,-0.01170162484049797
1765400105804090112,T7,AIN2,Voltage,true,-0.012017019093036652
1765400105804097024,T7,AIN2,Voltage,true,-0.01170162484049797
1765400105804104960,T7,AIN2,Voltage,true,-0.012332413345575333
1765400105804111872,T7,AIN2,Voltage,true,-0.012332413345575333
1765400105804119040,T7,AIN2,Voltage,true,-0.012332413345575333
1765400105804126976,T7,AIN2,Voltage,true,-0.012017019093036652
1765400105804133888,T7,AIN2,Voltage,true,-0.012647808529436588
1765400105804142080,T7,AIN2,Voltage,true,-0.012332413345575333
1765400105804148992,T7,AIN2,Voltage,true,-0.012332413345575333
1765400105804156928,T7,AIN2,Voltage,true,-0.012332413345575333
1765400105804164096,T7,AIN2,Voltage,true,-0.012017019093036652
1765400105804171008,T7,AIN2,Voltage,true,-0.01170162484049797
1765400105804178944,T7,AIN2,Voltage,true,-0.012017019093036652
1765400105804186112,T7,AIN2,Voltage,true,-0.01170162484049797
1765400105804194048,T7,AIN2,Voltage,true,-0.012017019093036652
1765400105804201984,T7,AIN2,Voltage,true,-0.012017019093036652
1765400105804208896,T7,AIN2,Voltage,true,-0.012017019093036652
1765400105804216064,T7,AIN2,Voltage,true,-0.012647808529436588
1765400105804224000,T7,AIN2,Voltage,true,-0.01138623058795929
1765400105804231936,T7,AIN2,Voltage,true,-0.012017019093036652
1765400105804239104,T7,AIN2,Voltage,true,-0.012332413345575333
1765400105804246016,T7,AIN2,Voltage,true,-0.012017019093036652
1765400105804253952,T7,AIN2,Voltage,true,-0.012647808529436588
1765400105804261120,T7,AIN2,Voltage,true,-0.012017019093036652
1765400105804269056,T7,AIN2,Voltage,true,-0.012647808529436588
1765400105804275968,T7,AIN2,Voltage,true,-0.012332413345575333
1765400105804282880,T7,AIN2,Voltage,true,-0.012017019093036652
1765400105804291072,T7,AIN2,Voltage,true,-0.012332413345575333
1765400105804297984,T7,AIN2,Voltage,true,-0.01170162484049797
1765400105804305920,T7,AIN2,Voltage,true,-0.01170162484049797
1765400105804313088,T7,AIN2,Voltage,true,-0.012017019093036652
1765400105804320000,T7,AIN2,Voltage,true,-0.012017019093036652
1765400105804327936,T7,AIN2,Voltage,true,-0.01138623058795929
1765400105804335104,T7,AIN2,Voltage,true,-0.012017019093036652
1765400105804343040,T7,AIN2,Voltage,true,-0.012017019093036652
1765400105804349952,T7,AIN2,Voltage,true,-0.012017019093036652
1765400105804357120,T7,AIN2,Voltage,true,-0.01170162484049797
1765400105804365056,T7,AIN2,Voltage,true,-0.012332413345575333
1765400105804372992,T7,AIN2,Voltage,true,-0.012332413345575333
1765400105804379904,T7,AIN2,Voltage,true,-0.012647808529436588
1765400105804388096,T7,AIN2,Voltage,true,-0.012647808529436588
1765400105804395008,T7,AIN2,Voltage,true,-0.012017019093036652
1765400105804401920,T7,AIN2,Voltage,true,-0.012017019093036652
1765400105804410112,T7,AIN2,Voltage,true,-0.012332413345575333
1765400105804417024,T7,AIN2,Voltage,true,-0.012332413345575333
1765400105804424960,T7,AIN2,Voltage,true,-0.012017019093036652
1765400105804431872,T7,AIN2,Voltage,true,-0.012017019093036652
1765400105804439040,T7,AIN2,Voltage,true,-0.012017019093036652
1765400105804446976,T7,AIN2,Voltage,true,-0.012332413345575333
1765400105804453888,T7,AIN2,Voltage,true,-0.012017019093036652
1765400105804462080,T7,AIN2,Voltage,true,-0.012017019093036652
1765400105804470016,T7,AIN2,Voltage,true,-0.012017019093036652
1765400105804476928,T7,AIN2,Voltage,true,-0.012332413345575333
1765400105804484096,T7,AIN2,Voltage,true,-0.012017019093036652
1765400105804492032,T7,AIN2,Voltage,true,-0.012017019093036652
1765400105804498944,T7,AIN2,Voltage,true,-0.012017019093036652
1765400105804506880,T7,AIN2,Voltage,true,-0.012017019093036652
1765400105804514048,T7,AIN2,Voltage,true,-0.012332413345575333
1765400105804521984,T7,AIN2,Voltage,true,-0.012332413345575333
1765400105804528896,T7,AIN2,Voltage,true,-0.012332413345575333
1765400105804536064,T7,AIN2,Voltage,true,-0.012017019093036652
1765400105804542976,T7,AIN2,Voltage,true,-0.012017019093036652
1765400105804550912,T7,AIN2,Voltage,true,-0.01170162484049797
1765400105804558080,T7,AIN2,Voltage,true,-0.01138623058795929
1765400105804566016,T7,AIN2,Voltage,true,-0.01138623058795929
1765400105804573952,T7,AIN2,Voltage,true,-0.012017019093036652
1765400105804581120,T7,AIN2,Voltage,true,-0.012017019093036652
1765400105804589056,T7,AIN2,Voltage,true,-0.01138623058795929
1765400105804595968,T7,AIN2,Voltage,true,-0.01138623058795929
1765400105804602880,T7,AIN2,Voltage,true,-0.01170162484049797
1765400105804611072,T7,AIN2,Voltage,true,-0.012017019093036652
1765400105804617984,T7,AIN2,Voltage,true,-0.012017019093036652
1765400105804625920,T7,AIN2,Voltage,true,-0.012332413345575333
1765400105804633088,T7,AIN2,Voltage,true,-0.012332413345575333
1765400105804640000,T7,AIN2,Voltage,true,-0.012647808529436588
1765400105804647936,T7,AIN2,Voltage,true,-0.012332413345575333
1765400105804655104,T7,AIN2,Voltage,true,-0.012647808529436588
1765400105804663040,T7,AIN2,Voltage,true,-0.012647808529436588
1765400105804669952,T7,AIN2,Voltage,true,-0.012332413345575333
1765400105804677888,T7,AIN2,Voltage,true,-0.012647808529436588
1765400105804685056,T7,AIN2,Voltage,true,-0.012647808529436588
1765400105804692992,T7,AIN2,Voltage,true,-0.012332413345575333
1765400105804699904,T7,AIN2,Voltage,true,-0.012017019093036652
1765400105804708096,T7,AIN2,Voltage,true,-0.012017019093036652
1765400105804715008,T7,AIN2,Voltage,true,-0.012647808529436588
1765400105804722944,T7,AIN2,Voltage,true,-0.012017019093036652
1765400105804730112,T7,AIN2,Voltage,true,-0.012332413345575333
1765400105804737024,T7,AIN2,Voltage,true,-0.012017019093036652
1765400105804744960,T7,AIN2,Voltage,true,-0.012332413345575333
1765400105804751872,T7,AIN2,Voltage,true,-0.012017019093036652
1765400105804760064,T7,AIN2,Voltage,true,-0.012017019093036652
1765400105804766976,T7,AIN2,Voltage,true,-0.012017019093036652
1765400105804773888,T7,AIN2,Voltage,true,-0.012017019093036652
1765400105804782080,T7,AIN2,Voltage,true,-0.012332413345575333
1765400105804788992,T7,AIN2,Voltage,true,-0.012017019093036652
1765400105804795904,T7,AIN2,Voltage,true,-0.012017019093036652
1765400105804803072,T7,AIN2,Voltage,true,-0.012332413345575333
1765400105804811008,T7,AIN2,Voltage,true,-0.01138623058795929
1765400105804817920,T7,AIN2,Voltage,true,-0.01170162484049797
1765400105804826112,T7,AIN2,Voltage,true,-0.01138623058795929
1765400105804833024,T7,AIN2,Voltage,true,-0.01170162484049797
1765400105804840960,T7,AIN2,Voltage,true,-0.012332413345575333
1765400105804858880,T7,AIN2,Voltage,true,-0.012017019093036652
1765400105804868096,T7,AIN2,Voltage,true,-0.012332413345575333
1765400105804875008,T7,AIN2,Voltage,true,-0.012332413345575333
1765400105804882944,T7,AIN2,Voltage,true,-0.012017019093036652
1765400105804890112,T7,AIN2,Voltage,true,-0.012332413345575333
1765400105804898048,T7,AIN2,Voltage,true,-0.012017019093036652
1765400105804904960,T7,AIN2,Voltage,true,-0.01170162484049797
1765400105804912896,T7,AIN2,Voltage,true,-0.01170162484049797
1765400105804921088,T7,AIN2,Voltage,true,-0.012332413345575333
1765400105804928000,T7,AIN2,Voltage,true,-0.01170162484049797
1765400105804934912,T7,AIN2,Voltage,true,-0.012017019093036652
1765400105804943104,T7,AIN2,Voltage,true,-0.012332413345575333
1765400105804950016,T7,AIN2,Voltage,true,-0.012017019093036652
1765400105804956928,T7,AIN2,Voltage,true,-0.01170162484049797
1765400105804965120,T7,AIN2,Voltage,true,-0.012332413345575333
1765400105804972032,T7,AIN2,Voltage,true,-0.012332413345575333
1765400105804979968,T7,AIN2,Voltage,true,-0.01170162484049797
1765400105804986880,T7,AIN2,Voltage,true,-0.01170162484049797
1765400105804995072,T7,AIN2,Voltage,true,-0.012332413345575333
1765400105805001984,T7,AIN2,Voltage,true,-0.012017019093036652
1765400105805009920,T7,AIN2,Voltage,true,-0.012647808529436588
1765400105805017088,T7,AIN2,Voltage,true,-0.012332413345575333
1765400105805025024,T7,AIN2,Voltage,true,-0.012647808529436588
1765400105805031936,T7,AIN2,Voltage,true,-0.012647808529436588
1765400105805039104,T7,AIN2,Voltage,true,-0.01138623058795929
1765400105805047040,T7,AIN2,Voltage,true,-0.01170162484049797
1765400105805053952,T7,AIN2,Voltage,true,-0.012332413345575333
1765400105805061888,T7,AIN2,Voltage,true,-0.01170162484049797
1765400105805069056,T7,AIN2,Voltage,true,-0.01138623058795929
1765400105805076992,T7,AIN2,Voltage,true,-0.01170162484049797
1765400105805083904,T7,AIN2,Voltage,true,-0.012017019093036652
1765400105805091072,T7,AIN2,Voltage,true,-0.012017019093036652
1765400105805099008,T7,AIN2,Voltage,true,-0.012017019093036652
1765400105805105920,T7,AIN2,Voltage,true,-0.012332413345575333
1765400105805114112,T7,AIN2,Voltage,true,-0.012017019093036652
1765400105805121024,T7,AIN2,Voltage,true,-0.012332413345575333
1765400105805127936,T7,AIN2,Voltage,true,-0.01170162484049797
1765400105805135872,T7,AIN2,Voltage,true,-0.012332413345575333
1765400105805143040,T7,AIN2,Voltage,true,-0.012332413345575333
1765400105805150976,T7,AIN2,Voltage,true,-0.012017019093036652
1765400105805157888,T7,AIN2,Voltage,true,-0.012017019093036652
1765400105805165056,T7,AIN2,Voltage,true,-0.012332413345575333
1765400105805172992,T7,AIN2,Voltage,true,-0.01170162484049797
1765400105805179904,T7,AIN2,Voltage,true,-0.01138623058795929
1765400105805188096,T7,AIN2,Voltage,true,-0.012017019093036652
1765400105805195008,T7,AIN2,Voltage,true,-0.012017019093036652
1765400105805202944,T7,AIN2,Voltage,true,-0.012017019093036652
1765400105805210112,T7,AIN2,Voltage,true,-0.012017019093036652
1765400105805217024,T7,AIN2,Voltage,true,-0.012017019093036652
1765400105805223936,T7,AIN2,Voltage,true,-0.012332413345575333
1765400105805232128,T7,AIN2,Voltage,true,-0.012332413345575333
1765400105805239040,T7,AIN2,Voltage,true,-0.012017019093036652
1765400105805246976,T7,AIN2,Voltage,true,-0.012332413345575333
1765400105805253888,T7,AIN2,Voltage,true,-0.012332413345575333
1765400105805262080,T7,AIN2,Voltage,true,-0.012017019093036652
1765400105805268992,T7,AIN2,Voltage,true,-0.012017019093036652
1765400105805275904,T7,AIN2,Voltage,true,-0.012332413345575333
1765400105805284096,T7,AIN2,Voltage,true,-0.012017019093036652
1765400105805291008,T7,AIN2,Voltage,true,-0.012017019093036652
1765400105805298944,T7,AIN2,Voltage,true,-0.012017019093036652
1765400105805306112,T7,AIN2,Voltage,true,-0.012017019093036652
1765400105805314048,T7,AIN2,Voltage,true,-0.012332413345575333
1765400105805320960,T7,AIN2,Voltage,true,-0.012332413345575333
1765400105805327872,T7,AIN2,Voltage,true,-0.012017019093036652
1765400105805336064,T7,AIN2,Voltage,true,-0.012332413345575333
1765400105805344000,T7,AIN2,Voltage,true,-0.012017019093036652
1765400105805350912,T7,AIN2,Voltage,true,-0.012017019093036652
1765400105805359104,T7,AIN2,Voltage,true,-0.012017019093036652
1765400105805366016,T7,AIN2,Voltage,true,-0.012017019093036652
1765400105805372928,T7,AIN2,Voltage,true,-0.012017019093036652
1765400105805380096,T7,AIN2,Voltage,true,-0.012017019093036652
1765400105805388032,T7,AIN2,Voltage,true,-0.012332413345575333
1765400105805394944,T7,AIN2,Voltage,true,-0.012332413345575333
1765400105805402112,T7,AIN2,Voltage,true,-0.012332413345575333
1765400105805410048,T7,AIN2,Voltage,true,-0.012332413345575333
1765400105805416960,T7,AIN2,Voltage,true,-0.012017019093036652
1765400105805424896,T7,AIN2,Voltage,true,-0.01138623058795929
1765400105805432064,T7,AIN2,Voltage,true,-0.012647808529436588
1765400105805440000,T7,AIN2,Voltage,true,-0.012332413345575333
1765400105805447936,T7,AIN2,Voltage,true,-0.01170162484049797
1765400105805455104,T7,AIN2,Voltage,true,-0.012647808529436588
1765400105805463040,T7,AIN2,Voltage,true,-0.012647808529436588
1765400105805469952,T7,AIN2,Voltage,true,-0.012017019093036652
1765400105805477888,T7,AIN2,Voltage,true,-0.012332413345575333
1765400105805485056,T7,AIN2,Voltage,true,-0.012332413345575333
1765400105805492992,T7,AIN2,Voltage,true,-0.012332413345575333
1765400105805499904,T7,AIN2,Voltage,true,-0.01170162484049797
1765400105805508096,T7,AIN2,Voltage,true,-0.012647808529436588
1765400105805515008,T7,AIN2,Voltage,true,-0.012332413345575333
1765400105805522944,T7,AIN2,Voltage,true,-0.012017019093036652
1765400105805530112,T7,AIN2,Voltage,true,-0.012647808529436588
1765400105805538048,T7,AIN2,Voltage,true,-0.012332413345575333
1765400105805545984,T7,AIN2,Voltage,true,-0.012017019093036652
1765400105805553920,T7,AIN2,Voltage,true,-0.012332413345575333
1765400105805561088,T7,AIN2,Voltage,true,-0.01170162484049797
1765400105805569024,T7,AIN2,Voltage,true,-0.012017019093036652
1765400105805575936,T7,AIN2,Voltage,true,-0.01170162484049797
1765400105805583104,T7,AIN2,Voltage,true,-0.012332413345575333
1765400105805591040,T7,AIN2,Voltage,true,-0.012647808529436588
1765400105805597952,T7,AIN2,Voltage,true,-0.012017019093036652
1765400105805605888,T7,AIN2,Voltage,true,-0.012647808529436588
1765400105805613056,T7,AIN2,Voltage,true,-0.012332413345575333
1765400105805619968,T7,AIN2,Voltage,true,-0.012017019093036652
1765400105805627904,T7,AIN2,Voltage,true,-0.012017019093036652
1765400105805635072,T7,AIN2,Voltage,true,-0.012332413345575333
1765400105805641984,T7,AIN2,Voltage,true,-0.012017019093036652
1765400105805649920,T7,AIN2,Voltage,true,-0.012017019093036652
1765400105805657088,T7,AIN2,Voltage,true,-0.012017019093036652
1765400105805665024,T7,AIN2,Voltage,true,-0.012332413345575333
1765400105805671936,T7,AIN2,Voltage,true,-0.012647808529436588
1765400105805680128,T7,AIN2,Voltage,true,-0.012017019093036652
1765400105805687040,T7,AIN2,Voltage,true,-0.012332413345575333
1765400105805694976,T7,AIN2,Voltage,true,-0.01138623058795929
1765400105805701888,T7,AIN2,Voltage,true,-0.012017019093036652
1765400105805709056,T7,AIN2,Voltage,true,-0.012017019093036652
1765400105805716992,T7,AIN2,Voltage,true,-0.012017019093036652
1765400105805723904,T7,AIN2,Voltage,true,-0.012332413345575333
1765400105805731072,T7,AIN2,Voltage,true,-0.012332413345575333
1765400105805739008,T7,AIN2,Voltage,true,-0.012647808529436588
1765400105805745920,T7,AIN2,Voltage,true,-0.01170162484049797
1765400105805754112,T7,AIN2,Voltage,true,-0.012332413345575333
1765400105805761024,T7,AIN2,Voltage,true,-0.012332413345575333
1765400105805767936,T7,AIN2,Voltage,true,-0.01170162484049797
1765400105805775872,T7,AIN2,Voltage,true,-0.012647808529436588
1765400105805784064,T7,AIN2,Voltage,true,-0.01170162484049797
1765400105805790976,T7,AIN2,Voltage,true,-0.012332413345575333
1765400105805798912,T7,AIN2,Voltage,true,-0.01170162484049797
1765400105805806080,T7,AIN2,Voltage,true,-0.01138623058795929
1765400105805812992,T7,AIN2,Voltage,true,-0.01138623058795929
1765400105805829120,T7,AIN2,Voltage,true,-0.01138623058795929
1765400105805837056,T7,AIN2,Voltage,true,-0.012017019093036652
1765400105805843968,T7,AIN2,Voltage,true,-0.012332413345575333
1765400105805851904,T7,AIN2,Voltage,true,-0.012017019093036652
1765400105807898880,T7,AIN2,Voltage,true,-0.012332413345575333
1765400105807908096,T7,AIN2,Voltage,true,-0.012332413345575333
1765400105807915008,T7,AIN2,Voltage,true,-0.012647808529436588
1765400105807920896,T7,AIN2,Voltage,true,-0.012332413345575333
1765400105807928064,T7,AIN2,Voltage,true,-0.012647808529436588
1765400105807933952,T7,AIN2,Voltage,true,-0.012332413345575333
1765400105807941120,T7,AIN2,Voltage,true,-0.012332413345575333
1765400105807947008,T7,AIN2,Voltage,true,-0.012017019093036652
1765400105807953920,T7,AIN2,Voltage,true,-0.01170162484049797
1765400105808837120,T7,AIN2,Voltage,true,-0.01170162484049797
1765400105808857088,T7,AIN2,Voltage,true,-0.012017019093036652
1765400105808866048,T7,AIN2,Voltage,true,-0.01170162484049797
1765400105808873984,T7,AIN2,Voltage,true,-0.01170162484049797
1765400105808880128,T7,AIN2,Voltage,true,-0.012017019093036652
1765400105808887040,T7,AIN2,Voltage,true,-0.012017019093036652
1765400105808893952,T7,AIN2,Voltage,true,-0.012647808529436588
1765400105808901120,T7,AIN2,Voltage,true,-0.012332413345575333
1765400105808908032,T7,AIN2,Voltage,true,-0.012017019093036652
1765400105808914944,T7,AIN2,Voltage,true,-0.012017019093036652
1765400105808921088,T7,AIN2,Voltage,true,-0.012017019093036652
1765400105808928000,T7,AIN2,Voltage,true,-0.012332413345575333
1765400105808933888,T7,AIN2,Voltage,true,-0.012332413345575333
1765400105808941056,T7,AIN2,Voltage,true,-0.01170162484049797
1765400105808946944,T7,AIN2,Voltage,true,-0.012332413345575333
1765400105809216000,T7,AIN2,Voltage,true,-0.012332413345575333
1765400105809223936,T7,AIN2,Voltage,true,-0.012017019093036652
1765400105809231104,T7,AIN2,Voltage,true,-0.012017019093036652
1765400105809236992,T7,AIN2,Voltage,true,-0.012017019093036652
1765400105809243904,T7,AIN2,Voltage,true,-0.012332413345575333
1765400105809250048,T7,AIN2,Voltage,true,-0.012017019093036652
1765400105809256960,T7,AIN2,Voltage,true,-0.01170162484049797
1765400105809264128,T7,AIN2,Voltage,true,-0.01170162484049797
1765400105809270016,T7,AIN2,Voltage,true,-0.012332413345575333
1765400105809276928,T7,AIN2,Voltage,true,-0.012332413345575333
1765400105809284096,T7,AIN2,Voltage,true,-0.012332413345575333
1765400105809289984,T7,AIN2,Voltage,true,-0.012017019093036652
1765400105809296896,T7,AIN2,Voltage,true,-0.01170162484049797
1765400105809303040,T7,AIN2,Voltage,true,-0.012332413345575333
1765400105809309952,T7,AIN2,Voltage,true,-0.01296320278197527
1765400105809316096,T7,AIN2,Voltage,true,-0.012647808529436588
1765400105809323008,T7,AIN2,Voltage,true,-0.012017019093036652
1765400105809328896,T7,AIN2,Voltage,true,-0.01170162484049797
1765400105809336064,T7,AIN2,Voltage,true,-0.012332413345575333
1765400105809344000,T7,AIN2,Voltage,true,-0.012017019093036652
1765400105809349888,T7,AIN2,Voltage,true,-0.012647808529436588
1765400105809357056,T7,AIN2,Voltage,true,-0.012647808529436588
1765400105809362944,T7,AIN2,Voltage,true,-0.01170162484049797
1765400105809370112,T7,AIN2,Voltage,true,-0.012332413345575333
1765400105809376000,T7,AIN2,Voltage,true,-0.012017019093036652
1765400105809382912,T7,AIN2,Voltage,true,-0.012647808529436588
1765400105809389056,T7,AIN2,Voltage,true,-0.012017019093036652
1765400105809396992,T7,AIN2,Voltage,true,-0.012647808529436588
1765400105809403904,T7,AIN2,Voltage,true,-0.012017019093036652
1765400105809410048,T7,AIN2,Voltage,true,-0.01170162484049797
1765400105809416960,T7,AIN2,Voltage,true,-0.01170162484049797
1765400105809423104,T7,AIN2,Voltage,true,-0.012647808529436588
1765400105809430016,T7,AIN2,Voltage,true,-0.012647808529436588
1765400105809435904,T7,AIN2,Voltage,true,-0.012017019093036652
1765400105809443072,T7,AIN2,Voltage,true,-0.01170162484049797
1765400105809448960,T7,AIN2,Voltage,true,-0.012017019093036652
1765400105809455104,T7,AIN2,Voltage,true,-0.012017019093036652
1765400105809462016,T7,AIN2,Voltage,true,-0.01170162484049797
1765400105809468928,T7,AIN2,Voltage,true,-0.01170162484049797
1765400105809475072,T7,AIN2,Voltage,true,-0.012017019093036652
1765400105809480960,T7,AIN2,Voltage,true,-0.012017019093036652
1765400105809487872,T7,AIN2,Voltage,true,-0.01138623058795929
1765400105809496064,T7,AIN2,Voltage,true,-0.012017019093036652
1765400105809501952,T7,AIN2,Voltage,true,-0.012017019093036652
1765400105809509120,T7,AIN2,Voltage,true,-0.012647808529436588
1765400105809515008,T7,AIN2,Voltage,true,-0.012332413345575333
1765400105809521920,T7,AIN2,Voltage,true,-0.012017019093036652
1765400105809528064,T7,AIN2,Voltage,true,-0.012017019093036652
1765400105809533952,T7,AIN2,Voltage,true,-0.012017019093036652
1765400105809541120,T7,AIN2,Voltage,true,-0.012647808529436588
1765400105809548032,T7,AIN2,Voltage,true,-0.012017019093036652
1765400105809553920,T7,AIN2,Voltage,true,-0.012017019093036652
1765400105809561088,T7,AIN2,Voltage,true,-0.012017019093036652
1765400105809566976,T7,AIN2,Voltage,true,-0.012017019093036652
1765400105809574912,T7,AIN2,Voltage,true,-0.012332413345575333
1765400105809581056,T7,AIN2,Voltage,true,-0.01138623058795929
1765400105809587968,T7,AIN2,Voltage,true,-0.012017019093036652
1765400105809594112,T7,AIN2,Voltage,true,-0.012647808529436588
1765400105809601024,T7,AIN2,Voltage,true,-0.012332413345575333
1765400105809606912,T7,AIN2,Voltage,true,-0.012332413345575333
1765400105809614080,T7,AIN2,Voltage,true,-0.012017019093036652
1765400105809619968,T7,AIN2,Voltage,true,-0.012647808529436588
1765400105809626880,T7,AIN2,Voltage,true,-0.012017019093036652
1765400105809633024,T7,AIN2,Voltage,true,-0.012017019093036652
1765400105809638912,T7,AIN2,Voltage,true,-0.012332413345575333
1765400105809647104,T7,AIN2,Voltage,true,-0.01170162484049797
1765400105809654016,T7,AIN2,Voltage,true,-0.012332413345575333
1765400105809659904,T7,AIN2,Voltage,true,-0.012332413345575333
1765400105809666048,T7,AIN2,Voltage,true,-0.012017019093036652
1765400105809672960,T7,AIN2,Voltage,true,-0.012647808529436588
1765400105809679104,T7,AIN2,Voltage,true,-0.01138623058795929
1765400105809686016,T7,AIN2,Voltage,true,-0.01138623058795929
1765400105809691904,T7,AIN2,Voltage,true,-0.01138623058795929
1765400105809699072,T7,AIN2,Voltage,true,-0.012017019093036652
1765400105809704960,T7,AIN2,Voltage,true,-0.012332413345575333
1765400105809712128,T7,AIN2,Voltage,true,-0.012332413345575333
1765400105809718016,T7,AIN2,Voltage,true,-0.012332413345575333
1765400105809725952,T7,AIN2,Voltage,true,-0.012017019093036652
1765400105809733120,T7,AIN2,Voltage,true,-0.012647808529436588
1765400105809739008,T7,AIN2,Voltage,true,-0.012332413345575333
1765400105809744896,T7,AIN2,Voltage,true,-0.012647808529436588
1765400105809752064,T7,AIN2,Voltage,true,-0.012647808529436588
1765400105809758976,T7,AIN2,Voltage,true,-0.012647808529436588
1765400105809765120,T7,AIN2,Voltage,true,-0.01170162484049797
1765400105809773056,T7,AIN2,Voltage,true,-0.012017019093036652
1765400105809778944,T7,AIN2,Voltage,true,-0.012332413345575333
1765400105809786112,T7,AIN2,Voltage,true,-0.012332413345575333
1765400105809792000,T7,AIN2,Voltage,true,-0.012017019093036652
1765400105809797888,T7,AIN2,Voltage,true,-0.012332413345575333
1765400105809805056,T7,AIN2,Voltage,true,-0.01138623058795929
1765400105809811968,T7,AIN2,Voltage,true,-0.012017019093036652
1765400105809818880,T7,AIN2,Voltage,true,-0.012017019093036652
1765400105809825024,T7,AIN2,Voltage,true,-0.01170162484049797
1765400105809831936,T7,AIN2,Voltage,true,-0.012332413345575333
1765400105809839104,T7,AIN2,Voltage,true,-0.012017019093036652
1765400105809844992,T7,AIN2,Voltage,true,-0.01138623058795929
1765400105809852928,T7,AIN2,Voltage,true,-0.012017019093036652
1765400105809859072,T7,AIN2,Voltage,true,-0.012332413345575333
1765400105809865984,T7,AIN2,Voltage,true,-0.012647808529436588
1765400105809871872,T7,AIN2,Voltage,true,-0.012017019093036652
1765400105809879040,T7,AIN2,Voltage,true,-0.01170162484049797
1765400105809900032,T7,AIN2,Voltage,true,-0.01170162484049797
1765400105809906944,T7,AIN2,Voltage,true,-0.011070836335420609
1765400105809914112,T7,AIN2,Voltage,true,-0.01170162484049797
1765400105809922048,T7,AIN2,Voltage,true,-0.012017019093036652
1765400105809927936,T7,AIN2,Voltage,true,-0.01138623058795929
1765400105809935104,T7,AIN2,Voltage,true,-0.01138623058795929
1765400105809940992,T7,AIN2,Voltage,true,-0.012017019093036652
1765400105809947904,T7,AIN2,Voltage,true,-0.012647808529436588
1765400105809954048,T7,AIN2,Voltage,true,-0.012017019093036652
1765400105809961984,T7,AIN2,Voltage,true,-0.01170162484049797
1765400105809968128,T7,AIN2,Voltage,true,-0.012332413345575333
1765400105809975040,T7,AIN2,Voltage,true,-0.01296320278197527
1765400105809980928,T7,AIN2,Voltage,true,-0.012017019093036652
1765400105809987072,T7,AIN2,Voltage,true,-0.012332413345575333
1765400105809993984,T7,AIN2,Voltage,true,-0.012332413345575333
1765400105809999872,T7,AIN2,Voltage,true,-0.012332413345575333
1765400105810007040,T7,AIN2,Voltage,true,-0.01170162484049797
1765400105810013952,T7,AIN2,Voltage,true,-0.01138623058795929
1765400105810021120,T7,AIN2,Voltage,true,-0.01170162484049797
1765400105810027008,T7,AIN2,Voltage,true,-0.012332413345575333
1765400105810033920,T7,AIN2,Voltage,true,-0.012332413345575333
1765400105810040064,T7,AIN2,Voltage,true,-0.012332413345575333
1765400105810046976,T7,AIN2,Voltage,true,-0.012332413345575333
1765400105810053120,T7,AIN2,Voltage,true,-0.012332413345575333
1765400105810060032,T7,AIN2,Voltage,true,-0.012017019093036652
1765400105810066944,T7,AIN2,Voltage,true,-0.01170162484049797
1765400105810073088,T7,AIN2,Voltage,true,-0.012332413345575333
1765400105810080000,T7,AIN2,Voltage,true,-0.012332413345575333
1765400105810086912,T7,AIN2,Voltage,true,-0.01170162484049797
1765400105810093056,T7,AIN2,Voltage,true,-0.012017019093036652
1765400105810099968,T7,AIN2,Voltage,true,-0.012332413345575333
1765400105810106880,T7,AIN2,Voltage,true,-0.012017019093036652
1765400105810113024,T7,AIN2,Voltage,true,-0.01170162484049797
1765400105810119936,T7,AIN2,Voltage,true,-0.012017019093036652
1765400105810126080,T7,AIN2,Voltage,true,-0.012017019093036652
1765400105810132992,T7,AIN2,Voltage,true,-0.012017019093036652
1765400105810139904,T7,AIN2,Voltage,true,-0.012017019093036652
1765400105810147072,T7,AIN2,Voltage,true,-0.01170162484049797
1765400105810152960,T7,AIN2,Voltage,true,-0.012017019093036652
1765400105810160128,T7,AIN2,Voltage,true,-0.012647808529436588
1765400105810167040,T7,AIN2,Voltage,true,-0.012647808529436588
1765400105810172928,T7,AIN2,Voltage,true,-0.012332413345575333
1765400105810180096,T7,AIN2,Voltage,true,-0.012332413345575333
1765400105810185984,T7,AIN2,Voltage,true,-0.012017019093036652
1765400105810191872,T7,AIN2,Voltage,true,-0.012332413345575333
1765400105810199040,T7,AIN2,Voltage,true,-0.012017019093036652
1765400105810204928,T7,AIN2,Voltage,true,-0.012017019093036652
1765400105810212096,T7,AIN2,Voltage,true,-0.012017019093036652
1765400105810219008,T7,AIN2,Voltage,true,-0.012332413345575333
1765400105810225920,T7,AIN2,Voltage,true,-0.012647808529436588
1765400105810233088,T7,AIN2,Voltage,true,-0.012017019093036652
1765400105810238976,T7,AIN2,Voltage,true,-0.012017019093036652
1765400105810245120,T7,AIN2,Voltage,true,-0.012017019093036652
1765400105810252032,T7,AIN2,Voltage,true,-0.012647808529436588
1765400105810258944,T7,AIN2,Voltage,true,-0.01170162484049797
1765400105810265088,T7,AIN2,Voltage,true,-0.01170162484049797
1765400105810272000,T7,AIN2,Voltage,true,-0.012017019093036652
1765400105810278912,T7,AIN2,Voltage,true,-0.012017019093036652
1765400105810285056,T7,AIN2,Voltage,true,-0.012332413345575333
1765400105810291968,T7,AIN2,Voltage,true,-0.012017019093036652
1765400105810298112,T7,AIN2,Voltage,true,-0.01170162484049797
1765400105810305024,T7,AIN2,Voltage,true,-0.012017019093036652
1765400105810310912,T7,AIN2,Voltage,true,-0.012017019093036652
1765400105810318080,T7,AIN2,Voltage,true,-0.01170162484049797
1765400105810324992,T7,AIN2,Voltage,true,-0.012647808529436588
1765400105810330880,T7,AIN2,Voltage,true,-0.012017019093036652
1765400105810338048,T7,AIN2,Voltage,true,-0.012332413345575333
1765400105810344960,T7,AIN2,Voltage,true,-0.012017019093036652
1765400105810352128,T7,AIN2,Voltage,true,-0.012017019093036652
1765400105810358016,T7,AIN2,Voltage,true,-0.01138623058795929
1765400105810364928,T7,AIN2,Voltage,true,-0.01138623058795929
1765400105810372096,T7,AIN2,Voltage,true,-0.01138623058795929
1765400105810377984,T7,AIN2,Voltage,true,-0.01138623058795929
1765400105810384896,T7,AIN2,Voltage,true,-0.012017019093036652
1765400105810391040,T7,AIN2,Voltage,true,-0.012647808529436588
1765400105810397952,T7,AIN2,Voltage,true,-0.01170162484049797
1765400105810405120,T7,AIN2,Voltage,true,-0.012332413345575333
1765400105810411008,T7,AIN2,Voltage,true,-0.01170162484049797
1765400105810417920,T7,AIN2,Voltage,true,-0.012017019093036652
1765400105810425088,T7,AIN2,Voltage,true,-0.012017019093036652
1765400105810430976,T7,AIN2,Voltage,true,-0.012332413345575333
1765400105810437888,T7,AIN2,Voltage,true,-0.01170162484049797
1765400105810445056,T7,AIN2,Voltage,true,-0.012017019093036652
1765400105810450944,T7,AIN2,Voltage,true,-0.012017019093036652
1765400105810458112,T7,AIN2,Voltage,true,-0.012017019093036652
1765400105810464000,T7,AIN2,Voltage,true,-0.01138623058795929
1765400105810470912,T7,AIN2,Voltage,true,-0.012332413345575333
1765400105810478080,T7,AIN2,Voltage,true,-0.01170162484049797
1765400105810483968,T7,AIN2,Voltage,true,-0.01170162484049797
1765400105810490880,T7,AIN2,Voltage,true,-0.01170162484049797
1765400105810498048,T7,AIN2,Voltage,true,-0.01170162484049797
1765400105810504960,T7,AIN2,Voltage,true,-0.012017019093036652
1765400105810511104,T7,AIN2,Voltage,true,-0.012332413345575333
1765400105810519040,T7,AIN2,Voltage,true,-0.01170162484049797
1765400105810524928,T7,AIN2,Voltage,true,-0.012332413345575333
1765400105810532096,T7,AIN2,Voltage,true,-0.012647808529436588
1765400105810537984,T7,AIN2,Voltage,true,-0.012017019093036652
1765400106804185088,T7,AIN2,Voltage,true,-0.01170162484049797
1765400106804260096,T7,AIN2,Voltage,true,-0.012017019093036652
1765400106804276992,T7,AIN2,Voltage,true,-0.012017019093036652
1765400106804289024,T7,AIN2,Voltage,true,-0.012332413345575333
1765400106804301056,T7,AIN2,Voltage,true,-0.01170162484049797
1765400106804312064,T7,AIN2,Voltage,true,-0.012017019093036652
1765400106804324096,T7,AIN2,Voltage,true,-0.01170162484049797
1765400106804334080,T7,AIN2,Voltage,true,-0.012017019093036652
1765400106804345088,T7,AIN2,Voltage,true,-0.01138623058795929
1765400106804357120,T7,AIN2,Voltage,true,-0.012017019093036652
1765400106804367104,T7,AIN2,Voltage,true,-0.012017019093036652
1765400106804378112,T7,AIN2,Voltage,true,-0.012017019093036652
1765400106804390912,T7,AIN2,Voltage,true,-0.012017019093036652
1765400106804402944,T7,AIN2,Voltage,true,-0.012017019093036652
1765400106804412928,T7,AIN2,Voltage,true,-0.012332413345575333
1765400106804423936,T7,AIN2,Voltage,true,-0.012332413345575333
1765400106804434944,T7,AIN2,Voltage,true,-0.012332413345575333
1765400106804445952,T7,AIN2,Voltage,true,-0.012017019093036652
1765400106804456960,T7,AIN2,Voltage,true,-0.012017019093036652
1765400106804467968,T7,AIN2,Voltage,true,-0.01170162484049797
1765400106804477952,T7,AIN2,Voltage,true,-0.012017019093036652
1765400106804488960,T7,AIN2,Voltage,true,-0.01170162484049797
1765400106804499968,T7,AIN2,Voltage,true,-0.012647808529436588
1765400106804510976,T7,AIN2,Voltage,true,-0.012647808529436588
1765400106804521984,T7,AIN2,Voltage,true,-0.012017019093036652
1765400106804532992,T7,AIN2,Voltage,true,-0.012332413345575333
1765400106804544000,T7,AIN2,Voltage,true,-0.012017019093036652
1765400106804555008,T7,AIN2,Voltage,true,-0.012017019093036652
1765400106804564992,T7,AIN2,Voltage,true,-0.012017019093036652
1765400106804577024,T7,AIN2,Voltage,true,-0.01170162484049797
1765400106804587008,T7,AIN2,Voltage,true,-0.01170162484049797
1765400106804598016,T7,AIN2,Voltage,true,-0.012647808529436588
1765400106804653056,T7,AIN2,Voltage,true,-0.012332413345575333
1765400106804669952,T7,AIN2,Voltage,true,-0.012332413345575333
1765400106804681984,T7,AIN2,Voltage,true,-0.012017019093036652
1765400106804692992,T7,AIN2,Voltage,true,-0.012017019093036652
1765400106804704000,T7,AIN2,Voltage,true,-0.01170162484049797
1765400106804715008,T7,AIN2,Voltage,true,-0.01138623058795929
1765400106804726016,T7,AIN2,Voltage,true,-0.012017019093036652
1765400106804737024,T7,AIN2,Voltage,true,-0.012332413345575333
1765400106804748032,T7,AIN2,Voltage,true,-0.012017019093036652
1765400106804758016,T7,AIN2,Voltage,true,-0.012332413345575333
1765400106804770048,T7,AIN2,Voltage,true,-0.012017019093036652
1765400106804780032,T7,AIN2,Voltage,true,-0.012017019093036652
1765400106804791040,T7,AIN2,Voltage,true,-0.012332413345575333
1765400106804802048,T7,AIN2,Voltage,true,-0.012647808529436588
1765400106804813056,T7,AIN2,Voltage,true,-0.012017019093036652
1765400106804824064,T7,AIN2,Voltage,true,-0.01138623058795929
1765400106804835072,T7,AIN2,Voltage,true,-0.012017019093036652
1765400106804846080,T7,AIN2,Voltage,true,-0.012647808529436588
1765400106804858112,T7,AIN2,Voltage,true,-0.012647808529436588
1765400106804869120,T7,AIN2,Voltage,true,-0.012332413345575333
1765400106804879872,T7,AIN2,Voltage,true,-0.012332413345575333
1765400106804890880,T7,AIN2,Voltage,true,-0.012017019093036652
1765400106804901120,T7,AIN2,Voltage,true,-0.012332413345575333
1765400106804912128,T7,AIN2,Voltage,true,-0.012017019093036652
1765400106804922880,T7,AIN2,Voltage,true,-0.01170162484049797
1765400106804934912,T7,AIN2,Voltage,true,-0.01170162484049797
1765400106804945920,T7,AIN2,Voltage,true,-0.012017019093036652
1765400106804956928,T7,AIN2,Voltage,true,-0.012332413345575333
1765400106804967936,T7,AIN2,Voltage,true,-0.01170162484049797
1765400106804978944,T7,AIN2,Voltage,true,-0.01170162484049797
1765400106804989952,T7,AIN2,Voltage,true,-0.012332413345575333
1765400106804999936,T7,AIN2,Voltage,true,-0.01170162484049797
1765400106805010944,T7,AIN2,Voltage,true,-0.012332413345575333
1765400106805022976,T7,AIN2,Voltage,true,-0.012017019093036652
1765400106805033984,T7,AIN2,Voltage,true,-0.01170162484049797
1765400106805044992,T7,AIN2,Voltage,true,-0.012017019093036652
1765400106805056000,T7,AIN2,Voltage,true,-0.012332413345575333
1765400106805067008,T7,AIN2,Voltage,true,-0.012017019093036652
1765400106805078016,T7,AIN2,Voltage,true,-0.012332413345575333
1765400106805089024,T7,AIN2,Voltage,true,-0.01170162484049797
1765400106805100032,T7,AIN2,Voltage,true,-0.01170162484049797
1765400106805112064,T7,AIN2,Voltage,true,-0.012017019093036652
1765400106805123072,T7,AIN2,Voltage,true,-0.011070836335420609
1765400106805134080,T7,AIN2,Voltage,true,-0.01170162484049797
1765400106805145088,T7,AIN2,Voltage,true,-0.012332413345575333
1765400106805155072,T7,AIN2,Voltage,true,-0.012017019093036652
1765400106805166080,T7,AIN2,Voltage,true,-0.012017019093036652
1765400106805177088,T7,AIN2,Voltage,true,-0.01170162484049797
1765400106805187072,T7,AIN2,Voltage,true,-0.012017019093036652
1765400106805199104,T7,AIN2,Voltage,true,-0.012017019093036652
1765400106805210112,T7,AIN2,Voltage,true,-0.01170162484049797
1765400106805221120,T7,AIN2,Voltage,true,-0.012017019093036652
1765400106805232128,T7,AIN2,Voltage,true,-0.012017019093036652
1765400106805249024,T7,AIN2,Voltage,true,-0.012017019093036652
1765400106805260032,T7,AIN2,Voltage,true,-0.012017019093036652
1765400106805271040,T7,AIN2,Voltage,true,-0.01170162484049797
1765400106805282048,T7,AIN2,Voltage,true,-0.012332413345575333
1765400106805293056,T7,AIN2,Voltage,true,-0.012017019093036652
1765400106805304064,T7,AIN2,Voltage,true,-0.012017019093036652
1765400106805315072,T7,AIN2,Voltage,true,-0.01170162484049797
1765400106805326080,T7,AIN2,Voltage,true,-0.01170162484049797
1765400106805337088,T7,AIN2,Voltage,true,-0.012017019093036652
1765400106805348096,T7,AIN2,Voltage,true,-0.012332413345575333
1765400106805359104,T7,AIN2,Voltage,true,-0.012332413345575333
1765400106805370112,T7,AIN2,Voltage,true,-0.012332413345575333
1765400106805381888,T7,AIN2,Voltage,true,-0.01170162484049797
1765400106805393920,T7,AIN2,Voltage,true,-0.012017019093036652
1765400106805404928,T7,AIN2,Voltage,true,-0.012332413345575333
1765400106805415936,T7,AIN2,Voltage,true,-0.012332413345575333
1765400106805426944,T7,AIN2,Voltage,true,-0.012332413345575333
1765400106805437952,T7,AIN2,Voltage,true,-0.012332413345575333
1765400106805447936,T7,AIN2,Voltage,true,-0.012332413345575333
1765400106805458944,T7,AIN2,Voltage,true,-0.012332413345575333
1765400106805469952,T7,AIN2,Voltage,true,-0.012017019093036652
1765400106805480960,T7,AIN2,Voltage,true,-0.01170162484049797
1765400106805491968,T7,AIN2,Voltage,true,-0.012017019093036652
1765400106805502976,T7,AIN2,Voltage,true,-0.01170162484049797
1765400106805515008,T7,AIN2,Voltage,true,-0.012647808529436588
1765400106805527040,T7,AIN2,Voltage,true,-0.012647808529436588
1765400106805537024,T7,AIN2,Voltage,true,-0.012332413345575333
1765400106805549056,T7,AIN2,Voltage,true,-0.012332413345575333
1765400106805560064,T7,AIN2,Voltage,true,-0.012332413345575333
1765400106805571072,T7,AIN2,Voltage,true,-0.012017019093036652
1765400106805582080,T7,AIN2,Voltage,true,-0.01170162484049797
1765400106805593088,T7,AIN2,Voltage,true,-0.012647808529436588
1765400106805604096,T7,AIN2,Voltage,true,-0.012332413345575333
1765400106805615104,T7,AIN2,Voltage,true,-0.012017019093036652
1765400106805626112,T7,AIN2,Voltage,true,-0.012017019093036652
1765400106805637120,T7,AIN2,Voltage,true,-0.012017019093036652
1765400106805647872,T7,AIN2,Voltage,true,-0.012017019093036652
1765400106805658880,T7,AIN2,Voltage,true,-0.012647808529436588
1765400106805669888,T7,AIN2,Voltage,true,-0.012332413345575333
1765400106805680896,T7,AIN2,Voltage,true,-0.012017019093036652
1765400106805691904,T7,AIN2,Voltage,true,-0.012017019093036652
1765400106805702912,T7,AIN2,Voltage,true,-0.012647808529436588
1765400106805713920,T7,AIN2,Voltage,true,-0.012017019093036652
1765400106805724928,T7,AIN2,Voltage,true,-0.012647808529436588
1765400106805735936,T7,AIN2,Voltage,true,-0.012332413345575333
1765400106805746944,T7,AIN2,Voltage,true,-0.012332413345575333
1765400106805757952,T7,AIN2,Voltage,true,-0.012017019093036652
1765400106805768960,T7,AIN2,Voltage,true,-0.01170162484049797
1765400106805778944,T7,AIN2,Voltage,true,-0.012647808529436588
1765400106805790976,T7,AIN2,Voltage,true,-0.012017019093036652
1765400106805801984,T7,AIN2,Voltage,true,-0.012647808529436588
1765400106805812992,T7,AIN2,Voltage,true,-0.012017019093036652
1765400106805824000,T7,AIN2,Voltage,true,-0.01138623058795929
1765400106805835008,T7,AIN2,Voltage,true,-0.012017019093036652
1765400106805846016,T7,AIN2,Voltage,true,-0.012017019093036652
1765400106805857024,T7,AIN2,Voltage,true,-0.012017019093036652
1765400106805868032,T7,AIN2,Voltage,true,-0.012332413345575333
1765400106805879040,T7,AIN2,Voltage,true,-0.012332413345575333
1765400106805890048,T7,AIN2,Voltage,true,-0.012332413345575333
1765400106805901056,T7,AIN2,Voltage,true,-0.012332413345575333
1765400106805912064,T7,AIN2,Voltage,true,-0.012332413345575333
1765400106805923072,T7,AIN2,Voltage,true,-0.012017019093036652
1765400106805933056,T7,AIN2,Voltage,true,-0.012017019093036652
1765400106805945088,T7,AIN2,Voltage,true,-0.012332413345575333
1765400106805955072,T7,AIN2,Voltage,true,-0.012332413345575333
1765400106805966080,T7,AIN2,Voltage,true,-0.012332413345575333
1765400106805977088,T7,AIN2,Voltage,true,-0.01170162484049797
1765400106805989120,T7,AIN2,Voltage,true,-0.012017019093036652
1765400106805999104,T7,AIN2,Voltage,true,-0.01170162484049797
1765400106806010880,T7,AIN2,Voltage,true,-0.012647808529436588
1765400106806021120,T7,AIN2,Voltage,true,-0.01170162484049797
1765400106806032896,T7,AIN2,Voltage,true,-0.01170162484049797
1765400106806042880,T7,AIN2,Voltage,true,-0.012017019093036652
1765400106806053888,T7,AIN2,Voltage,true,-0.01170162484049797
1765400106806064128,T7,AIN2,Voltage,true,-0.012017019093036652
1765400106806074880,T7,AIN2,Voltage,true,-0.012017019093036652
1765400106806107904,T7,AIN2,Voltage,true,-0.012017019093036652
1765400106806121984,T7,AIN2,Voltage,true,-0.012332413345575333
1765400106806132992,T7,AIN2,Voltage,true,-0.01138623058795929
1765400106806144000,T7,AIN2,Voltage,true,-0.01170162484049797
1765400106806155008,T7,AIN2,Voltage,true,-0.012332413345575333
1765400106806166016,T7,AIN2,Voltage,true,-0.012017019093036652
1765400106806177024,T7,AIN2,Voltage,true,-0.012332413345575333
1765400106806188032,T7,AIN2,Voltage,true,-0.01170162484049797
1765400106806199040,T7,AIN2,Voltage,true,-0.01170162484049797
1765400106806209024,T7,AIN2,Voltage,true,-0.012017019093036652
1765400106806220032,T7,AIN2,Voltage,true,-0.01170162484049797
1765400106806231040,T7,AIN2,Voltage,true,-0.010755442082881927
1765400106806242048,T7,AIN2,Voltage,true,-0.01138623058795929
1765400106806253056,T7,AIN2,Voltage,true,-0.01138623058795929
1765400106806265088,T7,AIN2,Voltage,true,-0.012017019093036652
1765400106806275072,T7,AIN2,Voltage,true,-0.012332413345575333
1765400106806286080,T7,AIN2,Voltage,true,-0.012017019093036652
1765400106806297088,T7,AIN2,Voltage,true,-0.01170162484049797
1765400106806308096,T7,AIN2,Voltage,true,-0.012332413345575333
1765400106806319104,T7,AIN2,Voltage,true,-0.012332413345575333
1765400106806330112,T7,AIN2,Voltage,true,-0.012017019093036652
1765400106806341120,T7,AIN2,Voltage,true,-0.012647808529436588
1765400106806351872,T7,AIN2,Voltage,true,-0.012332413345575333
1765400106806362880,T7,AIN2,Voltage,true,-0.012332413345575333
1765400106806374912,T7,AIN2,Voltage,true,-0.012017019093036652
1765400106806385920,T7,AIN2,Voltage,true,-0.012017019093036652
1765400106806397952,T7,AIN2,Voltage,true,-0.012017019093036652
1765400106806407936,T7,AIN2,Voltage,true,-0.012017019093036652
1765400106806418944,T7,AIN2,Voltage,true,-0.012647808529436588
1765400106806430976,T7,AIN2,Voltage,true,-0.012017019093036652
1765400106806440960,T7,AIN2,Voltage,true,-0.01138623058795929
1765400106806451968,T7,AIN2,Voltage,true,-0.012017019093036652
1765400106806461952,T7,AIN2,Voltage,true,-0.012017019093036652
1765400106806472960,T7,AIN2,Voltage,true,-0.012332413345575333
1765400106806483968,T7,AIN2,Voltage,true,-0.012332413345575333
1765400106806494976,T7,AIN2,Voltage,true,-0.012647808529436588
1765400106806505984,T7,AIN2,Voltage,true,-0.01138623058795929
1765400106806516992,T7,AIN2,Voltage,true,-0.01170162484049797
1765400106806528000,T7,AIN2,Voltage,true,-0.012647808529436588
1765400106806539008,T7,AIN2,Voltage,true,-0.012017019093036652
1765400106806550016,T7,AIN2,Voltage,true,-0.012017019093036652
1765400106806560000,T7,AIN2,Voltage,true,-0.01170162484049797
1765400106806571008,T7,AIN2,Voltage,true,-0.012017019093036652
1765400106806582016,T7,AIN2,Voltage,true,-0.012017019093036652
1765400106806593024,T7,AIN2,Voltage,true,-0.012017019093036652
1765400106806603008,T7,AIN2,Voltage,true,-0.01170162484049797
1765400106806614016,T7,AIN2,Voltage,true,-0.01138623058795929
1765400106806625024,T7,AIN2,Voltage,true,-0.01170162484049797
1765400106806636032,T7,AIN2,Voltage,true,-0.012017019093036652
1765400106806646016,T7,AIN2,Voltage,true,-0.01170162484049797
1765400106806657024,T7,AIN2,Voltage,true,-0.012017019093036652
1765400106806667008,T7,AIN2,Voltage,true,-0.012647808529436588
1765400106806678016,T7,AIN2,Voltage,true,-0.012332413345575333
1765400106806689024,T7,AIN2,Voltage,true,-0.012332413345575333
1765400106806700032,T7,AIN2,Voltage,true,-0.012017019093036652
1765400106806711040,T7,AIN2,Voltage,true,-0.012017019093036652
1765400106806722048,T7,AIN2,Voltage,true,-0.012017019093036652
1765400106806733056,T7,AIN2,Voltage,true,-0.012017019093036652
1765400106806743040,T7,AIN2,Voltage,true,-0.01170162484049797
1765400106806755072,T7,AIN2,Voltage,true,-0.012017019093036652
1765400106806765056,T7,AIN2,Voltage,true,-0.01170162484049797
1765400106806776064,T7,AIN2,Voltage,true,-0.012017019093036652
1765400106806787072,T7,AIN2,Voltage,true,-0.012017019093036652
1765400106806798080,T7,AIN2,Voltage,true,-0.012017019093036652
1765400106806809088,T7,AIN2,Voltage,true,-0.012017019093036652
1765400106806820096,T7,AIN2,Voltage,true,-0.01170162484049797
1765400106806830080,T7,AIN2,Voltage,true,-0.01138623058795929
1765400106806842112,T7,AIN2,Voltage,true,-0.012017019093036652
1765400106806852096,T7,AIN2,Voltage,true,-0.012332413345575333
1765400106806863872,T7,AIN2,Voltage,true,-0.012332413345575333
1765400106806874880,T7,AIN2,Voltage,true,-0.012017019093036652
1765400106806885888,T7,AIN2,Voltage,true,-0.012017019093036652
1765400106806896128,T7,AIN2,Voltage,true,-0.012647808529436588
1765400106806907904,T7,AIN2,Voltage,true,-0.012332413345575333
1765400106806917888,T7,AIN2,Voltage,true,-0.012332413345575333
1765400106806929920,T7,AIN2,Voltage,true,-0.012017019093036652
1765400106806939904,T7,AIN2,Voltage,true,-0.012017019093036652
1765400106806951936,T7,AIN2,Voltage,true,-0.01170162484049797
1765400106806961920,T7,AIN2,Voltage,true,-0.012017019093036652
1765400106806972928,T7,AIN2,Voltage,true,-0.01170162484049797
1765400106806983936,T7,AIN2,Voltage,true,-0.01170162484049797
1765400106807000064,T7,AIN2,Voltage,true,-0.012332413345575333
1765400106807012096,T7,AIN2,Voltage,true,-0.01170162484049797
1765400106807022080,T7,AIN2,Voltage,true,-0.01170162484049797
1765400106807033088,T7,AIN2,Voltage,true,-0.01138623058795929
1765400106807044096,T7,AIN2,Voltage,true,-0.01170162484049797
1765400106807055872,T7,AIN2,Voltage,true,-0.012332413345575333
1765400106807066112,T7,AIN2,Voltage,true,-0.01170162484049797
1765400106807077120,T7,AIN2,Voltage,true,-0.012647808529436588
1765400106807088128,T7,AIN2,Voltage,true,-0.012017019093036652
1765400106807098880,T7,AIN2,Voltage,true,-0.012017019093036652
1765400106807109888,T7,AIN2,Voltage,true,-0.01138623058795929
1765400106807120896,T7,AIN2,Voltage,true,-0.012017019093036652
1765400106807131904,T7,AIN2,Voltage,true,-0.012017019093036652
1765400106807141888,T7,AIN2,Voltage,true,-0.012017019093036652
1765400106807152896,T7,AIN2,Voltage,true,-0.01170162484049797
1765400106807163904,T7,AIN2,Voltage,true,-0.012017019093036652
1765400106807175936,T7,AIN2,Voltage,true,-0.012017019093036652
1765400106807185920,T7,AIN2,Voltage,true,-0.01170162484049797
1765400106807197952,T7,AIN2,Voltage,true,-0.012017019093036652
1765400106807207936,T7,AIN2,Voltage,true,-0.01138623058795929
1765400106807219968,T7,AIN2,Voltage,true,-0.01170162484049797
1765400106807229952,T7,AIN2,Voltage,true,-0.01138623058795929
1765400106807240960,T7,AIN2,Voltage,true,-0.01170162484049797
1765400106807251968,T7,AIN2,Voltage,true,-0.012332413345575333
1765400106807262976,T7,AIN2,Voltage,true,-0.012332413345575333
1765400106807273984,T7,AIN2,Voltage,true,-0.012017019093036652
1765400106807283968,T7,AIN2,Voltage,true,-0.012332413345575333
1765400106807294976,T7,AIN2,Voltage,true,-0.012647808529436588
1765400106807307008,T7,AIN2,Voltage,true,-0.012017019093036652
1765400106807318016,T7,AIN2,Voltage,true,-0.012332413345575333
1765400106807328000,T7,AIN2,Voltage,true,-0.01138623058795929
1765400106807340032,T7,AIN2,Voltage,true,-0.01138623058795929
1765400106807350016,T7,AIN2,Voltage,true,-0.01170162484049797
1765400106807361024,T7,AIN2,Voltage,true,-0.01138623058795929
1765400106807372032,T7,AIN2,Voltage,true,-0.01170162484049797
1765400106807383040,T7,AIN2,Voltage,true,-0.012017019093036652
1765400106807394048,T7,AIN2,Voltage,true,-0.012017019093036652
1765400106807404032,T7,AIN2,Voltage,true,-0.012332413345575333
1765400106807415040,T7,AIN2,Voltage,true,-0.012332413345575333
1765400106807426048,T7,AIN2,Voltage,true,-0.012017019093036652
1765400106807437056,T7,AIN2,Voltage,true,-0.012017019093036652
1765400106807448064,T7,AIN2,Voltage,true,-0.012332413345575333
1765400106807458048,T7,AIN2,Voltage,true,-0.012017019093036652
1765400106807469056,T7,AIN2,Voltage,true,-0.012332413345575333
1765400106807480064,T7,AIN2,Voltage,true,-0.01170162484049797
1765400106807490048,T7,AIN2,Voltage,true,-0.012017019093036652
1765400106807502080,T7,AIN2,Voltage,true,-0.01170162484049797
1765400106807512064,T7,AIN2,Voltage,true,-0.012017019093036652
1765400106807564032,T7,AIN2,Voltage,true,-0.01138623058795929
1765400106807580928,T7,AIN2,Voltage,true,-0.01170162484049797
1765400106807591936,T7,AIN2,Voltage,true,-0.012017019093036652
1765400106807602944,T7,AIN2,Voltage,true,-0.012017019093036652
1765400106807612928,T7,AIN2,Voltage,true,-0.012017019093036652
1765400106807624960,T7,AIN2,Voltage,true,-0.01170162484049797
1765400106807634944,T7,AIN2,Voltage,true,-0.012017019093036652
1765400106807645952,T7,AIN2,Voltage,true,-0.012017019093036652
1765400106807656960,T7,AIN2,Voltage,true,-0.012017019093036652
1765400106807667968,T7,AIN2,Voltage,true,-0.012017019093036652
1765400106807678976,T7,AIN2,Voltage,true,-0.012647808529436588
1765400106807689984,T7,AIN2,Voltage,true,-0.012647808529436588
1765400106807700992,T7,AIN2,Voltage,true,-0.012647808529436588
1765400106807712000,T7,AIN2,Voltage,true,-0.012017019093036652
1765400106807723008,T7,AIN2,Voltage,true,-0.012017019093036652
1765400106807732992,T7,AIN2,Voltage,true,-0.012017019093036652
1765400106807744000,T7,AIN2,Voltage,true,-0.012017019093036652
1765400106807755008,T7,AIN2,Voltage,true,-0.01138623058795929
1765400106807766016,T7,AIN2,Voltage,true,-0.012017019093036652
1765400106807777024,T7,AIN2,Voltage,true,-0.01170162484049797
1765400106807787008,T7,AIN2,Voltage,true,-0.012332413345575333
1765400106807799040,T7,AIN2,Voltage,true,-0.012017019093036652
1765400106807809024,T7,AIN2,Voltage,true,-0.01138623058795929
1765400106807820032,T7,AIN2,Voltage,true,-0.01170162484049797
1765400106807831040,T7,AIN2,Voltage,true,-0.01138623058795929
1765400106807842048,T7,AIN2,Voltage,true,-0.012017019093036652
1765400106807853056,T7,AIN2,Voltage,true,-0.012332413345575333
1765400106807863040,T7,AIN2,Voltage,true,-0.012017019093036652
1765400106807874048,T7,AIN2,Voltage,true,-0.01170162484049797
1765400106807885056,T7,AIN2,Voltage,true,-0.012017019093036652
1765400106807896064,T7,AIN2,Voltage,true,-0.01170162484049797
1765400106807907072,T7,AIN2,Voltage,true,-0.01170162484049797
1765400106807918080,T7,AIN2,Voltage,true,-0.012647808529436588
1765400106807929088,T7,AIN2,Voltage,true,-0.012332413345575333
1765400106807940096,T7,AIN2,Voltage,true,-0.01170162484049797
1765400106807951104,T7,AIN2,Voltage,true,-0.012017019093036652
1765400106807962112,T7,AIN2,Voltage,true,-0.012332413345575333
1765400106807973120,T7,AIN2,Voltage,true,-0.012017019093036652
1765400106807984128,T7,AIN2,Voltage,true,-0.012017019093036652
1765400106807994880,T7,AIN2,Voltage,true,-0.012332413345575333
1765400106808005888,T7,AIN2,Voltage,true,-0.012017019093036652
1765400106808016896,T7,AIN2,Voltage,true,-0.012332413345575333
1765400106808027904,T7,AIN2,Voltage,true,-0.012017019093036652
1765400106808038912,T7,AIN2,Voltage,true,-0.012017019093036652
1765400106808047104,T7,AIN2,Voltage,true,-0.012647808529436588
1765400106808056064,T7,AIN2,Voltage,true,-0.01170162484049797
1765400106808066048,T7,AIN2,Voltage,true,-0.012017019093036652
1765400106808073984,T7,AIN2,Voltage,true,-0.012017019093036652
1765400106808082944,T7,AIN2,Voltage,true,-0.01170162484049797
1765400106808091904,T7,AIN2,Voltage,true,-0.012332413345575333
1765400106808101120,T7,AIN2,Voltage,true,-0.012017019093036652
1765400106808110080,T7,AIN2,Voltage,true,-0.012017019093036652
1765400106808119040,T7,AIN2,Voltage,true,-0.01170162484049797
1765400106808128000,T7,AIN2,Voltage,true,-0.012017019093036652
1765400106808136960,T7,AIN2,Voltage,true,-0.012017019093036652
1765400106808145920,T7,AIN2,Voltage,true,-0.012017019093036652
1765400106808154880,T7,AIN2,Voltage,true,-0.012017019093036652
1765400106808163072,T7,AIN2,Voltage,true,-0.012332413345575333
1765400106808172032,T7,AIN2,Voltage,true,-0.012017019093036652
1765400106808180992,T7,AIN2,Voltage,true,-0.012017019093036652
1765400106808188928,T7,AIN2,Voltage,true,-0.01170162484049797
1765400106808198912,T7,AIN2,Voltage,true,-0.012017019093036652
1765400106808207104,T7,AIN2,Voltage,true,-0.012017019093036652
1765400106808216064,T7,AIN2,Voltage,true,-0.01170162484049797
1765400106808225024,T7,AIN2,Voltage,true,-0.01170162484049797
1765400106808233984,T7,AIN2,Voltage,true,-0.012332413345575333
1765400106808242944,T7,AIN2,Voltage,true,-0.012332413345575333
1765400106808251904,T7,AIN2,Voltage,true,-0.012017019093036652
1765400106808261120,T7,AIN2,Voltage,true,-0.012017019093036652
1765400106808270080,T7,AIN2,Voltage,true,-0.012647808529436588
1765400106808279040,T7,AIN2,Voltage,true,-0.012647808529436588
1765400106808288000,T7,AIN2,Voltage,true,-0.012017019093036652
1765400106808296960,T7,AIN2,Voltage,true,-0.012017019093036652
1765400106808305920,T7,AIN2,Voltage,true,-0.012017019093036652
1765400106808314112,T7,AIN2,Voltage,true,-0.012332413345575333
1765400106808323072,T7,AIN2,Voltage,true,-0.012017019093036652
1765400106808332032,T7,AIN2,Voltage,true,-0.012647808529436588
1765400106808342016,T7,AIN2,Voltage,true,-0.012647808529436588
1765400106808349952,T7,AIN2,Voltage,true,-0.012017019093036652
1765400106808358912,T7,AIN2,Voltage,true,-0.012017019093036652
1765400106808368128,T7,AIN2,Voltage,true,-0.012332413345575333
1765400106808377088,T7,AIN2,Voltage,true,-0.012017019093036652
1765400106808386048,T7,AIN2,Voltage,true,-0.01138623058795929
1765400106808395008,T7,AIN2,Voltage,true,-0.01170162484049797
1765400106808403968,T7,AIN2,Voltage,true,-0.01138623058795929
1765400106808412928,T7,AIN2,Voltage,true,-0.01138623058795929
1765400106808421888,T7,AIN2,Voltage,true,-0.012017019093036652
1765400106808431104,T7,AIN2,Voltage,true,-0.012332413345575333
1765400106808440064,T7,AIN2,Voltage,true,-0.012332413345575333
1765400106808449024,T7,AIN2,Voltage,true,-0.012332413345575333
1765400106808457984,T7,AIN2,Voltage,true,-0.012017019093036652
1765400106808466944,T7,AIN2,Voltage,true,-0.012332413345575333
1765400106808475904,T7,AIN2,Voltage,true,-0.012017019093036652
1765400106808485120,T7,AIN2,Voltage,true,-0.012017019093036652
1765400106808494080,T7,AIN2,Voltage,true,-0.012332413345575333
1765400106808503040,T7,AIN2,Voltage,true,-0.012017019093036652
1765400106808512000,T7,AIN2,Voltage,true,-0.012647808529436588
1765400106808520960,T7,AIN2,Voltage,true,-0.012332413345575333
1765400106808529920,T7,AIN2,Voltage,true,-0.012647808529436588
1765400106808538880,T7,AIN2,Voltage,true,-0.01170162484049797
1765400106808548096,T7,AIN2,Voltage,true,-0.01170162484049797
1765400106808558080,T7,AIN2,Voltage,true,-0.01170162484049797
1765400106808566016,T7,AIN2,Voltage,true,-0.012332413345575333
1765400106808576000,T7,AIN2,Voltage,true,-0.012017019093036652
1765400106808583936,T7,AIN2,Voltage,true,-0.012332413345575333
1765400106808593920,T7,AIN2,Voltage,true,-0.012017019093036652
1765400106808602112,T7,AIN2,Voltage,true,-0.012332413345575333
1765400106808611072,T7,AIN2,Voltage,true,-0.012017019093036652
1765400106808620032,T7,AIN2,Voltage,true,-0.012017019093036652
1765400106808628992,T7,AIN2,Voltage,true,-0.012332413345575333
1765400106808637952,T7,AIN2,Voltage,true,-0.012647808529436588
1765400106808646912,T7,AIN2,Voltage,true,-0.012332413345575333
1765400106808655872,T7,AIN2,Voltage,true,-0.01170162484049797
1765400106808664064,T7,AIN2,Voltage,true,-0.012017019093036652
1765400106808673024,T7,AIN2,Voltage,true,-0.01170162484049797
1765400106808681984,T7,AIN2,Voltage,true,-0.012017019093036652
1765400106808690944,T7,AIN2,Voltage,true,-0.012017019093036652
1765400106808699904,T7,AIN2,Voltage,true,-0.01138623058795929
1765400106808709120,T7,AIN2,Voltage,true,-0.01170162484049797
1765400106808718080,T7,AIN2,Voltage,true,-0.012332413345575333
1765400106808727040,T7,AIN2,Voltage,true,-0.01170162484049797
1765400106808736000,T7,AIN2,Voltage,true,-0.012647808529436588
1765400106808743936,T7,AIN2,Voltage,true,-0.012017019093036652
1765400106808752896,T7,AIN2,Voltage,true,-0.012647808529436588
1765400106808762112,T7,AIN2,Voltage,true,-0.01170162484049797
1765400106808772096,T7,AIN2,Voltage,true,-0.012647808529436588
1765400106808780032,T7,AIN2,Voltage,true,-0.012017019093036652
1765400106808788992,T7,AIN2,Voltage,true,-0.012332413345575333
1765400106808797952,T7,AIN2,Voltage,true,-0.012017019093036652
1765400106808818944,T7,AIN2,Voltage,true,-0.012017019093036652
1765400106808828928,T7,AIN2,Voltage,true,-0.01170162484049797
1765400106808837888,T7,AIN2,Voltage,true,-0.012017019093036652
1765400106808847104,T7,AIN2,Voltage,true,-0.012017019093036652
1765400106808855040,T7,AIN2,Voltage,true,-0.012017019093036652
1765400106808864000,T7,AIN2,Voltage,true,-0.01170162484049797
1765400106812509952,T7,AIN2,Voltage,true,-0.01170162484049797
1765400106812601088,T7,AIN2,Voltage,true,-0.01170162484049797
1765400106812635904,T7,AIN2,Voltage,true,-0.012647808529436588
1765400106812648960,T7,AIN2,Voltage,true,-0.012332413345575333
1765400106812659968,T7,AIN2,Voltage,true,-0.012017019093036652
1765400106812668928,T7,AIN2,Voltage,true,-0.012017019093036652
1765400106812677888,T7,AIN2,Voltage,true,-0.012017019093036652
1765400106812687104,T7,AIN2,Voltage,true,-0.012647808529436588
1765400106812696064,T7,AIN2,Voltage,true,-0.012332413345575333
1765400106813908992,T7,AIN2,Voltage,true,-0.012332413345575333
1765400106813936128,T7,AIN2,Voltage,true,-0.012017019093036652
1765400106813948928,T7,AIN2,Voltage,true,-0.012647808529436588
1765400106813958912,T7,AIN2,Voltage,true,-0.012017019093036652
1765400106813968896,T7,AIN2,Voltage,true,-0.012017019093036652
1765400106813977088,T7,AIN2,Voltage,true,-0.012017019093036652
1765400106813986048,T7,AIN2,Voltage,true,-0.01170162484049797
1765400106813995008,T7,AIN2,Voltage,true,-0.012017019093036652
1765400106814004992,T7,AIN2,Voltage,true,-0.012017019093036652
1765400106814031872,T7,AIN2,Voltage,true,-0.012017019093036652
1765400106814043904,T7,AIN2,Voltage,true,-0.012017019093036652
1765400106814053120,T7,AIN2,Voltage,true,-0.012647808529436588
1765400106814061056,T7,AIN2,Voltage,true,-0.012332413345575333
1765400106814070016,T7,AIN2,Voltage,true,-0.012332413345575333
1765400106814078976,T7,AIN2,Voltage,true,-0.01138623058795929
1765400106814087936,T7,AIN2,Voltage,true,-0.012332413345575333
1765400106814096896,T7,AIN2,Voltage,true,-0.012332413345575333
1765400106814105088,T7,AIN2,Voltage,true,-0.012017019093036652
1765400106814586880,T7,AIN2,Voltage,true,-0.01170162484049797
1765400106814611968,T7,AIN2,Voltage,true,-0.012017019093036652
1765400106814625024,T7,AIN2,Voltage,true,-0.01170162484049797
1765400106814635008,T7,AIN2,Voltage,true,-0.012332413345575333
1765400106814669056,T7,AIN2,Voltage,true,-0.012017019093036652
1765400106814691072,T7,AIN2,Voltage,true,-0.01170162484049797
1765400106814700032,T7,AIN2,Voltage,true,-0.012017019093036652
1765400106814710016,T7,AIN2,Voltage,true,-0.012017019093036652
1765400106814718976,T7,AIN2,Voltage,true,-0.012017019093036652
1765400106814727936,T7,AIN2,Voltage,true,-0.01138623058795929
1765400106814736896,T7,AIN2,Voltage,true,-0.012017019093036652
1765400106814746112,T7,AIN2,Voltage,true,-0.012332413345575333
1765400106814754048,T7,AIN2,Voltage,true,-0.012017019093036652
1765400106814763008,T7,AIN2,Voltage,true,-0.012017019093036652
1765400106814774016,T7,AIN2,Voltage,true,-0.012647808529436588
1765400106814781952,T7,AIN2,Voltage,true,-0.012332413345575333
1765400106814790912,T7,AIN2,Voltage,true,-0.012332413345575333
1765400106814799872,T7,AIN2,Voltage,true,-0.012017019093036652
1765400106814809088,T7,AIN2,Voltage,true,-0.012647808529436588
1765400106814819072,T7,AIN2,Voltage,true,-0.01170162484049797
1765400106814828032,T7,AIN2,Voltage,true,-0.012017019093036652
1765400106814836992,T7,AIN2,Voltage,true,-0.012017019093036652
1765400106814844928,T7,AIN2,Voltage,true,-0.01138623058795929
1765400106814853888,T7,AIN2,Voltage,true,-0.012017019093036652
1765400106814863104,T7,AIN2,Voltage,true,-0.012332413345575333
1765400106814872064,T7,AIN2,Voltage,true,-0.012017019093036652
1765400106814881024,T7,AIN2,Voltage,true,-0.012017019093036652
1765400106814888960,T7,AIN2,Voltage,true,-0.01138623058795929
1765400106814897920,T7,AIN2,Voltage,true,-0.01138623058795929
1765400106814906880,T7,AIN2,Voltage,true,-0.012332413345575333
1765400106814916096,T7,AIN2,Voltage,true,-0.012647808529436588
1765400106814925056,T7,AIN2,Voltage,true,-0.012332413345575333
1765400106814934016,T7,AIN2,Voltage,true,-0.012332413345575333
1765400106814942976,T7,AIN2,Voltage,true,-0.012017019093036652
1765400106814950912,T7,AIN2,Voltage,true,-0.012017019093036652
1765400106814960128,T7,AIN2,Voltage,true,-0.012332413345575333
1765400106814969088,T7,AIN2,Voltage,true,-0.012017019093036652
1765400106814978048,T7,AIN2,Voltage,true,-0.01170162484049797
1765400106814987008,T7,AIN2,Voltage,true,-0.01170162484049797
1765400106814994944,T7,AIN2,Voltage,true,-0.01170162484049797
1765400106815003904,T7,AIN2,Voltage,true,-0.01170162484049797
1765400106815013120,T7,AIN2,Voltage,true,-0.012332413345575333
1765400106815022080,T7,AIN2,Voltage,true,-0.012332413345575333
1765400106815030016,T7,AIN2,Voltage,true,-0.012017019093036652
1765400106815040000,T7,AIN2,Voltage,true,-0.012017019093036652
1765400106815048960,T7,AIN2,Voltage,true,-0.012332413345575333
1765400106815056896,T7,AIN2,Voltage,true,-0.012332413345575333
1765400106815066112,T7,AIN2,Voltage,true,-0.012332413345575333
1765400106815075072,T7,AIN2,Voltage,true,-0.012332413345575333
1765400106815084032,T7,AIN2,Voltage,true,-0.012332413345575333
1765400106815092992,T7,AIN2,Voltage,true,-0.012647808529436588
1765400106815101952,T7,AIN2,Voltage,true,-0.012647808529436588
1765400106815109888,T7,AIN2,Voltage,true,-0.012017019093036652
1765400106815119104,T7,AIN2,Voltage,true,-0.012017019093036652
1765400106815127040,T7,AIN2,Voltage,true,-0.012332413345575333
1765400106815136000,T7,AIN2,Voltage,true,-0.012017019093036652
1765400106815143936,T7,AIN2,Voltage,true,-0.01138623058795929
1765400106815152896,T7,AIN2,Voltage,true,-0.01170162484049797
1765400106815162112,T7,AIN2,Voltage,true,-0.01170162484049797
1765400106815171072,T7,AIN2,Voltage,true,-0.012332413345575333
1765400106815180032,T7,AIN2,Voltage,true,-0.012332413345575333
1765400106815188992,T7,AIN2,Voltage,true,-0.01170162484049797
1765400106815196928,T7,AIN2,Voltage,true,-0.012332413345575333
1765400106815205888,T7,AIN2,Voltage,true,-0.012017019093036652
1765400106815215104,T7,AIN2,Voltage,true,-0.012647808529436588
1765400106815224064,T7,AIN2,Voltage,true,-0.01296320278197527
1765400106815232000,T7,AIN2,Voltage,true,-0.012017019093036652
1765400106815240960,T7,AIN2,Voltage,true,-0.012647808529436588
1765400106815249920,T7,AIN2,Voltage,true,-0.012017019093036652
1765400106815258112,T7,AIN2,Voltage,true,-0.01170162484049797
1765400106815267072,T7,AIN2,Voltage,true,-0.01296320278197527
1765400106815276032,T7,AIN2,Voltage,true,-0.01296320278197527
1765400106815283968,T7,AIN2,Voltage,true,-0.012647808529436588
1765400106815292928,T7,AIN2,Voltage,true,-0.01170162484049797
1765400106815302912,T7,AIN2,Voltage,true,-0.012017019093036652
1765400106815311104,T7,AIN2,Voltage,true,-0.012332413345575333
1765400106815321088,T7,AIN2,Voltage,true,-0.012017019093036652
1765400106815329024,T7,AIN2,Voltage,true,-0.01170162484049797
1765400106815337984,T7,AIN2,Voltage,true,-0.012017019093036652
1765400106815346944,T7,AIN2,Voltage,true,-0.012017019093036652
1765400106815354880,T7,AIN2,Voltage,true,-0.012332413345575333
1765400106815364096,T7,AIN2,Voltage,true,-0.01170162484049797
1765400106815373056,T7,AIN2,Voltage,true,-0.01170162484049797
1765400106815380992,T7,AIN2,Voltage,true,-0.012332413345575333
1765400106815389952,T7,AIN2,Voltage,true,-0.012017019093036652
1765400106815398912,T7,AIN2,Voltage,true,-0.012017019093036652
1765400106815408128,T7,AIN2,Voltage,true,-0.012332413345575333
1765400106815417088,T7,AIN2,Voltage,true,-0.012332413345575333
1765400106815425024,T7,AIN2,Voltage,true,-0.012332413345575333
1765400106815433984,T7,AIN2,Voltage,true,-0.012017019093036652
1765400106815441920,T7,AIN2,Voltage,true,-0.012017019093036652
1765400106815450880,T7,AIN2,Voltage,true,-0.012017019093036652
1765400106815460096,T7,AIN2,Voltage,true,-0.012332413345575333
1765400106815469056,T7,AIN2,Voltage,true,-0.012017019093036652
1765400106815476992,T7,AIN2,Voltage,true,-0.012017019093036652
1765400106815485952,T7,AIN2,Voltage,true,-0.012647808529436588
1765400106815512064,T7,AIN2,Voltage,true,-0.012332413345575333
1765400106815522048,T7,AIN2,Voltage,true,-0.012647808529436588
1765400106815531008,T7,AIN2,Voltage,true,-0.012017019093036652
1765400106815539968,T7,AIN2,Voltage,true,-0.01170162484049797
1765400106815548928,T7,AIN2,Voltage,true,-0.012017019093036652
1765400106815557888,T7,AIN2,Voltage,true,-0.012017019093036652
1765400106815566080,T7,AIN2,Voltage,true,-0.012647808529436588
1765400106815575040,T7,AIN2,Voltage,true,-0.012017019093036652
1765400106815582976,T7,AIN2,Voltage,true,-0.012332413345575333
1765400106815591936,T7,AIN2,Voltage,true,-0.01138623058795929
1765400106815600896,T7,AIN2,Voltage,true,-0.012017019093036652
1765400106815610112,T7,AIN2,Voltage,true,-0.012647808529436588
1765400106815619072,T7,AIN2,Voltage,true,-0.012017019093036652
1765400106815627008,T7,AIN2,Voltage,true,-0.01170162484049797
1765400106815635968,T7,AIN2,Voltage,true,-0.012647808529436588
1765400106815644928,T7,AIN2,Voltage,true,-0.012647808529436588
1765400106815653888,T7,AIN2,Voltage,true,-0.01170162484049797
1765400106815663104,T7,AIN2,Voltage,true,-0.012332413345575333
1765400106815671040,T7,AIN2,Voltage,true,-0.012647808529436588
1765400106815680000,T7,AIN2,Voltage,true,-0.012017019093036652
1765400106815688960,T7,AIN2,Voltage,true,-0.012332413345575333
1765400106815697920,T7,AIN2,Voltage,true,-0.01170162484049797
1765400106815706880,T7,AIN2,Voltage,true,-0.01170162484049797
1765400106815715072,T7,AIN2,Voltage,true,-0.012332413345575333
1765400106815724032,T7,AIN2,Voltage,true,-0.012017019093036652
1765400106815738112,T7,AIN2,Voltage,true,-0.01170162484049797
1765400106815747072,T7,AIN2,Voltage,true,-0.01170162484049797
1765400106815756032,T7,AIN2,Voltage,true,-0.012017019093036652
1765400106815764992,T7,AIN2,Voltage,true,-0.012332413345575333
1765400106815773952,T7,AIN2,Voltage,true,-0.012017019093036652
1765400106815781888,T7,AIN2,Voltage,true,-0.012017019093036652
1765400106815791104,T7,AIN2,Voltage,true,-0.012332413345575333
1765400106815800064,T7,AIN2,Voltage,true,-0.01170162484049797
1765400106815810048,T7,AIN2,Voltage,true,-0.012017019093036652
1765400106815816960,T7,AIN2,Voltage,true,-0.012332413345575333
1765400106815824896,T7,AIN2,Voltage,true,-0.012017019093036652
1765400106815834112,T7,AIN2,Voltage,true,-0.012017019093036652
1765400106815842048,T7,AIN2,Voltage,true,-0.01170162484049797
1765400106815849984,T7,AIN2,Voltage,true,-0.012017019093036652
1765400106815857920,T7,AIN2,Voltage,true,-0.01170162484049797
1765400106815866112,T7,AIN2,Voltage,true,-0.012017019093036652
1765400106815873024,T7,AIN2,Voltage,true,-0.012017019093036652
1765400106815880960,T7,AIN2,Voltage,true,-0.012332413345575333
1765400106815887872,T7,AIN2,Voltage,true,-0.012332413345575333
1765400106815896064,T7,AIN2,Voltage,true,-0.01170162484049797
1765400106815902976,T7,AIN2,Voltage,true,-0.012017019093036652
1765400106815910912,T7,AIN2,Voltage,true,-0.012017019093036652
1765400106815919104,T7,AIN2,Voltage,true,-0.012332413345575333
1765400106815927040,T7,AIN2,Voltage,true,-0.012332413345575333
1765400106815933952,T7,AIN2,Voltage,true,-0.012332413345575333
1765400106815941888,T7,AIN2,Voltage,true,-0.012017019093036652
1765400106815949056,T7,AIN2,Voltage,true,-0.012017019093036652
1765400106815956992,T7,AIN2,Voltage,true,-0.012647808529436588
1765400106815964928,T7,AIN2,Voltage,true,-0.012332413345575333
1765400106815972096,T7,AIN2,Voltage,true,-0.012647808529436588
1765400106815980032,T7,AIN2,Voltage,true,-0.01170162484049797
1765400106815987968,T7,AIN2,Voltage,true,-0.01170162484049797
1765400106815994880,T7,AIN2,Voltage,true,-0.012017019093036652
1765400106816003072,T7,AIN2,Voltage,true,-0.01170162484049797
1765400106816011008,T7,AIN2,Voltage,true,-0.01170162484049797
1765400106816017920,T7,AIN2,Voltage,true,-0.01138623058795929
1765400106816026112,T7,AIN2,Voltage,true,-0.012017019093036652
1765400106816034048,T7,AIN2,Voltage,true,-0.012017019093036652
1765400106816040960,T7,AIN2,Voltage,true,-0.01170162484049797
1765400106816048896,T7,AIN2,Voltage,true,-0.012017019093036652
1765400106816057088,T7,AIN2,Voltage,true,-0.01170162484049797
1765400106816064000,T7,AIN2,Voltage,true,-0.01170162484049797
1765400106816071936,T7,AIN2,Voltage,true,-0.012332413345575333
1765400106816079872,T7,AIN2,Voltage,true,-0.012017019093036652
1765400106816087040,T7,AIN2,Voltage,true,-0.012332413345575333
1765400106816094976,T7,AIN2,Voltage,true,-0.012017019093036652
1765400106816101888,T7,AIN2,Voltage,true,-0.012017019093036652
1765400106816110080,T7,AIN2,Voltage,true,-0.012332413345575333
1765400106816118016,T7,AIN2,Voltage,true,-0.012017019093036652
1765400106816124928,T7,AIN2,Voltage,true,-0.012017019093036652
1765400106816133120,T7,AIN2,Voltage,true,-0.012017019093036652
1765400106816140032,T7,AIN2,Voltage,true,-0.01170162484049797
1765400106816147968,T7,AIN2,Voltage,true,-0.012017019093036652
1765400106816154880,T7,AIN2,Voltage,true,-0.01170162484049797
1765400106816164096,T7,AIN2,Voltage,true,-0.012017019093036652
1765400106816171008,T7,AIN2,Voltage,true,-0.012017019093036652
1765400106816178944,T7,AIN2,Voltage,true,-0.01170162484049797
1765400106816186112,T7,AIN2,Voltage,true,-0.012017019093036652
1765400106816194048,T7,AIN2,Voltage,true,-0.012332413345575333
1765400106816201984,T7,AIN2,Voltage,true,-0.012332413345575333
1765400106816208896,T7,AIN2,Voltage,true,-0.012332413345575333
1765400106816217088,T7,AIN2,Voltage,true,-0.012017019093036652
1765400106816225024,T7,AIN2,Voltage,true,-0.012332413345575333
1765400106816231936,T7,AIN2,Voltage,true,-0.01138623058795929
1765400106816240128,T7,AIN2,Voltage,true,-0.01170162484049797
1765400106816247040,T7,AIN2,Voltage,true,-0.012017019093036652
1765400106816254976,T7,AIN2,Voltage,true,-0.01170162484049797
1765400106816261888,T7,AIN2,Voltage,true,-0.01138623058795929
1765400106816270080,T7,AIN2,Voltage,true,-0.01138623058795929
1765400106816276992,T7,AIN2,Voltage,true,-0.01170162484049797
1765400106816284928,T7,AIN2,Voltage,true,-0.012017019093036652
1765400106816292096,T7,AIN2,Voltage,true,-0.01296320278197527
1765400106816300032,T7,AIN2,Voltage,true,-0.012332413345575333
1765400106816306944,T7,AIN2,Voltage,true,-0.012332413345575333
1765400106816314880,T7,AIN2,Voltage,true,-0.012017019093036652
1765400106816322048,T7,AIN2,Voltage,true,-0.01170162484049797
1765400106816329984,T7,AIN2,Voltage,true,-0.012647808529436588
1765400106816338944,T7,AIN2,Voltage,true,-0.012647808529436588
1765400106816346880,T7,AIN2,Voltage,true,-0.012017019093036652
1765400106816354048,T7,AIN2,Voltage,true,-0.012332413345575333
1765400106816360960,T7,AIN2,Voltage,true,-0.012332413345575333
1765400106816368896,T7,AIN2,Voltage,true,-0.012017019093036652
1765400106816376064,T7,AIN2,Voltage,true,-0.012017019093036652
1765400106816384000,T7,AIN2,Voltage,true,-0.01170162484049797
1765400106816391936,T7,AIN2,Voltage,true,-0.01138623058795929
1765400106816399104,T7,AIN2,Voltage,true,-0.01170162484049797
1765400106816407040,T7,AIN2,Voltage,true,-0.01170162484049797
1765400106816413952,T7,AIN2,Voltage,true,-0.01170162484049797
1765400106816421120,T7,AIN2,Voltage,true,-0.012647808529436588
1765400106816429056,T7,AIN2,Voltage,true,-0.012647808529436588
1765400106816436992,T7,AIN2,Voltage,true,-0.012332413345575333
1765400106816443904,T7,AIN2,Voltage,true,-0.012332413345575333
1765400106816452096,T7,AIN2,Voltage,true,-0.01296320278197527
1765400106816459008,T7,AIN2,Voltage,true,-0.012332413345575333
1765400106816466944,T7,AIN2,Voltage,true,-0.012332413345575333
1765400106816474880,T7,AIN2,Voltage,true,-0.012332413345575333
1765400106816483072,T7,AIN2,Voltage,true,-0.01170162484049797
1765400106816489984,T7,AIN2,Voltage,true,-0.012017019093036652
1765400106816497920,T7,AIN2,Voltage,true,-0.012017019093036652
1765400106816505088,T7,AIN2,Voltage,true,-0.01170162484049797
1765400106816512000,T7,AIN2,Voltage,true,-0.012647808529436588
1765400106816519936,T7,AIN2,Voltage,true,-0.01170162484049797
1765400106816527104,T7,AIN2,Voltage,true,-0.012017019093036652
1765400106816536064,T7,AIN2,Voltage,true,-0.012647808529436588
1765400106816556032,T7,AIN2,Voltage,true,-0.012017019093036652
1765400106816563968,T7,AIN2,Voltage,true,-0.012017019093036652
1765400106816571904,T7,AIN2,Voltage,true,-0.012017019093036652
1765400106816579072,T7,AIN2,Voltage,true,-0.012332413345575333
1765400106816587008,T7,AIN2,Voltage,true,-0.012332413345575333
1765400106816594944,T7,AIN2,Voltage,true,-0.012017019093036652
1765400106816602112,T7,AIN2,Voltage,true,-0.012332413345575333
1765400106816611072,T7,AIN2,Voltage,true,-0.012017019093036652
1765400106816619008,T7,AIN2,Voltage,true,-0.012017019093036652
1765400106816625920,T7,AIN2,Voltage,true,-0.012332413345575333
1765400106816634112,T7,AIN2,Voltage,true,-0.01170162484049797
1765400106816641024,T7,AIN2,Voltage,true,-0.012332413345575333
1765400106816648960,T7,AIN2,Voltage,true,-0.01170162484049797
1765400106816655872,T7,AIN2,Voltage,true,-0.01138623058795929
1765400106816664064,T7,AIN2,Voltage,true,-0.01138623058795929
1765400106816672000,T7,AIN2,Voltage,true,-0.012332413345575333
1765400106816678912,T7,AIN2,Voltage,true,-0.01296320278197527
1765400106816687104,T7,AIN2,Voltage,true,-0.012332413345575333
1765400106816694016,T7,AIN2,Voltage,true,-0.012017019093036652
1765400106816701952,T7,AIN2,Voltage,true,-0.01170162484049797
1765400106816710912,T7,AIN2,Voltage,true,-0.012332413345575333
1765400106816718080,T7,AIN2,Voltage,true,-0.012647808529436588
1765400106816726016,T7,AIN2,Voltage,true,-0.012332413345575333
1765400106816732928,T7,AIN2,Voltage,true,-0.012332413345575333
1765400106816741120,T7,AIN2,Voltage,true,-0.012017019093036652
1765400106816748032,T7,AIN2,Voltage,true,-0.01170162484049797
1765400106816755968,T7,AIN2,Voltage,true,-0.012647808529436588
1765400106816763904,T7,AIN2,Voltage,true,-0.012332413345575333
1765400106816771072,T7,AIN2,Voltage,true,-0.012017019093036652
1765400106816779008,T7,AIN2,Voltage,true,-0.01170162484049797
1765400106816785920,T7,AIN2,Voltage,true,-0.01170162484049797
1765400106816794112,T7,AIN2,Voltage,true,-0.012332413345575333
1765400106816803072,T7,AIN2,Voltage,true,-0.012647808529436588
1765400106816809984,T7,AIN2,Voltage,true,-0.012017019093036652
1765400106816817920,T7,AIN2,Voltage,true,-0.012017019093036652
1765400106816825088,T7,AIN2,Voltage,true,-0.012017019093036652
1765400106816832000,T7,AIN2,Voltage,true,-0.012017019093036652
1765400106816839936,T7,AIN2,Voltage,true,-0.012332413345575333
1765400106816847104,T7,AIN2,Voltage,true,-0.012647808529436588
1765400106820689920,T7,AIN2,Voltage,true,-0.012647808529436588
1765400106820710912,T7,AIN2,Voltage,true,-0.012647808529436588
1765400106820720128,T7,AIN2,Voltage,true,-0.012647808529436588
1765400106820728064,T7,AIN2,Voltage,true,-0.012332413345575333
1765400106820736000,T7,AIN2,Voltage,true,-0.012017019093036652
1765400106820743936,T7,AIN2,Voltage,true,-0.012332413345575333
1765400106820751872,T7,AIN2,Voltage,true,-0.012332413345575333
1765400106820759040,T7,AIN2,Voltage,true,-0.012332413345575333
1765400106820766976,T7,AIN2,Voltage,true,-0.012332413345575333
1765400106821594112,T7,AIN2,Voltage,true,-0.01170162484049797
1765400106821612032,T7,AIN2,Voltage,true,-0.012017019093036652
1765400106821619968,T7,AIN2,Voltage,true,-0.012017019093036652
1765400106821626880,T7,AIN2,Voltage,true,-0.012017019093036652
1765400106821635072,T7,AIN2,Voltage,true,-0.012647808529436588
1765400106821643008,T7,AIN2,Voltage,true,-0.012332413345575333
1765400106821650944,T7,AIN2,Voltage,true,-0.012017019093036652
1765400106821658112,T7,AIN2,Voltage,true,-0.012332413345575333
1765400106821665024,T7,AIN2,Voltage,true,-0.012647808529436588
1765400106821850112,T7,AIN2,Voltage,true,-0.012647808529436588
1765400106821859072,T7,AIN2,Voltage,true,-0.012332413345575333
1765400106821867008,T7,AIN2,Voltage,true,-0.01170162484049797
1765400106821873920,T7,AIN2,Voltage,true,-0.012332413345575333
1765400106821882112,T7,AIN2,Voltage,true,-0.012332413345575333
1765400106821890048,T7,AIN2,Voltage,true,-0.012017019093036652
1765400106821896960,T7,AIN2,Voltage,true,-0.012017019093036652
1765400106821903872,T7,AIN2,Voltage,true,-0.012017019093036652
1765400106821913088,T7,AIN2,Voltage,true,-0.012332413345575333
1765400106821920000,T7,AIN2,Voltage,true,-0.012017019093036652
1765400106821927936,T7,AIN2,Voltage,true,-0.012332413345575333
1765400106821935104,T7,AIN2,Voltage,true,-0.012017019093036652
1765400106821943040,T7,AIN2,Voltage,true,-0.012332413345575333
1765400106821949952,T7,AIN2,Voltage,true,-0.012017019093036652
1765400106821957888,T7,AIN2,Voltage,true,-0.012647808529436588
1765400106821965056,T7,AIN2,Voltage,true,-0.012332413345575333
1765400106821972992,T7,AIN2,Voltage,true,-0.012017019093036652
1765400106821979904,T7,AIN2,Voltage,true,-0.012647808529436588
1765400106821987072,T7,AIN2,Voltage,true,-0.012647808529436588
1765400106821995008,T7,AIN2,Voltage,true,-0.012017019093036652
1765400106822002944,T7,AIN2,Voltage,true,-0.012332413345575333
1765400106822010112,T7,AIN2,Voltage,true,-0.012647808529436588
1765400106822018048,T7,AIN2,Voltage,true,-0.012017019093036652
1765400106822025984,T7,AIN2,Voltage,true,-0.01170162484049797
1765400106822033920,T7,AIN2,Voltage,true,-0.01170162484049797
1765400106822041088,T7,AIN2,Voltage,true,-0.012332413345575333
1765400106822049024,T7,AIN2,Voltage,true,-0.012332413345575333
1765400106822055936,T7,AIN2,Voltage,true,-0.012332413345575333
1765400106822064128,T7,AIN2,Voltage,true,-0.012332413345575333
1765400106822071040,T7,AIN2,Voltage,true,-0.012017019093036652
1765400106822078976,T7,AIN2,Voltage,true,-0.012647808529436588
1765400106822085888,T7,AIN2,Voltage,true,-0.012647808529436588
1765400106822093056,T7,AIN2,Voltage,true,-0.012332413345575333
1765400106822100992,T7,AIN2,Voltage,true,-0.012647808529436588
1765400106822108928,T7,AIN2,Voltage,true,-0.012017019093036652
1765400106822116096,T7,AIN2,Voltage,true,-0.012017019093036652
1765400106822123008,T7,AIN2,Voltage,true,-0.012647808529436588
1765400106822130944,T7,AIN2,Voltage,true,-0.012332413345575333
1765400106822138880,T7,AIN2,Voltage,true,-0.01138623058795929
1765400106822146048,T7,AIN2,Voltage,true,-0.01170162484049797
1765400106822153984,T7,AIN2,Voltage,true,-0.01170162484049797
1765400106822161920,T7,AIN2,Voltage,true,-0.01170162484049797
1765400106822169088,T7,AIN2,Voltage,true,-0.01170162484049797
1765400106822176000,T7,AIN2,Voltage,true,-0.012017019093036652
1765400106822182912,T7,AIN2,Voltage,true,-0.01170162484049797
1765400106822191104,T7,AIN2,Voltage,true,-0.012332413345575333
1765400106822199040,T7,AIN2,Voltage,true,-0.012332413345575333
1765400106822205952,T7,AIN2,Voltage,true,-0.012332413345575333
1765400106822213888,T7,AIN2,Voltage,true,-0.012647808529436588
1765400106822221056,T7,AIN2,Voltage,true,-0.012647808529436588
1765400106822228992,T7,AIN2,Voltage,true,-0.012332413345575333
1765400106822236928,T7,AIN2,Voltage,true,-0.012017019093036652
1765400106822245120,T7,AIN2,Voltage,true,-0.012332413345575333
1765400106822253056,T7,AIN2,Voltage,true,-0.012647808529436588
1765400106822259968,T7,AIN2,Voltage,true,-0.012017019093036652
1765400106822267904,T7,AIN2,Voltage,true,-0.012017019093036652
1765400106822275072,T7,AIN2,Voltage,true,-0.012017019093036652
1765400106822283008,T7,AIN2,Voltage,true,-0.012332413345575333
1765400106822289920,T7,AIN2,Voltage,true,-0.01170162484049797
1765400106822298112,T7,AIN2,Voltage,true,-0.012647808529436588
1765400106822305024,T7,AIN2,Voltage,true,-0.012017019093036652
1765400106822312960,T7,AIN2,Voltage,true,-0.012332413345575333
1765400106822320128,T7,AIN2,Voltage,true,-0.012647808529436588
1765400106822328064,T7,AIN2,Voltage,true,-0.012017019093036652
1765400106822334976,T7,AIN2,Voltage,true,-0.012017019093036652
1765400106822341888,T7,AIN2,Voltage,true,-0.012332413345575333
1765400106822350080,T7,AIN2,Voltage,true,-0.012332413345575333
1765400106822356992,T7,AIN2,Voltage,true,-0.012647808529436588
1765400106822364928,T7,AIN2,Voltage,true,-0.012017019093036652
1765400106822372096,T7,AIN2,Voltage,true,-0.012332413345575333
1765400106822380032,T7,AIN2,Voltage,true,-0.01138623058795929
1765400106822387968,T7,AIN2,Voltage,true,-0.012017019093036652
1765400106822415104,T7,AIN2,Voltage,true,-0.012647808529436588
1765400106822425088,T7,AIN2,Voltage,true,-0.012647808529436588
1765400106822433024,T7,AIN2,Voltage,true,-0.01138623058795929
1765400106822440960,T7,AIN2,Voltage,true,-0.012017019093036652
1765400106822448896,T7,AIN2,Voltage,true,-0.012017019093036652
1765400106822456064,T7,AIN2,Voltage,true,-0.012017019093036652
1765400106822464000,T7,AIN2,Voltage,true,-0.012332413345575333
1765400106822471936,T7,AIN2,Voltage,true,-0.012017019093036652
1765400106822479104,T7,AIN2,Voltage,true,-0.012647808529436588
1765400106822486016,T7,AIN2,Voltage,true,-0.012017019093036652
1765400106822493952,T7,AIN2,Voltage,true,-0.012647808529436588
1765400106822501120,T7,AIN2,Voltage,true,-0.01170162484049797
1765400106822509056,T7,AIN2,Voltage,true,-0.012647808529436588
1765400106822515968,T7,AIN2,Voltage,true,-0.012017019093036652
1765400106822523904,T7,AIN2,Voltage,true,-0.012332413345575333
1765400106822531072,T7,AIN2,Voltage,true,-0.012017019093036652
1765400106822537984,T7,AIN2,Voltage,true,-0.012332413345575333
1765400106822545920,T7,AIN2,Voltage,true,-0.01296320278197527
1765400106822554112,T7,AIN2,Voltage,true,-0.01296320278197527
1765400106822561024,T7,AIN2,Voltage,true,-0.012017019093036652
1765400106822567936,T7,AIN2,Voltage,true,-0.012017019093036652
1765400106822576128,T7,AIN2,Voltage,true,-0.012332413345575333
1765400106822583040,T7,AIN2,Voltage,true,-0.012647808529436588
1765400106822590976,T7,AIN2,Voltage,true,-0.012332413345575333
1765400106822597888,T7,AIN2,Voltage,true,-0.012332413345575333
1765400106822606080,T7,AIN2,Voltage,true,-0.012017019093036652
1765400106822612992,T7,AIN2,Voltage,true,-0.012647808529436588
1765400106822620928,T7,AIN2,Voltage,true,-0.012647808529436588
1765400106822628096,T7,AIN2,Voltage,true,-0.012017019093036652
1765400106822635008,T7,AIN2,Voltage,true,-0.012017019093036652
1765400106822642944,T7,AIN2,Voltage,true,-0.012332413345575333
1765400106822650880,T7,AIN2,Voltage,true,-0.012647808529436588
1765400106822658048,T7,AIN2,Voltage,true,-0.012017019093036652
1765400106822665984,T7,AIN2,Voltage,true,-0.012332413345575333
1765400106822672896,T7,AIN2,Voltage,true,-0.01138623058795929
1765400106822681088,T7,AIN2,Voltage,true,-0.012017019093036652
1765400106822688000,T7,AIN2,Voltage,true,-0.012647808529436588
1765400106822695936,T7,AIN2,Voltage,true,-0.012647808529436588
1765400106822703104,T7,AIN2,Voltage,true,-0.012332413345575333
1765400106822711040,T7,AIN2,Voltage,true,-0.01138623058795929
1765400106822717952,T7,AIN2,Voltage,true,-0.012017019093036652
1765400106822725120,T7,AIN2,Voltage,true,-0.012647808529436588
1765400106822733056,T7,AIN2,Voltage,true,-0.012332413345575333
1765400106822739968,T7,AIN2,Voltage,true,-0.012647808529436588
1765400106822747904,T7,AIN2,Voltage,true,-0.012017019093036652
1765400106822755072,T7,AIN2,Voltage,true,-0.012332413345575333
1765400106822763008,T7,AIN2,Voltage,true,-0.01170162484049797
1765400106822769920,T7,AIN2,Voltage,true,-0.012017019093036652
1765400106822778112,T7,AIN2,Voltage,true,-0.012017019093036652
1765400106822785024,T7,AIN2,Voltage,true,-0.012332413345575333
1765400106822792960,T7,AIN2,Voltage,true,-0.012332413345575333
1765400106822799872,T7,AIN2,Voltage,true,-0.01170162484049797
1765400106822808064,T7,AIN2,Voltage,true,-0.01138623058795929
1765400106822814976,T7,AIN2,Voltage,true,-0.012332413345575333
1765400106822822912,T7,AIN2,Voltage,true,-0.012017019093036652
1765400106822830080,T7,AIN2,Voltage,true,-0.012647808529436588
1765400106822838016,T7,AIN2,Voltage,true,-0.012332413345575333
1765400106822844928,T7,AIN2,Voltage,true,-0.012017019093036652
1765400106822853120,T7,AIN2,Voltage,true,-0.012017019093036652
1765400106822860032,T7,AIN2,Voltage,true,-0.012332413345575333
1765400106822867968,T7,AIN2,Voltage,true,-0.012332413345575333
1765400106822874880,T7,AIN2,Voltage,true,-0.012332413345575333
1765400106822882048,T7,AIN2,Voltage,true,-0.012332413345575333
1765400106822889984,T7,AIN2,Voltage,true,-0.01170162484049797
1765400106822897920,T7,AIN2,Voltage,true,-0.012017019093036652
1765400106822905088,T7,AIN2,Voltage,true,-0.01170162484049797
1765400106822913024,T7,AIN2,Voltage,true,-0.01170162484049797
1765400106822919936,T7,AIN2,Voltage,true,-0.011070836335420609
1765400106822927872,T7,AIN2,Voltage,true,-0.012017019093036652
1765400106822936064,T7,AIN2,Voltage,true,-0.01138623058795929
1765400106822942976,T7,AIN2,Voltage,true,-0.01138623058795929
1765400106822950912,T7,AIN2,Voltage,true,-0.012647808529436588
1765400106822959104,T7,AIN2,Voltage,true,-0.012332413345575333
1765400106822966016,T7,AIN2,Voltage,true,-0.012332413345575333
1765400106822973952,T7,AIN2,Voltage,true,-0.012017019093036652
1765400106822981120,T7,AIN2,Voltage,true,-0.01170162484049797
1765400106822989056,T7,AIN2,Voltage,true,-0.012017019093036652
1765400106822996992,T7,AIN2,Voltage,true,-0.012332413345575333
1765400106823003904,T7,AIN2,Voltage,true,-0.012647808529436588
1765400106823012096,T7,AIN2,Voltage,true,-0.012017019093036652
1765400106823019008,T7,AIN2,Voltage,true,-0.01170162484049797
1765400106823026944,T7,AIN2,Voltage,true,-0.01138623058795929
1765400106823034112,T7,AIN2,Voltage,true,-0.01170162484049797
1765400106823042048,T7,AIN2,Voltage,true,-0.012017019093036652
1765400106823048960,T7,AIN2,Voltage,true,-0.01138623058795929
1765400106823056896,T7,AIN2,Voltage,true,-0.01170162484049797
1765400106823064064,T7,AIN2,Voltage,true,-0.012332413345575333
1765400106823072000,T7,AIN2,Voltage,true,-0.012017019093036652
1765400106823078912,T7,AIN2,Voltage,true,-0.012017019093036652
1765400106823087104,T7,AIN2,Voltage,true,-0.012647808529436588
1765400106823094016,T7,AIN2,Voltage,true,-0.012017019093036652
1765400106823101952,T7,AIN2,Voltage,true,-0.012017019093036652
1765400106823109120,T7,AIN2,Voltage,true,-0.012647808529436588
1765400106823117056,T7,AIN2,Voltage,true,-0.012332413345575333
1765400106823123968,T7,AIN2,Voltage,true,-0.012017019093036652
1765400106823130880,T7,AIN2,Voltage,true,-0.01170162484049797
1765400106823139072,T7,AIN2,Voltage,true,-0.012647808529436588
1765400106823145984,T7,AIN2,Voltage,true,-0.012017019093036652
1765400106823153920,T7,AIN2,Voltage,true,-0.01170162484049797
1765400106823161088,T7,AIN2,Voltage,true,-0.012647808529436588
1765400106823169024,T7,AIN2,Voltage,true,-0.012647808529436588
1765400106823175936,T7,AIN2,Voltage,true,-0.012332413345575333
1765400106823183872,T7,AIN2,Voltage,true,-0.01138623058795929
1765400106823191040,T7,AIN2,Voltage,true,-0.012647808529436588
1765400106823198976,T7,AIN2,Voltage,true,-0.012332413345575333
1765400106823206912,T7,AIN2,Voltage,true,-0.012017019093036652
1765400106823214080,T7,AIN2,Voltage,true,-0.012017019093036652
1765400106823220992,T7,AIN2,Voltage,true,-0.012332413345575333
1765400106823228928,T7,AIN2,Voltage,true,-0.012332413345575333
1765400106823236096,T7,AIN2,Voltage,true,-0.012647808529436588
1765400106823244032,T7,AIN2,Voltage,true,-0.012647808529436588
1765400106823251968,T7,AIN2,Voltage,true,-0.012332413345575333
1765400106823258880,T7,AIN2,Voltage,true,-0.012332413345575333
1765400106823267072,T7,AIN2,Voltage,true,-0.012332413345575333
1765400106823275008,T7,AIN2,Voltage,true,-0.012332413345575333
1765400106823281920,T7,AIN2,Voltage,true,-0.012332413345575333
1765400106823290112,T7,AIN2,Voltage,true,-0.01296320278197527
1765400106823297024,T7,AIN2,Voltage,true,-0.012332413345575333
1765400106823304960,T7,AIN2,Voltage,true,-0.012332413345575333
1765400106823311872,T7,AIN2,Voltage,true,-0.012332413345575333
1765400106823319040,T7,AIN2,Voltage,true,-0.012647808529436588
1765400106823326976,T7,AIN2,Voltage,true,-0.012647808529436588
1765400106823333888,T7,AIN2,Voltage,true,-0.012017019093036652
1765400106823342080,T7,AIN2,Voltage,true,-0.012332413345575333
1765400106823348992,T7,AIN2,Voltage,true,-0.012017019093036652
1765400106823356928,T7,AIN2,Voltage,true,-0.012647808529436588
1765400106823364096,T7,AIN2,Voltage,true,-0.012332413345575333
1765400106823372032,T7,AIN2,Voltage,true,-0.012017019093036652
1765400106823378944,T7,AIN2,Voltage,true,-0.012647808529436588
1765400106823397120,T7,AIN2,Voltage,true,-0.012017019093036652
1765400106823407104,T7,AIN2,Voltage,true,-0.012647808529436588
1765400106823414016,T7,AIN2,Voltage,true,-0.012017019093036652
1765400106823421952,T7,AIN2,Voltage,true,-0.012017019093036652
1765400106823429888,T7,AIN2,Voltage,true,-0.012332413345575333
1765400106823437056,T7,AIN2,Voltage,true,-0.012332413345575333
1765400106823444992,T7,AIN2,Voltage,true,-0.012017019093036652
1765400106823451904,T7,AIN2,Voltage,true,-0.012332413345575333
1765400106823459072,T7,AIN2,Voltage,true,-0.012647808529436588
1765400106823467008,T7,AIN2,Voltage,true,-0.012017019093036652
1765400106823473920,T7,AIN2,Voltage,true,-0.012332413345575333
1765400106823482112,T7,AIN2,Voltage,true,-0.012017019093036652
1765400106823489024,T7,AIN2,Voltage,true,-0.012017019093036652
1765400106823495936,T7,AIN2,Voltage,true,-0.012332413345575333
1765400106823503872,T7,AIN2,Voltage,true,-0.012647808529436588
1765400106823512064,T7,AIN2,Voltage,true,-0.012647808529436588
1765400106823518976,T7,AIN2,Voltage,true,-0.012332413345575333
1765400106823526912,T7,AIN2,Voltage,true,-0.012017019093036652
1765400106823534080,T7,AIN2,Voltage,true,-0.01170162484049797
1765400106823540992,T7,AIN2,Voltage,true,-0.012017019093036652
1765400106823548928,T7,AIN2,Voltage,true,-0.012332413345575333
1765400106823556096,T7,AIN2,Voltage,true,-0.012017019093036652
1765400106823564032,T7,AIN2,Voltage,true,-0.012017019093036652
1765400106823570944,T7,AIN2,Voltage,true,-0.012017019093036652
1765400106823578112,T7,AIN2,Voltage,true,-0.012017019093036652
1765400106823586048,T7,AIN2,Voltage,true,-0.012647808529436588
1765400106823592960,T7,AIN2,Voltage,true,-0.012017019093036652
1765400106823600896,T7,AIN2,Voltage,true,-0.012647808529436588
1765400106823609088,T7,AIN2,Voltage,true,-0.012017019093036652
1765400106823616000,T7,AIN2,Voltage,true,-0.012017019093036652
1765400106823622912,T7,AIN2,Voltage,true,-0.012017019093036652
1765400106823631104,T7,AIN2,Voltage,true,-0.012017019093036652
1765400106823638016,T7,AIN2,Voltage,true,-0.012332413345575333
1765400106823644928,T7,AIN2,Voltage,true,-0.01170162484049797
1765400106823653120,T7,AIN2,Voltage,true,-0.01170162484049797
1765400106823661056,T7,AIN2,Voltage,true,-0.012017019093036652
1765400106823667968,T7,AIN2,Voltage,true,-0.01170162484049797
1765400106823675904,T7,AIN2,Voltage,true,-0.01138623058795929
1765400106823683072,T7,AIN2,Voltage,true,-0.01138623058795929
1765400106823689984,T7,AIN2,Voltage,true,-0.01138623058795929
1765400106823695872,T7,AIN2,Voltage,true,-0.012017019093036652
1765400106823703040,T7,AIN2,Voltage,true,-0.012017019093036652
1765400106823708928,T7,AIN2,Voltage,true,-0.012017019093036652
1765400106823715072,T7,AIN2,Voltage,true,-0.012332413345575333
1765400106823721984,T7,AIN2,Voltage,true,-0.012017019093036652
1765400106823728128,T7,AIN2,Voltage,true,-0.012647808529436588
1765400106823735040,T7,AIN2,Voltage,true,-0.01170162484049797
1765400106823740928,T7,AIN2,Voltage,true,-0.012332413345575333
1765400106823748096,T7,AIN2,Voltage,true,-0.012017019093036652
1765400106823755008,T7,AIN2,Voltage,true,-0.01170162484049797
1765400106823760896,T7,AIN2,Voltage,true,-0.012332413345575333
1765400106823768064,T7,AIN2,Voltage,true,-0.012332413345575333
1765400106823773952,T7,AIN2,Voltage,true,-0.01170162484049797
1765400106823780096,T7,AIN2,Voltage,true,-0.012332413345575333
1765400106823787008,T7,AIN2,Voltage,true,-0.01170162484049797
1765400106823792896,T7,AIN2,Voltage,true,-0.012017019093036652
1765400106823800064,T7,AIN2,Voltage,true,-0.01170162484049797
1765400106823805952,T7,AIN2,Voltage,true,-0.012332413345575333
1765400106823813120,T7,AIN2,Voltage,true,-0.012332413345575333
1765400106823819008,T7,AIN2,Voltage,true,-0.01170162484049797
1765400106823825920,T7,AIN2,Voltage,true,-0.012017019093036652
1765400106823832064,T7,AIN2,Voltage,true,-0.012017019093036652
1765400106823837952,T7,AIN2,Voltage,true,-0.012017019093036652
1765400106823845120,T7,AIN2,Voltage,true,-0.01170162484049797
1765400106823851008,T7,AIN2,Voltage,true,-0.012017019093036652
1765400107790739968,T7,AIN2,Voltage,true,-0.01170162484049797
1765400107790906880,T7,AIN2,Voltage,true,-0.01170162484049797
1765400107790947072,T7,AIN2,Voltage,true,-0.012017019093036652
1765400107790978048,T7,AIN2,Voltage,true,-0.012647808529436588
1765400107791004928,T7,AIN2,Voltage,true,-0.012017019093036652
1765400107791031040,T7,AIN2,Voltage,true,-0.012332413345575333
1765400107791055872,T7,AIN2,Voltage,true,-0.012332413345575333
1765400107791079936,T7,AIN2,Voltage,true,-0.012017019093036652
1765400107791105024,T7,AIN2,Voltage,true,-0.012332413345575333
1765400107791132928,T7,AIN2,Voltage,true,-0.012332413345575333
1765400107791156992,T7,AIN2,Voltage,true,-0.012332413345575333
1765400107791183104,T7,AIN2,Voltage,true,-0.012017019093036652
1765400107791258112,T7,AIN2,Voltage,true,-0.012332413345575333
1765400107791296000,T7,AIN2,Voltage,true,-0.012017019093036652
1765400107791323904,T7,AIN2,Voltage,true,-0.012017019093036652
1765400107791351040,T7,AIN2,Voltage,true,-0.012332413345575333
1765400107791378944,T7,AIN2,Voltage,true,-0.012017019093036652
1765400107791407104,T7,AIN2,Voltage,true,-0.012647808529436588
1765400107791432960,T7,AIN2,Voltage,true,-0.01170162484049797
1765400107791461120,T7,AIN2,Voltage,true,-0.01170162484049797
1765400107791488000,T7,AIN2,Voltage,true,-0.01170162484049797
1765400107791514112,T7,AIN2,Voltage,true,-0.012017019093036652
1765400107791540992,T7,AIN2,Voltage,true,-0.012647808529436588
1765400107791567872,T7,AIN2,Voltage,true,-0.012647808529436588
1765400107791593984,T7,AIN2,Voltage,true,-0.012332413345575333
1765400107791620096,T7,AIN2,Voltage,true,-0.012017019093036652
1765400107791646976,T7,AIN2,Voltage,true,-0.012332413345575333
1765400107791674112,T7,AIN2,Voltage,true,-0.01170162484049797
1765400107791702016,T7,AIN2,Voltage,true,-0.01170162484049797
1765400107791728896,T7,AIN2,Voltage,true,-0.012332413345575333
1765400107791755008,T7,AIN2,Voltage,true,-0.012332413345575333
1765400107791781888,T7,AIN2,Voltage,true,-0.01170162484049797
1765400107791808000,T7,AIN2,Voltage,true,-0.012647808529436588
1765400107791834880,T7,AIN2,Voltage,true,-0.012017019093036652
1765400107791863040,T7,AIN2,Voltage,true,-0.012647808529436588
1765400107791888896,T7,AIN2,Voltage,true,-0.012647808529436588
1765400107791916032,T7,AIN2,Voltage,true,-0.012017019093036652
1765400107791941888,T7,AIN2,Voltage,true,-0.012017019093036652
1765400107791969024,T7,AIN2,Voltage,true,-0.012332413345575333
1765400107791995904,T7,AIN2,Voltage,true,-0.012332413345575333
1765400107792023040,T7,AIN2,Voltage,true,-0.012332413345575333
1765400107792049920,T7,AIN2,Voltage,true,-0.01170162484049797
1765400107792076032,T7,AIN2,Voltage,true,-0.012332413345575333
1765400107792102912,T7,AIN2,Voltage,true,-0.012332413345575333
1765400107792132096,T7,AIN2,Voltage,true,-0.012017019093036652
1765400107792160000,T7,AIN2,Voltage,true,-0.012017019093036652
1765400107792186880,T7,AIN2,Voltage,true,-0.012017019093036652
1765400107792215040,T7,AIN2,Voltage,true,-0.012647808529436588
1765400107792241920,T7,AIN2,Voltage,true,-0.012647808529436588
1765400107792270080,T7,AIN2,Voltage,true,-0.012017019093036652
1765400107792296960,T7,AIN2,Voltage,true,-0.012017019093036652
1765400107792323072,T7,AIN2,Voltage,true,-0.012332413345575333
1765400107792349952,T7,AIN2,Voltage,true,-0.012017019093036652
1765400107792363008,T7,AIN2,Voltage,true,-0.01170162484049797
1765400107792378112,T7,AIN2,Voltage,true,-0.012017019093036652
1765400107792391936,T7,AIN2,Voltage,true,-0.01170162484049797
1765400107792406016,T7,AIN2,Voltage,true,-0.01138623058795929
1765400107792421120,T7,AIN2,Voltage,true,-0.01170162484049797
1765400107792434944,T7,AIN2,Voltage,true,-0.012017019093036652
1765400107792449024,T7,AIN2,Voltage,true,-0.012332413345575333
1765400107792463104,T7,AIN2,Voltage,true,-0.012332413345575333
1765400107792476928,T7,AIN2,Voltage,true,-0.012332413345575333
1765400107792491008,T7,AIN2,Voltage,true,-0.012332413345575333
1765400107792505088,T7,AIN2,Voltage,true,-0.012017019093036652
1765400107792613888,T7,AIN2,Voltage,true,-0.012017019093036652
1765400107792636928,T7,AIN2,Voltage,true,-0.012332413345575333
1765400107792651008,T7,AIN2,Voltage,true,-0.012647808529436588
1765400107792665088,T7,AIN2,Voltage,true,-0.012017019093036652
1765400107792678912,T7,AIN2,Voltage,true,-0.012017019093036652
1765400107792691968,T7,AIN2,Voltage,true,-0.01170162484049797
1765400107792706048,T7,AIN2,Voltage,true,-0.012017019093036652
1765400107792719104,T7,AIN2,Voltage,true,-0.012017019093036652
1765400107792732928,T7,AIN2,Voltage,true,-0.01138623058795929
1765400107792747008,T7,AIN2,Voltage,true,-0.01138623058795929
1765400107792761088,T7,AIN2,Voltage,true,-0.011070836335420609
1765400107792773888,T7,AIN2,Voltage,true,-0.01170162484049797
1765400107792787968,T7,AIN2,Voltage,true,-0.012017019093036652
1765400107792801024,T7,AIN2,Voltage,true,-0.012647808529436588
1765400107792815104,T7,AIN2,Voltage,true,-0.012332413345575333
1765400107792827904,T7,AIN2,Voltage,true,-0.012017019093036652
1765400107792840960,T7,AIN2,Voltage,true,-0.012017019093036652
1765400107792855040,T7,AIN2,Voltage,true,-0.012332413345575333
1765400107792869888,T7,AIN2,Voltage,true,-0.012332413345575333
1765400107792883968,T7,AIN2,Voltage,true,-0.012332413345575333
1765400107792897024,T7,AIN2,Voltage,true,-0.012017019093036652
1765400107792911104,T7,AIN2,Voltage,true,-0.012332413345575333
1765400107792923904,T7,AIN2,Voltage,true,-0.012017019093036652
1765400107792937984,T7,AIN2,Voltage,true,-0.01170162484049797
1765400107792952064,T7,AIN2,Voltage,true,-0.012017019093036652
1765400107792966912,T7,AIN2,Voltage,true,-0.012332413345575333
1765400107792979968,T7,AIN2,Voltage,true,-0.012017019093036652
1765400107792994048,T7,AIN2,Voltage,true,-0.01138623058795929
1765400107793007104,T7,AIN2,Voltage,true,-0.01170162484049797
1765400107793020928,T7,AIN2,Voltage,true,-0.012017019093036652
1765400107793035008,T7,AIN2,Voltage,true,-0.012647808529436588
1765400107793049088,T7,AIN2,Voltage,true,-0.012647808529436588
1765400107793061888,T7,AIN2,Voltage,true,-0.012017019093036652
1765400107793078016,T7,AIN2,Voltage,true,-0.012017019093036652
1765400107793092096,T7,AIN2,Voltage,true,-0.01170162484049797
1765400107793105920,T7,AIN2,Voltage,true,-0.012647808529436588
1765400107793120000,T7,AIN2,Voltage,true,-0.012647808529436588
1765400107793133056,T7,AIN2,Voltage,true,-0.012647808529436588
1765400107793147904,T7,AIN2,Voltage,true,-0.012017019093036652
1765400107793160960,T7,AIN2,Voltage,true,-0.01170162484049797
1765400107793174016,T7,AIN2,Voltage,true,-0.012017019093036652
1765400107793189120,T7,AIN2,Voltage,true,-0.012017019093036652
1765400107793202944,T7,AIN2,Voltage,true,-0.01138623058795929
1765400107793217024,T7,AIN2,Voltage,true,-0.012332413345575333
1765400107793230080,T7,AIN2,Voltage,true,-0.012017019093036652
1765400107793243904,T7,AIN2,Voltage,true,-0.01170162484049797
1765400107793256960,T7,AIN2,Voltage,true,-0.01170162484049797
1765400107793270016,T7,AIN2,Voltage,true,-0.012017019093036652
1765400107793284096,T7,AIN2,Voltage,true,-0.012332413345575333
1765400107793296896,T7,AIN2,Voltage,true,-0.012017019093036652
1765400107793309952,T7,AIN2,Voltage,true,-0.012332413345575333
1765400107793323008,T7,AIN2,Voltage,true,-0.012647808529436588
1765400107793337088,T7,AIN2,Voltage,true,-0.012017019093036652
1765400107793350912,T7,AIN2,Voltage,true,-0.012017019093036652
1765400107793364992,T7,AIN2,Voltage,true,-0.01138623058795929
1765400107793379072,T7,AIN2,Voltage,true,-0.012017019093036652
1765400107793391104,T7,AIN2,Voltage,true,-0.01138623058795929
1765400107793404928,T7,AIN2,Voltage,true,-0.012332413345575333
1765400107793417984,T7,AIN2,Voltage,true,-0.012332413345575333
1765400107793431040,T7,AIN2,Voltage,true,-0.01170162484049797
1765400107793444096,T7,AIN2,Voltage,true,-0.01170162484049797
1765400107793456896,T7,AIN2,Voltage,true,-0.012647808529436588
1765400107793469952,T7,AIN2,Voltage,true,-0.012017019093036652
1765400107793483008,T7,AIN2,Voltage,true,-0.01170162484049797
1765400107793496064,T7,AIN2,Voltage,true,-0.012017019093036652
1765400107793523968,T7,AIN2,Voltage,true,-0.012017019093036652
1765400107794534912,T7,AIN2,Voltage,true,-0.012332413345575333
1765400107794552064,T7,AIN2,Voltage,true,-0.012332413345575333
1765400107794565888,T7,AIN2,Voltage,true,-0.012332413345575333
1765400107794578944,T7,AIN2,Voltage,true,-0.012017019093036652
1765400107794596096,T7,AIN2,Voltage,true,-0.012332413345575333
1765400107794609920,T7,AIN2,Voltage,true,-0.012017019093036652
1765400107794622976,T7,AIN2,Voltage,true,-0.01170162484049797
1765400107794638080,T7,AIN2,Voltage,true,-0.01170162484049797
1765400107794651904,T7,AIN2,Voltage,true,-0.01170162484049797
1765400107794665984,T7,AIN2,Voltage,true,-0.012332413345575333
1765400107794680064,T7,AIN2,Voltage,true,-0.01138623058795929
1765400107794694912,T7,AIN2,Voltage,true,-0.01170162484049797
1765400107794708992,T7,AIN2,Voltage,true,-0.01170162484049797
1765400107794723072,T7,AIN2,Voltage,true,-0.012332413345575333
1765400107794736896,T7,AIN2,Voltage,true,-0.012647808529436588
1765400107794750976,T7,AIN2,Voltage,true,-0.01138623058795929
1765400107794765056,T7,AIN2,Voltage,true,-0.012017019093036652
1765400107794777088,T7,AIN2,Voltage,true,-0.012647808529436588
1765400107794790912,T7,AIN2,Voltage,true,-0.012647808529436588
1765400107794803968,T7,AIN2,Voltage,true,-0.012332413345575333
1765400107794817024,T7,AIN2,Voltage,true,-0.012647808529436588
1765400107794831104,T7,AIN2,Voltage,true,-0.012332413345575333
1765400107794843904,T7,AIN2,Voltage,true,-0.01138623058795929
1765400107794857984,T7,AIN2,Voltage,true,-0.012332413345575333
1765400107794871040,T7,AIN2,Voltage,true,-0.012017019093036652
1765400107794884096,T7,AIN2,Voltage,true,-0.012332413345575333
1765400107794897920,T7,AIN2,Voltage,true,-0.012332413345575333
1765400107794912000,T7,AIN2,Voltage,true,-0.012017019093036652
1765400107794926080,T7,AIN2,Voltage,true,-0.012017019093036652
1765400107794938880,T7,AIN2,Voltage,true,-0.012332413345575333
1765400107794952960,T7,AIN2,Voltage,true,-0.012332413345575333
1765400107794967040,T7,AIN2,Voltage,true,-0.012017019093036652
1765400107794981120,T7,AIN2,Voltage,true,-0.012332413345575333
1765400107794993920,T7,AIN2,Voltage,true,-0.01170162484049797
1765400107795008000,T7,AIN2,Voltage,true,-0.012332413345575333
1765400107795022080,T7,AIN2,Voltage,true,-0.012647808529436588
1765400107795035904,T7,AIN2,Voltage,true,-0.012647808529436588
1765400107795048960,T7,AIN2,Voltage,true,-0.012647808529436588
1765400107795063040,T7,AIN2,Voltage,true,-0.01170162484049797
1765400107795076096,T7,AIN2,Voltage,true,-0.01170162484049797
1765400107795089920,T7,AIN2,Voltage,true,-0.012017019093036652
1765400107795102976,T7,AIN2,Voltage,true,-0.012332413345575333
1765400107795116032,T7,AIN2,Voltage,true,-0.01170162484049797
1765400107795130112,T7,AIN2,Voltage,true,-0.01170162484049797
1765400107795143936,T7,AIN2,Voltage,true,-0.012017019093036652
1765400107795158016,T7,AIN2,Voltage,true,-0.01170162484049797
1765400107795170048,T7,AIN2,Voltage,true,-0.012017019093036652
1765400107795184128,T7,AIN2,Voltage,true,-0.012332413345575333
1765400107795197952,T7,AIN2,Voltage,true,-0.012017019093036652
1765400107795211008,T7,AIN2,Voltage,true,-0.012332413345575333
1765400107795224064,T7,AIN2,Voltage,true,-0.01170162484049797
1765400107795237888,T7,AIN2,Voltage,true,-0.012332413345575333
1765400107795252992,T7,AIN2,Voltage,true,-0.012017019093036652
1765400107795266048,T7,AIN2,Voltage,true,-0.01296320278197527
1765400107795279104,T7,AIN2,Voltage,true,-0.012332413345575333
1765400107795292928,T7,AIN2,Voltage,true,-0.012332413345575333
1765400107795307008,T7,AIN2,Voltage,true,-0.012647808529436588
1765400107795321088,T7,AIN2,Voltage,true,-0.01170162484049797
1765400107795334912,T7,AIN2,Voltage,true,-0.012017019093036652
1765400107795347968,T7,AIN2,Voltage,true,-0.01170162484049797
1765400107795362048,T7,AIN2,Voltage,true,-0.012017019093036652
1765400107795375104,T7,AIN2,Voltage,true,-0.01170162484049797
1765400107795388928,T7,AIN2,Voltage,true,-0.012332413345575333
1765400107795447040,T7,AIN2,Voltage,true,-0.01170162484049797
1765400107795462912,T7,AIN2,Voltage,true,-0.01170162484049797
1765400107795478016,T7,AIN2,Voltage,true,-0.012647808529436588
1765400107795491072,T7,AIN2,Voltage,true,-0.012017019093036652
1765400107795504896,T7,AIN2,Voltage,true,-0.01170162484049797
1765400107795517952,T7,AIN2,Voltage,true,-0.012017019093036652
1765400107795532032,T7,AIN2,Voltage,true,-0.012017019093036652
1765400107795545088,T7,AIN2,Voltage,true,-0.01170162484049797
1765400107795557888,T7,AIN2,Voltage,true,-0.012647808529436588
1765400107795571968,T7,AIN2,Voltage,true,-0.012332413345575333
1765400107795587072,T7,AIN2,Voltage,true,-0.012332413345575333
1765400107795599872,T7,AIN2,Voltage,true,-0.012017019093036652
1765400107795612928,T7,AIN2,Voltage,true,-0.01170162484049797
1765400107795627008,T7,AIN2,Voltage,true,-0.012017019093036652
1765400107795640064,T7,AIN2,Voltage,true,-0.012017019093036652
1765400107795653888,T7,AIN2,Voltage,true,-0.01170162484049797
1765400107795666944,T7,AIN2,Voltage,true,-0.012017019093036652
1765400107795681024,T7,AIN2,Voltage,true,-0.01170162484049797
1765400107795694080,T7,AIN2,Voltage,true,-0.012332413345575333
1765400107795707904,T7,AIN2,Voltage,true,-0.01170162484049797
1765400107795720960,T7,AIN2,Voltage,true,-0.01170162484049797
1765400107795735040,T7,AIN2,Voltage,true,-0.012017019093036652
1765400107795748096,T7,AIN2,Voltage,true,-0.012647808529436588
1765400107795760896,T7,AIN2,Voltage,true,-0.012017019093036652
1765400107795773952,T7,AIN2,Voltage,true,-0.012017019093036652
1765400107795789056,T7,AIN2,Voltage,true,-0.01138623058795929
1765400107795802880,T7,AIN2,Voltage,true,-0.012017019093036652
1765400107795814912,T7,AIN2,Voltage,true,-0.012332413345575333
1765400107795827968,T7,AIN2,Voltage,true,-0.012332413345575333
1765400107795841024,T7,AIN2,Voltage,true,-0.012647808529436588
1765400107795854080,T7,AIN2,Voltage,true,-0.012647808529436588
1765400107795866880,T7,AIN2,Voltage,true,-0.01170162484049797
1765400107795879936,T7,AIN2,Voltage,true,-0.012332413345575333
1765400107795892992,T7,AIN2,Voltage,true,-0.012332413345575333
1765400107799460096,T7,AIN2,Voltage,true,-0.012017019093036652
1765400107799508992,T7,AIN2,Voltage,true,-0.012647808529436588
1765400107799526912,T7,AIN2,Voltage,true,-0.012647808529436588
1765400107799542016,T7,AIN2,Voltage,true,-0.012332413345575333
1765400107799555072,T7,AIN2,Voltage,true,-0.012647808529436588
1765400107799568896,T7,AIN2,Voltage,true,-0.012332413345575333
1765400107799581952,T7,AIN2,Voltage,true,-0.012017019093036652
1765400107799596032,T7,AIN2,Voltage,true,-0.012332413345575333
1765400107799609088,T7,AIN2,Voltage,true,-0.012017019093036652
1765400107801054976,T7,AIN2,Voltage,true,-0.01170162484049797
1765400107801076992,T7,AIN2,Voltage,true,-0.012332413345575333
1765400107801090048,T7,AIN2,Voltage,true,-0.012017019093036652
1765400107801102080,T7,AIN2,Voltage,true,-0.012017019093036652
1765400107801114112,T7,AIN2,Voltage,true,-0.01170162484049797
1765400107801125120,T7,AIN2,Voltage,true,-0.01170162484049797
1765400107801136896,T7,AIN2,Voltage,true,-0.01138623058795929
1765400107801147904,T7,AIN2,Voltage,true,-0.012332413345575333
1765400107801158912,T7,AIN2,Voltage,true,-0.012647808529436588
1765400107801271040,T7,AIN2,Voltage,true,-0.012017019093036652
1765400107801288960,T7,AIN2,Voltage,true,-0.01170162484049797
1765400107801300992,T7,AIN2,Voltage,true,-0.012332413345575333
1765400107801313024,T7,AIN2,Voltage,true,-0.012332413345575333
1765400107801324032,T7,AIN2,Voltage,true,-0.012647808529436588
1765400107801336064,T7,AIN2,Voltage,true,-0.012332413345575333
1765400107801348096,T7,AIN2,Voltage,true,-0.012332413345575333
1765400107801359104,T7,AIN2,Voltage,true,-0.012332413345575333
1765400107801370112,T7,AIN2,Voltage,true,-0.01170162484049797
1765400107802151936,T7,AIN2,Voltage,true,-0.01170162484049797
1765400107802173952,T7,AIN2,Voltage,true,-0.012332413345575333
1765400107802185984,T7,AIN2,Voltage,true,-0.01170162484049797
1765400107802198016,T7,AIN2,Voltage,true,-0.01170162484049797
1765400107802213120,T7,AIN2,Voltage,true,-0.012017019093036652
1765400107802224896,T7,AIN2,Voltage,true,-0.012017019093036652
1765400107802236928,T7,AIN2,Voltage,true,-0.01170162484049797
1765400107802246912,T7,AIN2,Voltage,true,-0.01170162484049797
1765400107802257920,T7,AIN2,Voltage,true,-0.012017019093036652
1765400107802267904,T7,AIN2,Voltage,true,-0.012017019093036652
1765400107802278912,T7,AIN2,Voltage,true,-0.012332413345575333
1765400107802288896,T7,AIN2,Voltage,true,-0.012332413345575333
1765400107802298880,T7,AIN2,Voltage,true,-0.012332413345575333
1765400107802309888,T7,AIN2,Voltage,true,-0.012332413345575333
1765400107802320896,T7,AIN2,Voltage,true,-0.01170162484049797
1765400107802331904,T7,AIN2,Voltage,true,-0.012017019093036652
1765400107802343936,T7,AIN2,Voltage,true,-0.012332413345575333
1765400107802354944,T7,AIN2,Voltage,true,-0.01170162484049797
1765400107802364928,T7,AIN2,Voltage,true,-0.011070836335420609
1765400107802375936,T7,AIN2,Voltage,true,-0.01170162484049797
1765400107802385920,T7,AIN2,Voltage,true,-0.01170162484049797
1765400107802396928,T7,AIN2,Voltage,true,-0.012017019093036652
1765400107802438912,T7,AIN2,Voltage,true,-0.01170162484049797
1765400107802454016,T7,AIN2,Voltage,true,-0.012647808529436588
1765400107802466048,T7,AIN2,Voltage,true,-0.01170162484049797
1765400107802477056,T7,AIN2,Voltage,true,-0.01170162484049797
1765400107802488064,T7,AIN2,Voltage,true,-0.012332413345575333
1765400107802498048,T7,AIN2,Voltage,true,-0.01170162484049797
1765400107802509056,T7,AIN2,Voltage,true,-0.012647808529436588
1765400107802519040,T7,AIN2,Voltage,true,-0.012332413345575333
1765400107802529024,T7,AIN2,Voltage,true,-0.012647808529436588
1765400107802565888,T7,AIN2,Voltage,true,-0.01170162484049797
1765400107802578944,T7,AIN2,Voltage,true,-0.012017019093036652
1765400107802588928,T7,AIN2,Voltage,true,-0.012017019093036652
1765400107802599936,T7,AIN2,Voltage,true,-0.012017019093036652
1765400107802610944,T7,AIN2,Voltage,true,-0.01170162484049797
1765400107802621952,T7,AIN2,Voltage,true,-0.012017019093036652
1765400107802635008,T7,AIN2,Voltage,true,-0.012017019093036652
1765400107802644992,T7,AIN2,Voltage,true,-0.012332413345575333
1765400107802654976,T7,AIN2,Voltage,true,-0.012647808529436588
1765400107802693888,T7,AIN2,Voltage,true,-0.012332413345575333
1765400107802704896,T7,AIN2,Voltage,true,-0.01170162484049797
1765400107802715904,T7,AIN2,Voltage,true,-0.012332413345575333
1765400107802726912,T7,AIN2,Voltage,true,-0.01170162484049797
1765400107802736896,T7,AIN2,Voltage,true,-0.012332413345575333
1765400107802747904,T7,AIN2,Voltage,true,-0.012647808529436588
1765400107802757888,T7,AIN2,Voltage,true,-0.012017019093036652
1765400107802767872,T7,AIN2,Voltage,true,-0.012017019093036652
1765400107802780928,T7,AIN2,Voltage,true,-0.012647808529436588
1765400107802924032,T7,AIN2,Voltage,true,-0.012017019093036652
1765400107802949120,T7,AIN2,Voltage,true,-0.012017019093036652
1765400107802962944,T7,AIN2,Voltage,true,-0.012017019093036652
1765400107802974976,T7,AIN2,Voltage,true,-0.012017019093036652
1765400107803072000,T7,AIN2,Voltage,true,-0.01170162484049797
1765400107803087872,T7,AIN2,Voltage,true,-0.01138623058795929
1765400107803099904,T7,AIN2,Voltage,true,-0.012332413345575333
1765400107803111936,T7,AIN2,Voltage,true,-0.012017019093036652
1765400107803122944,T7,AIN2,Voltage,true,-0.012017019093036652
1765400107803133952,T7,AIN2,Voltage,true,-0.012017019093036652
1765400107803143936,T7,AIN2,Voltage,true,-0.012017019093036652
1765400107803153920,T7,AIN2,Voltage,true,-0.012647808529436588
1765400107803164928,T7,AIN2,Voltage,true,-0.012647808529436588
1765400107803175936,T7,AIN2,Voltage,true,-0.012332413345575333
1765400107803185920,T7,AIN2,Voltage,true,-0.012017019093036652
1765400107803196928,T7,AIN2,Voltage,true,-0.01170162484049797
1765400107803485952,T7,AIN2,Voltage,true,-0.012017019093036652
1765400107803500032,T7,AIN2,Voltage,true,-0.012017019093036652
1765400107803511040,T7,AIN2,Voltage,true,-0.01170162484049797
1765400107803619072,T7,AIN2,Voltage,true,-0.012647808529436588
1765400107803632128,T7,AIN2,Voltage,true,-0.012647808529436588
1765400107803642112,T7,AIN2,Voltage,true,-0.01170162484049797
1765400107803652096,T7,AIN2,Voltage,true,-0.012332413345575333
1765400107803662080,T7,AIN2,Voltage,true,-0.01170162484049797
1765400107803672064,T7,AIN2,Voltage,true,-0.012647808529436588
1765400107803682048,T7,AIN2,Voltage,true,-0.012647808529436588
1765400107803692032,T7,AIN2,Voltage,true,-0.012017019093036652
1765400107803702016,T7,AIN2,Voltage,true,-0.012332413345575333
1765400107803862016,T7,AIN2,Voltage,true,-0.012647808529436588
1765400107803878912,T7,AIN2,Voltage,true,-0.012332413345575333
1765400107803890944,T7,AIN2,Voltage,true,-0.012647808529436588
1765400107803901952,T7,AIN2,Voltage,true,-0.012332413345575333
1765400107803912960,T7,AIN2,Voltage,true,-0.012647808529436588
1765400107803922944,T7,AIN2,Voltage,true,-0.012647808529436588
1765400107803933952,T7,AIN2,Voltage,true,-0.01170162484049797
1765400107803943936,T7,AIN2,Voltage,true,-0.012647808529436588
1765400107803953920,T7,AIN2,Voltage,true,-0.012332413345575333
1765400107806842112,T7,AIN2,Voltage,true,-0.012017019093036652
1765400107806884096,T7,AIN2,Voltage,true,-0.012017019093036652
1765400107806897920,T7,AIN2,Voltage,true,-0.012332413345575333
1765400107806910976,T7,AIN2,Voltage,true,-0.01170162484049797
1765400107806923008,T7,AIN2,Voltage,true,-0.012017019093036652
1765400107806934016,T7,AIN2,Voltage,true,-0.012647808529436588
1765400107806946048,T7,AIN2,Voltage,true,-0.012647808529436588
1765400107806957056,T7,AIN2,Voltage,true,-0.012332413345575333
1765400107806968064,T7,AIN2,Voltage,true,-0.012647808529436588
1765400107807660032,T7,AIN2,Voltage,true,-0.012017019093036652
1765400107807695872,T7,AIN2,Voltage,true,-0.012647808529436588
1765400107807710976,T7,AIN2,Voltage,true,-0.01170162484049797
1765400107807724032,T7,AIN2,Voltage,true,-0.012332413345575333
1765400107807736064,T7,AIN2,Voltage,true,-0.01170162484049797
1765400107807747072,T7,AIN2,Voltage,true,-0.012017019093036652
1765400107807759104,T7,AIN2,Voltage,true,-0.012332413345575333
1765400107807769088,T7,AIN2,Voltage,true,-0.012332413345575333
1765400107807780096,T7,AIN2,Voltage,true,-0.01138623058795929
1765400107807962880,T7,AIN2,Voltage,true,-0.012332413345575333
1765400107807983104,T7,AIN2,Voltage,true,-0.012647808529436588
1765400107807994112,T7,AIN2,Voltage,true,-0.012332413345575333
1765400107808005120,T7,AIN2,Voltage,true,-0.01170162484049797
1765400107808015872,T7,AIN2,Voltage,true,-0.01170162484049797
1765400107808026880,T7,AIN2,Voltage,true,-0.012332413345575333
1765400107808037888,T7,AIN2,Voltage,true,-0.012017019093036652
1765400107808048896,T7,AIN2,Voltage,true,-0.01170162484049797
1765400107808058880,T7,AIN2,Voltage,true,-0.012017019093036652
1765400107808077056,T7,AIN2,Voltage,true,-0.01170162484049797
1765400107808088064,T7,AIN2,Voltage,true,-0.01170162484049797
1765400107808099072,T7,AIN2,Voltage,true,-0.01170162484049797
1765400107808109056,T7,AIN2,Voltage,true,-0.01170162484049797
1765400107808120064,T7,AIN2,Voltage,true,-0.012332413345575333
1765400107808131072,T7,AIN2,Voltage,true,-0.01138623058795929
1765400107808141056,T7,AIN2,Voltage,true,-0.01170162484049797
1765400107808153088,T7,AIN2,Voltage,true,-0.01138623058795929
1765400107808164096,T7,AIN2,Voltage,true,-0.01170162484049797
1765400107808174080,T7,AIN2,Voltage,true,-0.012332413345575333
1765400107808185088,T7,AIN2,Voltage,true,-0.012017019093036652
1765400107808195072,T7,AIN2,Voltage,true,-0.012332413345575333
1765400107808206080,T7,AIN2,Voltage,true,-0.01170162484049797
1765400107808217088,T7,AIN2,Voltage,true,-0.01170162484049797
1765400107808227072,T7,AIN2,Voltage,true,-0.012332413345575333
1765400107808238080,T7,AIN2,Voltage,true,-0.012647808529436588
1765400107808249088,T7,AIN2,Voltage,true,-0.012647808529436588
1765400107808260096,T7,AIN2,Voltage,true,-0.012017019093036652
1765400107808271104,T7,AIN2,Voltage,true,-0.012332413345575333
1765400107808282112,T7,AIN2,Voltage,true,-0.012332413345575333
1765400107808293888,T7,AIN2,Voltage,true,-0.012017019093036652
1765400107808304128,T7,AIN2,Voltage,true,-0.012017019093036652
1765400107808315904,T7,AIN2,Voltage,true,-0.012017019093036652
1765400107808325888,T7,AIN2,Voltage,true,-0.012332413345575333
1765400107808336896,T7,AIN2,Voltage,true,-0.01170162484049797
1765400107808346880,T7,AIN2,Voltage,true,-0.012332413345575333
1765400107808357888,T7,AIN2,Voltage,true,-0.012332413345575333
1765400107808368896,T7,AIN2,Voltage,true,-0.012017019093036652
1765400107808378880,T7,AIN2,Voltage,true,-0.012017019093036652
1765400107808389888,T7,AIN2,Voltage,true,-0.012017019093036652
1765400107808400896,T7,AIN2,Voltage,true,-0.01138623058795929
1765400107808410880,T7,AIN2,Voltage,true,-0.012017019093036652
1765400107808423936,T7,AIN2,Voltage,true,-0.012017019093036652
1765400107808433920,T7,AIN2,Voltage,true,-0.012332413345575333
1765400107808444928,T7,AIN2,Voltage,true,-0.012017019093036652
1765400107808455936,T7,AIN2,Voltage,true,-0.012647808529436588
1765400107808466944,T7,AIN2,Voltage,true,-0.01170162484049797
1765400107808478976,T7,AIN2,Voltage,true,-0.012332413345575333
1765400107808488960,T7,AIN2,Voltage,true,-0.012017019093036652
1765400107808498944,T7,AIN2,Voltage,true,-0.012332413345575333
1765400107808509952,T7,AIN2,Voltage,true,-0.012017019093036652
1765400107808520960,T7,AIN2,Voltage,true,-0.01138623058795929
1765400107808530944,T7,AIN2,Voltage,true,-0.012332413345575333
1765400107808541952,T7,AIN2,Voltage,true,-0.012017019093036652
1765400107808552960,T7,AIN2,Voltage,true,-0.012017019093036652
1765400107808562944,T7,AIN2,Voltage,true,-0.01170162484049797
1765400107808573952,T7,AIN2,Voltage,true,-0.012332413345575333
1765400107808584960,T7,AIN2,Voltage,true,-0.012017019093036652
1765400107808595968,T7,AIN2,Voltage,true,-0.012017019093036652
1765400107808605952,T7,AIN2,Voltage,true,-0.01170162484049797
1765400107808616960,T7,AIN2,Voltage,true,-0.01296320278197527
1765400107808627968,T7,AIN2,Voltage,true,-0.01170162484049797
1765400107808637952,T7,AIN2,Voltage,true,-0.012017019093036652
1765400107808648960,T7,AIN2,Voltage,true,-0.01170162484049797
1765400107808658944,T7,AIN2,Voltage,true,-0.012017019093036652
1765400107808669952,T7,AIN2,Voltage,true,-0.012647808529436588
1765400107808680960,T7,AIN2,Voltage,true,-0.012332413345575333
1765400107808690944,T7,AIN2,Voltage,true,-0.012017019093036652
1765400107808701952,T7,AIN2,Voltage,true,-0.012647808529436588
1765400107808712960,T7,AIN2,Voltage,true,-0.01170162484049797
1765400107808722944,T7,AIN2,Voltage,true,-0.012647808529436588
1765400107808733952,T7,AIN2,Voltage,true,-0.012332413345575333
1765400107808744960,T7,AIN2,Voltage,true,-0.012017019093036652
1765400107808754944,T7,AIN2,Voltage,true,-0.012647808529436588
1765400107808768000,T7,AIN2,Voltage,true,-0.012647808529436588
1765400107808779008,T7,AIN2,Voltage,true,-0.012017019093036652
1765400107808788992,T7,AIN2,Voltage,true,-0.01296320278197527
1765400107808800000,T7,AIN2,Voltage,true,-0.012017019093036652
1765400107808811008,T7,AIN2,Voltage,true,-0.012647808529436588
1765400107808820992,T7,AIN2,Voltage,true,-0.01170162484049797
1765400107808832000,T7,AIN2,Voltage,true,-0.012017019093036652
1765400107808841984,T7,AIN2,Voltage,true,-0.01170162484049797
1765400107808852992,T7,AIN2,Voltage,true,-0.012017019093036652
1765400107808864000,T7,AIN2,Voltage,true,-0.012017019093036652
1765400107808873984,T7,AIN2,Voltage,true,-0.012017019093036652
1765400107808883968,T7,AIN2,Voltage,true,-0.012017019093036652
1765400107808894976,T7,AIN2,Voltage,true,-0.01170162484049797
1765400107808904960,T7,AIN2,Voltage,true,-0.012017019093036652
1765400107808915968,T7,AIN2,Voltage,true,-0.012017019093036652
1765400107808926976,T7,AIN2,Voltage,true,-0.01170162484049797
1765400107808936960,T7,AIN2,Voltage,true,-0.012017019093036652
1765400107808947968,T7,AIN2,Voltage,true,-0.012332413345575333
1765400107808958976,T7,AIN2,Voltage,true,-0.012647808529436588
1765400107808969984,T7,AIN2,Voltage,true,-0.012017019093036652
1765400107809042944,T7,AIN2,Voltage,true,-0.01138623058795929
1765400107809061888,T7,AIN2,Voltage,true,-0.01170162484049797
1765400107809072896,T7,AIN2,Voltage,true,-0.012017019093036652
1765400107809083904,T7,AIN2,Voltage,true,-0.01170162484049797
1765400107809094912,T7,AIN2,Voltage,true,-0.012332413345575333
1765400107809105920,T7,AIN2,Voltage,true,-0.012017019093036652
1765400107809115904,T7,AIN2,Voltage,true,-0.01138623058795929
1765400107809126912,T7,AIN2,Voltage,true,-0.012017019093036652
1765400107809137920,T7,AIN2,Voltage,true,-0.01170162484049797
1765400107809147904,T7,AIN2,Voltage,true,-0.012017019093036652
1765400107809158912,T7,AIN2,Voltage,true,-0.012017019093036652
1765400107809169920,T7,AIN2,Voltage,true,-0.012017019093036652
1765400107809179904,T7,AIN2,Voltage,true,-0.012017019093036652
1765400107809189888,T7,AIN2,Voltage,true,-0.012017019093036652
1765400107809200896,T7,AIN2,Voltage,true,-0.012332413345575333
1765400107809210880,T7,AIN2,Voltage,true,-0.01296320278197527
1765400107809221888,T7,AIN2,Voltage,true,-0.012332413345575333
1765400107809232896,T7,AIN2,Voltage,true,-0.012017019093036652
1765400107809243904,T7,AIN2,Voltage,true,-0.01170162484049797
1765400107809253888,T7,AIN2,Voltage,true,-0.012017019093036652
1765400107809264896,T7,AIN2,Voltage,true,-0.012332413345575333
1765400107809275904,T7,AIN2,Voltage,true,-0.012017019093036652
1765400107809285888,T7,AIN2,Voltage,true,-0.012017019093036652
1765400107809296896,T7,AIN2,Voltage,true,-0.01170162484049797
1765400107809306880,T7,AIN2,Voltage,true,-0.012332413345575333
1765400107809317888,T7,AIN2,Voltage,true,-0.01170162484049797
1765400107809328896,T7,AIN2,Voltage,true,-0.01170162484049797
1765400107809338880,T7,AIN2,Voltage,true,-0.01170162484049797
1765400107809349888,T7,AIN2,Voltage,true,-0.012647808529436588
1765400107809360896,T7,AIN2,Voltage,true,-0.01170162484049797
1765400107809382912,T7,AIN2,Voltage,true,-0.01170162484049797
1765400107809393920,T7,AIN2,Voltage,true,-0.012647808529436588
1765400107809403904,T7,AIN2,Voltage,true,-0.012017019093036652
1765400107809414912,T7,AIN2,Voltage,true,-0.012332413345575333
1765400107809425920,T7,AIN2,Voltage,true,-0.01170162484049797
1765400107809435904,T7,AIN2,Voltage,true,-0.012332413345575333
1765400107809446912,T7,AIN2,Voltage,true,-0.012017019093036652
1765400107809456896,T7,AIN2,Voltage,true,-0.01170162484049797
1765400107809466880,T7,AIN2,Voltage,true,-0.01138623058795929
1765400107809477888,T7,AIN2,Voltage,true,-0.012017019093036652
1765400107809488896,T7,AIN2,Voltage,true,-0.012017019093036652
1765400107809498880,T7,AIN2,Voltage,true,-0.012017019093036652
1765400107809509888,T7,AIN2,Voltage,true,-0.012017019093036652
1765400107809520896,T7,AIN2,Voltage,true,-0.012332413345575333
1765400107809530880,T7,AIN2,Voltage,true,-0.012332413345575333
1765400107809541888,T7,AIN2,Voltage,true,-0.01170162484049797
1765400107809552896,T7,AIN2,Voltage,true,-0.012332413345575333
1765400107809562880,T7,AIN2,Voltage,true,-0.012332413345575333
1765400107809573888,T7,AIN2,Voltage,true,-0.01170162484049797
1765400107809584128,T7,AIN2,Voltage,true,-0.012332413345575333
1765400107809594880,T7,AIN2,Voltage,true,-0.01170162484049797
1765400107809605888,T7,AIN2,Voltage,true,-0.011070836335420609
1765400107809616896,T7,AIN2,Voltage,true,-0.01138623058795929
1765400107809627904,T7,AIN2,Voltage,true,-0.012017019093036652
1765400107809637888,T7,AIN2,Voltage,true,-0.01138623058795929
1765400107809648896,T7,AIN2,Voltage,true,-0.01138623058795929
1765400107809658880,T7,AIN2,Voltage,true,-0.01138623058795929
1765400107809669888,T7,AIN2,Voltage,true,-0.01138623058795929
1765400107809680896,T7,AIN2,Voltage,true,-0.012017019093036652
1765400107809690880,T7,AIN2,Voltage,true,-0.012017019093036652
1765400107809701888,T7,AIN2,Voltage,true,-0.01170162484049797
1765400107809712128,T7,AIN2,Voltage,true,-0.01170162484049797
1765400107809722880,T7,AIN2,Voltage,true,-0.012332413345575333
1765400107809733888,T7,AIN2,Voltage,true,-0.012017019093036652
1765400107809743872,T7,AIN2,Voltage,true,-0.012332413345575333
1765400107809754880,T7,AIN2,Voltage,true,-0.011070836335420609
1765400107809765888,T7,AIN2,Voltage,true,-0.012017019093036652
1765400107809776128,T7,AIN2,Voltage,true,-0.012017019093036652
1765400107809786880,T7,AIN2,Voltage,true,-0.012017019093036652
1765400107809797120,T7,AIN2,Voltage,true,-0.01170162484049797
1765400107809807872,T7,AIN2,Voltage,true,-0.01170162484049797
1765400107809818880,T7,AIN2,Voltage,true,-0.012017019093036652
1765400107809829120,T7,AIN2,Voltage,true,-0.01170162484049797
1765400107809840128,T7,AIN2,Voltage,true,-0.01138623058795929
1765400107809850880,T7,AIN2,Voltage,true,-0.012647808529436588
1765400107809861888,T7,AIN2,Voltage,true,-0.012647808529436588
1765400107809871872,T7,AIN2,Voltage,true,-0.01170162484049797
1765400107809883904,T7,AIN2,Voltage,true,-0.01170162484049797
1765400107809893888,T7,AIN2,Voltage,true,-0.012332413345575333
1765400107809904896,T7,AIN2,Voltage,true,-0.012017019093036652
1765400107809914880,T7,AIN2,Voltage,true,-0.012017019093036652
1765400107809925888,T7,AIN2,Voltage,true,-0.012332413345575333
1765400107809936896,T7,AIN2,Voltage,true,-0.012332413345575333
1765400107809947904,T7,AIN2,Voltage,true,-0.012017019093036652
1765400107809958912,T7,AIN2,Voltage,true,-0.012017019093036652
1765400107809968896,T7,AIN2,Voltage,true,-0.01170162484049797
1765400107809979904,T7,AIN2,Voltage,true,-0.01170162484049797
1765400107809990912,T7,AIN2,Voltage,true,-0.01138623058795929
1765400107810001920,T7,AIN2,Voltage,true,-0.012332413345575333
1765400107810012928,T7,AIN2,Voltage,true,-0.01138623058795929
1765400107810022912,T7,AIN2,Voltage,true,-0.011070836335420609
1765400107810033920,T7,AIN2,Voltage,true,-0.01138623058795929
1765400107810044928,T7,AIN2,Voltage,true,-0.012332413345575333
1765400107810055936,T7,AIN2,Voltage,true,-0.012332413345575333
1765400107810065920,T7,AIN2,Voltage,true,-0.012647808529436588
1765400107810076928,T7,AIN2,Voltage,true,-0.012332413345575333
1765400107810087936,T7,AIN2,Voltage,true,-0.012017019093036652
1765400107810097920,T7,AIN2,Voltage,true,-0.012017019093036652
1765400107810108928,T7,AIN2,Voltage,true,-0.01170162484049797
1765400107810119936,T7,AIN2,Voltage,true,-0.012332413345575333
1765400107810129920,T7,AIN2,Voltage,true,-0.012332413345575333
1765400107810140928,T7,AIN2,Voltage,true,-0.01170162484049797
1765400107810151936,T7,AIN2,Voltage,true,-0.012332413345575333
1765400107810162944,T7,AIN2,Voltage,true,-0.01170162484049797
1765400107810172928,T7,AIN2,Voltage,true,-0.012647808529436588
1765400107810183936,T7,AIN2,Voltage,true,-0.012017019093036652
1765400107810194944,T7,AIN2,Voltage,true,-0.012017019093036652
1765400107810204928,T7,AIN2,Voltage,true,-0.012017019093036652
1765400107810213888,T7,AIN2,Voltage,true,-0.012017019093036652
1765400107810223104,T7,AIN2,Voltage,true,-0.01170162484049797
1765400107810232064,T7,AIN2,Voltage,true,-0.012647808529436588
1765400107810241024,T7,AIN2,Voltage,true,-0.012017019093036652
1765400107810249984,T7,AIN2,Voltage,true,-0.012017019093036652
1765400107810257920,T7,AIN2,Voltage,true,-0.012647808529436588
1765400107810266880,T7,AIN2,Voltage,true,-0.012332413345575333
1765400107810275072,T7,AIN2,Voltage,true,-0.012017019093036652
1765400107810284032,T7,AIN2,Voltage,true,-0.01170162484049797
1765400107810292992,T7,AIN2,Voltage,true,-0.012332413345575333
1765400107810301952,T7,AIN2,Voltage,true,-0.012017019093036652
1765400107810309888,T7,AIN2,Voltage,true,-0.012017019093036652
1765400107810319104,T7,AIN2,Voltage,true,-0.012017019093036652
1765400107810327040,T7,AIN2,Voltage,true,-0.01170162484049797
1765400107810336000,T7,AIN2,Voltage,true,-0.01138623058795929
1765400107810344960,T7,AIN2,Voltage,true,-0.01170162484049797
1765400107810353920,T7,AIN2,Voltage,true,-0.012332413345575333
1765400107810362880,T7,AIN2,Voltage,true,-0.012332413345575333
1765400107810372096,T7,AIN2,Voltage,true,-0.012332413345575333
1765400107810381056,T7,AIN2,Voltage,true,-0.01138623058795929
1765400107810388992,T7,AIN2,Voltage,true,-0.012017019093036652
1765400107810415104,T7,AIN2,Voltage,true,-0.012332413345575333
1765400107810425088,T7,AIN2,Voltage,true,-0.012332413345575333
1765400107810435072,T7,AIN2,Voltage,true,-0.012332413345575333
1765400107810444032,T7,AIN2,Voltage,true,-0.012332413345575333
1765400107810451968,T7,AIN2,Voltage,true,-0.012017019093036652
1765400107810460928,T7,AIN2,Voltage,true,-0.01170162484049797
1765400107810469120,T7,AIN2,Voltage,true,-0.01170162484049797
1765400107810478080,T7,AIN2,Voltage,true,-0.01138623058795929
1765400107810487040,T7,AIN2,Voltage,true,-0.012332413345575333
1765400107810496000,T7,AIN2,Voltage,true,-0.012017019093036652
1765400107810503936,T7,AIN2,Voltage,true,-0.012017019093036652
1765400107810512896,T7,AIN2,Voltage,true,-0.01170162484049797
1765400107810522112,T7,AIN2,Voltage,true,-0.012017019093036652
1765400107810530048,T7,AIN2,Voltage,true,-0.012017019093036652
1765400107810539008,T7,AIN2,Voltage,true,-0.012332413345575333
1765400107810547968,T7,AIN2,Voltage,true,-0.01170162484049797
1765400107810556928,T7,AIN2,Voltage,true,-0.01170162484049797
1765400107810565120,T7,AIN2,Voltage,true,-0.01138623058795929
1765400107810574080,T7,AIN2,Voltage,true,-0.012332413345575333
1765400107810583040,T7,AIN2,Voltage,true,-0.012332413345575333
1765400107810592000,T7,AIN2,Voltage,true,-0.012017019093036652
1765400107810599936,T7,AIN2,Voltage,true,-0.012017019093036652
1765400107810608896,T7,AIN2,Voltage,true,-0.012017019093036652
1765400107810617088,T7,AIN2,Voltage,true,-0.01170162484049797
1765400107810626048,T7,AIN2,Voltage,true,-0.01170162484049797
1765400107810635008,T7,AIN2,Voltage,true,-0.012017019093036652
1765400107810643968,T7,AIN2,Voltage,true,-0.012017019093036652
1765400107810651904,T7,AIN2,Voltage,true,-0.012017019093036652
1765400107810661120,T7,AIN2,Voltage,true,-0.01170162484049797
1765400107810670080,T7,AIN2,Voltage,true,-0.012647808529436588
1765400107810679040,T7,AIN2,Voltage,true,-0.012017019093036652
1765400107810688000,T7,AIN2,Voltage,true,-0.012017019093036652
1765400107810695936,T7,AIN2,Voltage,true,-0.01170162484049797
1765400107810704896,T7,AIN2,Voltage,true,-0.01170162484049797
1765400107810713088,T7,AIN2,Voltage,true,-0.01138623058795929
1765400107810722048,T7,AIN2,Voltage,true,-0.012332413345575333
1765400107810731008,T7,AIN2,Voltage,true,-0.012017019093036652
1765400107810739968,T7,AIN2,Voltage,true,-0.012017019093036652
1765400107810747904,T7,AIN2,Voltage,true,-0.01170162484049797
1765400107810757120,T7,AIN2,Voltage,true,-0.01170162484049797
1765400107810766080,T7,AIN2,Voltage,true,-0.012332413345575333
1765400107810775040,T7,AIN2,Voltage,true,-0.012332413345575333
1765400107810784000,T7,AIN2,Voltage,true,-0.012017019093036652
1765400107810791936,T7,AIN2,Voltage,true,-0.012332413345575333
1765400107810800896,T7,AIN2,Voltage,true,-0.012332413345575333
1765400107810810112,T7,AIN2,Voltage,true,-0.012017019093036652
1765400107810818048,T7,AIN2,Voltage,true,-0.012017019093036652
1765400107810827008,T7,AIN2,Voltage,true,-0.012332413345575333
1765400107810835968,T7,AIN2,Voltage,true,-0.012017019093036652
1765400107810843904,T7,AIN2,Voltage,true,-0.012332413345575333
1765400107810853120,T7,AIN2,Voltage,true,-0.012017019093036652
1765400107810862080,T7,AIN2,Voltage,true,-0.01138623058795929
1765400107810871040,T7,AIN2,Voltage,true,-0.012017019093036652
1765400107810878976,T7,AIN2,Voltage,true,-0.012017019093036652
1765400107810887936,T7,AIN2,Voltage,true,-0.012332413345575333
1765400107810896896,T7,AIN2,Voltage,true,-0.012017019093036652
1765400107810905088,T7,AIN2,Voltage,true,-0.01170162484049797
1765400107810914048,T7,AIN2,Voltage,true,-0.01170162484049797
1765400107810921984,T7,AIN2,Voltage,true,-0.01138623058795929
1765400107810930944,T7,AIN2,Voltage,true,-0.012017019093036652
1765400107810939904,T7,AIN2,Voltage,true,-0.01170162484049797
1765400107810949120,T7,AIN2,Voltage,true,-0.01170162484049797
1765400107810957056,T7,AIN2,Voltage,true,-0.012017019093036652
1765400107810966016,T7,AIN2,Voltage,true,-0.012332413345575333
1765400107810974976,T7,AIN2,Voltage,true,-0.01170162484049797
1765400107810983936,T7,AIN2,Voltage,true,-0.012017019093036652
1765400107810992128,T7,AIN2,Voltage,true,-0.012647808529436588
1765400107811001088,T7,AIN2,Voltage,true,-0.012017019093036652
1765400107811010048,T7,AIN2,Voltage,true,-0.012332413345575333
1765400107811019008,T7,AIN2,Voltage,true,-0.01170162484049797
1765400107811027968,T7,AIN2,Voltage,true,-0.012017019093036652
1765400107811035904,T7,AIN2,Voltage,true,-0.012332413345575333
1765400107811045120,T7,AIN2,Voltage,true,-0.012017019093036652
1765400107811053056,T7,AIN2,Voltage,true,-0.01170162484049797
1765400107811062016,T7,AIN2,Voltage,true,-0.012332413345575333
1765400107811070976,T7,AIN2,Voltage,true,-0.012017019093036652
1765400107811078912,T7,AIN2,Voltage,true,-0.012017019093036652
1765400107811088896,T7,AIN2,Voltage,true,-0.01170162484049797
1765400107811098112,T7,AIN2,Voltage,true,-0.012017019093036652
1765400107811107072,T7,AIN2,Voltage,true,-0.01170162484049797
1765400107811116032,T7,AIN2,Voltage,true,-0.012017019093036652
1765400107811123968,T7,AIN2,Voltage,true,-0.01170162484049797
1765400107811132928,T7,AIN2,Voltage,true,-0.012332413345575333
1765400107811141888,T7,AIN2,Voltage,true,-0.012017019093036652
1765400107811150080,T7,AIN2,Voltage,true,-0.012647808529436588
1765400107811159040,T7,AIN2,Voltage,true,-0.012332413345575333
1765400107811168000,T7,AIN2,Voltage,true,-0.012017019093036652
1765400107811175936,T7,AIN2,Voltage,true,-0.012647808529436588
1765400107811184896,T7,AIN2,Voltage,true,-0.01170162484049797
1765400107811194112,T7,AIN2,Voltage,true,-0.012017019093036652
1765400107811203072,T7,AIN2,Voltage,true,-0.012017019093036652
1765400107811211008,T7,AIN2,Voltage,true,-0.01170162484049797
1765400107811219968,T7,AIN2,Voltage,true,-0.012017019093036652
1765400107811228928,T7,AIN2,Voltage,true,-0.01170162484049797
1765400107811237888,T7,AIN2,Voltage,true,-0.01138623058795929
1765400107811247104,T7,AIN2,Voltage,true,-0.012017019093036652
1765400107811255040,T7,AIN2,Voltage,true,-0.012017019093036652
1765400107811264000,T7,AIN2,Voltage,true,-0.012017019093036652
1765400107811272960,T7,AIN2,Voltage,true,-0.01138623058795929
1765400107811281920,T7,AIN2,Voltage,true,-0.012332413345575333
1765400107811290112,T7,AIN2,Voltage,true,-0.012017019093036652
1765400107811299072,T7,AIN2,Voltage,true,-0.012332413345575333
1765400107811308032,T7,AIN2,Voltage,true,-0.012332413345575333
1765400107811316992,T7,AIN2,Voltage,true,-0.012017019093036652
1765400107811324928,T7,AIN2,Voltage,true,-0.01170162484049797
1765400107811333888,T7,AIN2,Voltage,true,-0.012017019093036652
1765400107811342080,T7,AIN2,Voltage,true,-0.01138623058795929
1765400107811351040,T7,AIN2,Voltage,true,-0.012332413345575333
1765400107811360000,T7,AIN2,Voltage,true,-0.01170162484049797
1765400107811368960,T7,AIN2,Voltage,true,-0.01138623058795929
1765400107811377920,T7,AIN2,Voltage,true,-0.01138623058795929
1765400107811386880,T7,AIN2,Voltage,true,-0.012017019093036652
1765400107811395072,T7,AIN2,Voltage,true,-0.012017019093036652
1765400107811404032,T7,AIN2,Voltage,true,-0.01138623058795929
1765400107811412992,T7,AIN2,Voltage,true,-0.01138623058795929
1765400107811421952,T7,AIN2,Voltage,true,-0.01170162484049797
1765400107811429888,T7,AIN2,Voltage,true,-0.012017019093036652
1765400107811439104,T7,AIN2,Voltage,true,-0.012332413345575333
1765400107811447040,T7,AIN2,Voltage,true,-0.01170162484049797
1765400107811456000,T7,AIN2,Voltage,true,-0.012332413345575333
1765400107811464960,T7,AIN2,Voltage,true,-0.01170162484049797
1765400107811473920,T7,AIN2,Voltage,true,-0.01170162484049797
1765400107811482880,T7,AIN2,Voltage,true,-0.012017019093036652
1765400107811491072,T7,AIN2,Voltage,true,-0.01138623058795929
1765400107811500032,T7,AIN2,Voltage,true,-0.01138623058795929
1765400107811508992,T7,AIN2,Voltage,true,-0.012332413345575333
1765400107811516928,T7,AIN2,Voltage,true,-0.01170162484049797
1765400107811525888,T7,AIN2,Voltage,true,-0.012017019093036652
1765400107811535104,T7,AIN2,Voltage,true,-0.01170162484049797
1765400107811560960,T7,AIN2,Voltage,true,-0.012647808529436588
1765400107811570944,T7,AIN2,Voltage,true,-0.01170162484049797
1765400107811579904,T7,AIN2,Voltage,true,-0.01138623058795929
1765400107811589888,T7,AIN2,Voltage,true,-0.012017019093036652
1765400107811599104,T7,AIN2,Voltage,true,-0.012332413345575333
1765400107811608064,T7,AIN2,Voltage,true,-0.012017019093036652
1765400107811617024,T7,AIN2,Voltage,true,-0.012017019093036652
1765400107811625984,T7,AIN2,Voltage,true,-0.012332413345575333
1765400107811634944,T7,AIN2,Voltage,true,-0.01170162484049797
1765400107811643904,T7,AIN2,Voltage,true,-0.01170162484049797
1765400107811653120,T7,AIN2,Voltage,true,-0.01170162484049797
1765400107811662080,T7,AIN2,Voltage,true,-0.012017019093036652
1765400107811670016,T7,AIN2,Voltage,true,-0.012332413345575333
1765400107811678976,T7,AIN2,Voltage,true,-0.012017019093036652
1765400107811687936,T7,AIN2,Voltage,true,-0.012017019093036652
1765400107811696128,T7,AIN2,Voltage,true,-0.012017019093036652
1765400107811705088,T7,AIN2,Voltage,true,-0.01170162484049797
1765400107811714048,T7,AIN2,Voltage,true,-0.012332413345575333
1765400107811723008,T7,AIN2,Voltage,true,-0.012332413345575333
1765400107811730944,T7,AIN2,Voltage,true,-0.01170162484049797
1765400107811739904,T7,AIN2,Voltage,true,-0.012017019093036652
1765400107811748096,T7,AIN2,Voltage,true,-0.01138623058795929
1765400107811757056,T7,AIN2,Voltage,true,-0.01170162484049797
1765400107811766016,T7,AIN2,Voltage,true,-0.01170162484049797
1765400107811773952,T7,AIN2,Voltage,true,-0.012017019093036652
1765400107811782912,T7,AIN2,Voltage,true,-0.01170162484049797
1765400107811791872,T7,AIN2,Voltage,true,-0.012332413345575333
1765400107811801088,T7,AIN2,Voltage,true,-0.01138623058795929
1765400107811810048,T7,AIN2,Voltage,true,-0.012332413345575333
1765400107811817984,T7,AIN2,Voltage,true,-0.01170162484049797
1765400107811826944,T7,AIN2,Voltage,true,-0.01170162484049797
1765400107811834880,T7,AIN2,Voltage,true,-0.01138623058795929
1765400107811844096,T7,AIN2,Voltage,true,-0.01170162484049797
1765400107811852032,T7,AIN2,Voltage,true,-0.012017019093036652
1765400107811860992,T7,AIN2,Voltage,true,-0.012017019093036652
1765400107811868928,T7,AIN2,Voltage,true,-0.012017019093036652
1765400107815759872,T7,AIN2,Voltage,true,-0.012332413345575333
1765400107815799040,T7,AIN2,Voltage,true,-0.012332413345575333
1765400107815811072,T7,AIN2,Voltage,true,-0.01170162484049797
1765400107815865088,T7,AIN2,Voltage,true,-0.012332413345575333
1765400107815898112,T7,AIN2,Voltage,true,-0.012017019093036652
1765400107816002048,T7,AIN2,Voltage,true,-0.012332413345575333
1765400107816016896,T7,AIN2,Voltage,true,-0.012017019093036652
1765400107816026880,T7,AIN2,Voltage,true,-0.01170162484049797
1765400107816037120,T7,AIN2,Voltage,true,-0.012332413345575333
1765400107817208064,T7,AIN2,Voltage,true,-0.01170162484049797
1765400107817220096,T7,AIN2,Voltage,true,-0.01170162484049797
1765400107817229056,T7,AIN2,Voltage,true,-0.012017019093036652
1765400107817239040,T7,AIN2,Voltage,true,-0.01138623058795929
1765400107817248000,T7,AIN2,Voltage,true,-0.01170162484049797
1765400107817255936,T7,AIN2,Voltage,true,-0.012017019093036652
1765400107817264896,T7,AIN2,Voltage,true,-0.01170162484049797
1765400107817274112,T7,AIN2,Voltage,true,-0.012017019093036652
1765400107817283072,T7,AIN2,Voltage,true,-0.012017019093036652
1765400107817341952,T7,AIN2,Voltage,true,-0.01138623058795929
1765400107817370112,T7,AIN2,Voltage,true,-0.01170162484049797
1765400107817382912,T7,AIN2,Voltage,true,-0.012647808529436588
1765400107817392896,T7,AIN2,Voltage,true,-0.012017019093036652
1765400107817404928,T7,AIN2,Voltage,true,-0.012017019093036652
1765400107817414912,T7,AIN2,Voltage,true,-0.01170162484049797
1765400107817424896,T7,AIN2,Voltage,true,-0.01170162484049797
1765400107817433088,T7,AIN2,Voltage,true,-0.01170162484049797
1765400107817442048,T7,AIN2,Voltage,true,-0.01170162484049797
1765400107817858048,T7,AIN2,Voltage,true,-0.01170162484049797
1765400107817869056,T7,AIN2,Voltage,true,-0.011070836335420609
1765400107817880064,T7,AIN2,Voltage,true,-0.01170162484049797
1765400107817889024,T7,AIN2,Voltage,true,-0.01170162484049797
1765400107817896960,T7,AIN2,Voltage,true,-0.012017019093036652
1765400107817905920,T7,AIN2,Voltage,true,-0.01170162484049797
1765400107817914880,T7,AIN2,Voltage,true,-0.012017019093036652
1765400107817924096,T7,AIN2,Voltage,true,-0.01170162484049797
1765400107817933056,T7,AIN2,Voltage,true,-0.012017019093036652
1765400107818092032,T7,AIN2,Voltage,true,-0.012332413345575333
1765400107818100992,T7,AIN2,Voltage,true,-0.012332413345575333
1765400107818107904,T7,AIN2,Voltage,true,-0.01170162484049797
1765400107818116096,T7,AIN2,Voltage,true,-0.012017019093036652
1765400107818123008,T7,AIN2,Voltage,true,-0.012332413345575333
1765400107818131968,T7,AIN2,Voltage,true,-0.01138623058795929
1765400107818139904,T7,AIN2,Voltage,true,-0.012332413345575333
1765400107818148096,T7,AIN2,Voltage,true,-0.011070836335420609
1765400107818156032,T7,AIN2,Voltage,true,-0.012017019093036652
1765400107818163968,T7,AIN2,Voltage,true,-0.012017019093036652
1765400107818171904,T7,AIN2,Voltage,true,-0.012017019093036652
1765400107818179072,T7,AIN2,Voltage,true,-0.012017019093036652
1765400107818185984,T7,AIN2,Voltage,true,-0.01138623058795929
1765400107818193920,T7,AIN2,Voltage,true,-0.01170162484049797
1765400107818202112,T7,AIN2,Voltage,true,-0.012332413345575333
1765400107818209024,T7,AIN2,Voltage,true,-0.012017019093036652
1765400107818216960,T7,AIN2,Voltage,true,-0.01170162484049797
1765400107818224128,T7,AIN2,Voltage,true,-0.012017019093036652
1765400107818232064,T7,AIN2,Voltage,true,-0.012017019093036652
1765400107818240000,T7,AIN2,Voltage,true,-0.01170162484049797
1765400107818246912,T7,AIN2,Voltage,true,-0.01170162484049797
1765400107818255104,T7,AIN2,Voltage,true,-0.01170162484049797
1765400107818262016,T7,AIN2,Voltage,true,-0.01170162484049797
1765400107818269952,T7,AIN2,Voltage,true,-0.012017019093036652
1765400107818277888,T7,AIN2,Voltage,true,-0.012017019093036652
1765400107818285056,T7,AIN2,Voltage,true,-0.012017019093036652
1765400107818292992,T7,AIN2,Voltage,true,-0.01170162484049797
1765400107818299904,T7,AIN2,Voltage,true,-0.01170162484049797
1765400107818308096,T7,AIN2,Voltage,true,-0.012017019093036652
1765400107818315008,T7,AIN2,Voltage,true,-0.01170162484049797
1765400107818321920,T7,AIN2,Voltage,true,-0.01170162484049797
1765400107818330112,T7,AIN2,Voltage,true,-0.01138623058795929
1765400107818337024,T7,AIN2,Voltage,true,-0.012332413345575333
1765400107818344960,T7,AIN2,Voltage,true,-0.012017019093036652
1765400107818352896,T7,AIN2,Voltage,true,-0.012647808529436588
1765400107818361088,T7,AIN2,Voltage,true,-0.01138623058795929
1765400107818369024,T7,AIN2,Voltage,true,-0.01170162484049797
1765400107818376960,T7,AIN2,Voltage,true,-0.012017019093036652
1765400107818384896,T7,AIN2,Voltage,true,-0.012017019093036652
1765400107818393088,T7,AIN2,Voltage,true,-0.012017019093036652
1765400107818400000,T7,AIN2,Voltage,true,-0.01170162484049797
1765400107818407936,T7,AIN2,Voltage,true,-0.012647808529436588
1765400107818416128,T7,AIN2,Voltage,true,-0.012647808529436588
1765400107818423040,T7,AIN2,Voltage,true,-0.01170162484049797
1765400107818430976,T7,AIN2,Voltage,true,-0.012332413345575333
1765400107818437888,T7,AIN2,Voltage,true,-0.012647808529436588
1765400107818446080,T7,AIN2,Voltage,true,-0.01170162484049797
1765400107818452992,T7,AIN2,Voltage,true,-0.01170162484049797
1765400107818460928,T7,AIN2,Voltage,true,-0.01170162484049797
1765400107818468096,T7,AIN2,Voltage,true,-0.012017019093036652
1765400107818476032,T7,AIN2,Voltage,true,-0.012647808529436588
1765400107818482944,T7,AIN2,Voltage,true,-0.012017019093036652
1765400107818490112,T7,AIN2,Voltage,true,-0.012332413345575333
1765400107818499072,T7,AIN2,Voltage,true,-0.01170162484049797
1765400107818505984,T7,AIN2,Voltage,true,-0.01170162484049797
1765400107818513920,T7,AIN2,Voltage,true,-0.012017019093036652
1765400107818522112,T7,AIN2,Voltage,true,-0.012017019093036652
1765400107818555904,T7,AIN2,Voltage,true,-0.01170162484049797
1765400107818566912,T7,AIN2,Voltage,true,-0.01170162484049797
1765400107818575104,T7,AIN2,Voltage,true,-0.01170162484049797
1765400107818583040,T7,AIN2,Voltage,true,-0.01170162484049797
1765400107818589952,T7,AIN2,Voltage,true,-0.012017019093036652
1765400107818597888,T7,AIN2,Voltage,true,-0.012647808529436588
1765400107818606080,T7,AIN2,Voltage,true,-0.012017019093036652
1765400107818612992,T7,AIN2,Voltage,true,-0.012647808529436588
1765400107818620928,T7,AIN2,Voltage,true,-0.012017019093036652
1765400107818629120,T7,AIN2,Voltage,true,-0.012017019093036652
1765400107818636032,T7,AIN2,Voltage,true,-0.01170162484049797
1765400107818643968,T7,AIN2,Voltage,true,-0.012647808529436588
1765400107818650880,T7,AIN2,Voltage,true,-0.012017019093036652
1765400107818659072,T7,AIN2,Voltage,true,-0.012017019093036652
1765400107818665984,T7,AIN2,Voltage,true,-0.012017019093036652
1765400107818673920,T7,AIN2,Voltage,true,-0.01138623058795929
1765400107818681088,T7,AIN2,Voltage,true,-0.01170162484049797
1765400107818689024,T7,AIN2,Voltage,true,-0.012017019093036652
1765400107818696960,T7,AIN2,Voltage,true,-0.01138623058795929
1765400107818703872,T7,AIN2,Voltage,true,-0.01170162484049797
1765400107818712064,T7,AIN2,Voltage,true,-0.01170162484049797
1765400107818718976,T7,AIN2,Voltage,true,-0.01170162484049797
1765400107818725888,T7,AIN2,Voltage,true,-0.012332413345575333
1765400107818734080,T7,AIN2,Voltage,true,-0.012332413345575333
1765400107818742016,T7,AIN2,Voltage,true,-0.01170162484049797
1765400107818749952,T7,AIN2,Voltage,true,-0.012647808529436588
1765400107818757888,T7,AIN2,Voltage,true,-0.012017019093036652
1765400107818765056,T7,AIN2,Voltage,true,-0.012017019093036652
1765400107818772992,T7,AIN2,Voltage,true,-0.012332413345575333
1765400107818780928,T7,AIN2,Voltage,true,-0.012647808529436588
1765400107818788096,T7,AIN2,Voltage,true,-0.012017019093036652
1765400107818797056,T7,AIN2,Voltage,true,-0.012332413345575333
1765400107818804992,T7,AIN2,Voltage,true,-0.012332413345575333
1765400107818812928,T7,AIN2,Voltage,true,-0.01170162484049797
1765400107818821120,T7,AIN2,Voltage,true,-0.01138623058795929
1765400107818829056,T7,AIN2,Voltage,true,-0.01138623058795929
1765400107818835968,T7,AIN2,Voltage,true,-0.01170162484049797
1765400107818843904,T7,AIN2,Voltage,true,-0.01138623058795929
1765400107818852096,T7,AIN2,Voltage,true,-0.01170162484049797
1765400107818860032,T7,AIN2,Voltage,true,-0.012017019093036652
1765400107818866944,T7,AIN2,Voltage,true,-0.012017019093036652
1765400107818874880,T7,AIN2,Voltage,true,-0.01170162484049797
1765400107818883072,T7,AIN2,Voltage,true,-0.012017019093036652
1765400107818889984,T7,AIN2,Voltage,true,-0.01170162484049797
1765400107818897920,T7,AIN2,Voltage,true,-0.012332413345575333
1765400107818906112,T7,AIN2,Voltage,true,-0.01170162484049797
1765400107818913024,T7,AIN2,Voltage,true,-0.01170162484049797
1765400107818920960,T7,AIN2,Voltage,true,-0.012017019093036652
1765400107818928128,T7,AIN2,Voltage,true,-0.012332413345575333
1765400107818935040,T7,AIN2,Voltage,true,-0.01138623058795929
1765400107818942976,T7,AIN2,Voltage,true,-0.01138623058795929
1765400107818949888,T7,AIN2,Voltage,true,-0.011070836335420609
1765400107818958080,T7,AIN2,Voltage,true,-0.01138623058795929
1765400107818966016,T7,AIN2,Voltage,true,-0.01138623058795929
1765400107818972928,T7,AIN2,Voltage,true,-0.012017019093036652
1765400107818981120,T7,AIN2,Voltage,true,-0.01138623058795929
1765400107818989056,T7,AIN2,Voltage,true,-0.01170162484049797
1765400107818995968,T7,AIN2,Voltage,true,-0.01170162484049797
1765400107819003904,T7,AIN2,Voltage,true,-0.012017019093036652
1765400107819012096,T7,AIN2,Voltage,true,-0.01170162484049797
1765400107819020032,T7,AIN2,Voltage,true,-0.01170162484049797
1765400107819026944,T7,AIN2,Voltage,true,-0.012332413345575333
1765400107819034880,T7,AIN2,Voltage,true,-0.012017019093036652
1765400107819043072,T7,AIN2,Voltage,true,-0.01170162484049797
1765400107819051008,T7,AIN2,Voltage,true,-0.01170162484049797
1765400107819058944,T7,AIN2,Voltage,true,-0.012332413345575333
1765400107819066112,T7,AIN2,Voltage,true,-0.012332413345575333
1765400107819074048,T7,AIN2,Voltage,true,-0.012017019093036652
1765400107819080960,T7,AIN2,Voltage,true,-0.01170162484049797
1765400107819088896,T7,AIN2,Voltage,true,-0.01138623058795929
1765400107819097088,T7,AIN2,Voltage,true,-0.01170162484049797
1765400107819104000,T7,AIN2,Voltage,true,-0.012017019093036652
1765400107819111936,T7,AIN2,Voltage,true,-0.01138623058795929
1765400107819119104,T7,AIN2,Voltage,true,-0.01170162484049797
1765400107819127040,T7,AIN2,Voltage,true,-0.01170162484049797
1765400107819133952,T7,AIN2,Voltage,true,-0.01170162484049797
1765400107819141888,T7,AIN2,Voltage,true,-0.01170162484049797
1765400107819149056,T7,AIN2,Voltage,true,-0.012332413345575333
1765400107819156992,T7,AIN2,Voltage,true,-0.012017019093036652
1765400107819164928,T7,AIN2,Voltage,true,-0.01170162484049797
1765400107819173120,T7,AIN2,Voltage,true,-0.01170162484049797
1765400107819180032,T7,AIN2,Voltage,true,-0.011070836335420609
1765400107819187968,T7,AIN2,Voltage,true,-0.01170162484049797
1765400107819195904,T7,AIN2,Voltage,true,-0.012017019093036652
1765400107819204096,T7,AIN2,Voltage,true,-0.012332413345575333
1765400107819211008,T7,AIN2,Voltage,true,-0.012017019093036652
1765400107819218944,T7,AIN2,Voltage,true,-0.01170162484049797
1765400107819226112,T7,AIN2,Voltage,true,-0.01170162484049797
1765400107819235072,T7,AIN2,Voltage,true,-0.012017019093036652
1765400107819243008,T7,AIN2,Voltage,true,-0.01138623058795929
1765400107819249920,T7,AIN2,Voltage,true,-0.01170162484049797
1765400107819258112,T7,AIN2,Voltage,true,-0.01170162484049797
1765400107819266048,T7,AIN2,Voltage,true,-0.01170162484049797
1765400107819273984,T7,AIN2,Voltage,true,-0.012647808529436588
1765400107819281920,T7,AIN2,Voltage,true,-0.012017019093036652
1765400107819289088,T7,AIN2,Voltage,true,-0.012332413345575333
1765400107819297024,T7,AIN2,Voltage,true,-0.01138623058795929
1765400107819305984,T7,AIN2,Voltage,true,-0.012017019093036652
1765400107819313920,T7,AIN2,Voltage,true,-0.01170162484049797
1765400107819321088,T7,AIN2,Voltage,true,-0.012017019093036652
1765400107819330048,T7,AIN2,Voltage,true,-0.01170162484049797
1765400107819337984,T7,AIN2,Voltage,true,-0.012647808529436588
1765400107819345920,T7,AIN2,Voltage,true,-0.012017019093036652
1765400107819353088,T7,AIN2,Voltage,true,-0.012017019093036652
1765400107819360000,T7,AIN2,Voltage,true,-0.01170162484049797
1765400107819367936,T7,AIN2,Voltage,true,-0.012332413345575333
1765400107819376128,T7,AIN2,Voltage,true,-0.012332413345575333
1765400107819383040,T7,AIN2,Voltage,true,-0.01170162484049797
1765400107819390976,T7,AIN2,Voltage,true,-0.012647808529436588
1765400107819398912,T7,AIN2,Voltage,true,-0.012017019093036652
1765400107819449088,T7,AIN2,Voltage,true,-0.012332413345575333
1765400107819460096,T7,AIN2,Voltage,true,-0.012332413345575333
1765400107819469056,T7,AIN2,Voltage,true,-0.01170162484049797
1765400107819478016,T7,AIN2,Voltage,true,-0.012017019093036652
1765400107819486976,T7,AIN2,Voltage,true,-0.012017019093036652
1765400107819494912,T7,AIN2,Voltage,true,-0.012017019093036652
1765400107819503104,T7,AIN2,Voltage,true,-0.012017019093036652
1765400107819511040,T7,AIN2,Voltage,true,-0.01170162484049797
1765400107819518976,T7,AIN2,Voltage,true,-0.012017019093036652
1765400107819526912,T7,AIN2,Voltage,true,-0.012017019093036652
1765400107819535104,T7,AIN2,Voltage,true,-0.012017019093036652
1765400107819543040,T7,AIN2,Voltage,true,-0.012017019093036652
1765400107819552000,T7,AIN2,Voltage,true,-0.012017019093036652
1765400107819559936,T7,AIN2,Voltage,true,-0.012017019093036652
1765400107819568128,T7,AIN2,Voltage,true,-0.01170162484049797
1765400107819575040,T7,AIN2,Voltage,true,-0.012017019093036652
1765400107819584000,T7,AIN2,Voltage,true,-0.012647808529436588
1765400107819591936,T7,AIN2,Voltage,true,-0.012017019093036652
1765400107819599872,T7,AIN2,Voltage,true,-0.012332413345575333
1765400107819747072,T7,AIN2,Voltage,true,-0.012332413345575333
1765400107819759104,T7,AIN2,Voltage,true,-0.012017019093036652
1765400107819767040,T7,AIN2,Voltage,true,-0.012332413345575333
1765400107819777024,T7,AIN2,Voltage,true,-0.012017019093036652
1765400107819783936,T7,AIN2,Voltage,true,-0.012017019093036652
1765400107819791872,T7,AIN2,Voltage,true,-0.012017019093036652
1765400107819799040,T7,AIN2,Voltage,true,-0.01170162484049797
1765400107819806976,T7,AIN2,Voltage,true,-0.01138623058795929
1765400107819814912,T7,AIN2,Voltage,true,-0.012332413345575333
1765400107819823104,T7,AIN2,Voltage,true,-0.012647808529436588
1765400107819832064,T7,AIN2,Voltage,true,-0.012332413345575333
1765400107819838976,T7,AIN2,Voltage,true,-0.012017019093036652
1765400107819846912,T7,AIN2,Voltage,true,-0.01296320278197527
1765400107819854080,T7,AIN2,Voltage,true,-0.012647808529436588
1765400107823112960,T7,AIN2,Voltage,true,-0.012017019093036652
1765400107823130112,T7,AIN2,Voltage,true,-0.012332413345575333
1765400107823138048,T7,AIN2,Voltage,true,-0.012332413345575333
1765400107823145984,T7,AIN2,Voltage,true,-0.012332413345575333
1765400107823153920,T7,AIN2,Voltage,true,-0.012332413345575333
1765400107823162112,T7,AIN2,Voltage,true,-0.01138623058795929
1765400107823169024,T7,AIN2,Voltage,true,-0.012017019093036652
1765400107823176960,T7,AIN2,Voltage,true,-0.012332413345575333
1765400107823183872,T7,AIN2,Voltage,true,-0.012332413345575333
1765400107824286976,T7,AIN2,Voltage,true,-0.01170162484049797
1765400107824300032,T7,AIN2,Voltage,true,-0.012017019093036652
1765400107824308992,T7,AIN2,Voltage,true,-0.012017019093036652
1765400107824316928,T7,AIN2,Voltage,true,-0.012647808529436588
1765400107824325120,T7,AIN2,Voltage,true,-0.012332413345575333
1765400107824332032,T7,AIN2,Voltage,true,-0.012647808529436588
1765400107824338944,T7,AIN2,Voltage,true,-0.012332413345575333
1765400107824346880,T7,AIN2,Voltage,true,-0.012647808529436588
1765400107824354048,T7,AIN2,Voltage,true,-0.012647808529436588
1765400107824555008,T7,AIN2,Voltage,true,-0.012647808529436588
1765400108791363072,T7,AIN2,Voltage,true,-0.012017019093036652
1765400108791516928,T7,AIN2,Voltage,true,-0.012017019093036652
1765400108791556096,T7,AIN2,Voltage,true,-0.012017019093036652
1765400108791585024,T7,AIN2,Voltage,true,-0.012332413345575333
1765400108791612928,T7,AIN2,Voltage,true,-0.01170162484049797
1765400108791640064,T7,AIN2,Voltage,true,-0.01138623058795929
1765400108791665920,T7,AIN2,Voltage,true,-0.01170162484049797
1765400108791691008,T7,AIN2,Voltage,true,-0.01170162484049797
1765400108791717120,T7,AIN2,Voltage,true,-0.012017019093036652
1765400108791744000,T7,AIN2,Voltage,true,-0.012017019093036652
1765400108791770880,T7,AIN2,Voltage,true,-0.01170162484049797
1765400108791795968,T7,AIN2,Voltage,true,-0.012332413345575333
1765400108791821056,T7,AIN2,Voltage,true,-0.012647808529436588
1765400108791846912,T7,AIN2,Voltage,true,-0.012332413345575333
1765400108791873024,T7,AIN2,Voltage,true,-0.012332413345575333
1765400108791898880,T7,AIN2,Voltage,true,-0.01170162484049797
1765400108791924992,T7,AIN2,Voltage,true,-0.012647808529436588
1765400108791951104,T7,AIN2,Voltage,true,-0.012647808529436588
1765400108791977984,T7,AIN2,Voltage,true,-0.012017019093036652
1765400108792003072,T7,AIN2,Voltage,true,-0.012332413345575333
1765400108792030976,T7,AIN2,Voltage,true,-0.012017019093036652
1765400108792057088,T7,AIN2,Voltage,true,-0.012647808529436588
1765400108792082944,T7,AIN2,Voltage,true,-0.012647808529436588
1765400108792110080,T7,AIN2,Voltage,true,-0.012017019093036652
1765400108792135936,T7,AIN2,Voltage,true,-0.012017019093036652
1765400108792161024,T7,AIN2,Voltage,true,-0.012332413345575333
1765400108792186880,T7,AIN2,Voltage,true,-0.012017019093036652
1765400108792212992,T7,AIN2,Voltage,true,-0.01138623058795929
1765400108792239104,T7,AIN2,Voltage,true,-0.01170162484049797
1765400108792263936,T7,AIN2,Voltage,true,-0.012332413345575333
1765400108792289024,T7,AIN2,Voltage,true,-0.012332413345575333
1765400108792313088,T7,AIN2,Voltage,true,-0.01296320278197527
1765400108792339968,T7,AIN2,Voltage,true,-0.012647808529436588
1765400108792366080,T7,AIN2,Voltage,true,-0.012647808529436588
1765400108792390912,T7,AIN2,Voltage,true,-0.012017019093036652
1765400108792416000,T7,AIN2,Voltage,true,-0.01170162484049797
1765400108792443904,T7,AIN2,Voltage,true,-0.012017019093036652
1765400108793470976,T7,AIN2,Voltage,true,-0.012017019093036652
1765400108793504000,T7,AIN2,Voltage,true,-0.012017019093036652
1765400108793519104,T7,AIN2,Voltage,true,-0.012647808529436588
1765400108793532928,T7,AIN2,Voltage,true,-0.012017019093036652
1765400108793547008,T7,AIN2,Voltage,true,-0.01170162484049797
1765400108793561088,T7,AIN2,Voltage,true,-0.012332413345575333
1765400108793573888,T7,AIN2,Voltage,true,-0.012332413345575333
1765400108793593088,T7,AIN2,Voltage,true,-0.012647808529436588
1765400108793606912,T7,AIN2,Voltage,true,-0.012017019093036652
1765400108793620992,T7,AIN2,Voltage,true,-0.012332413345575333
1765400108793634048,T7,AIN2,Voltage,true,-0.012332413345575333
1765400108793648896,T7,AIN2,Voltage,true,-0.01296320278197527
1765400108793661952,T7,AIN2,Voltage,true,-0.012332413345575333
1765400108793676032,T7,AIN2,Voltage,true,-0.012647808529436588
1765400108793689088,T7,AIN2,Voltage,true,-0.012017019093036652
1765400108793702912,T7,AIN2,Voltage,true,-0.01170162484049797
1765400108793716992,T7,AIN2,Voltage,true,-0.012017019093036652
1765400108793730048,T7,AIN2,Voltage,true,-0.01138623058795929
1765400108793743872,T7,AIN2,Voltage,true,-0.012017019093036652
1765400108793756928,T7,AIN2,Voltage,true,-0.012017019093036652
1765400108793771008,T7,AIN2,Voltage,true,-0.012017019093036652
1765400108793785088,T7,AIN2,Voltage,true,-0.012332413345575333
1765400108793798912,T7,AIN2,Voltage,true,-0.012017019093036652
1765400108793815040,T7,AIN2,Voltage,true,-0.012017019093036652
1765400108793829120,T7,AIN2,Voltage,true,-0.012647808529436588
1765400108793842944,T7,AIN2,Voltage,true,-0.012017019093036652
1765400108793857024,T7,AIN2,Voltage,true,-0.012017019093036652
1765400108793870080,T7,AIN2,Voltage,true,-0.012017019093036652
1765400108793883904,T7,AIN2,Voltage,true,-0.012017019093036652
1765400108793897984,T7,AIN2,Voltage,true,-0.012647808529436588
1765400108793912064,T7,AIN2,Voltage,true,-0.012017019093036652
1765400108793925888,T7,AIN2,Voltage,true,-0.012017019093036652
1765400108793938944,T7,AIN2,Voltage,true,-0.012017019093036652
1765400108793954048,T7,AIN2,Voltage,true,-0.012017019093036652
1765400108793967104,T7,AIN2,Voltage,true,-0.01170162484049797
1765400108793981952,T7,AIN2,Voltage,true,-0.01170162484049797
1765400108793996032,T7,AIN2,Voltage,true,-0.01138623058795929
1765400108794010112,T7,AIN2,Voltage,true,-0.011070836335420609
1765400108794023936,T7,AIN2,Voltage,true,-0.01170162484049797
1765400108794041088,T7,AIN2,Voltage,true,-0.012332413345575333
1765400108794054912,T7,AIN2,Voltage,true,-0.01170162484049797
1765400108794067968,T7,AIN2,Voltage,true,-0.012332413345575333
1765400108794083072,T7,AIN2,Voltage,true,-0.012017019093036652
1765400108794096896,T7,AIN2,Voltage,true,-0.012647808529436588
1765400108794112000,T7,AIN2,Voltage,true,-0.012017019093036652
1765400108794125056,T7,AIN2,Voltage,true,-0.012332413345575333
1765400108794138112,T7,AIN2,Voltage,true,-0.012647808529436588
1765400108794151936,T7,AIN2,Voltage,true,-0.01170162484049797
1765400108794164992,T7,AIN2,Voltage,true,-0.01170162484049797
1765400108794178048,T7,AIN2,Voltage,true,-0.012647808529436588
1765400108794191104,T7,AIN2,Voltage,true,-0.012332413345575333
1765400108794204928,T7,AIN2,Voltage,true,-0.01138623058795929
1765400108794217984,T7,AIN2,Voltage,true,-0.01170162484049797
1765400108794494976,T7,AIN2,Voltage,true,-0.01170162484049797
1765400108794513920,T7,AIN2,Voltage,true,-0.01170162484049797
1765400108794529024,T7,AIN2,Voltage,true,-0.012017019093036652
1765400108794544128,T7,AIN2,Voltage,true,-0.012332413345575333
1765400108794558976,T7,AIN2,Voltage,true,-0.012017019093036652
1765400108794572032,T7,AIN2,Voltage,true,-0.012017019093036652
1765400108794797056,T7,AIN2,Voltage,true,-0.012332413345575333
1765400108794831104,T7,AIN2,Voltage,true,-0.012017019093036652
1765400108794851072,T7,AIN2,Voltage,true,-0.012332413345575333
1765400108794866944,T7,AIN2,Voltage,true,-0.012332413345575333
1765400108794881024,T7,AIN2,Voltage,true,-0.01170162484049797
1765400108794895872,T7,AIN2,Voltage,true,-0.012332413345575333
1765400108794910976,T7,AIN2,Voltage,true,-0.012332413345575333
1765400108794924032,T7,AIN2,Voltage,true,-0.012017019093036652
1765400108794937088,T7,AIN2,Voltage,true,-0.012332413345575333
1765400108794950912,T7,AIN2,Voltage,true,-0.012332413345575333
1765400108794964992,T7,AIN2,Voltage,true,-0.01170162484049797
1765400108794979072,T7,AIN2,Voltage,true,-0.01170162484049797
1765400108794992896,T7,AIN2,Voltage,true,-0.01170162484049797
1765400108795005952,T7,AIN2,Voltage,true,-0.012017019093036652
1765400108795021056,T7,AIN2,Voltage,true,-0.012332413345575333
1765400108795034880,T7,AIN2,Voltage,true,-0.01138623058795929
1765400108795047936,T7,AIN2,Voltage,true,-0.012017019093036652
1765400108795062016,T7,AIN2,Voltage,true,-0.012017019093036652
1765400108795076096,T7,AIN2,Voltage,true,-0.012017019093036652
1765400108795089920,T7,AIN2,Voltage,true,-0.012017019093036652
1765400108795104000,T7,AIN2,Voltage,true,-0.012332413345575333
1765400108795118080,T7,AIN2,Voltage,true,-0.012017019093036652
1765400108795131904,T7,AIN2,Voltage,true,-0.012017019093036652
1765400108795144960,T7,AIN2,Voltage,true,-0.012017019093036652
1765400108795158016,T7,AIN2,Voltage,true,-0.012332413345575333
1765400108795173120,T7,AIN2,Voltage,true,-0.012332413345575333
1765400108795186944,T7,AIN2,Voltage,true,-0.012332413345575333
1765400108795202048,T7,AIN2,Voltage,true,-0.012647808529436588
1765400108795217920,T7,AIN2,Voltage,true,-0.012017019093036652
1765400108795230976,T7,AIN2,Voltage,true,-0.012332413345575333
1765400108795245056,T7,AIN2,Voltage,true,-0.012332413345575333
1765400108795258880,T7,AIN2,Voltage,true,-0.012017019093036652
1765400108795271936,T7,AIN2,Voltage,true,-0.012017019093036652
1765400108795287040,T7,AIN2,Voltage,true,-0.012332413345575333
1765400108795301120,T7,AIN2,Voltage,true,-0.012017019093036652
1765400108795314944,T7,AIN2,Voltage,true,-0.012332413345575333
1765400108795328000,T7,AIN2,Voltage,true,-0.012332413345575333
1765400108795341056,T7,AIN2,Voltage,true,-0.012332413345575333
1765400108795354880,T7,AIN2,Voltage,true,-0.012017019093036652
1765400108795367936,T7,AIN2,Voltage,true,-0.01138623058795929
1765400108795380992,T7,AIN2,Voltage,true,-0.01138623058795929
1765400108795395072,T7,AIN2,Voltage,true,-0.012332413345575333
1765400108795408896,T7,AIN2,Voltage,true,-0.012017019093036652
1765400108795421952,T7,AIN2,Voltage,true,-0.01170162484049797
1765400108795436032,T7,AIN2,Voltage,true,-0.012017019093036652
1765400108795449088,T7,AIN2,Voltage,true,-0.01138623058795929
1765400108795461888,T7,AIN2,Voltage,true,-0.01170162484049797
1765400108795475968,T7,AIN2,Voltage,true,-0.012647808529436588
1765400108795490048,T7,AIN2,Voltage,true,-0.01327859703451395
1765400108795504128,T7,AIN2,Voltage,true,-0.012017019093036652
1765400108795517952,T7,AIN2,Voltage,true,-0.012647808529436588
1765400108795532032,T7,AIN2,Voltage,true,-0.012017019093036652
1765400108795545088,T7,AIN2,Voltage,true,-0.012332413345575333
1765400108795558912,T7,AIN2,Voltage,true,-0.012647808529436588
1765400108795572992,T7,AIN2,Voltage,true,-0.012647808529436588
1765400108795587072,T7,AIN2,Voltage,true,-0.01170162484049797
1765400108795600896,T7,AIN2,Voltage,true,-0.012017019093036652
1765400108795613952,T7,AIN2,Voltage,true,-0.01138623058795929
1765400108795628032,T7,AIN2,Voltage,true,-0.01138623058795929
1765400108795642112,T7,AIN2,Voltage,true,-0.012647808529436588
1765400108795655936,T7,AIN2,Voltage,true,-0.01170162484049797
1765400108795670016,T7,AIN2,Voltage,true,-0.01170162484049797
1765400108795685120,T7,AIN2,Voltage,true,-0.01138623058795929
1765400108795698944,T7,AIN2,Voltage,true,-0.012332413345575333
1765400108795713024,T7,AIN2,Voltage,true,-0.012332413345575333
1765400108795729920,T7,AIN2,Voltage,true,-0.01170162484049797
1765400108795744000,T7,AIN2,Voltage,true,-0.012017019093036652
1765400108795759104,T7,AIN2,Voltage,true,-0.01170162484049797
1765400108795771904,T7,AIN2,Voltage,true,-0.012017019093036652
1765400108795784960,T7,AIN2,Voltage,true,-0.012332413345575333
1765400108795798016,T7,AIN2,Voltage,true,-0.01170162484049797
1765400108795812096,T7,AIN2,Voltage,true,-0.012647808529436588
1765400108795824896,T7,AIN2,Voltage,true,-0.01170162484049797
1765400108795836928,T7,AIN2,Voltage,true,-0.012017019093036652
1765400108795849984,T7,AIN2,Voltage,true,-0.012017019093036652
1765400108795863040,T7,AIN2,Voltage,true,-0.01170162484049797
1765400108795875072,T7,AIN2,Voltage,true,-0.01138623058795929
1765400108795889920,T7,AIN2,Voltage,true,-0.01138623058795929
1765400108798260992,T7,AIN2,Voltage,true,-0.01170162484049797
1765400108798298880,T7,AIN2,Voltage,true,-0.012332413345575333
1765400108798317056,T7,AIN2,Voltage,true,-0.01170162484049797
1765400108798331904,T7,AIN2,Voltage,true,-0.012017019093036652
1765400108798347008,T7,AIN2,Voltage,true,-0.012332413345575333
1765400108798361088,T7,AIN2,Voltage,true,-0.012332413345575333
1765400108798373888,T7,AIN2,Voltage,true,-0.012332413345575333
1765400108798386944,T7,AIN2,Voltage,true,-0.01170162484049797
1765400108798400000,T7,AIN2,Voltage,true,-0.012017019093036652
1765400108799987968,T7,AIN2,Voltage,true,-0.01170162484049797
1765400108800026880,T7,AIN2,Voltage,true,-0.012017019093036652
1765400108800045056,T7,AIN2,Voltage,true,-0.012017019093036652
1765400108800059904,T7,AIN2,Voltage,true,-0.01170162484049797
1765400108800075008,T7,AIN2,Voltage,true,-0.012017019093036652
1765400108800088064,T7,AIN2,Voltage,true,-0.012017019093036652
1765400108800103936,T7,AIN2,Voltage,true,-0.012017019093036652
1765400108800118016,T7,AIN2,Voltage,true,-0.01170162484049797
1765400108800132096,T7,AIN2,Voltage,true,-0.012017019093036652
1765400108800225024,T7,AIN2,Voltage,true,-0.01170162484049797
1765400108800246016,T7,AIN2,Voltage,true,-0.012332413345575333
1765400108800261120,T7,AIN2,Voltage,true,-0.012332413345575333
1765400108800273920,T7,AIN2,Voltage,true,-0.012017019093036652
1765400108800286976,T7,AIN2,Voltage,true,-0.012332413345575333
1765400108800300032,T7,AIN2,Voltage,true,-0.01170162484049797
1765400108800314112,T7,AIN2,Voltage,true,-0.012647808529436588
1765400108800326912,T7,AIN2,Voltage,true,-0.012017019093036652
1765400108800339968,T7,AIN2,Voltage,true,-0.012017019093036652
1765400108800472064,T7,AIN2,Voltage,true,-0.01170162484049797
1765400108800486912,T7,AIN2,Voltage,true,-0.01170162484049797
1765400108800500992,T7,AIN2,Voltage,true,-0.01170162484049797
1765400108800514048,T7,AIN2,Voltage,true,-0.01170162484049797
1765400108800530944,T7,AIN2,Voltage,true,-0.012647808529436588
1765400108800544000,T7,AIN2,Voltage,true,-0.012017019093036652
1765400108800558080,T7,AIN2,Voltage,true,-0.011070836335420609
1765400108800571904,T7,AIN2,Voltage,true,-0.01170162484049797
1765400108800584960,T7,AIN2,Voltage,true,-0.012332413345575333
1765400108800599040,T7,AIN2,Voltage,true,-0.012017019093036652
1765400108800612096,T7,AIN2,Voltage,true,-0.01170162484049797
1765400108800624896,T7,AIN2,Voltage,true,-0.01138623058795929
1765400108800638976,T7,AIN2,Voltage,true,-0.01170162484049797
1765400108800652032,T7,AIN2,Voltage,true,-0.012332413345575333
1765400108800666880,T7,AIN2,Voltage,true,-0.012647808529436588
1765400108800679936,T7,AIN2,Voltage,true,-0.012647808529436588
1765400108800694016,T7,AIN2,Voltage,true,-0.012017019093036652
1765400108800708096,T7,AIN2,Voltage,true,-0.012017019093036652
1765400108800720896,T7,AIN2,Voltage,true,-0.01170162484049797
1765400108800733952,T7,AIN2,Voltage,true,-0.01170162484049797
1765400108800747008,T7,AIN2,Voltage,true,-0.012017019093036652
1765400108800761088,T7,AIN2,Voltage,true,-0.01296320278197527
1765400108800774912,T7,AIN2,Voltage,true,-0.012017019093036652
1765400108800787968,T7,AIN2,Voltage,true,-0.012332413345575333
1765400108800889088,T7,AIN2,Voltage,true,-0.01138623058795929
1765400108800911104,T7,AIN2,Voltage,true,-0.01138623058795929
1765400108800923904,T7,AIN2,Voltage,true,-0.01170162484049797
1765400108800937984,T7,AIN2,Voltage,true,-0.012332413345575333
1765400108800954112,T7,AIN2,Voltage,true,-0.01170162484049797
1765400108800967936,T7,AIN2,Voltage,true,-0.01170162484049797
1765400108800982016,T7,AIN2,Voltage,true,-0.012017019093036652
1765400108800995072,T7,AIN2,Voltage,true,-0.012332413345575333
1765400108801007104,T7,AIN2,Voltage,true,-0.012017019093036652
1765400108801018112,T7,AIN2,Voltage,true,-0.01170162484049797
1765400108801029888,T7,AIN2,Voltage,true,-0.012647808529436588
1765400108801040896,T7,AIN2,Voltage,true,-0.012017019093036652
1765400108801051904,T7,AIN2,Voltage,true,-0.012332413345575333
1765400108801063936,T7,AIN2,Voltage,true,-0.012017019093036652
1765400108801075968,T7,AIN2,Voltage,true,-0.012332413345575333
1765400108801086976,T7,AIN2,Voltage,true,-0.01170162484049797
1765400108801099008,T7,AIN2,Voltage,true,-0.01170162484049797
1765400108801110016,T7,AIN2,Voltage,true,-0.012017019093036652
1765400108801122048,T7,AIN2,Voltage,true,-0.012017019093036652
1765400108801134080,T7,AIN2,Voltage,true,-0.012017019093036652
1765400108801145088,T7,AIN2,Voltage,true,-0.012332413345575333
1765400108801157120,T7,AIN2,Voltage,true,-0.012332413345575333
1765400108801167872,T7,AIN2,Voltage,true,-0.012647808529436588
1765400108801178880,T7,AIN2,Voltage,true,-0.012332413345575333
1765400108801190912,T7,AIN2,Voltage,true,-0.012647808529436588
1765400108801202944,T7,AIN2,Voltage,true,-0.012017019093036652
1765400108801214976,T7,AIN2,Voltage,true,-0.012332413345575333
1765400108801227008,T7,AIN2,Voltage,true,-0.012332413345575333
1765400108801238016,T7,AIN2,Voltage,true,-0.012017019093036652
1765400108801250048,T7,AIN2,Voltage,true,-0.01170162484049797
1765400108801262080,T7,AIN2,Voltage,true,-0.01138623058795929
1765400108801273088,T7,AIN2,Voltage,true,-0.01138623058795929
1765400108801285120,T7,AIN2,Voltage,true,-0.01138623058795929
1765400108801296896,T7,AIN2,Voltage,true,-0.012647808529436588
1765400108801308928,T7,AIN2,Voltage,true,-0.012017019093036652
1765400108801320960,T7,AIN2,Voltage,true,-0.012332413345575333
1765400108801331968,T7,AIN2,Voltage,true,-0.01170162484049797
1765400108801344000,T7,AIN2,Voltage,true,-0.012017019093036652
1765400108801356032,T7,AIN2,Voltage,true,-0.012017019093036652
1765400108801367040,T7,AIN2,Voltage,true,-0.012332413345575333
1765400108801378048,T7,AIN2,Voltage,true,-0.012647808529436588
1765400108801390080,T7,AIN2,Voltage,true,-0.012332413345575333
1765400108801402112,T7,AIN2,Voltage,true,-0.012647808529436588
1765400108801413120,T7,AIN2,Voltage,true,-0.012017019093036652
1765400108801423872,T7,AIN2,Voltage,true,-0.012647808529436588
1765400108801435904,T7,AIN2,Voltage,true,-0.01170162484049797
1765400108801446912,T7,AIN2,Voltage,true,-0.012017019093036652
1765400108801458944,T7,AIN2,Voltage,true,-0.011070836335420609
1765400108801470976,T7,AIN2,Voltage,true,-0.01170162484049797
1765400108801481984,T7,AIN2,Voltage,true,-0.01170162484049797
1765400108801494016,T7,AIN2,Voltage,true,-0.01138623058795929
1765400108801505024,T7,AIN2,Voltage,true,-0.012017019093036652
1765400108801516032,T7,AIN2,Voltage,true,-0.012017019093036652
1765400108801529088,T7,AIN2,Voltage,true,-0.01170162484049797
1765400108801541120,T7,AIN2,Voltage,true,-0.01138623058795929
1765400108801551872,T7,AIN2,Voltage,true,-0.01170162484049797
1765400108801563904,T7,AIN2,Voltage,true,-0.012017019093036652
1765400108801574912,T7,AIN2,Voltage,true,-0.012647808529436588
1765400108801586944,T7,AIN2,Voltage,true,-0.012017019093036652
1765400108801598976,T7,AIN2,Voltage,true,-0.01138623058795929
1765400108801609984,T7,AIN2,Voltage,true,-0.012332413345575333
1765400108801620992,T7,AIN2,Voltage,true,-0.012332413345575333
1765400108801633024,T7,AIN2,Voltage,true,-0.01170162484049797
1765400108801645056,T7,AIN2,Voltage,true,-0.012017019093036652
1765400108801656064,T7,AIN2,Voltage,true,-0.01170162484049797
1765400108801669120,T7,AIN2,Voltage,true,-0.012332413345575333
1765400108801680896,T7,AIN2,Voltage,true,-0.01170162484049797
1765400108801691904,T7,AIN2,Voltage,true,-0.012332413345575333
1765400108801703936,T7,AIN2,Voltage,true,-0.01170162484049797
1765400108801714944,T7,AIN2,Voltage,true,-0.01170162484049797
1765400108801726976,T7,AIN2,Voltage,true,-0.012017019093036652
1765400108801737984,T7,AIN2,Voltage,true,-0.012017019093036652
1765400108801750016,T7,AIN2,Voltage,true,-0.012017019093036652
1765400108801761024,T7,AIN2,Voltage,true,-0.01138623058795929
1765400108801773056,T7,AIN2,Voltage,true,-0.01296320278197527
1765400108801784064,T7,AIN2,Voltage,true,-0.01170162484049797
1765400108801795072,T7,AIN2,Voltage,true,-0.01170162484049797
1765400108801807104,T7,AIN2,Voltage,true,-0.012017019093036652
1765400108801818880,T7,AIN2,Voltage,true,-0.012017019093036652
1765400108801830912,T7,AIN2,Voltage,true,-0.012017019093036652
1765400108801841920,T7,AIN2,Voltage,true,-0.012017019093036652
1765400108801852928,T7,AIN2,Voltage,true,-0.01170162484049797
1765400108801864960,T7,AIN2,Voltage,true,-0.01170162484049797
1765400108801875968,T7,AIN2,Voltage,true,-0.01170162484049797
1765400108801888000,T7,AIN2,Voltage,true,-0.012017019093036652
1765400108801899008,T7,AIN2,Voltage,true,-0.012017019093036652
1765400108801911040,T7,AIN2,Voltage,true,-0.01138623058795929
1765400108801922048,T7,AIN2,Voltage,true,-0.01170162484049797
1765400108801933056,T7,AIN2,Voltage,true,-0.012332413345575333
1765400108801944064,T7,AIN2,Voltage,true,-0.012017019093036652
1765400108801956096,T7,AIN2,Voltage,true,-0.012017019093036652
1765400108801967104,T7,AIN2,Voltage,true,-0.01138623058795929
1765400108801978112,T7,AIN2,Voltage,true,-0.012332413345575333
1765400108801989888,T7,AIN2,Voltage,true,-0.012332413345575333
1765400108802001920,T7,AIN2,Voltage,true,-0.012017019093036652
1765400108802012928,T7,AIN2,Voltage,true,-0.012017019093036652
1765400108802023936,T7,AIN2,Voltage,true,-0.012017019093036652
1765400108802034944,T7,AIN2,Voltage,true,-0.012332413345575333
1765400108802046976,T7,AIN2,Voltage,true,-0.012332413345575333
1765400108802059008,T7,AIN2,Voltage,true,-0.012017019093036652
1765400108802070016,T7,AIN2,Voltage,true,-0.012332413345575333
1765400108802081024,T7,AIN2,Voltage,true,-0.01170162484049797
1765400108802093056,T7,AIN2,Voltage,true,-0.012017019093036652
1765400108802105088,T7,AIN2,Voltage,true,-0.012017019093036652
1765400108802116096,T7,AIN2,Voltage,true,-0.012017019093036652
1765400108802127104,T7,AIN2,Voltage,true,-0.012017019093036652
1765400108802138880,T7,AIN2,Voltage,true,-0.012647808529436588
1765400108802149888,T7,AIN2,Voltage,true,-0.012647808529436588
1765400108802161920,T7,AIN2,Voltage,true,-0.012647808529436588
1765400108802172928,T7,AIN2,Voltage,true,-0.01170162484049797
1765400108802184960,T7,AIN2,Voltage,true,-0.012017019093036652
1765400108802196992,T7,AIN2,Voltage,true,-0.012017019093036652
1765400108802208000,T7,AIN2,Voltage,true,-0.01138623058795929
1765400108802219008,T7,AIN2,Voltage,true,-0.01170162484049797
1765400108802230016,T7,AIN2,Voltage,true,-0.012017019093036652
1765400108802242048,T7,AIN2,Voltage,true,-0.01138623058795929
1765400108802253056,T7,AIN2,Voltage,true,-0.012017019093036652
1765400108802264064,T7,AIN2,Voltage,true,-0.012017019093036652
1765400108802275072,T7,AIN2,Voltage,true,-0.01170162484049797
1765400108802287104,T7,AIN2,Voltage,true,-0.012017019093036652
1765400108802298112,T7,AIN2,Voltage,true,-0.012332413345575333
1765400108802311936,T7,AIN2,Voltage,true,-0.01138623058795929
1765400108802322944,T7,AIN2,Voltage,true,-0.012017019093036652
1765400108802333952,T7,AIN2,Voltage,true,-0.012332413345575333
1765400108802344960,T7,AIN2,Voltage,true,-0.01170162484049797
1765400108802356992,T7,AIN2,Voltage,true,-0.012332413345575333
1765400108802368000,T7,AIN2,Voltage,true,-0.01138623058795929
1765400108802380032,T7,AIN2,Voltage,true,-0.01138623058795929
1765400108802391040,T7,AIN2,Voltage,true,-0.012017019093036652
1765400108802467072,T7,AIN2,Voltage,true,-0.012332413345575333
1765400108802480896,T7,AIN2,Voltage,true,-0.012017019093036652
1765400108802492928,T7,AIN2,Voltage,true,-0.01170162484049797
1765400108802503936,T7,AIN2,Voltage,true,-0.01170162484049797
1765400108802514944,T7,AIN2,Voltage,true,-0.01138623058795929
1765400108802526976,T7,AIN2,Voltage,true,-0.012332413345575333
1765400108802537984,T7,AIN2,Voltage,true,-0.012017019093036652
1765400108802550016,T7,AIN2,Voltage,true,-0.012017019093036652
1765400108802561024,T7,AIN2,Voltage,true,-0.012332413345575333
1765400108802573056,T7,AIN2,Voltage,true,-0.01170162484049797
1765400108802584064,T7,AIN2,Voltage,true,-0.012332413345575333
1765400108802595072,T7,AIN2,Voltage,true,-0.012017019093036652
1765400108802606080,T7,AIN2,Voltage,true,-0.012017019093036652
1765400108802618112,T7,AIN2,Voltage,true,-0.012017019093036652
1765400108802629120,T7,AIN2,Voltage,true,-0.01170162484049797
1765400108802640896,T7,AIN2,Voltage,true,-0.01138623058795929
1765400108802651904,T7,AIN2,Voltage,true,-0.01170162484049797
1765400108802662912,T7,AIN2,Voltage,true,-0.01170162484049797
1765400108802673920,T7,AIN2,Voltage,true,-0.012017019093036652
1765400108802685952,T7,AIN2,Voltage,true,-0.010755442082881927
1765400108802696960,T7,AIN2,Voltage,true,-0.01170162484049797
1765400108802708992,T7,AIN2,Voltage,true,-0.012017019093036652
1765400108802720000,T7,AIN2,Voltage,true,-0.01138623058795929
1765400108802731008,T7,AIN2,Voltage,true,-0.012332413345575333
1765400108802742016,T7,AIN2,Voltage,true,-0.01170162484049797
1765400108802754048,T7,AIN2,Voltage,true,-0.012017019093036652
1765400108802765056,T7,AIN2,Voltage,true,-0.01170162484049797
1765400108802776064,T7,AIN2,Voltage,true,-0.01138623058795929
1765400108802788096,T7,AIN2,Voltage,true,-0.012017019093036652
1765400108802799104,T7,AIN2,Voltage,true,-0.01170162484049797
1765400108802810112,T7,AIN2,Voltage,true,-0.012017019093036652
1765400108802821888,T7,AIN2,Voltage,true,-0.01170162484049797
1765400108802832896,T7,AIN2,Voltage,true,-0.012017019093036652
1765400108802843904,T7,AIN2,Voltage,true,-0.01170162484049797
1765400108802854912,T7,AIN2,Voltage,true,-0.01170162484049797
1765400108802865920,T7,AIN2,Voltage,true,-0.012017019093036652
1765400108802877952,T7,AIN2,Voltage,true,-0.01138623058795929
1765400108804231936,T7,AIN2,Voltage,true,-0.012017019093036652
1765400108804259072,T7,AIN2,Voltage,true,-0.012017019093036652
1765400108804272128,T7,AIN2,Voltage,true,-0.012017019093036652
1765400108804282880,T7,AIN2,Voltage,true,-0.012017019093036652
1765400108804293888,T7,AIN2,Voltage,true,-0.012017019093036652
1765400108804304896,T7,AIN2,Voltage,true,-0.012647808529436588
1765400108804315904,T7,AIN2,Voltage,true,-0.012017019093036652
1765400108804325888,T7,AIN2,Voltage,true,-0.012332413345575333
1765400108804336128,T7,AIN2,Voltage,true,-0.012332413345575333
1765400108805278976,T7,AIN2,Voltage,true,-0.012332413345575333
1765400108805315072,T7,AIN2,Voltage,true,-0.012017019093036652
1765400108805327872,T7,AIN2,Voltage,true,-0.01170162484049797
1765400108805340928,T7,AIN2,Voltage,true,-0.012332413345575333
1765400108805351936,T7,AIN2,Voltage,true,-0.01170162484049797
1765400108805362944,T7,AIN2,Voltage,true,-0.012332413345575333
1765400108805373952,T7,AIN2,Voltage,true,-0.012017019093036652
1765400108805385984,T7,AIN2,Voltage,true,-0.012332413345575333
1765400108805395968,T7,AIN2,Voltage,true,-0.01138623058795929
1765400108805408000,T7,AIN2,Voltage,true,-0.012017019093036652
1765400108805417984,T7,AIN2,Voltage,true,-0.01138623058795929
1765400108805428992,T7,AIN2,Voltage,true,-0.012017019093036652
1765400108805440000,T7,AIN2,Voltage,true,-0.012017019093036652
1765400108805449984,T7,AIN2,Voltage,true,-0.012017019093036652
1765400108805460992,T7,AIN2,Voltage,true,-0.012332413345575333
1765400108805513984,T7,AIN2,Voltage,true,-0.012332413345575333
1765400108805528064,T7,AIN2,Voltage,true,-0.012332413345575333
1765400108805539072,T7,AIN2,Voltage,true,-0.012017019093036652
1765400108805550080,T7,AIN2,Voltage,true,-0.012332413345575333
1765400108805562112,T7,AIN2,Voltage,true,-0.01170162484049797
1765400108805573120,T7,AIN2,Voltage,true,-0.012332413345575333
1765400108805583872,T7,AIN2,Voltage,true,-0.01170162484049797
1765400108805594880,T7,AIN2,Voltage,true,-0.012332413345575333
1765400108805605120,T7,AIN2,Voltage,true,-0.01138623058795929
1765400108805809920,T7,AIN2,Voltage,true,-0.01170162484049797
1765400108805829888,T7,AIN2,Voltage,true,-0.01296320278197527
1765400108805841920,T7,AIN2,Voltage,true,-0.012647808529436588
1765400108805853952,T7,AIN2,Voltage,true,-0.012017019093036652
1765400108805863936,T7,AIN2,Voltage,true,-0.012332413345575333
1765400108805874944,T7,AIN2,Voltage,true,-0.012332413345575333
1765400108805885952,T7,AIN2,Voltage,true,-0.012647808529436588
1765400108805897984,T7,AIN2,Voltage,true,-0.012017019093036652
1765400108805908992,T7,AIN2,Voltage,true,-0.012332413345575333
1765400108805921024,T7,AIN2,Voltage,true,-0.012647808529436588
1765400108805932032,T7,AIN2,Voltage,true,-0.012017019093036652
1765400108805943040,T7,AIN2,Voltage,true,-0.012332413345575333
1765400108805954048,T7,AIN2,Voltage,true,-0.012017019093036652
1765400108805965056,T7,AIN2,Voltage,true,-0.012017019093036652
1765400108805975040,T7,AIN2,Voltage,true,-0.012017019093036652
1765400108805986048,T7,AIN2,Voltage,true,-0.012017019093036652
1765400108805997056,T7,AIN2,Voltage,true,-0.01170162484049797
1765400108806008064,T7,AIN2,Voltage,true,-0.01170162484049797
1765400108806018048,T7,AIN2,Voltage,true,-0.01170162484049797
1765400108806029056,T7,AIN2,Voltage,true,-0.012017019093036652
1765400108806040064,T7,AIN2,Voltage,true,-0.01138623058795929
1765400108806052096,T7,AIN2,Voltage,true,-0.012017019093036652
1765400108806062080,T7,AIN2,Voltage,true,-0.012017019093036652
1765400108806074112,T7,AIN2,Voltage,true,-0.01138623058795929
1765400108806085120,T7,AIN2,Voltage,true,-0.01170162484049797
1765400108806095872,T7,AIN2,Voltage,true,-0.012332413345575333
1765400108806106880,T7,AIN2,Voltage,true,-0.01170162484049797
1765400108806117120,T7,AIN2,Voltage,true,-0.01170162484049797
1765400108806128128,T7,AIN2,Voltage,true,-0.01170162484049797
1765400108806138112,T7,AIN2,Voltage,true,-0.012017019093036652
1765400108806149120,T7,AIN2,Voltage,true,-0.012017019093036652
1765400108806159104,T7,AIN2,Voltage,true,-0.01138623058795929
1765400108806170880,T7,AIN2,Voltage,true,-0.012017019093036652
1765400108806181120,T7,AIN2,Voltage,true,-0.01138623058795929
1765400108806192128,T7,AIN2,Voltage,true,-0.01170162484049797
1765400108806202112,T7,AIN2,Voltage,true,-0.012017019093036652
1765400108806213120,T7,AIN2,Voltage,true,-0.01170162484049797
1765400108806223872,T7,AIN2,Voltage,true,-0.012017019093036652
1765400108806234112,T7,AIN2,Voltage,true,-0.012017019093036652
1765400108806246912,T7,AIN2,Voltage,true,-0.01170162484049797
1765400108806256896,T7,AIN2,Voltage,true,-0.012017019093036652
1765400108806268928,T7,AIN2,Voltage,true,-0.012017019093036652
1765400108806278912,T7,AIN2,Voltage,true,-0.012647808529436588
1765400108806289920,T7,AIN2,Voltage,true,-0.012017019093036652
1765400108806300928,T7,AIN2,Voltage,true,-0.012017019093036652
1765400108806311936,T7,AIN2,Voltage,true,-0.012017019093036652
1765400108806322944,T7,AIN2,Voltage,true,-0.01170162484049797
1765400108806332928,T7,AIN2,Voltage,true,-0.012332413345575333
1765400108806344960,T7,AIN2,Voltage,true,-0.01170162484049797
1765400108806354944,T7,AIN2,Voltage,true,-0.01138623058795929
1765400108806366976,T7,AIN2,Voltage,true,-0.01138623058795929
1765400108806376960,T7,AIN2,Voltage,true,-0.012017019093036652
1765400108806388992,T7,AIN2,Voltage,true,-0.012017019093036652
1765400108806398976,T7,AIN2,Voltage,true,-0.01170162484049797
1765400108806409984,T7,AIN2,Voltage,true,-0.01170162484049797
1765400108806420992,T7,AIN2,Voltage,true,-0.012647808529436588
1765400108806432000,T7,AIN2,Voltage,true,-0.012017019093036652
1765400108806443008,T7,AIN2,Voltage,true,-0.012332413345575333
1765400108806455040,T7,AIN2,Voltage,true,-0.012017019093036652
1765400108806507008,T7,AIN2,Voltage,true,-0.012332413345575333
1765400108806522880,T7,AIN2,Voltage,true,-0.012332413345575333
1765400108806533888,T7,AIN2,Voltage,true,-0.012017019093036652
1765400108806544896,T7,AIN2,Voltage,true,-0.012017019093036652
1765400108806556928,T7,AIN2,Voltage,true,-0.01170162484049797
1765400108806566912,T7,AIN2,Voltage,true,-0.012017019093036652
1765400108806577920,T7,AIN2,Voltage,true,-0.01170162484049797
1765400108806588928,T7,AIN2,Voltage,true,-0.01170162484049797
1765400108806599936,T7,AIN2,Voltage,true,-0.01170162484049797
1765400108806609920,T7,AIN2,Voltage,true,-0.012332413345575333
1765400108806621952,T7,AIN2,Voltage,true,-0.01170162484049797
1765400108806631936,T7,AIN2,Voltage,true,-0.012332413345575333
1765400108806643968,T7,AIN2,Voltage,true,-0.01170162484049797
1765400108806653952,T7,AIN2,Voltage,true,-0.01170162484049797
1765400108806665984,T7,AIN2,Voltage,true,-0.012017019093036652
1765400108806676992,T7,AIN2,Voltage,true,-0.012647808529436588
1765400108806688000,T7,AIN2,Voltage,true,-0.012332413345575333
1765400108806699008,T7,AIN2,Voltage,true,-0.01170162484049797
1765400108806710016,T7,AIN2,Voltage,true,-0.012332413345575333
1765400108806721024,T7,AIN2,Voltage,true,-0.01170162484049797
1765400108806731008,T7,AIN2,Voltage,true,-0.012017019093036652
1765400108806742016,T7,AIN2,Voltage,true,-0.01170162484049797
1765400108806753024,T7,AIN2,Voltage,true,-0.012017019093036652
1765400108806764032,T7,AIN2,Voltage,true,-0.012017019093036652
1765400108806774016,T7,AIN2,Voltage,true,-0.01170162484049797
1765400108806788096,T7,AIN2,Voltage,true,-0.01170162484049797
1765400108806799104,T7,AIN2,Voltage,true,-0.012017019093036652
1765400108806810112,T7,AIN2,Voltage,true,-0.012332413345575333
1765400108806821120,T7,AIN2,Voltage,true,-0.01170162484049797
1765400108806832128,T7,AIN2,Voltage,true,-0.012332413345575333
1765400108806843904,T7,AIN2,Voltage,true,-0.01170162484049797
1765400108806854912,T7,AIN2,Voltage,true,-0.012017019093036652
1765400108806864896,T7,AIN2,Voltage,true,-0.012647808529436588
1765400108806876928,T7,AIN2,Voltage,true,-0.012017019093036652
1765400108806887936,T7,AIN2,Voltage,true,-0.012017019093036652
1765400108806898944,T7,AIN2,Voltage,true,-0.012017019093036652
1765400108806908928,T7,AIN2,Voltage,true,-0.012017019093036652
1765400108806919936,T7,AIN2,Voltage,true,-0.012332413345575333
1765400108806930944,T7,AIN2,Voltage,true,-0.012017019093036652
1765400108806941952,T7,AIN2,Voltage,true,-0.012017019093036652
1765400108806951936,T7,AIN2,Voltage,true,-0.012017019093036652
1765400108806963968,T7,AIN2,Voltage,true,-0.012332413345575333
1765400108806974976,T7,AIN2,Voltage,true,-0.012332413345575333
1765400108806985984,T7,AIN2,Voltage,true,-0.012332413345575333
1765400108806995968,T7,AIN2,Voltage,true,-0.01170162484049797
1765400108807008000,T7,AIN2,Voltage,true,-0.012332413345575333
1765400108807017984,T7,AIN2,Voltage,true,-0.012332413345575333
1765400108807028992,T7,AIN2,Voltage,true,-0.01170162484049797
1765400108807040000,T7,AIN2,Voltage,true,-0.012017019093036652
1765400108807051008,T7,AIN2,Voltage,true,-0.01138623058795929
1765400108807062016,T7,AIN2,Voltage,true,-0.012017019093036652
1765400108807073024,T7,AIN2,Voltage,true,-0.012332413345575333
1765400108807084032,T7,AIN2,Voltage,true,-0.012017019093036652
1765400108807096064,T7,AIN2,Voltage,true,-0.012017019093036652
1765400108807106048,T7,AIN2,Voltage,true,-0.01170162484049797
1765400108807117056,T7,AIN2,Voltage,true,-0.01170162484049797
1765400108807128064,T7,AIN2,Voltage,true,-0.012332413345575333
1765400108807139072,T7,AIN2,Voltage,true,-0.01170162484049797
1765400108807150080,T7,AIN2,Voltage,true,-0.012017019093036652
1765400108807160064,T7,AIN2,Voltage,true,-0.012017019093036652
1765400108807171072,T7,AIN2,Voltage,true,-0.012017019093036652
1765400108807182080,T7,AIN2,Voltage,true,-0.012017019093036652
1765400108807193088,T7,AIN2,Voltage,true,-0.012017019093036652
1765400108807203072,T7,AIN2,Voltage,true,-0.012332413345575333
1765400108807214080,T7,AIN2,Voltage,true,-0.012017019093036652
1765400108807226112,T7,AIN2,Voltage,true,-0.012332413345575333
1765400108807237888,T7,AIN2,Voltage,true,-0.01170162484049797
1765400108807248896,T7,AIN2,Voltage,true,-0.01138623058795929
1765400108807259904,T7,AIN2,Voltage,true,-0.012017019093036652
1765400108807269888,T7,AIN2,Voltage,true,-0.012017019093036652
1765400108807280896,T7,AIN2,Voltage,true,-0.012332413345575333
1765400108807291904,T7,AIN2,Voltage,true,-0.01170162484049797
1765400108807303936,T7,AIN2,Voltage,true,-0.01170162484049797
1765400108807313920,T7,AIN2,Voltage,true,-0.012017019093036652
1765400108807324928,T7,AIN2,Voltage,true,-0.01170162484049797
1765400108807335936,T7,AIN2,Voltage,true,-0.01170162484049797
1765400108807346944,T7,AIN2,Voltage,true,-0.012332413345575333
1765400108807358976,T7,AIN2,Voltage,true,-0.012017019093036652
1765400108807371008,T7,AIN2,Voltage,true,-0.01170162484049797
1765400108807380992,T7,AIN2,Voltage,true,-0.012017019093036652
1765400108807393024,T7,AIN2,Voltage,true,-0.012017019093036652
1765400108807403008,T7,AIN2,Voltage,true,-0.01170162484049797
1765400108807416064,T7,AIN2,Voltage,true,-0.012332413345575333
1765400108807426048,T7,AIN2,Voltage,true,-0.012017019093036652
1765400108807437056,T7,AIN2,Voltage,true,-0.012332413345575333
1765400108807448064,T7,AIN2,Voltage,true,-0.01138623058795929
1765400108807459072,T7,AIN2,Voltage,true,-0.012017019093036652
1765400108807469056,T7,AIN2,Voltage,true,-0.012332413345575333
1765400108807480064,T7,AIN2,Voltage,true,-0.012332413345575333
1765400108807490048,T7,AIN2,Voltage,true,-0.01138623058795929
1765400108807501056,T7,AIN2,Voltage,true,-0.01138623058795929
1765400108807512064,T7,AIN2,Voltage,true,-0.012017019093036652
1765400108807522048,T7,AIN2,Voltage,true,-0.012017019093036652
1765400108807534080,T7,AIN2,Voltage,true,-0.012332413345575333
1765400108807545088,T7,AIN2,Voltage,true,-0.012017019093036652
1765400108807556096,T7,AIN2,Voltage,true,-0.01170162484049797
1765400108807567104,T7,AIN2,Voltage,true,-0.012332413345575333
1765400108807577088,T7,AIN2,Voltage,true,-0.012332413345575333
1765400108807588096,T7,AIN2,Voltage,true,-0.012017019093036652
1765400108807599104,T7,AIN2,Voltage,true,-0.012647808529436588
1765400108807610112,T7,AIN2,Voltage,true,-0.012017019093036652
1765400108807621120,T7,AIN2,Voltage,true,-0.012017019093036652
1765400108807631872,T7,AIN2,Voltage,true,-0.01138623058795929
1765400108807642880,T7,AIN2,Voltage,true,-0.01170162484049797
1765400108807653888,T7,AIN2,Voltage,true,-0.012017019093036652
1765400108807666944,T7,AIN2,Voltage,true,-0.012017019093036652
1765400108807677952,T7,AIN2,Voltage,true,-0.012332413345575333
1765400108807688960,T7,AIN2,Voltage,true,-0.012017019093036652
1765400108807699968,T7,AIN2,Voltage,true,-0.01170162484049797
1765400108807710976,T7,AIN2,Voltage,true,-0.012017019093036652
1765400108807721984,T7,AIN2,Voltage,true,-0.01170162484049797
1765400108807732992,T7,AIN2,Voltage,true,-0.012017019093036652
1765400108807744000,T7,AIN2,Voltage,true,-0.012332413345575333
1765400108807755008,T7,AIN2,Voltage,true,-0.012017019093036652
1765400108807766016,T7,AIN2,Voltage,true,-0.012647808529436588
1765400108807777024,T7,AIN2,Voltage,true,-0.012332413345575333
1765400108807788032,T7,AIN2,Voltage,true,-0.012017019093036652
1765400108807798016,T7,AIN2,Voltage,true,-0.012332413345575333
1765400108807810048,T7,AIN2,Voltage,true,-0.012647808529436588
1765400108807821056,T7,AIN2,Voltage,true,-0.01170162484049797
1765400108807832064,T7,AIN2,Voltage,true,-0.01170162484049797
1765400108807843072,T7,AIN2,Voltage,true,-0.01170162484049797
1765400108807854080,T7,AIN2,Voltage,true,-0.012017019093036652
1765400108807864064,T7,AIN2,Voltage,true,-0.01170162484049797
1765400108807875072,T7,AIN2,Voltage,true,-0.012017019093036652
1765400108807886080,T7,AIN2,Voltage,true,-0.012647808529436588
1765400108807897088,T7,AIN2,Voltage,true,-0.012332413345575333
1765400108807908096,T7,AIN2,Voltage,true,-0.012017019093036652
1765400108807919104,T7,AIN2,Voltage,true,-0.012017019093036652
1765400108807948032,T7,AIN2,Voltage,true,-0.012332413345575333
1765400108807961088,T7,AIN2,Voltage,true,-0.012647808529436588
1765400108807973120,T7,AIN2,Voltage,true,-0.012017019093036652
1765400108807983104,T7,AIN2,Voltage,true,-0.012017019093036652
1765400108807994880,T7,AIN2,Voltage,true,-0.012017019093036652
1765400108808005120,T7,AIN2,Voltage,true,-0.01170162484049797
1765400108808015872,T7,AIN2,Voltage,true,-0.012332413345575333
1765400108808026880,T7,AIN2,Voltage,true,-0.012017019093036652
1765400108808037888,T7,AIN2,Voltage,true,-0.012017019093036652
1765400108808048896,T7,AIN2,Voltage,true,-0.01170162484049797
1765400108808059904,T7,AIN2,Voltage,true,-0.012647808529436588
1765400108808070912,T7,AIN2,Voltage,true,-0.012332413345575333
1765400108808081920,T7,AIN2,Voltage,true,-0.01170162484049797
1765400108808092928,T7,AIN2,Voltage,true,-0.01170162484049797
1765400108808103936,T7,AIN2,Voltage,true,-0.01170162484049797
1765400108808114944,T7,AIN2,Voltage,true,-0.012017019093036652
1765400108808125952,T7,AIN2,Voltage,true,-0.012017019093036652
1765400108808136960,T7,AIN2,Voltage,true,-0.012017019093036652
1765400108808146944,T7,AIN2,Voltage,true,-0.012332413345575333
1765400108808157952,T7,AIN2,Voltage,true,-0.012017019093036652
1765400108808168960,T7,AIN2,Voltage,true,-0.012017019093036652
1765400108808179968,T7,AIN2,Voltage,true,-0.01170162484049797
1765400108808190976,T7,AIN2,Voltage,true,-0.012332413345575333
1765400108808201984,T7,AIN2,Voltage,true,-0.012332413345575333
1765400108808212992,T7,AIN2,Voltage,true,-0.011070836335420609
1765400108808224000,T7,AIN2,Voltage,true,-0.012017019093036652
1765400108808233984,T7,AIN2,Voltage,true,-0.012332413345575333
1765400108808244992,T7,AIN2,Voltage,true,-0.01170162484049797
1765400108808256000,T7,AIN2,Voltage,true,-0.01170162484049797
1765400108808268032,T7,AIN2,Voltage,true,-0.01170162484049797
1765400108808279040,T7,AIN2,Voltage,true,-0.012647808529436588
1765400108808290048,T7,AIN2,Voltage,true,-0.012332413345575333
1765400108808301056,T7,AIN2,Voltage,true,-0.012647808529436588
1765400108808312064,T7,AIN2,Voltage,true,-0.01170162484049797
1765400108808323072,T7,AIN2,Voltage,true,-0.012332413345575333
1765400108808333056,T7,AIN2,Voltage,true,-0.012647808529436588
1765400108808345088,T7,AIN2,Voltage,true,-0.012647808529436588
1765400108808355072,T7,AIN2,Voltage,true,-0.012017019093036652
1765400108808367104,T7,AIN2,Voltage,true,-0.012017019093036652
1765400108808377088,T7,AIN2,Voltage,true,-0.01170162484049797
1765400108808388096,T7,AIN2,Voltage,true,-0.012017019093036652
1765400108808399104,T7,AIN2,Voltage,true,-0.012017019093036652
1765400108808410112,T7,AIN2,Voltage,true,-0.012332413345575333
1765400108808421120,T7,AIN2,Voltage,true,-0.01170162484049797
1765400108808431104,T7,AIN2,Voltage,true,-0.01138623058795929
1765400108808442880,T7,AIN2,Voltage,true,-0.012017019093036652
1765400108808453120,T7,AIN2,Voltage,true,-0.01170162484049797
1765400108808463872,T7,AIN2,Voltage,true,-0.012017019093036652
1765400108808474112,T7,AIN2,Voltage,true,-0.012017019093036652
1765400108808485120,T7,AIN2,Voltage,true,-0.01170162484049797
1765400108808496128,T7,AIN2,Voltage,true,-0.012647808529436588
1765400108808506880,T7,AIN2,Voltage,true,-0.012332413345575333
1765400108808517888,T7,AIN2,Voltage,true,-0.012017019093036652
1765400108808528896,T7,AIN2,Voltage,true,-0.012332413345575333
1765400108808539904,T7,AIN2,Voltage,true,-0.012647808529436588
1765400108808550912,T7,AIN2,Voltage,true,-0.012017019093036652
1765400108808560896,T7,AIN2,Voltage,true,-0.012647808529436588
1765400108808572928,T7,AIN2,Voltage,true,-0.01138623058795929
1765400108808582912,T7,AIN2,Voltage,true,-0.01170162484049797
1765400108808594944,T7,AIN2,Voltage,true,-0.01138623058795929
1765400108808605952,T7,AIN2,Voltage,true,-0.01170162484049797
1765400108808616960,T7,AIN2,Voltage,true,-0.01170162484049797
1765400108808627968,T7,AIN2,Voltage,true,-0.01170162484049797
1765400108808637952,T7,AIN2,Voltage,true,-0.01138623058795929
1765400108808648960,T7,AIN2,Voltage,true,-0.012017019093036652
1765400108808659968,T7,AIN2,Voltage,true,-0.012017019093036652
1765400108808670976,T7,AIN2,Voltage,true,-0.012017019093036652
1765400108808681984,T7,AIN2,Voltage,true,-0.012647808529436588
1765400108808692992,T7,AIN2,Voltage,true,-0.01170162484049797
1765400108808704000,T7,AIN2,Voltage,true,-0.012017019093036652
1765400108808715008,T7,AIN2,Voltage,true,-0.012017019093036652
1765400108808726016,T7,AIN2,Voltage,true,-0.012332413345575333
1765400108808737024,T7,AIN2,Voltage,true,-0.012017019093036652
1765400108808748032,T7,AIN2,Voltage,true,-0.01138623058795929
1765400108808759040,T7,AIN2,Voltage,true,-0.01138623058795929
1765400108808770048,T7,AIN2,Voltage,true,-0.012017019093036652
1765400108808781056,T7,AIN2,Voltage,true,-0.012017019093036652
1765400108808792064,T7,AIN2,Voltage,true,-0.01138623058795929
1765400108808803072,T7,AIN2,Voltage,true,-0.01170162484049797
1765400108808813056,T7,AIN2,Voltage,true,-0.01170162484049797
1765400108808824064,T7,AIN2,Voltage,true,-0.01170162484049797
1765400108808834048,T7,AIN2,Voltage,true,-0.01170162484049797
1765400108808845056,T7,AIN2,Voltage,true,-0.01170162484049797
1765400108808855040,T7,AIN2,Voltage,true,-0.012647808529436588
1765400108808866048,T7,AIN2,Voltage,true,-0.012017019093036652
1765400108808876032,T7,AIN2,Voltage,true,-0.012017019093036652
1765400108811699968,T7,AIN2,Voltage,true,-0.012647808529436588
1765400108811749888,T7,AIN2,Voltage,true,-0.012332413345575333
1765400108811760896,T7,AIN2,Voltage,true,-0.012647808529436588
1765400108811770112,T7,AIN2,Voltage,true,-0.01170162484049797
1765400108811779072,T7,AIN2,Voltage,true,-0.01170162484049797
1765400108811787008,T7,AIN2,Voltage,true,-0.01170162484049797
1765400108811795968,T7,AIN2,Voltage,true,-0.012017019093036652
1765400108811805952,T7,AIN2,Voltage,true,-0.01138623058795929
1765400108811814912,T7,AIN2,Voltage,true,-0.012017019093036652
1765400108812729088,T7,AIN2,Voltage,true,-0.012017019093036652
1765400108812754944,T7,AIN2,Voltage,true,-0.012332413345575333
1765400108812766976,T7,AIN2,Voltage,true,-0.01170162484049797
1765400108812776960,T7,AIN2,Voltage,true,-0.01138623058795929
1765400108812785920,T7,AIN2,Voltage,true,-0.01170162484049797
1765400108812794880,T7,AIN2,Voltage,true,-0.012017019093036652
1765400108812804096,T7,AIN2,Voltage,true,-0.012332413345575333
1765400108812814080,T7,AIN2,Voltage,true,-0.012647808529436588
1765400108812823040,T7,AIN2,Voltage,true,-0.012017019093036652
1765400108812832000,T7,AIN2,Voltage,true,-0.01296320278197527
1765400108812840960,T7,AIN2,Voltage,true,-0.01170162484049797
1765400108812849920,T7,AIN2,Voltage,true,-0.01170162484049797
1765400108812858880,T7,AIN2,Voltage,true,-0.012017019093036652
1765400108812867072,T7,AIN2,Voltage,true,-0.012017019093036652
1765400108812878080,T7,AIN2,Voltage,true,-0.012332413345575333
1765400108813238016,T7,AIN2,Voltage,true,-0.012332413345575333
1765400108813267968,T7,AIN2,Voltage,true,-0.012017019093036652
1765400108813276928,T7,AIN2,Voltage,true,-0.01170162484049797
1765400108813285888,T7,AIN2,Voltage,true,-0.012332413345575333
1765400108813295104,T7,AIN2,Voltage,true,-0.012332413345575333
1765400108813304064,T7,AIN2,Voltage,true,-0.012647808529436588
1765400108813313024,T7,AIN2,Voltage,true,-0.012332413345575333
1765400108813321984,T7,AIN2,Voltage,true,-0.01170162484049797
1765400108813330944,T7,AIN2,Voltage,true,-0.012332413345575333
1765400108813338880,T7,AIN2,Voltage,true,-0.012647808529436588
1765400108813348096,T7,AIN2,Voltage,true,-0.012332413345575333
1765400108813357056,T7,AIN2,Voltage,true,-0.012647808529436588
1765400108813366016,T7,AIN2,Voltage,true,-0.01170162484049797
1765400108813374976,T7,AIN2,Voltage,true,-0.012647808529436588
1765400108813383936,T7,AIN2,Voltage,true,-0.012332413345575333
1765400108813391872,T7,AIN2,Voltage,true,-0.012647808529436588
1765400108813402112,T7,AIN2,Voltage,true,-0.012017019093036652
1765400108813410048,T7,AIN2,Voltage,true,-0.012647808529436588
1765400108813420032,T7,AIN2,Voltage,true,-0.012017019093036652
1765400108813458944,T7,AIN2,Voltage,true,-0.012332413345575333
1765400108813472000,T7,AIN2,Voltage,true,-0.012332413345575333
1765400108813481984,T7,AIN2,Voltage,true,-0.012647808529436588
1765400108813490944,T7,AIN2,Voltage,true,-0.012017019093036652
1765400108813499904,T7,AIN2,Voltage,true,-0.012017019093036652
1765400108813509120,T7,AIN2,Voltage,true,-0.012332413345575333
1765400108813518080,T7,AIN2,Voltage,true,-0.01138623058795929
1765400108813527040,T7,AIN2,Voltage,true,-0.012017019093036652
1765400108813536000,T7,AIN2,Voltage,true,-0.012647808529436588
1765400108813545984,T7,AIN2,Voltage,true,-0.01170162484049797
1765400108813554944,T7,AIN2,Voltage,true,-0.012332413345575333
1765400108813563904,T7,AIN2,Voltage,true,-0.012017019093036652
1765400108813573120,T7,AIN2,Voltage,true,-0.012332413345575333
1765400108813583104,T7,AIN2,Voltage,true,-0.01138623058795929
1765400108813592064,T7,AIN2,Voltage,true,-0.012017019093036652
1765400108813600000,T7,AIN2,Voltage,true,-0.012332413345575333
1765400108813608960,T7,AIN2,Voltage,true,-0.01170162484049797
1765400108813619968,T7,AIN2,Voltage,true,-0.012017019093036652
1765400108813628928,T7,AIN2,Voltage,true,-0.012332413345575333
1765400108813637120,T7,AIN2,Voltage,true,-0.012017019093036652
1765400108813646080,T7,AIN2,Voltage,true,-0.012017019093036652
1765400108813655040,T7,AIN2,Voltage,true,-0.012332413345575333
1765400108813664000,T7,AIN2,Voltage,true,-0.012332413345575333
1765400108813672960,T7,AIN2,Voltage,true,-0.012332413345575333
1765400108813681920,T7,AIN2,Voltage,true,-0.01138623058795929
1765400108813690880,T7,AIN2,Voltage,true,-0.012332413345575333
1765400108813700096,T7,AIN2,Voltage,true,-0.012332413345575333
1765400108813709056,T7,AIN2,Voltage,true,-0.01170162484049797
1765400108813718016,T7,AIN2,Voltage,true,-0.012017019093036652
1765400108813726976,T7,AIN2,Voltage,true,-0.01170162484049797
1765400108813735936,T7,AIN2,Voltage,true,-0.01170162484049797
1765400108813744896,T7,AIN2,Voltage,true,-0.01138623058795929
1765400108813754112,T7,AIN2,Voltage,true,-0.01138623058795929
1765400108813763072,T7,AIN2,Voltage,true,-0.012017019093036652
1765400108813772032,T7,AIN2,Voltage,true,-0.012332413345575333
1765400108813780992,T7,AIN2,Voltage,true,-0.012017019093036652
1765400108813789952,T7,AIN2,Voltage,true,-0.01170162484049797
1765400108813799936,T7,AIN2,Voltage,true,-0.012017019093036652
1765400108813808896,T7,AIN2,Voltage,true,-0.01170162484049797
1765400108813817088,T7,AIN2,Voltage,true,-0.012017019093036652
1765400108813826048,T7,AIN2,Voltage,true,-0.012332413345575333
1765400108813836032,T7,AIN2,Voltage,true,-0.012332413345575333
1765400108813844992,T7,AIN2,Voltage,true,-0.012017019093036652
1765400108813853952,T7,AIN2,Voltage,true,-0.01170162484049797
1765400108813862912,T7,AIN2,Voltage,true,-0.012017019093036652
1765400108813872128,T7,AIN2,Voltage,true,-0.012332413345575333
1765400108813882112,T7,AIN2,Voltage,true,-0.012017019093036652
1765400108813890048,T7,AIN2,Voltage,true,-0.012332413345575333
1765400108813900032,T7,AIN2,Voltage,true,-0.01170162484049797
1765400108813907968,T7,AIN2,Voltage,true,-0.012017019093036652
1765400108813916928,T7,AIN2,Voltage,true,-0.012017019093036652
1765400108813934080,T7,AIN2,Voltage,true,-0.012017019093036652
1765400108813943040,T7,AIN2,Voltage,true,-0.012332413345575333
1765400108813953024,T7,AIN2,Voltage,true,-0.012332413345575333
1765400108813960960,T7,AIN2,Voltage,true,-0.012332413345575333
1765400108813969920,T7,AIN2,Voltage,true,-0.012017019093036652
1765400108813978880,T7,AIN2,Voltage,true,-0.012017019093036652
1765400108813987072,T7,AIN2,Voltage,true,-0.01170162484049797
1765400108813996032,T7,AIN2,Voltage,true,-0.012332413345575333
1765400108814004992,T7,AIN2,Voltage,true,-0.012017019093036652
1765400108814013952,T7,AIN2,Voltage,true,-0.012017019093036652
1765400108814021888,T7,AIN2,Voltage,true,-0.012332413345575333
1765400108814031104,T7,AIN2,Voltage,true,-0.012017019093036652
1765400108814040064,T7,AIN2,Voltage,true,-0.012017019093036652
1765400108814050048,T7,AIN2,Voltage,true,-0.012017019093036652
1765400108814060032,T7,AIN2,Voltage,true,-0.01170162484049797
1765400108814068992,T7,AIN2,Voltage,true,-0.01170162484049797
1765400108814077952,T7,AIN2,Voltage,true,-0.012332413345575333
1765400108814086912,T7,AIN2,Voltage,true,-0.012017019093036652
1765400108814095872,T7,AIN2,Voltage,true,-0.012332413345575333
1765400108814105088,T7,AIN2,Voltage,true,-0.012017019093036652
1765400108814125056,T7,AIN2,Voltage,true,-0.012332413345575333
1765400108814134016,T7,AIN2,Voltage,true,-0.012017019093036652
1765400108814142976,T7,AIN2,Voltage,true,-0.012647808529436588
1765400108814151936,T7,AIN2,Voltage,true,-0.012017019093036652
1765400108814159872,T7,AIN2,Voltage,true,-0.012647808529436588
1765400108814169088,T7,AIN2,Voltage,true,-0.012017019093036652
1765400108814178048,T7,AIN2,Voltage,true,-0.012332413345575333
1765400108814187008,T7,AIN2,Voltage,true,-0.01170162484049797
1765400108814195968,T7,AIN2,Voltage,true,-0.012017019093036652
1765400108814206976,T7,AIN2,Voltage,true,-0.012647808529436588
1765400108814215936,T7,AIN2,Voltage,true,-0.01296320278197527
1765400108814224896,T7,AIN2,Voltage,true,-0.012332413345575333
1765400108814234112,T7,AIN2,Voltage,true,-0.01138623058795929
1765400108814243072,T7,AIN2,Voltage,true,-0.012647808529436588
1765400108814252032,T7,AIN2,Voltage,true,-0.012017019093036652
1765400108814260992,T7,AIN2,Voltage,true,-0.012647808529436588
1765400108814269952,T7,AIN2,Voltage,true,-0.012647808529436588
1765400108814278912,T7,AIN2,Voltage,true,-0.012332413345575333
1765400108814287872,T7,AIN2,Voltage,true,-0.012332413345575333
1765400108814297088,T7,AIN2,Voltage,true,-0.012647808529436588
1765400108814308096,T7,AIN2,Voltage,true,-0.01296320278197527
1765400108814317056,T7,AIN2,Voltage,true,-0.012647808529436588
1765400108814326016,T7,AIN2,Voltage,true,-0.012017019093036652
1765400108814334976,T7,AIN2,Voltage,true,-0.012332413345575333
1765400108814343936,T7,AIN2,Voltage,true,-0.012017019093036652
1765400108814352896,T7,AIN2,Voltage,true,-0.01138623058795929
1765400108814362112,T7,AIN2,Voltage,true,-0.01138623058795929
1765400108814371072,T7,AIN2,Voltage,true,-0.012017019093036652
1765400108814380032,T7,AIN2,Voltage,true,-0.012647808529436588
1765400108814388992,T7,AIN2,Voltage,true,-0.012017019093036652
1765400108814397952,T7,AIN2,Voltage,true,-0.012332413345575333
1765400108814406912,T7,AIN2,Voltage,true,-0.012017019093036652
1765400108814415872,T7,AIN2,Voltage,true,-0.012332413345575333
1765400108814424064,T7,AIN2,Voltage,true,-0.012332413345575333
1765400108814434048,T7,AIN2,Voltage,true,-0.012332413345575333
1765400108814443008,T7,AIN2,Voltage,true,-0.012017019093036652
1765400108814451968,T7,AIN2,Voltage,true,-0.012647808529436588
1765400108814460928,T7,AIN2,Voltage,true,-0.012017019093036652
1765400108814470912,T7,AIN2,Voltage,true,-0.012647808529436588
1765400108814479872,T7,AIN2,Voltage,true,-0.012017019093036652
1765400108814490112,T7,AIN2,Voltage,true,-0.012332413345575333
1765400108814499072,T7,AIN2,Voltage,true,-0.012332413345575333
1765400108814508032,T7,AIN2,Voltage,true,-0.012647808529436588
1765400108814516992,T7,AIN2,Voltage,true,-0.012017019093036652
1765400108814525952,T7,AIN2,Voltage,true,-0.01170162484049797
1765400108814534912,T7,AIN2,Voltage,true,-0.012332413345575333
1765400108814544896,T7,AIN2,Voltage,true,-0.012647808529436588
1765400108814554112,T7,AIN2,Voltage,true,-0.01170162484049797
1765400108814563072,T7,AIN2,Voltage,true,-0.012332413345575333
1765400108814571008,T7,AIN2,Voltage,true,-0.012332413345575333
1765400108814579968,T7,AIN2,Voltage,true,-0.012332413345575333
1765400108814589952,T7,AIN2,Voltage,true,-0.01170162484049797
1765400108814598912,T7,AIN2,Voltage,true,-0.012017019093036652
1765400108814607872,T7,AIN2,Voltage,true,-0.012647808529436588
1765400108814617088,T7,AIN2,Voltage,true,-0.012647808529436588
1765400108814626048,T7,AIN2,Voltage,true,-0.012332413345575333
1765400108814635008,T7,AIN2,Voltage,true,-0.012332413345575333
1765400108814644992,T7,AIN2,Voltage,true,-0.012017019093036652
1765400108814670080,T7,AIN2,Voltage,true,-0.012647808529436588
1765400108814680064,T7,AIN2,Voltage,true,-0.012017019093036652
1765400108814690048,T7,AIN2,Voltage,true,-0.01138623058795929
1765400108814699008,T7,AIN2,Voltage,true,-0.01138623058795929
1765400108814707968,T7,AIN2,Voltage,true,-0.01170162484049797
1765400108814716928,T7,AIN2,Voltage,true,-0.012647808529436588
1765400108814725888,T7,AIN2,Voltage,true,-0.012332413345575333
1765400108814735104,T7,AIN2,Voltage,true,-0.012017019093036652
1765400108814745088,T7,AIN2,Voltage,true,-0.012332413345575333
1765400108814754048,T7,AIN2,Voltage,true,-0.012332413345575333
1765400108814763008,T7,AIN2,Voltage,true,-0.012017019093036652
1765400108814771968,T7,AIN2,Voltage,true,-0.012647808529436588
1765400108814780928,T7,AIN2,Voltage,true,-0.012647808529436588
1765400108814790912,T7,AIN2,Voltage,true,-0.012017019093036652
1765400108814799104,T7,AIN2,Voltage,true,-0.01170162484049797
1765400108814808064,T7,AIN2,Voltage,true,-0.012017019093036652
1765400108814817024,T7,AIN2,Voltage,true,-0.012017019093036652
1765400108814827008,T7,AIN2,Voltage,true,-0.012647808529436588
1765400108814834944,T7,AIN2,Voltage,true,-0.012017019093036652
1765400108814843904,T7,AIN2,Voltage,true,-0.012647808529436588
1765400108814853120,T7,AIN2,Voltage,true,-0.01170162484049797
1765400108814862080,T7,AIN2,Voltage,true,-0.01138623058795929
1765400108814871040,T7,AIN2,Voltage,true,-0.01170162484049797
1765400108814880000,T7,AIN2,Voltage,true,-0.012647808529436588
1765400108814888960,T7,AIN2,Voltage,true,-0.012647808529436588
1765400108814898944,T7,AIN2,Voltage,true,-0.012017019093036652
1765400108814906880,T7,AIN2,Voltage,true,-0.012332413345575333
1765400108814917120,T7,AIN2,Voltage,true,-0.012647808529436588
1765400108814926080,T7,AIN2,Voltage,true,-0.012647808529436588
1765400108814935040,T7,AIN2,Voltage,true,-0.012647808529436588
1765400108814944000,T7,AIN2,Voltage,true,-0.012647808529436588
1765400108814951936,T7,AIN2,Voltage,true,-0.012647808529436588
1765400108814960896,T7,AIN2,Voltage,true,-0.012332413345575333
1765400108814970112,T7,AIN2,Voltage,true,-0.012017019093036652
1765400108814979072,T7,AIN2,Voltage,true,-0.01170162484049797
1765400108814988032,T7,AIN2,Voltage,true,-0.012017019093036652
1765400108814996992,T7,AIN2,Voltage,true,-0.012332413345575333
1765400108815004928,T7,AIN2,Voltage,true,-0.012017019093036652
1765400108815013888,T7,AIN2,Voltage,true,-0.012017019093036652
1765400108815023104,T7,AIN2,Voltage,true,-0.012332413345575333
1765400108815032064,T7,AIN2,Voltage,true,-0.012017019093036652
1765400108815040000,T7,AIN2,Voltage,true,-0.012647808529436588
1765400108815048960,T7,AIN2,Voltage,true,-0.012332413345575333
1765400108815057920,T7,AIN2,Voltage,true,-0.012332413345575333
1765400108815066880,T7,AIN2,Voltage,true,-0.012017019093036652
1765400108815075072,T7,AIN2,Voltage,true,-0.012647808529436588
1765400108815084032,T7,AIN2,Voltage,true,-0.012332413345575333
1765400108815092992,T7,AIN2,Voltage,true,-0.012332413345575333
1765400108815101952,T7,AIN2,Voltage,true,-0.012017019093036652
1765400108815109888,T7,AIN2,Voltage,true,-0.012017019093036652
1765400108815119104,T7,AIN2,Voltage,true,-0.012017019093036652
1765400108815128064,T7,AIN2,Voltage,true,-0.012017019093036652
1765400108815136000,T7,AIN2,Voltage,true,-0.012647808529436588
1765400108815144960,T7,AIN2,Voltage,true,-0.012332413345575333
1765400108815153920,T7,AIN2,Voltage,true,-0.012017019093036652
1765400108815162112,T7,AIN2,Voltage,true,-0.012332413345575333
1765400108815171072,T7,AIN2,Voltage,true,-0.012017019093036652
1765400108815180032,T7,AIN2,Voltage,true,-0.01170162484049797
1765400108815188992,T7,AIN2,Voltage,true,-0.012332413345575333
1765400108815196928,T7,AIN2,Voltage,true,-0.01296320278197527
1765400108815205888,T7,AIN2,Voltage,true,-0.012332413345575333
1765400108815215104,T7,AIN2,Voltage,true,-0.012332413345575333
1765400108815223040,T7,AIN2,Voltage,true,-0.012647808529436588
1765400108815232000,T7,AIN2,Voltage,true,-0.012332413345575333
1765400108815240960,T7,AIN2,Voltage,true,-0.012647808529436588
1765400108815250944,T7,AIN2,Voltage,true,-0.012017019093036652
1765400108815258880,T7,AIN2,Voltage,true,-0.012017019093036652
1765400108815268096,T7,AIN2,Voltage,true,-0.012332413345575333
1765400108815277056,T7,AIN2,Voltage,true,-0.012017019093036652
1765400108815284992,T7,AIN2,Voltage,true,-0.01170162484049797
1765400108815293952,T7,AIN2,Voltage,true,-0.01170162484049797
1765400108815302912,T7,AIN2,Voltage,true,-0.012017019093036652
1765400108815311872,T7,AIN2,Voltage,true,-0.012332413345575333
1765400108815320064,T7,AIN2,Voltage,true,-0.012332413345575333
1765400108815329024,T7,AIN2,Voltage,true,-0.012332413345575333
1765400108815337984,T7,AIN2,Voltage,true,-0.01170162484049797
1765400108815345920,T7,AIN2,Voltage,true,-0.01138623058795929
1765400108815355904,T7,AIN2,Voltage,true,-0.012017019093036652
1765400108815364096,T7,AIN2,Voltage,true,-0.012647808529436588
1765400108815373056,T7,AIN2,Voltage,true,-0.012017019093036652
1765400108815382016,T7,AIN2,Voltage,true,-0.012017019093036652
1765400108815389952,T7,AIN2,Voltage,true,-0.01170162484049797
1765400108815398912,T7,AIN2,Voltage,true,-0.012017019093036652
1765400108815408128,T7,AIN2,Voltage,true,-0.01170162484049797
1765400108815417088,T7,AIN2,Voltage,true,-0.012017019093036652
1765400108815425024,T7,AIN2,Voltage,true,-0.01170162484049797
1765400108815433984,T7,AIN2,Voltage,true,-0.012017019093036652
1765400108815442944,T7,AIN2,Voltage,true,-0.012017019093036652
1765400108815451904,T7,AIN2,Voltage,true,-0.012017019093036652
1765400108815460096,T7,AIN2,Voltage,true,-0.012332413345575333
1765400108815469056,T7,AIN2,Voltage,true,-0.012017019093036652
1765400108815478016,T7,AIN2,Voltage,true,-0.012332413345575333
1765400108815486976,T7,AIN2,Voltage,true,-0.012017019093036652
1765400108815495936,T7,AIN2,Voltage,true,-0.01170162484049797
1765400108815503872,T7,AIN2,Voltage,true,-0.012017019093036652
1765400108815513088,T7,AIN2,Voltage,true,-0.012647808529436588
1765400108815522048,T7,AIN2,Voltage,true,-0.01170162484049797
1765400108815531008,T7,AIN2,Voltage,true,-0.012332413345575333
1765400108815538944,T7,AIN2,Voltage,true,-0.012332413345575333
1765400108815547904,T7,AIN2,Voltage,true,-0.012017019093036652
1765400108815557120,T7,AIN2,Voltage,true,-0.012332413345575333
1765400108815566080,T7,AIN2,Voltage,true,-0.012017019093036652
1765400108815575040,T7,AIN2,Voltage,true,-0.01170162484049797
1765400108815582976,T7,AIN2,Voltage,true,-0.012017019093036652
1765400108815591936,T7,AIN2,Voltage,true,-0.01170162484049797
1765400108815600896,T7,AIN2,Voltage,true,-0.012332413345575333
1765400108815609088,T7,AIN2,Voltage,true,-0.012017019093036652
1765400108815619072,T7,AIN2,Voltage,true,-0.01170162484049797
1765400108815627008,T7,AIN2,Voltage,true,-0.012017019093036652
1765400108815636992,T7,AIN2,Voltage,true,-0.012332413345575333
1765400108815645952,T7,AIN2,Voltage,true,-0.012647808529436588
1765400108815653888,T7,AIN2,Voltage,true,-0.012017019093036652
1765400108815663104,T7,AIN2,Voltage,true,-0.012332413345575333
1765400108815672064,T7,AIN2,Voltage,true,-0.012647808529436588
1765400108815681024,T7,AIN2,Voltage,true,-0.012017019093036652
1765400108815688960,T7,AIN2,Voltage,true,-0.012647808529436588
1765400108815697920,T7,AIN2,Voltage,true,-0.012647808529436588
1765400108815706880,T7,AIN2,Voltage,true,-0.012017019093036652
1765400108815716096,T7,AIN2,Voltage,true,-0.012332413345575333
1765400108815725056,T7,AIN2,Voltage,true,-0.012017019093036652
1765400108815732992,T7,AIN2,Voltage,true,-0.012332413345575333
1765400108815741952,T7,AIN2,Voltage,true,-0.012332413345575333
1765400108815750912,T7,AIN2,Voltage,true,-0.01170162484049797
1765400108815759104,T7,AIN2,Voltage,true,-0.012017019093036652
1765400108815768064,T7,AIN2,Voltage,true,-0.012332413345575333
1765400108815776000,T7,AIN2,Voltage,true,-0.012017019093036652
1765400108815784960,T7,AIN2,Voltage,true,-0.012647808529436588
1765400108815793920,T7,AIN2,Voltage,true,-0.012647808529436588
1765400108815802880,T7,AIN2,Voltage,true,-0.012647808529436588
1765400108815826944,T7,AIN2,Voltage,true,-0.012332413345575333
1765400109786420992,T7,AIN2,Voltage,true,-0.012332413345575333
1765400109786606080,T7,AIN2,Voltage,true,-0.012647808529436588
1765400109786649088,T7,AIN2,Voltage,true,-0.012332413345575333
1765400109786679040,T7,AIN2,Voltage,true,-0.012332413345575333
1765400109786706944,T7,AIN2,Voltage,true,-0.012647808529436588
1765400109786734080,T7,AIN2,Voltage,true,-0.012647808529436588
1765400109786758912,T7,AIN2,Voltage,true,-0.01170162484049797
1765400109786785024,T7,AIN2,Voltage,true,-0.012332413345575333
1765400109786810880,T7,AIN2,Voltage,true,-0.012332413345575333
1765400109786835968,T7,AIN2,Voltage,true,-0.012017019093036652
1765400109786862080,T7,AIN2,Voltage,true,-0.012332413345575333
1765400109786886912,T7,AIN2,Voltage,true,-0.012332413345575333
1765400109787008000,T7,AIN2,Voltage,true,-0.012647808529436588
1765400109787066880,T7,AIN2,Voltage,true,-0.01170162484049797
1765400109787101952,T7,AIN2,Voltage,true,-0.01170162484049797
1765400109787130112,T7,AIN2,Voltage,true,-0.012647808529436588
1765400109787158016,T7,AIN2,Voltage,true,-0.01296320278197527
1765400109787184896,T7,AIN2,Voltage,true,-0.012647808529436588
1765400109787211008,T7,AIN2,Voltage,true,-0.01170162484049797
1765400109787237120,T7,AIN2,Voltage,true,-0.012017019093036652
1765400109787264000,T7,AIN2,Voltage,true,-0.012647808529436588
1765400109787289088,T7,AIN2,Voltage,true,-0.012017019093036652
1765400109787314944,T7,AIN2,Voltage,true,-0.012647808529436588
1765400109787340032,T7,AIN2,Voltage,true,-0.012332413345575333
1765400109787365888,T7,AIN2,Voltage,true,-0.012017019093036652
1765400109787389952,T7,AIN2,Voltage,true,-0.01170162484049797
1765400109787416064,T7,AIN2,Voltage,true,-0.012332413345575333
1765400109787441920,T7,AIN2,Voltage,true,-0.012332413345575333
1765400109787468032,T7,AIN2,Voltage,true,-0.012332413345575333
1765400109787493888,T7,AIN2,Voltage,true,-0.012647808529436588
1765400109787521024,T7,AIN2,Voltage,true,-0.012647808529436588
1765400109787546880,T7,AIN2,Voltage,true,-0.012017019093036652
1765400109787575040,T7,AIN2,Voltage,true,-0.012332413345575333
1765400109787600896,T7,AIN2,Voltage,true,-0.012017019093036652
1765400109787627008,T7,AIN2,Voltage,true,-0.012332413345575333
1765400109787653888,T7,AIN2,Voltage,true,-0.012017019093036652
1765400109787680000,T7,AIN2,Voltage,true,-0.01170162484049797
1765400109787705088,T7,AIN2,Voltage,true,-0.012647808529436588
1765400109787736064,T7,AIN2,Voltage,true,-0.012017019093036652
1765400109787761920,T7,AIN2,Voltage,true,-0.012332413345575333
1765400109787791104,T7,AIN2,Voltage,true,-0.012017019093036652
1765400109787816960,T7,AIN2,Voltage,true,-0.01296320278197527
1765400109787843072,T7,AIN2,Voltage,true,-0.012332413345575333
1765400109787867904,T7,AIN2,Voltage,true,-0.012017019093036652
1765400109787895040,T7,AIN2,Voltage,true,-0.01170162484049797
1765400109787920896,T7,AIN2,Voltage,true,-0.012332413345575333
1765400109787947008,T7,AIN2,Voltage,true,-0.012647808529436588
1765400109787973120,T7,AIN2,Voltage,true,-0.012647808529436588
1765400109787997952,T7,AIN2,Voltage,true,-0.012332413345575333
1765400109788023040,T7,AIN2,Voltage,true,-0.012647808529436588
1765400109788048896,T7,AIN2,Voltage,true,-0.012647808529436588
1765400109788075008,T7,AIN2,Voltage,true,-0.012017019093036652
1765400109788102912,T7,AIN2,Voltage,true,-0.012017019093036652
1765400109788126976,T7,AIN2,Voltage,true,-0.01170162484049797
1765400109788153088,T7,AIN2,Voltage,true,-0.012332413345575333
1765400109788179968,T7,AIN2,Voltage,true,-0.012017019093036652
1765400109788206080,T7,AIN2,Voltage,true,-0.012017019093036652
1765400109788232960,T7,AIN2,Voltage,true,-0.01138623058795929
1765400109788259072,T7,AIN2,Voltage,true,-0.012017019093036652
1765400109788284928,T7,AIN2,Voltage,true,-0.012332413345575333
1765400109788311040,T7,AIN2,Voltage,true,-0.01170162484049797
1765400109788336896,T7,AIN2,Voltage,true,-0.012647808529436588
1765400109788363008,T7,AIN2,Voltage,true,-0.012017019093036652
1765400109788389888,T7,AIN2,Voltage,true,-0.012332413345575333
1765400109788419072,T7,AIN2,Voltage,true,-0.012017019093036652
1765400109788446976,T7,AIN2,Voltage,true,-0.012647808529436588
1765400109788473088,T7,AIN2,Voltage,true,-0.012647808529436588
1765400109788498944,T7,AIN2,Voltage,true,-0.012332413345575333
1765400109788526080,T7,AIN2,Voltage,true,-0.012017019093036652
1765400109788551936,T7,AIN2,Voltage,true,-0.012017019093036652
1765400109788579072,T7,AIN2,Voltage,true,-0.012017019093036652
1765400109788604928,T7,AIN2,Voltage,true,-0.01138623058795929
1765400109788631040,T7,AIN2,Voltage,true,-0.01138623058795929
1765400109788656896,T7,AIN2,Voltage,true,-0.011070836335420609
1765400109788684032,T7,AIN2,Voltage,true,-0.01170162484049797
1765400109788709888,T7,AIN2,Voltage,true,-0.01170162484049797
1765400109788745984,T7,AIN2,Voltage,true,-0.012017019093036652
1765400109788772096,T7,AIN2,Voltage,true,-0.012332413345575333
1765400109788798976,T7,AIN2,Voltage,true,-0.012332413345575333
1765400109788825088,T7,AIN2,Voltage,true,-0.012017019093036652
1765400109788852992,T7,AIN2,Voltage,true,-0.012017019093036652
1765400109788879872,T7,AIN2,Voltage,true,-0.012332413345575333
1765400109788907008,T7,AIN2,Voltage,true,-0.012647808529436588
1765400109788933888,T7,AIN2,Voltage,true,-0.012332413345575333
1765400109788961024,T7,AIN2,Voltage,true,-0.012332413345575333
1765400109788986880,T7,AIN2,Voltage,true,-0.012017019093036652
1765400109789014016,T7,AIN2,Voltage,true,-0.012017019093036652
1765400109789040896,T7,AIN2,Voltage,true,-0.01170162484049797
1765400109789068032,T7,AIN2,Voltage,true,-0.01170162484049797
1765400109789094912,T7,AIN2,Voltage,true,-0.012017019093036652
1765400109789122048,T7,AIN2,Voltage,true,-0.01170162484049797
1765400109789147904,T7,AIN2,Voltage,true,-0.012332413345575333
1765400109789175040,T7,AIN2,Voltage,true,-0.012332413345575333
1765400109789202944,T7,AIN2,Voltage,true,-0.012017019093036652
1765400109789232128,T7,AIN2,Voltage,true,-0.012647808529436588
1765400109789257984,T7,AIN2,Voltage,true,-0.012332413345575333
1765400109789283072,T7,AIN2,Voltage,true,-0.012332413345575333
1765400109789305088,T7,AIN2,Voltage,true,-0.01170162484049797
1765400109789319936,T7,AIN2,Voltage,true,-0.012332413345575333
1765400109789332992,T7,AIN2,Voltage,true,-0.01296320278197527
1765400109789346048,T7,AIN2,Voltage,true,-0.012017019093036652
1765400109789360128,T7,AIN2,Voltage,true,-0.01170162484049797
1765400109789373952,T7,AIN2,Voltage,true,-0.012017019093036652
1765400109789388032,T7,AIN2,Voltage,true,-0.012647808529436588
1765400109789401088,T7,AIN2,Voltage,true,-0.012332413345575333
1765400109789414912,T7,AIN2,Voltage,true,-0.012332413345575333
1765400109789428992,T7,AIN2,Voltage,true,-0.012647808529436588
1765400109789443072,T7,AIN2,Voltage,true,-0.01170162484049797
1765400109789458944,T7,AIN2,Voltage,true,-0.012332413345575333
1765400109789475072,T7,AIN2,Voltage,true,-0.012647808529436588
1765400109789488896,T7,AIN2,Voltage,true,-0.012332413345575333
1765400109789502976,T7,AIN2,Voltage,true,-0.012332413345575333
1765400109789517056,T7,AIN2,Voltage,true,-0.012647808529436588
1765400109789530880,T7,AIN2,Voltage,true,-0.012647808529436588
1765400109789544960,T7,AIN2,Voltage,true,-0.012647808529436588
1765400109789558016,T7,AIN2,Voltage,true,-0.012647808529436588
1765400109789571072,T7,AIN2,Voltage,true,-0.012017019093036652
1765400109789584896,T7,AIN2,Voltage,true,-0.012332413345575333
1765400109789598976,T7,AIN2,Voltage,true,-0.012017019093036652
1765400109789613056,T7,AIN2,Voltage,true,-0.01170162484049797
1765400109789626112,T7,AIN2,Voltage,true,-0.01138623058795929
1765400109789639936,T7,AIN2,Voltage,true,-0.012017019093036652
1765400109789655040,T7,AIN2,Voltage,true,-0.01296320278197527
1765400109789669120,T7,AIN2,Voltage,true,-0.012332413345575333
1765400109789681920,T7,AIN2,Voltage,true,-0.012017019093036652
1765400109789696000,T7,AIN2,Voltage,true,-0.01170162484049797
1765400109789711104,T7,AIN2,Voltage,true,-0.012017019093036652
1765400109789723904,T7,AIN2,Voltage,true,-0.012647808529436588
1765400109789828096,T7,AIN2,Voltage,true,-0.012647808529436588
1765400109789850880,T7,AIN2,Voltage,true,-0.012332413345575333
1765400109789865984,T7,AIN2,Voltage,true,-0.012647808529436588
1765400109789880064,T7,AIN2,Voltage,true,-0.012647808529436588
1765400109789893888,T7,AIN2,Voltage,true,-0.012647808529436588
1765400109789907968,T7,AIN2,Voltage,true,-0.012332413345575333
1765400109789922048,T7,AIN2,Voltage,true,-0.012332413345575333
1765400109789935104,T7,AIN2,Voltage,true,-0.012017019093036652
1765400109789947904,T7,AIN2,Voltage,true,-0.012017019093036652
1765400109789960960,T7,AIN2,Voltage,true,-0.012017019093036652
1765400109789975040,T7,AIN2,Voltage,true,-0.012017019093036652
1765400109789988096,T7,AIN2,Voltage,true,-0.012332413345575333
1765400109790001920,T7,AIN2,Voltage,true,-0.012017019093036652
1765400109790014976,T7,AIN2,Voltage,true,-0.012017019093036652
1765400109790028032,T7,AIN2,Voltage,true,-0.012332413345575333
1765400109790042112,T7,AIN2,Voltage,true,-0.01170162484049797
1765400109790054912,T7,AIN2,Voltage,true,-0.012017019093036652
1765400109790068992,T7,AIN2,Voltage,true,-0.012647808529436588
1765400109790084096,T7,AIN2,Voltage,true,-0.012332413345575333
1765400109790097920,T7,AIN2,Voltage,true,-0.012017019093036652
1765400109790110976,T7,AIN2,Voltage,true,-0.012332413345575333
1765400109790124032,T7,AIN2,Voltage,true,-0.012647808529436588
1765400109790138112,T7,AIN2,Voltage,true,-0.012017019093036652
1765400109790151936,T7,AIN2,Voltage,true,-0.012647808529436588
1765400109790164992,T7,AIN2,Voltage,true,-0.012332413345575333
1765400109790178048,T7,AIN2,Voltage,true,-0.012647808529436588
1765400109790192128,T7,AIN2,Voltage,true,-0.012332413345575333
1765400109790204928,T7,AIN2,Voltage,true,-0.012647808529436588
1765400109790217984,T7,AIN2,Voltage,true,-0.012017019093036652
1765400109790232064,T7,AIN2,Voltage,true,-0.012332413345575333
1765400109790245120,T7,AIN2,Voltage,true,-0.012332413345575333
1765400109790257920,T7,AIN2,Voltage,true,-0.012332413345575333
1765400109790270976,T7,AIN2,Voltage,true,-0.01170162484049797
1765400109790285056,T7,AIN2,Voltage,true,-0.012017019093036652
1765400109790298112,T7,AIN2,Voltage,true,-0.012332413345575333
1765400109790311936,T7,AIN2,Voltage,true,-0.012332413345575333
1765400109790324992,T7,AIN2,Voltage,true,-0.012647808529436588
1765400109790339072,T7,AIN2,Voltage,true,-0.012647808529436588
1765400109790351872,T7,AIN2,Voltage,true,-0.012647808529436588
1765400109790365952,T7,AIN2,Voltage,true,-0.012647808529436588
1765400109790379008,T7,AIN2,Voltage,true,-0.012017019093036652
1765400109790392064,T7,AIN2,Voltage,true,-0.012017019093036652
1765400109790405888,T7,AIN2,Voltage,true,-0.012017019093036652
1765400109790418944,T7,AIN2,Voltage,true,-0.01170162484049797
1765400109790432000,T7,AIN2,Voltage,true,-0.012017019093036652
1765400109790446080,T7,AIN2,Voltage,true,-0.01170162484049797
1765400109790459904,T7,AIN2,Voltage,true,-0.012017019093036652
1765400109790472960,T7,AIN2,Voltage,true,-0.012017019093036652
1765400109790486016,T7,AIN2,Voltage,true,-0.012332413345575333
1765400109790500096,T7,AIN2,Voltage,true,-0.012647808529436588
1765400109790513920,T7,AIN2,Voltage,true,-0.012332413345575333
1765400109790526976,T7,AIN2,Voltage,true,-0.01138623058795929
1765400109790540032,T7,AIN2,Voltage,true,-0.012017019093036652
1765400109790554112,T7,AIN2,Voltage,true,-0.012017019093036652
1765400109790567936,T7,AIN2,Voltage,true,-0.012647808529436588
1765400109790582016,T7,AIN2,Voltage,true,-0.012647808529436588
1765400109790595072,T7,AIN2,Voltage,true,-0.012647808529436588
1765400109790608896,T7,AIN2,Voltage,true,-0.01296320278197527
1765400109790622976,T7,AIN2,Voltage,true,-0.012017019093036652
1765400109790637056,T7,AIN2,Voltage,true,-0.012332413345575333
1765400109790650112,T7,AIN2,Voltage,true,-0.012017019093036652
1765400109790662912,T7,AIN2,Voltage,true,-0.012332413345575333
1765400109790676992,T7,AIN2,Voltage,true,-0.012017019093036652
1765400109790690048,T7,AIN2,Voltage,true,-0.012017019093036652
1765400109790703104,T7,AIN2,Voltage,true,-0.012332413345575333
1765400109790716928,T7,AIN2,Voltage,true,-0.012332413345575333
1765400109790731008,T7,AIN2,Voltage,true,-0.012647808529436588
1765400109790744064,T7,AIN2,Voltage,true,-0.012332413345575333
1765400109790757120,T7,AIN2,Voltage,true,-0.012647808529436588
1765400109790769920,T7,AIN2,Voltage,true,-0.01170162484049797
1765400109790784000,T7,AIN2,Voltage,true,-0.012332413345575333
1765400109790798080,T7,AIN2,Voltage,true,-0.012647808529436588
1765400109790810880,T7,AIN2,Voltage,true,-0.012332413345575333
1765400109790823936,T7,AIN2,Voltage,true,-0.012017019093036652
1765400109790838016,T7,AIN2,Voltage,true,-0.01170162484049797
1765400109790852096,T7,AIN2,Voltage,true,-0.012017019093036652
1765400109790864896,T7,AIN2,Voltage,true,-0.012332413345575333
1765400109790878976,T7,AIN2,Voltage,true,-0.01170162484049797
1765400109790894080,T7,AIN2,Voltage,true,-0.01170162484049797
1765400109790906880,T7,AIN2,Voltage,true,-0.012017019093036652
1765400109790920960,T7,AIN2,Voltage,true,-0.012647808529436588
1765400109790935040,T7,AIN2,Voltage,true,-0.012017019093036652
1765400109790949120,T7,AIN2,Voltage,true,-0.012332413345575333
1765400109790962944,T7,AIN2,Voltage,true,-0.012647808529436588
1765400109790976000,T7,AIN2,Voltage,true,-0.012647808529436588
1765400109790990080,T7,AIN2,Voltage,true,-0.012332413345575333
1765400109791003904,T7,AIN2,Voltage,true,-0.012647808529436588
1765400109791016960,T7,AIN2,Voltage,true,-0.012017019093036652
1765400109791031040,T7,AIN2,Voltage,true,-0.012017019093036652
1765400109791044096,T7,AIN2,Voltage,true,-0.012017019093036652
1765400109791057920,T7,AIN2,Voltage,true,-0.012647808529436588
1765400109791072000,T7,AIN2,Voltage,true,-0.012647808529436588
1765400109791086080,T7,AIN2,Voltage,true,-0.012332413345575333
1765400109791098880,T7,AIN2,Voltage,true,-0.012017019093036652
1765400109791112960,T7,AIN2,Voltage,true,-0.012647808529436588
1765400109791127040,T7,AIN2,Voltage,true,-0.012332413345575333
1765400109791140096,T7,AIN2,Voltage,true,-0.012332413345575333
1765400109791153920,T7,AIN2,Voltage,true,-0.012017019093036652
1765400109791168000,T7,AIN2,Voltage,true,-0.012332413345575333
1765400109791182080,T7,AIN2,Voltage,true,-0.012017019093036652
1765400109791195904,T7,AIN2,Voltage,true,-0.012017019093036652
1765400109791208960,T7,AIN2,Voltage,true,-0.012017019093036652
1765400109791224064,T7,AIN2,Voltage,true,-0.012332413345575333
1765400109791237888,T7,AIN2,Voltage,true,-0.012647808529436588
1765400109791250944,T7,AIN2,Voltage,true,-0.012647808529436588
1765400109791281920,T7,AIN2,Voltage,true,-0.012647808529436588
1765400109791296000,T7,AIN2,Voltage,true,-0.012017019093036652
1765400109791309056,T7,AIN2,Voltage,true,-0.012017019093036652
1765400109791322112,T7,AIN2,Voltage,true,-0.01170162484049797
1765400109791335936,T7,AIN2,Voltage,true,-0.012647808529436588
1765400109791354112,T7,AIN2,Voltage,true,-0.012017019093036652
1765400109791367936,T7,AIN2,Voltage,true,-0.012017019093036652
1765400109791380992,T7,AIN2,Voltage,true,-0.012017019093036652
1765400109791394048,T7,AIN2,Voltage,true,-0.012017019093036652
1765400109791408128,T7,AIN2,Voltage,true,-0.012332413345575333
1765400109791420928,T7,AIN2,Voltage,true,-0.012017019093036652
1765400109791433984,T7,AIN2,Voltage,true,-0.012332413345575333
1765400109791447040,T7,AIN2,Voltage,true,-0.012332413345575333
1765400109791461120,T7,AIN2,Voltage,true,-0.012332413345575333
1765400109791473920,T7,AIN2,Voltage,true,-0.012647808529436588
1765400109791486976,T7,AIN2,Voltage,true,-0.012332413345575333
1765400109791500032,T7,AIN2,Voltage,true,-0.012647808529436588
1765400109791513088,T7,AIN2,Voltage,true,-0.012647808529436588
1765400109791526912,T7,AIN2,Voltage,true,-0.012017019093036652
1765400109791539968,T7,AIN2,Voltage,true,-0.01170162484049797
1765400109791554048,T7,AIN2,Voltage,true,-0.012332413345575333
1765400109791567104,T7,AIN2,Voltage,true,-0.012332413345575333
1765400109791580928,T7,AIN2,Voltage,true,-0.012332413345575333
1765400109791593984,T7,AIN2,Voltage,true,-0.012332413345575333
1765400109791656960,T7,AIN2,Voltage,true,-0.01138623058795929
1765400109791675904,T7,AIN2,Voltage,true,-0.012332413345575333
1765400109791691008,T7,AIN2,Voltage,true,-0.012017019093036652
1765400109791705088,T7,AIN2,Voltage,true,-0.012017019093036652
1765400109791718912,T7,AIN2,Voltage,true,-0.012647808529436588
1765400109791732992,T7,AIN2,Voltage,true,-0.012332413345575333
1765400109791746048,T7,AIN2,Voltage,true,-0.012647808529436588
1765400109791759104,T7,AIN2,Voltage,true,-0.012017019093036652
1765400109791771904,T7,AIN2,Voltage,true,-0.012647808529436588
1765400109791785984,T7,AIN2,Voltage,true,-0.012647808529436588
1765400109791800064,T7,AIN2,Voltage,true,-0.012332413345575333
1765400109791813120,T7,AIN2,Voltage,true,-0.012332413345575333
1765400109791825920,T7,AIN2,Voltage,true,-0.01170162484049797
1765400109791838976,T7,AIN2,Voltage,true,-0.012017019093036652
1765400109791853056,T7,AIN2,Voltage,true,-0.012647808529436588
1765400109791865088,T7,AIN2,Voltage,true,-0.01170162484049797
1765400109791877888,T7,AIN2,Voltage,true,-0.01138623058795929
1765400109791890944,T7,AIN2,Voltage,true,-0.01138623058795929
1765400109791904000,T7,AIN2,Voltage,true,-0.012017019093036652
1765400109791917056,T7,AIN2,Voltage,true,-0.012017019093036652
1765400109794386944,T7,AIN2,Voltage,true,-0.012332413345575333
1765400109794426880,T7,AIN2,Voltage,true,-0.012017019093036652
1765400109794441984,T7,AIN2,Voltage,true,-0.012017019093036652
1765400109794456064,T7,AIN2,Voltage,true,-0.012017019093036652
1765400109794469120,T7,AIN2,Voltage,true,-0.012647808529436588
1765400109794482944,T7,AIN2,Voltage,true,-0.012017019093036652
1765400109794496000,T7,AIN2,Voltage,true,-0.012332413345575333
1765400109794640896,T7,AIN2,Voltage,true,-0.012332413345575333
1765400109794656000,T7,AIN2,Voltage,true,-0.012332413345575333
1765400109796529920,T7,AIN2,Voltage,true,-0.012017019093036652
1765400109796555008,T7,AIN2,Voltage,true,-0.012017019093036652
1765400109796570112,T7,AIN2,Voltage,true,-0.01170162484049797
1765400109796583936,T7,AIN2,Voltage,true,-0.01170162484049797
1765400109796598016,T7,AIN2,Voltage,true,-0.012017019093036652
1765400109796612096,T7,AIN2,Voltage,true,-0.012332413345575333
1765400109796624896,T7,AIN2,Voltage,true,-0.012647808529436588
1765400109796638976,T7,AIN2,Voltage,true,-0.012332413345575333
1765400109796652032,T7,AIN2,Voltage,true,-0.012647808529436588
1765400109796828928,T7,AIN2,Voltage,true,-0.012332413345575333
1765400109796858880,T7,AIN2,Voltage,true,-0.01296320278197527
1765400109796876032,T7,AIN2,Voltage,true,-0.012017019093036652
1765400109796891904,T7,AIN2,Voltage,true,-0.012647808529436588
1765400109796904960,T7,AIN2,Voltage,true,-0.012017019093036652
1765400109796918016,T7,AIN2,Voltage,true,-0.012332413345575333
1765400109796932096,T7,AIN2,Voltage,true,-0.012017019093036652
1765400109796944896,T7,AIN2,Voltage,true,-0.012017019093036652
1765400109796957952,T7,AIN2,Voltage,true,-0.012017019093036652
1765400109797229056,T7,AIN2,Voltage,true,-0.012332413345575333
1765400109797243904,T7,AIN2,Voltage,true,-0.012017019093036652
1765400109797254912,T7,AIN2,Voltage,true,-0.012017019093036652
1765400109797266944,T7,AIN2,Voltage,true,-0.012332413345575333
1765400109797277952,T7,AIN2,Voltage,true,-0.012017019093036652
1765400109797288960,T7,AIN2,Voltage,true,-0.012017019093036652
1765400109797302016,T7,AIN2,Voltage,true,-0.012647808529436588
1765400109797313024,T7,AIN2,Voltage,true,-0.012332413345575333
1765400109797325056,T7,AIN2,Voltage,true,-0.012332413345575333
1765400109797336064,T7,AIN2,Voltage,true,-0.012017019093036652
1765400109797348096,T7,AIN2,Voltage,true,-0.012332413345575333
1765400109797360128,T7,AIN2,Voltage,true,-0.012017019093036652
1765400109797370880,T7,AIN2,Voltage,true,-0.012332413345575333
1765400109797382912,T7,AIN2,Voltage,true,-0.012017019093036652
1765400109797393920,T7,AIN2,Voltage,true,-0.012017019093036652
1765400109797406976,T7,AIN2,Voltage,true,-0.012017019093036652
1765400109797417984,T7,AIN2,Voltage,true,-0.012332413345575333
1765400109797431040,T7,AIN2,Voltage,true,-0.01170162484049797
1765400109797445888,T7,AIN2,Voltage,true,-0.01296320278197527
1765400109797457920,T7,AIN2,Voltage,true,-0.012017019093036652
1765400109797468928,T7,AIN2,Voltage,true,-0.012647808529436588
1765400109797480960,T7,AIN2,Voltage,true,-0.012647808529436588
1765400109797492992,T7,AIN2,Voltage,true,-0.012647808529436588
1765400109797505024,T7,AIN2,Voltage,true,-0.012647808529436588
1765400109797517056,T7,AIN2,Voltage,true,-0.012017019093036652
1765400109797528064,T7,AIN2,Voltage,true,-0.012017019093036652
1765400109797540096,T7,AIN2,Voltage,true,-0.012332413345575333
1765400109797552128,T7,AIN2,Voltage,true,-0.012332413345575333
1765400109797562880,T7,AIN2,Voltage,true,-0.012647808529436588
1765400109797574912,T7,AIN2,Voltage,true,-0.012647808529436588
1765400109797590016,T7,AIN2,Voltage,true,-0.012332413345575333
1765400109797602048,T7,AIN2,Voltage,true,-0.012647808529436588
1765400109797613056,T7,AIN2,Voltage,true,-0.012017019093036652
1765400109797625088,T7,AIN2,Voltage,true,-0.01138623058795929
1765400109797637120,T7,AIN2,Voltage,true,-0.012332413345575333
1765400109797648896,T7,AIN2,Voltage,true,-0.012017019093036652
1765400109797659904,T7,AIN2,Voltage,true,-0.01170162484049797
1765400109797671936,T7,AIN2,Voltage,true,-0.01138623058795929
1765400109797682944,T7,AIN2,Voltage,true,-0.012017019093036652
1765400109797694976,T7,AIN2,Voltage,true,-0.012647808529436588
1765400109797707008,T7,AIN2,Voltage,true,-0.012017019093036652
1765400109797719040,T7,AIN2,Voltage,true,-0.012332413345575333
1765400109797730048,T7,AIN2,Voltage,true,-0.012647808529436588
1765400109797742080,T7,AIN2,Voltage,true,-0.012332413345575333
1765400109797754112,T7,AIN2,Voltage,true,-0.01296320278197527
1765400109797765888,T7,AIN2,Voltage,true,-0.012647808529436588
1765400109797777920,T7,AIN2,Voltage,true,-0.012017019093036652
1765400109797789952,T7,AIN2,Voltage,true,-0.01170162484049797
1765400109797803008,T7,AIN2,Voltage,true,-0.012017019093036652
1765400109797815040,T7,AIN2,Voltage,true,-0.012017019093036652
1765400109797826048,T7,AIN2,Voltage,true,-0.012017019093036652
1765400109797837056,T7,AIN2,Voltage,true,-0.01170162484049797
1765400109797849088,T7,AIN2,Voltage,true,-0.012647808529436588
1765400109797860096,T7,AIN2,Voltage,true,-0.012332413345575333
1765400109797872128,T7,AIN2,Voltage,true,-0.012332413345575333
1765400109797883904,T7,AIN2,Voltage,true,-0.012332413345575333
1765400109797895936,T7,AIN2,Voltage,true,-0.012017019093036652
1765400109797906944,T7,AIN2,Voltage,true,-0.012332413345575333
1765400109797918976,T7,AIN2,Voltage,true,-0.012647808529436588
1765400109797931008,T7,AIN2,Voltage,true,-0.012332413345575333
1765400109797942016,T7,AIN2,Voltage,true,-0.012017019093036652
1765400109797954048,T7,AIN2,Voltage,true,-0.012332413345575333
1765400109797990912,T7,AIN2,Voltage,true,-0.01296320278197527
1765400109798004992,T7,AIN2,Voltage,true,-0.012332413345575333
1765400109798016000,T7,AIN2,Voltage,true,-0.012017019093036652
1765400109798028032,T7,AIN2,Voltage,true,-0.012017019093036652
1765400109798040064,T7,AIN2,Voltage,true,-0.012017019093036652
1765400109798051072,T7,AIN2,Voltage,true,-0.012647808529436588
1765400109798063104,T7,AIN2,Voltage,true,-0.01138623058795929
1765400109798074112,T7,AIN2,Voltage,true,-0.01170162484049797
1765400109798085888,T7,AIN2,Voltage,true,-0.012017019093036652
1765400109798097920,T7,AIN2,Voltage,true,-0.012017019093036652
1765400109798108928,T7,AIN2,Voltage,true,-0.012017019093036652
1765400109798120960,T7,AIN2,Voltage,true,-0.012017019093036652
1765400109798132992,T7,AIN2,Voltage,true,-0.012647808529436588
1765400109798147072,T7,AIN2,Voltage,true,-0.012647808529436588
1765400109798158080,T7,AIN2,Voltage,true,-0.012647808529436588
1765400109798170112,T7,AIN2,Voltage,true,-0.012647808529436588
1765400109798181888,T7,AIN2,Voltage,true,-0.012017019093036652
1765400109798193920,T7,AIN2,Voltage,true,-0.012647808529436588
1765400109798204928,T7,AIN2,Voltage,true,-0.012647808529436588
1765400109798217984,T7,AIN2,Voltage,true,-0.012647808529436588
1765400109798343936,T7,AIN2,Voltage,true,-0.01170162484049797
1765400109798360064,T7,AIN2,Voltage,true,-0.012017019093036652
1765400109798372096,T7,AIN2,Voltage,true,-0.012017019093036652
1765400109798383104,T7,AIN2,Voltage,true,-0.012332413345575333
1765400109798394880,T7,AIN2,Voltage,true,-0.012017019093036652
1765400109798405888,T7,AIN2,Voltage,true,-0.012017019093036652
1765400109798416896,T7,AIN2,Voltage,true,-0.012647808529436588
1765400109798428928,T7,AIN2,Voltage,true,-0.012332413345575333
1765400109798439936,T7,AIN2,Voltage,true,-0.012017019093036652
1765400109798450944,T7,AIN2,Voltage,true,-0.012017019093036652
1765400109798462976,T7,AIN2,Voltage,true,-0.012332413345575333
1765400109798473984,T7,AIN2,Voltage,true,-0.012647808529436588
1765400109798484992,T7,AIN2,Voltage,true,-0.012647808529436588
1765400109798497024,T7,AIN2,Voltage,true,-0.012332413345575333
1765400109798508032,T7,AIN2,Voltage,true,-0.012332413345575333
1765400109798520064,T7,AIN2,Voltage,true,-0.012017019093036652
1765400109798531072,T7,AIN2,Voltage,true,-0.012332413345575333
1765400109798543104,T7,AIN2,Voltage,true,-0.012017019093036652
1765400109798554880,T7,AIN2,Voltage,true,-0.01138623058795929
1765400109798565888,T7,AIN2,Voltage,true,-0.012332413345575333
1765400109798577920,T7,AIN2,Voltage,true,-0.01170162484049797
1765400109798588928,T7,AIN2,Voltage,true,-0.012332413345575333
1765400109798600960,T7,AIN2,Voltage,true,-0.012017019093036652
1765400109798611968,T7,AIN2,Voltage,true,-0.012017019093036652
1765400109798622976,T7,AIN2,Voltage,true,-0.012017019093036652
1765400109798635008,T7,AIN2,Voltage,true,-0.012017019093036652
1765400109798646016,T7,AIN2,Voltage,true,-0.012017019093036652
1765400109798658048,T7,AIN2,Voltage,true,-0.012017019093036652
1765400109798669056,T7,AIN2,Voltage,true,-0.012332413345575333
1765400109798681088,T7,AIN2,Voltage,true,-0.012332413345575333
1765400109798692096,T7,AIN2,Voltage,true,-0.012647808529436588
1765400109798704128,T7,AIN2,Voltage,true,-0.01296320278197527
1765400109798714880,T7,AIN2,Voltage,true,-0.01170162484049797
1765400109798727936,T7,AIN2,Voltage,true,-0.012017019093036652
1765400109798738944,T7,AIN2,Voltage,true,-0.012017019093036652
1765400109798749952,T7,AIN2,Voltage,true,-0.012332413345575333
1765400109798761984,T7,AIN2,Voltage,true,-0.012647808529436588
1765400109798772992,T7,AIN2,Voltage,true,-0.012332413345575333
1765400109798785024,T7,AIN2,Voltage,true,-0.012332413345575333
1765400109798796032,T7,AIN2,Voltage,true,-0.012017019093036652
1765400109798807040,T7,AIN2,Voltage,true,-0.012647808529436588
1765400109798819072,T7,AIN2,Voltage,true,-0.012017019093036652
1765400109798830080,T7,AIN2,Voltage,true,-0.01170162484049797
1765400109798841088,T7,AIN2,Voltage,true,-0.012017019093036652
1765400109798852096,T7,AIN2,Voltage,true,-0.012017019093036652
1765400109798863104,T7,AIN2,Voltage,true,-0.012017019093036652
1765400109798874112,T7,AIN2,Voltage,true,-0.012017019093036652
1765400109798885120,T7,AIN2,Voltage,true,-0.012332413345575333
1765400109799907072,T7,AIN2,Voltage,true,-0.012017019093036652
1765400109799930880,T7,AIN2,Voltage,true,-0.012017019093036652
1765400109799941888,T7,AIN2,Voltage,true,-0.012647808529436588
1765400109799953920,T7,AIN2,Voltage,true,-0.012332413345575333
1765400109799963904,T7,AIN2,Voltage,true,-0.012647808529436588
1765400109799974912,T7,AIN2,Voltage,true,-0.012332413345575333
1765400109799985920,T7,AIN2,Voltage,true,-0.012017019093036652
1765400109799995904,T7,AIN2,Voltage,true,-0.01170162484049797
1765400109800006912,T7,AIN2,Voltage,true,-0.012332413345575333
1765400109800718080,T7,AIN2,Voltage,true,-0.012332413345575333
1765400109800739072,T7,AIN2,Voltage,true,-0.012332413345575333
1765400109800752128,T7,AIN2,Voltage,true,-0.012332413345575333
1765400109800762880,T7,AIN2,Voltage,true,-0.012332413345575333
1765400109800780032,T7,AIN2,Voltage,true,-0.012017019093036652
1765400109800790016,T7,AIN2,Voltage,true,-0.012017019093036652
1765400109800801024,T7,AIN2,Voltage,true,-0.012017019093036652
1765400109800811008,T7,AIN2,Voltage,true,-0.01170162484049797
1765400109800824064,T7,AIN2,Voltage,true,-0.012647808529436588
1765400109800835072,T7,AIN2,Voltage,true,-0.012332413345575333
1765400109800846080,T7,AIN2,Voltage,true,-0.01170162484049797
1765400109800856064,T7,AIN2,Voltage,true,-0.012332413345575333
1765400109800867072,T7,AIN2,Voltage,true,-0.012017019093036652
1765400109800877056,T7,AIN2,Voltage,true,-0.012017019093036652
1765400109800888064,T7,AIN2,Voltage,true,-0.012017019093036652
1765400109800898048,T7,AIN2,Voltage,true,-0.012017019093036652
1765400109800909056,T7,AIN2,Voltage,true,-0.01138623058795929
1765400109800919040,T7,AIN2,Voltage,true,-0.01170162484049797
1765400109800930048,T7,AIN2,Voltage,true,-0.012332413345575333
1765400109800940032,T7,AIN2,Voltage,true,-0.012647808529436588
1765400109800953088,T7,AIN2,Voltage,true,-0.01170162484049797
1765400109800964096,T7,AIN2,Voltage,true,-0.012017019093036652
1765400109800974080,T7,AIN2,Voltage,true,-0.012332413345575333
1765400109800986880,T7,AIN2,Voltage,true,-0.012332413345575333
1765400109800998912,T7,AIN2,Voltage,true,-0.01170162484049797
1765400109801009920,T7,AIN2,Voltage,true,-0.012647808529436588
1765400109801021952,T7,AIN2,Voltage,true,-0.012332413345575333
1765400109801031936,T7,AIN2,Voltage,true,-0.012017019093036652
1765400109801042944,T7,AIN2,Voltage,true,-0.012017019093036652
1765400109801052928,T7,AIN2,Voltage,true,-0.01138623058795929
1765400109801063936,T7,AIN2,Voltage,true,-0.011070836335420609
1765400109801073920,T7,AIN2,Voltage,true,-0.01138623058795929
1765400109801083904,T7,AIN2,Voltage,true,-0.01170162484049797
1765400109801094912,T7,AIN2,Voltage,true,-0.012017019093036652
1765400109801233920,T7,AIN2,Voltage,true,-0.012332413345575333
1765400109801260032,T7,AIN2,Voltage,true,-0.012017019093036652
1765400109801272064,T7,AIN2,Voltage,true,-0.012647808529436588
1765400109801282048,T7,AIN2,Voltage,true,-0.012332413345575333
1765400109801293056,T7,AIN2,Voltage,true,-0.012332413345575333
1765400109801303040,T7,AIN2,Voltage,true,-0.012647808529436588
1765400109801314048,T7,AIN2,Voltage,true,-0.012332413345575333
1765400109801325056,T7,AIN2,Voltage,true,-0.012017019093036652
1765400109801335040,T7,AIN2,Voltage,true,-0.01170162484049797
1765400109801368064,T7,AIN2,Voltage,true,-0.012017019093036652
1765400109801432064,T7,AIN2,Voltage,true,-0.012017019093036652
1765400109801447936,T7,AIN2,Voltage,true,-0.012647808529436588
1765400109801459968,T7,AIN2,Voltage,true,-0.012332413345575333
1765400109801472000,T7,AIN2,Voltage,true,-0.012017019093036652
1765400109801483008,T7,AIN2,Voltage,true,-0.01170162484049797
1765400109801499904,T7,AIN2,Voltage,true,-0.012017019093036652
1765400109801510912,T7,AIN2,Voltage,true,-0.01138623058795929
1765400109801521920,T7,AIN2,Voltage,true,-0.012332413345575333
1765400109801537024,T7,AIN2,Voltage,true,-0.012017019093036652
1765400109801548032,T7,AIN2,Voltage,true,-0.01170162484049797
1765400109801559040,T7,AIN2,Voltage,true,-0.012647808529436588
1765400109801570048,T7,AIN2,Voltage,true,-0.012647808529436588
1765400109801581056,T7,AIN2,Voltage,true,-0.012332413345575333
1765400109801592064,T7,AIN2,Voltage,true,-0.01170162484049797
1765400109801602048,T7,AIN2,Voltage,true,-0.012017019093036652
1765400109801613056,T7,AIN2,Voltage,true,-0.012017019093036652
1765400109801624064,T7,AIN2,Voltage,true,-0.012017019093036652
1765400109801635072,T7,AIN2,Voltage,true,-0.01170162484049797
1765400109801646080,T7,AIN2,Voltage,true,-0.012332413345575333
1765400109801657088,T7,AIN2,Voltage,true,-0.012017019093036652
1765400109801667072,T7,AIN2,Voltage,true,-0.01170162484049797
1765400109801678080,T7,AIN2,Voltage,true,-0.012017019093036652
1765400109801689088,T7,AIN2,Voltage,true,-0.012332413345575333
1765400109801699072,T7,AIN2,Voltage,true,-0.012647808529436588
1765400109801710080,T7,AIN2,Voltage,true,-0.012647808529436588
1765400109801722112,T7,AIN2,Voltage,true,-0.01296320278197527
1765400109801732096,T7,AIN2,Voltage,true,-0.012017019093036652
1765400109801743104,T7,AIN2,Voltage,true,-0.012017019093036652
1765400109801968128,T7,AIN2,Voltage,true,-0.012332413345575333
1765400109801990912,T7,AIN2,Voltage,true,-0.012332413345575333
1765400109802001920,T7,AIN2,Voltage,true,-0.012332413345575333
1765400109802012928,T7,AIN2,Voltage,true,-0.012332413345575333
1765400109802023936,T7,AIN2,Voltage,true,-0.012647808529436588
1765400109802034944,T7,AIN2,Voltage,true,-0.01170162484049797
1765400109802045952,T7,AIN2,Voltage,true,-0.01170162484049797
1765400109802056960,T7,AIN2,Voltage,true,-0.012017019093036652
1765400109802066944,T7,AIN2,Voltage,true,-0.012332413345575333
1765400109802077952,T7,AIN2,Voltage,true,-0.012017019093036652
1765400109802088960,T7,AIN2,Voltage,true,-0.012332413345575333
1765400109802099968,T7,AIN2,Voltage,true,-0.012017019093036652
1765400109802109952,T7,AIN2,Voltage,true,-0.012332413345575333
1765400109802120960,T7,AIN2,Voltage,true,-0.012332413345575333
1765400109802130944,T7,AIN2,Voltage,true,-0.012332413345575333
1765400109802141952,T7,AIN2,Voltage,true,-0.012017019093036652
1765400109802152960,T7,AIN2,Voltage,true,-0.012647808529436588
1765400109802162944,T7,AIN2,Voltage,true,-0.012647808529436588
1765400109802173952,T7,AIN2,Voltage,true,-0.012017019093036652
1765400109802184960,T7,AIN2,Voltage,true,-0.012017019093036652
1765400109802194944,T7,AIN2,Voltage,true,-0.012017019093036652
1765400109802205952,T7,AIN2,Voltage,true,-0.012017019093036652
1765400109802216960,T7,AIN2,Voltage,true,-0.012017019093036652
1765400109802226944,T7,AIN2,Voltage,true,-0.012332413345575333
1765400109802237952,T7,AIN2,Voltage,true,-0.01170162484049797
1765400109802247936,T7,AIN2,Voltage,true,-0.01170162484049797
1765400109802257920,T7,AIN2,Voltage,true,-0.012017019093036652
1765400109802268928,T7,AIN2,Voltage,true,-0.012017019093036652
1765400109802279936,T7,AIN2,Voltage,true,-0.012332413345575333
1765400109802290944,T7,AIN2,Voltage,true,-0.012017019093036652
1765400109802300928,T7,AIN2,Voltage,true,-0.01170162484049797
1765400109802311936,T7,AIN2,Voltage,true,-0.01170162484049797
1765400109802322944,T7,AIN2,Voltage,true,-0.012017019093036652
1765400109802333952,T7,AIN2,Voltage,true,-0.012332413345575333
1765400109802344960,T7,AIN2,Voltage,true,-0.012647808529436588
1765400109802354944,T7,AIN2,Voltage,true,-0.012647808529436588
1765400109802365952,T7,AIN2,Voltage,true,-0.012017019093036652
1765400109802376960,T7,AIN2,Voltage,true,-0.012332413345575333
1765400109802387968,T7,AIN2,Voltage,true,-0.012017019093036652
1765400109802397952,T7,AIN2,Voltage,true,-0.01170162484049797
1765400109802408960,T7,AIN2,Voltage,true,-0.012017019093036652
1765400109802419968,T7,AIN2,Voltage,true,-0.01170162484049797
1765400109802429952,T7,AIN2,Voltage,true,-0.01138623058795929
1765400109802440960,T7,AIN2,Voltage,true,-0.01170162484049797
1765400109802450944,T7,AIN2,Voltage,true,-0.012647808529436588
1765400109802461952,T7,AIN2,Voltage,true,-0.012017019093036652
1765400109802472960,T7,AIN2,Voltage,true,-0.012647808529436588
1765400109802483968,T7,AIN2,Voltage,true,-0.012017019093036652
1765400109802493952,T7,AIN2,Voltage,true,-0.012647808529436588
1765400109802504960,T7,AIN2,Voltage,true,-0.012332413345575333
1765400109802515968,T7,AIN2,Voltage,true,-0.012332413345575333
1765400109802525952,T7,AIN2,Voltage,true,-0.012332413345575333
1765400109802536960,T7,AIN2,Voltage,true,-0.012332413345575333
1765400109802552064,T7,AIN2,Voltage,true,-0.01170162484049797
1765400109802563072,T7,AIN2,Voltage,true,-0.012332413345575333
1765400109802574080,T7,AIN2,Voltage,true,-0.012017019093036652
1765400109802585088,T7,AIN2,Voltage,true,-0.012017019093036652
1765400109802595072,T7,AIN2,Voltage,true,-0.012017019093036652
1765400109802606080,T7,AIN2,Voltage,true,-0.01138623058795929
1765400109802617088,T7,AIN2,Voltage,true,-0.01170162484049797
1765400109802627072,T7,AIN2,Voltage,true,-0.01170162484049797
1765400109802638080,T7,AIN2,Voltage,true,-0.01170162484049797
1765400109802649088,T7,AIN2,Voltage,true,-0.012017019093036652
1765400109802690048,T7,AIN2,Voltage,true,-0.012017019093036652
1765400109802701056,T7,AIN2,Voltage,true,-0.012647808529436588
1765400109802714112,T7,AIN2,Voltage,true,-0.012017019093036652
1765400109802725120,T7,AIN2,Voltage,true,-0.012647808529436588
1765400109802736128,T7,AIN2,Voltage,true,-0.012017019093036652
1765400109802746112,T7,AIN2,Voltage,true,-0.01170162484049797
1765400109802757120,T7,AIN2,Voltage,true,-0.012647808529436588
1765400109802767104,T7,AIN2,Voltage,true,-0.012017019093036652
1765400109802778112,T7,AIN2,Voltage,true,-0.01170162484049797
1765400109802789120,T7,AIN2,Voltage,true,-0.012017019093036652
1765400109802799104,T7,AIN2,Voltage,true,-0.01170162484049797
1765400109802810112,T7,AIN2,Voltage,true,-0.01170162484049797
1765400109802820096,T7,AIN2,Voltage,true,-0.01170162484049797
1765400109802831104,T7,AIN2,Voltage,true,-0.012017019093036652
1765400109802842880,T7,AIN2,Voltage,true,-0.012017019093036652
1765400109802853888,T7,AIN2,Voltage,true,-0.012017019093036652
1765400109802864128,T7,AIN2,Voltage,true,-0.012017019093036652
1765400109802874880,T7,AIN2,Voltage,true,-0.012017019093036652
1765400109802885888,T7,AIN2,Voltage,true,-0.012647808529436588
1765400109802895872,T7,AIN2,Voltage,true,-0.012647808529436588
1765400109802908928,T7,AIN2,Voltage,true,-0.012332413345575333
1765400109802919936,T7,AIN2,Voltage,true,-0.01296320278197527
1765400109802930944,T7,AIN2,Voltage,true,-0.012332413345575333
1765400109802940928,T7,AIN2,Voltage,true,-0.012017019093036652
1765400109802951936,T7,AIN2,Voltage,true,-0.012017019093036652
1765400109802961920,T7,AIN2,Voltage,true,-0.012332413345575333
1765400109802972928,T7,AIN2,Voltage,true,-0.012332413345575333
1765400109802983936,T7,AIN2,Voltage,true,-0.012017019093036652
1765400109802994944,T7,AIN2,Voltage,true,-0.012017019093036652
1765400109803004928,T7,AIN2,Voltage,true,-0.012017019093036652
1765400109803015936,T7,AIN2,Voltage,true,-0.012332413345575333
1765400109803026944,T7,AIN2,Voltage,true,-0.012332413345575333
1765400109803037952,T7,AIN2,Voltage,true,-0.012017019093036652
1765400109803048960,T7,AIN2,Voltage,true,-0.01138623058795929
1765400109803059968,T7,AIN2,Voltage,true,-0.012332413345575333
1765400109803070976,T7,AIN2,Voltage,true,-0.012647808529436588
1765400109803083008,T7,AIN2,Voltage,true,-0.012332413345575333
1765400109803094016,T7,AIN2,Voltage,true,-0.01296320278197527
1765400109803105024,T7,AIN2,Voltage,true,-0.01296320278197527
1765400109803116032,T7,AIN2,Voltage,true,-0.012017019093036652
1765400109803127040,T7,AIN2,Voltage,true,-0.012017019093036652
1765400109803138048,T7,AIN2,Voltage,true,-0.012017019093036652
1765400109803149056,T7,AIN2,Voltage,true,-0.012017019093036652
1765400109803159040,T7,AIN2,Voltage,true,-0.012017019093036652
1765400109803170048,T7,AIN2,Voltage,true,-0.012332413345575333
1765400109803181056,T7,AIN2,Voltage,true,-0.012332413345575333
1765400109803193088,T7,AIN2,Voltage,true,-0.012647808529436588
1765400109803205888,T7,AIN2,Voltage,true,-0.012017019093036652
1765400109803217920,T7,AIN2,Voltage,true,-0.012332413345575333
1765400109803227904,T7,AIN2,Voltage,true,-0.012647808529436588
1765400109803238912,T7,AIN2,Voltage,true,-0.012017019093036652
1765400109803248896,T7,AIN2,Voltage,true,-0.01170162484049797
1765400109803260928,T7,AIN2,Voltage,true,-0.012017019093036652
1765400109803271936,T7,AIN2,Voltage,true,-0.012332413345575333
1765400109803283968,T7,AIN2,Voltage,true,-0.01327859703451395
1765400109803294976,T7,AIN2,Voltage,true,-0.012332413345575333
1765400109803305984,T7,AIN2,Voltage,true,-0.012332413345575333
1765400109803315968,T7,AIN2,Voltage,true,-0.012647808529436588
1765400109803326976,T7,AIN2,Voltage,true,-0.012017019093036652
1765400109803336960,T7,AIN2,Voltage,true,-0.012332413345575333
1765400109803347968,T7,AIN2,Voltage,true,-0.012647808529436588
1765400109803358976,T7,AIN2,Voltage,true,-0.012017019093036652
1765400109803368960,T7,AIN2,Voltage,true,-0.012332413345575333
1765400109803379968,T7,AIN2,Voltage,true,-0.012017019093036652
1765400109803392000,T7,AIN2,Voltage,true,-0.01170162484049797
1765400109803403008,T7,AIN2,Voltage,true,-0.012017019093036652
1765400109803438080,T7,AIN2,Voltage,true,-0.012017019093036652
1765400109803452928,T7,AIN2,Voltage,true,-0.012017019093036652
1765400109803463936,T7,AIN2,Voltage,true,-0.01170162484049797
1765400109803473920,T7,AIN2,Voltage,true,-0.012017019093036652
1765400109803484928,T7,AIN2,Voltage,true,-0.012647808529436588
1765400109803495936,T7,AIN2,Voltage,true,-0.012647808529436588
1765400109803510016,T7,AIN2,Voltage,true,-0.012647808529436588
1765400109803521024,T7,AIN2,Voltage,true,-0.012017019093036652
1765400109803531008,T7,AIN2,Voltage,true,-0.012017019093036652
1765400109803542016,T7,AIN2,Voltage,true,-0.012332413345575333
1765400109803554048,T7,AIN2,Voltage,true,-0.012017019093036652
1765400109803565056,T7,AIN2,Voltage,true,-0.012017019093036652
1765400109803575040,T7,AIN2,Voltage,true,-0.01138623058795929
1765400109803587072,T7,AIN2,Voltage,true,-0.012332413345575333
1765400109803597056,T7,AIN2,Voltage,true,-0.01170162484049797
1765400109803608064,T7,AIN2,Voltage,true,-0.012332413345575333
1765400109803619072,T7,AIN2,Voltage,true,-0.01138623058795929
1765400109803631104,T7,AIN2,Voltage,true,-0.012017019093036652
1765400109803641088,T7,AIN2,Voltage,true,-0.012017019093036652
1765400109803653120,T7,AIN2,Voltage,true,-0.012017019093036652
1765400109803663104,T7,AIN2,Voltage,true,-0.012332413345575333
1765400109803674112,T7,AIN2,Voltage,true,-0.012332413345575333
1765400109803685120,T7,AIN2,Voltage,true,-0.012017019093036652
1765400109803696128,T7,AIN2,Voltage,true,-0.012332413345575333
1765400109803706880,T7,AIN2,Voltage,true,-0.012332413345575333
1765400109803718912,T7,AIN2,Voltage,true,-0.01170162484049797
1765400109803728896,T7,AIN2,Voltage,true,-0.012332413345575333
1765400109803740928,T7,AIN2,Voltage,true,-0.012017019093036652
1765400109803751936,T7,AIN2,Voltage,true,-0.011070836335420609
1765400109803763968,T7,AIN2,Voltage,true,-0.01138623058795929
1765400109803774976,T7,AIN2,Voltage,true,-0.012017019093036652
1765400109803785984,T7,AIN2,Voltage,true,-0.012017019093036652
1765400109803796992,T7,AIN2,Voltage,true,-0.012332413345575333
1765400109803808000,T7,AIN2,Voltage,true,-0.012017019093036652
1765400109803820032,T7,AIN2,Voltage,true,-0.012017019093036652
1765400109803830016,T7,AIN2,Voltage,true,-0.012017019093036652
1765400109803841024,T7,AIN2,Voltage,true,-0.012332413345575333
1765400109803852032,T7,AIN2,Voltage,true,-0.012647808529436588
1765400109803863040,T7,AIN2,Voltage,true,-0.012647808529436588
1765400109803874048,T7,AIN2,Voltage,true,-0.01170162484049797
1765400109803885056,T7,AIN2,Voltage,true,-0.01170162484049797
1765400109803896064,T7,AIN2,Voltage,true,-0.012332413345575333
1765400109803907072,T7,AIN2,Voltage,true,-0.012017019093036652
1765400109803917056,T7,AIN2,Voltage,true,-0.012017019093036652
1765400109803928064,T7,AIN2,Voltage,true,-0.012017019093036652
1765400109803939072,T7,AIN2,Voltage,true,-0.012017019093036652
1765400109803949056,T7,AIN2,Voltage,true,-0.01138623058795929
1765400109803959040,T7,AIN2,Voltage,true,-0.012017019093036652
1765400109803970048,T7,AIN2,Voltage,true,-0.012017019093036652
1765400109803980032,T7,AIN2,Voltage,true,-0.012017019093036652
1765400109803990016,T7,AIN2,Voltage,true,-0.012017019093036652
1765400109804001024,T7,AIN2,Voltage,true,-0.012647808529436588
1765400109804012032,T7,AIN2,Voltage,true,-0.012017019093036652
1765400109804022016,T7,AIN2,Voltage,true,-0.012017019093036652
1765400109804033024,T7,AIN2,Voltage,true,-0.012017019093036652
1765400109804043008,T7,AIN2,Voltage,true,-0.012017019093036652
1765400109804054016,T7,AIN2,Voltage,true,-0.012332413345575333
1765400109804064000,T7,AIN2,Voltage,true,-0.01170162484049797
1765400109804075008,T7,AIN2,Voltage,true,-0.012017019093036652
1765400109804084992,T7,AIN2,Voltage,true,-0.011070836335420609
1765400109804096000,T7,AIN2,Voltage,true,-0.012017019093036652
1765400109804107008,T7,AIN2,Voltage,true,-0.01170162484049797
1765400109804118016,T7,AIN2,Voltage,true,-0.012017019093036652
1765400109804128000,T7,AIN2,Voltage,true,-0.011070836335420609
1765400109804139008,T7,AIN2,Voltage,true,-0.01170162484049797
1765400109804151040,T7,AIN2,Voltage,true,-0.012332413345575333
1765400109804162048,T7,AIN2,Voltage,true,-0.012017019093036652
1765400109804172032,T7,AIN2,Voltage,true,-0.01170162484049797
1765400109804183040,T7,AIN2,Voltage,true,-0.012332413345575333
1765400109804193024,T7,AIN2,Voltage,true,-0.012332413345575333
1765400109804204032,T7,AIN2,Voltage,true,-0.012017019093036652
1765400109804215040,T7,AIN2,Voltage,true,-0.012332413345575333
1765400109804225024,T7,AIN2,Voltage,true,-0.012647808529436588
1765400109804236032,T7,AIN2,Voltage,true,-0.012332413345575333
1765400109804246016,T7,AIN2,Voltage,true,-0.01170162484049797
1765400109804257024,T7,AIN2,Voltage,true,-0.01138623058795929
1765400109804270080,T7,AIN2,Voltage,true,-0.01170162484049797
1765400109804281088,T7,AIN2,Voltage,true,-0.012332413345575333
1765400109804292096,T7,AIN2,Voltage,true,-0.012332413345575333
1765400109804303104,T7,AIN2,Voltage,true,-0.012017019093036652
1765400109804313088,T7,AIN2,Voltage,true,-0.012017019093036652
1765400109804324096,T7,AIN2,Voltage,true,-0.012332413345575333
1765400109804335104,T7,AIN2,Voltage,true,-0.012017019093036652
1765400109804346112,T7,AIN2,Voltage,true,-0.01170162484049797
1765400109804467968,T7,AIN2,Voltage,true,-0.012017019093036652
1765400109804481024,T7,AIN2,Voltage,true,-0.012017019093036652
1765400109804492032,T7,AIN2,Voltage,true,-0.012332413345575333
1765400109804503040,T7,AIN2,Voltage,true,-0.012017019093036652
1765400109804513024,T7,AIN2,Voltage,true,-0.012332413345575333
1765400109804524032,T7,AIN2,Voltage,true,-0.012647808529436588
1765400109804534016,T7,AIN2,Voltage,true,-0.01170162484049797
1765400109804545024,T7,AIN2,Voltage,true,-0.01170162484049797
1765400109804555008,T7,AIN2,Voltage,true,-0.012017019093036652
1765400109804715008,T7,AIN2,Voltage,true,-0.01170162484049797
1765400109804727040,T7,AIN2,Voltage,true,-0.012647808529436588
1765400109804738048,T7,AIN2,Voltage,true,-0.012017019093036652
1765400109804748032,T7,AIN2,Voltage,true,-0.012017019093036652
1765400109804788992,T7,AIN2,Voltage,true,-0.012332413345575333
1765400109804822016,T7,AIN2,Voltage,true,-0.012017019093036652
1765400109804837120,T7,AIN2,Voltage,true,-0.012017019093036652
1765400109804848896,T7,AIN2,Voltage,true,-0.012017019093036652
1765400109804860928,T7,AIN2,Voltage,true,-0.012332413345575333
1765400109804871936,T7,AIN2,Voltage,true,-0.012332413345575333
1765400109804882944,T7,AIN2,Voltage,true,-0.012017019093036652
1765400109804893952,T7,AIN2,Voltage,true,-0.012647808529436588
1765400109804904960,T7,AIN2,Voltage,true,-0.012332413345575333
1765400109807857920,T7,AIN2,Voltage,true,-0.012332413345575333
1765400109807874048,T7,AIN2,Voltage,true,-0.012647808529436588
1765400109807884032,T7,AIN2,Voltage,true,-0.012332413345575333
1765400109807897088,T7,AIN2,Voltage,true,-0.012017019093036652
1765400109807907072,T7,AIN2,Voltage,true,-0.01170162484049797
1765400109807916032,T7,AIN2,Voltage,true,-0.01138623058795929
1765400109807926016,T7,AIN2,Voltage,true,-0.01138623058795929
1765400109807934976,T7,AIN2,Voltage,true,-0.012017019093036652
1765400109807943936,T7,AIN2,Voltage,true,-0.012332413345575333
1765400109809369088,T7,AIN2,Voltage,true,-0.012017019093036652
1765400109809394944,T7,AIN2,Voltage,true,-0.012332413345575333
1765400109809406976,T7,AIN2,Voltage,true,-0.012017019093036652
1765400109809416960,T7,AIN2,Voltage,true,-0.012647808529436588
1765400109809426944,T7,AIN2,Voltage,true,-0.01170162484049797
1765400109809436928,T7,AIN2,Voltage,true,-0.012647808529436588
1765400109809445888,T7,AIN2,Voltage,true,-0.012332413345575333
1765400109809456128,T7,AIN2,Voltage,true,-0.012332413345575333
1765400109809465088,T7,AIN2,Voltage,true,-0.012017019093036652
1765400109809859072,T7,AIN2,Voltage,true,-0.01170162484049797
1765400109809872896,T7,AIN2,Voltage,true,-0.012332413345575333
1765400109809882112,T7,AIN2,Voltage,true,-0.01170162484049797
1765400109809892096,T7,AIN2,Voltage,true,-0.012017019093036652
1765400109809902080,T7,AIN2,Voltage,true,-0.01138623058795929
1765400109810286080,T7,AIN2,Voltage,true,-0.01138623058795929
1765400109810304000,T7,AIN2,Voltage,true,-0.01170162484049797
1765400109810313984,T7,AIN2,Voltage,true,-0.012332413345575333
1765400109810323968,T7,AIN2,Voltage,true,-0.012332413345575333
1765400109810332928,T7,AIN2,Voltage,true,-0.012332413345575333
1765400109810343936,T7,AIN2,Voltage,true,-0.01138623058795929
1765400109810352896,T7,AIN2,Voltage,true,-0.012647808529436588
1765400109810362880,T7,AIN2,Voltage,true,-0.012332413345575333
1765400109810372096,T7,AIN2,Voltage,true,-0.012647808529436588
1765400109810382080,T7,AIN2,Voltage,true,-0.012332413345575333
1765400109810392064,T7,AIN2,Voltage,true,-0.012017019093036652
1765400109810401024,T7,AIN2,Voltage,true,-0.012017019093036652
1765400109810409984,T7,AIN2,Voltage,true,-0.01170162484049797
1765400109810419968,T7,AIN2,Voltage,true,-0.012332413345575333
1765400109810428928,T7,AIN2,Voltage,true,-0.012017019093036652
1765400109810437888,T7,AIN2,Voltage,true,-0.012017019093036652
1765400109810447104,T7,AIN2,Voltage,true,-0.01138623058795929
1765400109810457088,T7,AIN2,Voltage,true,-0.012017019093036652
1765400109810466048,T7,AIN2,Voltage,true,-0.01138623058795929
1765400109810476032,T7,AIN2,Voltage,true,-0.012017019093036652
1765400109810484992,T7,AIN2,Voltage,true,-0.012017019093036652
1765400109810494976,T7,AIN2,Voltage,true,-0.012332413345575333
1765400109810502912,T7,AIN2,Voltage,true,-0.012332413345575333
1765400109810511872,T7,AIN2,Voltage,true,-0.012017019093036652
1765400109810522112,T7,AIN2,Voltage,true,-0.012017019093036652
1765400109810531072,T7,AIN2,Voltage,true,-0.012332413345575333
1765400109810540032,T7,AIN2,Voltage,true,-0.01170162484049797
1765400109810548992,T7,AIN2,Voltage,true,-0.012647808529436588
1765400109810557952,T7,AIN2,Voltage,true,-0.01170162484049797
1765400109810566912,T7,AIN2,Voltage,true,-0.012332413345575333
1765400109810575872,T7,AIN2,Voltage,true,-0.01170162484049797
1765400109810585088,T7,AIN2,Voltage,true,-0.012647808529436588
1765400109810595072,T7,AIN2,Voltage,true,-0.012017019093036652
1765400109810604032,T7,AIN2,Voltage,true,-0.012017019093036652
1765400109810611968,T7,AIN2,Voltage,true,-0.01170162484049797
1765400109810620928,T7,AIN2,Voltage,true,-0.012332413345575333
1765400109810629888,T7,AIN2,Voltage,true,-0.012332413345575333
1765400109810639104,T7,AIN2,Voltage,true,-0.01170162484049797
1765400109810665984,T7,AIN2,Voltage,true,-0.012017019093036652
1765400109810676992,T7,AIN2,Voltage,true,-0.012332413345575333
1765400109810685952,T7,AIN2,Voltage,true,-0.012017019093036652
1765400109810694912,T7,AIN2,Voltage,true,-0.012647808529436588
1765400109810703872,T7,AIN2,Voltage,true,-0.012017019093036652
1765400109810713088,T7,AIN2,Voltage,true,-0.012332413345575333
1765400109810722048,T7,AIN2,Voltage,true,-0.012017019093036652
1765400109810731008,T7,AIN2,Voltage,true,-0.012647808529436588
1765400109810740992,T7,AIN2,Voltage,true,-0.012332413345575333
1765400109810749952,T7,AIN2,Voltage,true,-0.012017019093036652
1765400109810758912,T7,AIN2,Voltage,true,-0.012332413345575333
1765400109810767872,T7,AIN2,Voltage,true,-0.01170162484049797
1765400109810778112,T7,AIN2,Voltage,true,-0.012017019093036652
1765400109810787072,T7,AIN2,Voltage,true,-0.012332413345575333
1765400109810796032,T7,AIN2,Voltage,true,-0.012017019093036652
1765400109810804992,T7,AIN2,Voltage,true,-0.01170162484049797
1765400109810813952,T7,AIN2,Voltage,true,-0.012017019093036652
1765400109810823936,T7,AIN2,Voltage,true,-0.012332413345575333
1765400109810832896,T7,AIN2,Voltage,true,-0.012017019093036652
1765400109810842112,T7,AIN2,Voltage,true,-0.012647808529436588
1765400109810851072,T7,AIN2,Voltage,true,-0.012017019093036652
1765400109810860032,T7,AIN2,Voltage,true,-0.012647808529436588
1765400109810870016,T7,AIN2,Voltage,true,-0.012647808529436588
1765400109810878976,T7,AIN2,Voltage,true,-0.01170162484049797
1765400109810887936,T7,AIN2,Voltage,true,-0.01170162484049797
1765400109810896896,T7,AIN2,Voltage,true,-0.012017019093036652
1765400109810906112,T7,AIN2,Voltage,true,-0.01170162484049797
1765400109810917120,T7,AIN2,Voltage,true,-0.012017019093036652
1765400109810926080,T7,AIN2,Voltage,true,-0.012332413345575333
1765400109810935040,T7,AIN2,Voltage,true,-0.01138623058795929
1765400109810944000,T7,AIN2,Voltage,true,-0.012332413345575333
1765400109810953984,T7,AIN2,Voltage,true,-0.012332413345575333
1765400109810962944,T7,AIN2,Voltage,true,-0.01327859703451395
1765400109810971904,T7,AIN2,Voltage,true,-0.012647808529436588
1765400109810981120,T7,AIN2,Voltage,true,-0.012017019093036652
1765400109810990080,T7,AIN2,Voltage,true,-0.012647808529436588
1765400109811000064,T7,AIN2,Voltage,true,-0.012332413345575333
1765400109811009024,T7,AIN2,Voltage,true,-0.01296320278197527
1765400109811019008,T7,AIN2,Voltage,true,-0.01296320278197527
1765400109811028992,T7,AIN2,Voltage,true,-0.01170162484049797
1765400109811037952,T7,AIN2,Voltage,true,-0.012017019093036652
1765400109811047936,T7,AIN2,Voltage,true,-0.012647808529436588
1765400109811056896,T7,AIN2,Voltage,true,-0.012332413345575333
1765400109811066112,T7,AIN2,Voltage,true,-0.012332413345575333
1765400109811076096,T7,AIN2,Voltage,true,-0.012332413345575333
1765400109811085056,T7,AIN2,Voltage,true,-0.012017019093036652
1765400109811095040,T7,AIN2,Voltage,true,-0.012332413345575333
1765400109811104000,T7,AIN2,Voltage,true,-0.012332413345575333
1765400109811112960,T7,AIN2,Voltage,true,-0.012017019093036652
1765400109811121920,T7,AIN2,Voltage,true,-0.012017019093036652
1765400109811131904,T7,AIN2,Voltage,true,-0.012017019093036652
1765400109811141120,T7,AIN2,Voltage,true,-0.012332413345575333
1765400109811150080,T7,AIN2,Voltage,true,-0.01170162484049797
1765400109811159040,T7,AIN2,Voltage,true,-0.01170162484049797
1765400109811169024,T7,AIN2,Voltage,true,-0.012647808529436588
1765400109811177984,T7,AIN2,Voltage,true,-0.01296320278197527
1765400109811187968,T7,AIN2,Voltage,true,-0.012332413345575333
1765400109811196928,T7,AIN2,Voltage,true,-0.012647808529436588
1765400109811206912,T7,AIN2,Voltage,true,-0.012647808529436588
1765400109811215872,T7,AIN2,Voltage,true,-0.012332413345575333
1765400109811226112,T7,AIN2,Voltage,true,-0.012647808529436588
1765400109811235072,T7,AIN2,Voltage,true,-0.01170162484049797
1765400109811245056,T7,AIN2,Voltage,true,-0.012017019093036652
1765400109811254016,T7,AIN2,Voltage,true,-0.012017019093036652
1765400109811262976,T7,AIN2,Voltage,true,-0.012017019093036652
1765400109811272960,T7,AIN2,Voltage,true,-0.012332413345575333
1765400109811281920,T7,AIN2,Voltage,true,-0.012017019093036652
1765400109811290880,T7,AIN2,Voltage,true,-0.01170162484049797
1765400109811301120,T7,AIN2,Voltage,true,-0.012332413345575333
1765400109811310080,T7,AIN2,Voltage,true,-0.012017019093036652
1765400109811320064,T7,AIN2,Voltage,true,-0.012017019093036652
1765400109811330048,T7,AIN2,Voltage,true,-0.012332413345575333
1765400109811340032,T7,AIN2,Voltage,true,-0.012017019093036652
1765400109811348992,T7,AIN2,Voltage,true,-0.012647808529436588
1765400109811358976,T7,AIN2,Voltage,true,-0.012017019093036652
1765400109811367936,T7,AIN2,Voltage,true,-0.012017019093036652
1765400109811377920,T7,AIN2,Voltage,true,-0.012332413345575333
1765400109811386880,T7,AIN2,Voltage,true,-0.012332413345575333
1765400109811397120,T7,AIN2,Voltage,true,-0.01138623058795929
1765400109811406080,T7,AIN2,Voltage,true,-0.012017019093036652
1765400109811415040,T7,AIN2,Voltage,true,-0.01170162484049797
1765400109811424000,T7,AIN2,Voltage,true,-0.012017019093036652
1765400109811433984,T7,AIN2,Voltage,true,-0.01170162484049797
1765400109811442944,T7,AIN2,Voltage,true,-0.012332413345575333
1765400109811451904,T7,AIN2,Voltage,true,-0.01170162484049797
1765400109811461888,T7,AIN2,Voltage,true,-0.012647808529436588
1765400109811471104,T7,AIN2,Voltage,true,-0.012647808529436588
1765400109811481088,T7,AIN2,Voltage,true,-0.012332413345575333
1765400109811490048,T7,AIN2,Voltage,true,-0.01170162484049797
1765400109811500032,T7,AIN2,Voltage,true,-0.012017019093036652
1765400109811508992,T7,AIN2,Voltage,true,-0.012332413345575333
1765400109811534080,T7,AIN2,Voltage,true,-0.012647808529436588
1765400109811545088,T7,AIN2,Voltage,true,-0.012017019093036652
1765400109811554048,T7,AIN2,Voltage,true,-0.012647808529436588
1765400109811564032,T7,AIN2,Voltage,true,-0.012332413345575333
1765400109811572992,T7,AIN2,Voltage,true,-0.01138623058795929
1765400109811582976,T7,AIN2,Voltage,true,-0.012017019093036652
1765400109811591936,T7,AIN2,Voltage,true,-0.012332413345575333
1765400109811601920,T7,AIN2,Voltage,true,-0.012017019093036652
1765400109811610880,T7,AIN2,Voltage,true,-0.012017019093036652
1765400109811620096,T7,AIN2,Voltage,true,-0.01170162484049797
1765400109811630080,T7,AIN2,Voltage,true,-0.012647808529436588
1765400109811639040,T7,AIN2,Voltage,true,-0.012332413345575333
1765400109811648000,T7,AIN2,Voltage,true,-0.012332413345575333
1765400109811656960,T7,AIN2,Voltage,true,-0.012017019093036652
1765400109811666944,T7,AIN2,Voltage,true,-0.012332413345575333
1765400109811675904,T7,AIN2,Voltage,true,-0.012017019093036652
1765400109811685120,T7,AIN2,Voltage,true,-0.012017019093036652
1765400109811695104,T7,AIN2,Voltage,true,-0.01170162484049797
1765400109811704064,T7,AIN2,Voltage,true,-0.01138623058795929
1765400109811714048,T7,AIN2,Voltage,true,-0.012017019093036652
1765400109811723008,T7,AIN2,Voltage,true,-0.012647808529436588
1765400109811731968,T7,AIN2,Voltage,true,-0.012017019093036652
1765400109811741952,T7,AIN2,Voltage,true,-0.012332413345575333
1765400109811750912,T7,AIN2,Voltage,true,-0.012017019093036652
1765400109811760128,T7,AIN2,Voltage,true,-0.012017019093036652
1765400109811769088,T7,AIN2,Voltage,true,-0.012332413345575333
1765400109811779072,T7,AIN2,Voltage,true,-0.012332413345575333
1765400109811788032,T7,AIN2,Voltage,true,-0.01170162484049797
1765400109811796992,T7,AIN2,Voltage,true,-0.01170162484049797
1765400109811806976,T7,AIN2,Voltage,true,-0.012017019093036652
1765400109811815936,T7,AIN2,Voltage,true,-0.012647808529436588
1765400109811825920,T7,AIN2,Voltage,true,-0.012017019093036652
1765400109811834880,T7,AIN2,Voltage,true,-0.012332413345575333
1765400109811844096,T7,AIN2,Voltage,true,-0.01170162484049797
1765400109811853056,T7,AIN2,Voltage,true,-0.01170162484049797
1765400109811862016,T7,AIN2,Voltage,true,-0.012647808529436588
1765400109811872000,T7,AIN2,Voltage,true,-0.012332413345575333
1765400109811880960,T7,AIN2,Voltage,true,-0.012017019093036652
1765400109811890944,T7,AIN2,Voltage,true,-0.012017019093036652
1765400109811899904,T7,AIN2,Voltage,true,-0.01138623058795929
1765400109811909120,T7,AIN2,Voltage,true,-0.012017019093036652
1765400109811918080,T7,AIN2,Voltage,true,-0.012017019093036652
1765400109811928064,T7,AIN2,Voltage,true,-0.012017019093036652
1765400109811937024,T7,AIN2,Voltage,true,-0.012017019093036652
1765400109811947008,T7,AIN2,Voltage,true,-0.012017019093036652
1765400109811955968,T7,AIN2,Voltage,true,-0.012017019093036652
1765400109811964928,T7,AIN2,Voltage,true,-0.012332413345575333
1765400109811973888,T7,AIN2,Voltage,true,-0.012017019093036652
1765400109811983872,T7,AIN2,Voltage,true,-0.01170162484049797
1765400109811993088,T7,AIN2,Voltage,true,-0.012647808529436588
1765400109812003072,T7,AIN2,Voltage,true,-0.01170162484049797
1765400109812012032,T7,AIN2,Voltage,true,-0.01138623058795929
1765400109812020992,T7,AIN2,Voltage,true,-0.012017019093036652
1765400109812030976,T7,AIN2,Voltage,true,-0.012017019093036652
1765400109812039936,T7,AIN2,Voltage,true,-0.012332413345575333
1765400109812049920,T7,AIN2,Voltage,true,-0.012017019093036652
1765400109812058880,T7,AIN2,Voltage,true,-0.01170162484049797
1765400109812069120,T7,AIN2,Voltage,true,-0.012332413345575333
1765400109812078080,T7,AIN2,Voltage,true,-0.012017019093036652
1765400109812088064,T7,AIN2,Voltage,true,-0.012647808529436588
1765400109812097024,T7,AIN2,Voltage,true,-0.012017019093036652
1765400109812105984,T7,AIN2,Voltage,true,-0.012017019093036652
1765400109812114944,T7,AIN2,Voltage,true,-0.012332413345575333
1765400109812124928,T7,AIN2,Voltage,true,-0.012017019093036652
1765400109812133120,T7,AIN2,Voltage,true,-0.012332413345575333
1765400109812143104,T7,AIN2,Voltage,true,-0.012017019093036652
1765400109812151040,T7,AIN2,Voltage,true,-0.012332413345575333
1765400109812161024,T7,AIN2,Voltage,true,-0.01170162484049797
1765400109812168960,T7,AIN2,Voltage,true,-0.012017019093036652
1765400109812178944,T7,AIN2,Voltage,true,-0.01138623058795929
1765400109812187904,T7,AIN2,Voltage,true,-0.011070836335420609
1765400109812197120,T7,AIN2,Voltage,true,-0.01170162484049797
1765400109812206080,T7,AIN2,Voltage,true,-0.012017019093036652
1765400109812215040,T7,AIN2,Voltage,true,-0.012332413345575333
1765400109812224000,T7,AIN2,Voltage,true,-0.012332413345575333
1765400109812232960,T7,AIN2,Voltage,true,-0.01138623058795929
1765400109812242944,T7,AIN2,Voltage,true,-0.012332413345575333
1765400109812251904,T7,AIN2,Voltage,true,-0.012332413345575333
1765400109812261120,T7,AIN2,Voltage,true,-0.01170162484049797
1765400109812270080,T7,AIN2,Voltage,true,-0.012647808529436588
1765400109812280064,T7,AIN2,Voltage,true,-0.012647808529436588
1765400109812289024,T7,AIN2,Voltage,true,-0.012017019093036652
1765400109812297984,T7,AIN2,Voltage,true,-0.012332413345575333
1765400109812307968,T7,AIN2,Voltage,true,-0.012017019093036652
1765400109812316928,T7,AIN2,Voltage,true,-0.01170162484049797
1765400109812325888,T7,AIN2,Voltage,true,-0.012332413345575333
1765400109812336128,T7,AIN2,Voltage,true,-0.012017019093036652
1765400109812345088,T7,AIN2,Voltage,true,-0.01170162484049797
1765400109812353024,T7,AIN2,Voltage,true,-0.012017019093036652
1765400109812361984,T7,AIN2,Voltage,true,-0.012017019093036652
1765400109812370944,T7,AIN2,Voltage,true,-0.012017019093036652
1765400109812379904,T7,AIN2,Voltage,true,-0.012332413345575333
1765400109812389120,T7,AIN2,Voltage,true,-0.012017019093036652
1765400109812398080,T7,AIN2,Voltage,true,-0.012017019093036652
1765400109812407040,T7,AIN2,Voltage,true,-0.012332413345575333
1765400109812416000,T7,AIN2,Voltage,true,-0.012332413345575333
1765400109812424960,T7,AIN2,Voltage,true,-0.012332413345575333
1765400109812433920,T7,AIN2,Voltage,true,-0.012332413345575333
